MAGI_score,gene_id,original_compound,neighbor,note,compound_score,level,homology_score,reciprocal_score,reaction_connection,e_score_r2g,database_id_r2g,e_score_g2r,database_id_g2r,label,mz,rt_peak,rt_min,rt_max,adj
5.65717430765712,637269940,VEDWXCWBMDQNCV-SCFUHWHPSA-N,,direct,0.636960053815,0.0,400.0,2.0,2.01,200.0,RHEA:40075,200.0,RHEA:40075,413.1115@4.16,413.11148071300005,4.1633852,4.1142707000000005,4.3857520999999995,VEDWXCWBMDQNCV-SCFUHWHPSA
5.568110298140323,637268765,HGVAHYJMDVROLE-UHFFFAOYSA-N,,direct,0.597785358806,0.0,400.0,2.0,2.01,200.0,RHEA:33075,200.0,RHEA:33075,207.0297@4.70,207.029678345,4.7023271,4.6380084,4.9315023,HGVAHYJMDVROLE-UHFFFAOYSA
5.232775755011628,637271863,ZFEGYUMHFZOYIY-MKFCKLDKSA-N,,flat tautomer,0.466275344086,0.0,400.0,2.0,2.01,200.0,RHEA:24952,200.0,RHEA:24952,274.0941@2.36,274.094100952,2.3623238,2.2949177000000005,2.4548156000000003,ZFEGYUMHFZOYIY-MKFCKLDKSA
5.232775755011628,637271863,ZFEGYUMHFZOYIY-YVNCZSHWSA-N,,direct,0.466275344086,0.0,400.0,2.0,2.01,200.0,RHEA:24952,200.0,RHEA:24952,274.0941@2.36,274.094100952,2.3623238,2.2949177000000005,2.4548156000000003,ZFEGYUMHFZOYIY-YVNCZSHWSA
4.730202410265759,637266218,GXYLOXCSJFJFKA-IOSLPCCCSA-N,,direct,0.637713917513,0.0,195.2841303059991,2.0,2.01,97.64206515299955,RHEA:25026,99.58004425151024,RHEA:25026,297.0670@3.19,297.067016602,3.191466,3.1494514,3.2490723999999997,GXYLOXCSJFJFKA-IOSLPCCCSA
4.7149826034238655,637266218,VNPWVMVYUSNFAW-WFMPWKQPSA-N,,direct,0.629545862092,0.0,195.2841303059991,2.0,2.01,97.64206515299955,RHEA:20717,99.58004425151024,RHEA:20717,384.0981@2.40,384.098144531,2.3960072999999995,2.1347445,2.4969593,VNPWVMVYUSNFAW-WFMPWKQPSA
4.586093237796397,637269590,KQWNMCHCVXVLRS-UHFFFAOYSA-N,,direct,0.980847873351,0.0,112.18732991638981,2.0,2.01,58.26440110030182,RXN-15413,56.09366495819491,RXN-15413,401.0887@4.71,401.0887146,4.7105334999999995,4.555181299999999,4.880991799999999,KQWNMCHCVXVLRS-UHFFFAOYSA
3.6660625607719575,637267888,FZDVNXHYGMEEDT-UHFFFAOYSA-N,,direct,0.625735095219,0.0,143.6193366036594,1.0,2.01,71.8096683018297,RXN-10924,84.22767829327708,RHEA:40543,384.0981@2.40,384.098144531,2.3960072999999995,2.1347445,2.4969593,FZDVNXHYGMEEDT-UHFFFAOYSA
3.0849737580946277,637267421,BWYUKBCRHDFWFF-UHFFFAOYSA-N,,direct,0.299083050641,0.0,150.66696403889023,1.0,2.01,75.33348201944511,RXN-9492,87.08407278830289,RXN-13129,401.0887@4.71,401.0887146,4.7105334999999995,4.555181299999999,4.880991799999999,BWYUKBCRHDFWFF-UHFFFAOYSA
1.5735921267905806,637270178,ISFCPXILUVJVOC-KYGJEJSHSA-N,WKGQSEFBQTWRPT-UHFFFAOYSA-N,flat tautomer,0.976163617068,1.0,400.0,2.0,2.01,200.0,RXN-15787,200.0,RXN-15787,392.2720@7.51,392.272003174,7.5066369,7.4540659,7.6465993,ISFCPXILUVJVOC-KYGJEJSHSA
1.4101599081218321,637267481,VNPWVMVYUSNFAW-KWGHVAAJSA-N,ZJUKTBDSGOFHSH-WFMPWKQPSA-N,direct,0.629545862092,1.0,400.0,2.0,2.01,200.0,RXN-17073,200.0,RXN-17073,384.0981@2.40,384.098144531,2.3960072999999995,2.1347445,2.4969593,VNPWVMVYUSNFAW-KWGHVAAJSA
1.3081860605102267,637267437,XQQIMTUYVDUWKJ-DJLDLDEBSA-N,WJBNIBFTNGZFBW-DJLDLDEBSA-N,direct,0.466264112121,1.0,400.0,2.0,2.01,200.0,RHEA:36432,200.0,RHEA:36432,274.0941@2.36,274.094100952,2.3623238,2.2949177000000005,2.4548156000000003,XQQIMTUYVDUWKJ-DJLDLDEBSA
1.0377322277276373,637264991,BWYUKBCRHDFWFF-SECBINFHSA-N,,direct,0.299083050641,0.0,192.90938576706833,0.01,2.01,96.45469288353418,RHEA:35698,139.85078088734463,RXN0-7141,401.0887@4.71,401.0887146,4.7105334999999995,4.555181299999999,4.880991799999999,BWYUKBCRHDFWFF-SECBINFHSA
0.5603672558301064,,HIYSWASSDOXZLC-MOHJPFBDSA-N,,direct,0.976269286086,0.0,1.0,0.1,1.01,,RXN-15800,,,392.2720@7.51,392.272003174,7.5066369,7.4540659,7.6465993,HIYSWASSDOXZLC-MOHJPFBDSA
0.5603672558301064,,HIYSWASSDOXZLC-HKOYGPOVSA-N,,flat tautomer,0.976269286086,0.0,1.0,0.1,1.01,,RXN-15800,,,392.2720@7.51,392.272003174,7.5066369,7.4540659,7.6465993,HIYSWASSDOXZLC-HKOYGPOVSA
0.36137902000181316,,QWAIGXQWLALUHA-UJXPUUNTSA-N,,direct,0.16886139374,0.0,1.0,0.1,1.01,,ALIZARIN-2-BETA-GLUCOSYLTRANSFERASE-RXN,,,401.0887@4.71,401.0887146,4.7105334999999995,4.555181299999999,4.880991799999999,QWAIGXQWLALUHA-UJXPUUNTSA
0.357206469529417,,LPUCQUKLBVSNAF-UJXPUUNTSA-N,,direct,0.161196604779,0.0,1.0,0.1,1.01,,RHEA:20678,,,401.0887@4.71,401.0887146,4.7105334999999995,4.555181299999999,4.880991799999999,LPUCQUKLBVSNAF-UJXPUUNTSA
0.15919890490483762,,KFIBMBAWEJGQRA-UHFFFAOYSA-N,,direct,0.64233310266,0.0,1.0,0.1,0.01,,,,,384.0981@2.40,384.098144531,2.3960072999999995,2.1347445,2.4969593,KFIBMBAWEJGQRA-UHFFFAOYSA
0.15419911602868286,,YFQAKEJZJFOMGC-UHFFFAOYSA-N,,direct,0.565363199715,0.0,1.0,0.1,0.01,,,,,384.0981@2.40,384.098144531,2.3960072999999995,2.1347445,2.4969593,YFQAKEJZJFOMGC-UHFFFAOYSA
0.15351870119160646,,PECRJLBPKXQZDC-UHFFFAOYSA-N,,direct,0.555450228791,0.0,1.0,0.1,0.01,,,,,401.0887@4.71,401.0887146,4.7105334999999995,4.555181299999999,4.880991799999999,PECRJLBPKXQZDC-UHFFFAOYSA
0.14986709274679225,,QLXHITSYJNILTR-UHFFFAOYSA-N,,direct,0.504458135359,0.0,1.0,0.1,0.01,,,,,401.0887@4.71,401.0887146,4.7105334999999995,4.555181299999999,4.880991799999999,QLXHITSYJNILTR-UHFFFAOYSA
0.13883469499736972,,OQZAGOJJVQJMIE-ZTPQVCSDSA-N,,direct,0.37152842123,0.0,1.0,0.1,0.01,,,,,413.1115@4.16,413.11148071300005,4.1633852,4.1142707000000005,4.3857520999999995,OQZAGOJJVQJMIE-ZTPQVCSDSA
0.13868726894980196,,CGTBQRCRPZRVCN-UHFFFAOYSA-N,,direct,0.369952855848,0.0,1.0,0.1,0.01,,,,,401.0887@4.71,401.0887146,4.7105334999999995,4.555181299999999,4.880991799999999,CGTBQRCRPZRVCN-UHFFFAOYSA
0.13659580291707754,,ZDRFDHHANOYUTE-IOSLPCCCSA-N,,direct,0.34813638965599997,0.0,1.0,0.1,0.01,,,,,297.0670@3.19,297.067016602,3.191466,3.1494514,3.2490723999999997,ZDRFDHHANOYUTE-IOSLPCCCSA
0.1365393535404783,,QEDMPKZKIAYWOT-UHFFFAOYSA-N,,direct,0.347561265003,0.0,1.0,0.1,0.01,,,,,413.1115@4.16,413.11148071300005,4.1633852,4.1142707000000005,4.3857520999999995,QEDMPKZKIAYWOT-UHFFFAOYSA
0.1361087311078916,,RYGLALTWQJAUSB-UHFFFAOYSA-N,,direct,0.34319736197899997,0.0,1.0,0.1,0.01,,,,,297.0670@3.19,297.067016602,3.191466,3.1494514,3.2490723999999997,RYGLALTWQJAUSB-UHFFFAOYSA
0.13508706900917575,,MWQHYFBKDKJTSZ-UHFFFAOYSA-N,,direct,0.333008343994,0.0,1.0,0.1,0.01,,,,,413.1115@4.16,413.11148071300005,4.1633852,4.1142707000000005,4.3857520999999995,MWQHYFBKDKJTSZ-UHFFFAOYSA
0.13483428863133914,,KPVLDYMZFUPBJG-VHXBZSDJSA-N,,direct,0.33052277688799997,0.0,1.0,0.1,0.01,,,,,413.1115@4.16,413.11148071300005,4.1633852,4.1142707000000005,4.3857520999999995,KPVLDYMZFUPBJG-VHXBZSDJSA
0.13314454623694397,,IBIPGYWNOBGEMH-DILZHRMZSA-N,,direct,0.314263199431,0.0,1.0,0.1,0.01,,,,,413.1115@4.16,413.11148071300005,4.1633852,4.1142707000000005,4.3857520999999995,IBIPGYWNOBGEMH-DILZHRMZSA
0.13244252374861287,,ADHJMNNFIWLSBG-UHFFFAOYSA-N,,direct,0.307687456204,0.0,1.0,0.1,0.01,,,,,401.0887@4.71,401.0887146,4.7105334999999995,4.555181299999999,4.880991799999999,ADHJMNNFIWLSBG-UHFFFAOYSA
0.13032962963396338,,MQTLCYHUTVTHFO-MPVQUNCYSA-N,,direct,0.288517821547,0.0,1.0,0.1,0.01,,,,,274.0941@2.36,274.094100952,2.3623238,2.2949177000000005,2.4548156000000003,MQTLCYHUTVTHFO-MPVQUNCYSA
0.13032690630563323,,FWAYDNJCBHNWQD-BHQIHCQQSA-N,,direct,0.28849370718,0.0,1.0,0.1,0.01,,,,,274.0941@2.36,274.094100952,2.3623238,2.2949177000000005,2.4548156000000003,FWAYDNJCBHNWQD-BHQIHCQQSA
0.13032690630563323,,FWAYDNJCBHNWQD-JBWLPIRVSA-N,,direct,0.28849370718,0.0,1.0,0.1,0.01,,,,,274.0941@2.36,274.094100952,2.3623238,2.2949177000000005,2.4548156000000003,FWAYDNJCBHNWQD-JBWLPIRVSA
0.13011699243491479,,HAVWRBANWNTOJX-UHFFFAOYSA-N,,direct,0.28663951823600003,0.0,1.0,0.1,0.01,,,,,207.0297@4.70,207.029678345,4.7023271,4.6380084,4.9315023,HAVWRBANWNTOJX-UHFFFAOYSA
0.12984555156135405,,JMJBXDWFZVLFDK-UHFFFAOYSA-N,,direct,0.284255124034,0.0,1.0,0.1,0.01,,,,,207.0297@4.70,207.029678345,4.7023271,4.6380084,4.9315023,JMJBXDWFZVLFDK-UHFFFAOYSA
0.1289250778542722,,OZZUKUSXYKKYEX-UHFFFAOYSA-N,,direct,0.27628010306699996,0.0,1.0,0.1,0.01,,,,,401.0887@4.71,401.0887146,4.7105334999999995,4.555181299999999,4.880991799999999,OZZUKUSXYKKYEX-UHFFFAOYSA
0.12844164220558868,,MRWINNLHVMLDLR-UHFFFAOYSA-N,,direct,0.272159437464,0.0,1.0,0.1,0.01,,,,,401.0887@4.71,401.0887146,4.7105334999999995,4.555181299999999,4.880991799999999,MRWINNLHVMLDLR-UHFFFAOYSA
0.12701446358051818,,GUKBSZIPEVVOGO-UHFFFAOYSA-N,,direct,0.260263169056,0.0,1.0,0.1,0.01,,,,,207.0297@4.70,207.029678345,4.7023271,4.6380084,4.9315023,GUKBSZIPEVVOGO-UHFFFAOYSA
0.12335966170518993,,LAIOPTKSQBPSHG-UHFFFAOYSA-N,,direct,0.231575536511,0.0,1.0,0.1,0.01,,,,,274.0941@2.36,274.094100952,2.3623238,2.2949177000000005,2.4548156000000003,LAIOPTKSQBPSHG-UHFFFAOYSA
0.12167450849600553,,XSQXHRXJCIKADP-UHFFFAOYSA-N,,direct,0.21917872808400002,0.0,1.0,0.1,0.01,,,,,413.1115@4.16,413.11148071300005,4.1633852,4.1142707000000005,4.3857520999999995,XSQXHRXJCIKADP-UHFFFAOYSA
0.12124897921288239,,PRTCFQOQYWNVJL-UHFFFAOYSA-N,,direct,0.216128661558,0.0,1.0,0.1,0.01,,,,,401.0887@4.71,401.0887146,4.7105334999999995,4.555181299999999,4.880991799999999,PRTCFQOQYWNVJL-UHFFFAOYSA
0.12039574082568846,,PWBXQAFXEBOSQR-UHFFFAOYSA-N,,direct,0.21010892153400001,0.0,1.0,0.1,0.01,,,,,413.1115@4.16,413.11148071300005,4.1633852,4.1142707000000005,4.3857520999999995,PWBXQAFXEBOSQR-UHFFFAOYSA
0.11517065367659331,,BFHKLXFIZWDGDV-JTQLQIEISA-N,,direct,0.175941109813,0.0,1.0,0.1,0.01,,,,,401.0887@4.71,401.0887146,4.7105334999999995,4.555181299999999,4.880991799999999,BFHKLXFIZWDGDV-JTQLQIEISA
0.11013213234923595,,AEQMIFRODRFTJF-SLFFLAALSA-N,,direct,0.147114741163,0.0,1.0,0.1,0.01,,,,,401.0887@4.71,401.0887146,4.7105334999999995,4.555181299999999,4.880991799999999,AEQMIFRODRFTJF-SLFFLAALSA
0.109759454584625,,ASMYXLDPYBVDFS-RXOPEKHWSA-N,,direct,0.145133530876,0.0,1.0,0.1,0.01,,,,,401.0887@4.71,401.0887146,4.7105334999999995,4.555181299999999,4.880991799999999,ASMYXLDPYBVDFS-RXOPEKHWSA
0.10809179004700072,,YCCJEBDPVUMZGE-UDHZNOBRSA-N,,direct,0.136512002073,0.0,1.0,0.1,0.01,,,,,401.0887@4.71,401.0887146,4.7105334999999995,4.555181299999999,4.880991799999999,YCCJEBDPVUMZGE-UDHZNOBRSA
0.10752416416442159,,IWAWDKXYERYUIS-YKLGVVQGSA-N,,direct,0.133667030819,0.0,1.0,0.1,0.01,,,,,401.0887@4.71,401.0887146,4.7105334999999995,4.555181299999999,4.880991799999999,IWAWDKXYERYUIS-YKLGVVQGSA
0.10752416416442159,,IWAWDKXYERYUIS-ZOCYZIIDSA-N,,direct,0.133667030819,0.0,1.0,0.1,0.01,,,,,401.0887@4.71,401.0887146,4.7105334999999995,4.555181299999999,4.880991799999999,IWAWDKXYERYUIS-ZOCYZIIDSA
