﻿substrate_ID,original_compound
11000,[CH3][CH2][CH2][CH2][CH2][CH]=[CH][CH]=[CH][CH]([CH2][CH]=[CH][CH2][CH2][CH2][CH2][CH2][CH2][C](=[O])[OH])[O][OH]
11001,[CH3][CH2][CH]=[CH][CH2][CH]=[CH][CH2][CH]=[CH][CH]=[CH][CH]([CH2][CH]=[CH][CH2][CH2][CH2][C](=[O])[OH])[O][OH]
11002,[CH3][CH2][CH]=[CH][CH2][CH]=[CH][CH2][CH]=[CH][CH]=[CH][CH]([CH2][CH]=[CH][CH2][CH]=[CH][CH2][CH2][C](=[O])[OH])[O][OH]
11003,[CH3][CH2][CH2][CH2][CH2][CH]=[CH][CH2][CH]=[CH][CH]=[C]1[O][CH]1[CH2][CH]=[CH][CH2][CH2][CH2][C](=[O])[OH]
11004,[CH3][CH2][CH2][CH2][CH2][CH2][CH2][CH2][CH]=[CH][CH2][CH2][CH2][CH2][CH2][CH2][CH2][C]([OH])=[N][CH]([CH2][OH])[C](=[O])[OH]
11005,[CH3][CH2][CH2][CH2][CH2][CH2][CH2][CH2][CH]=[CH][CH2][CH2][CH2][CH2][CH2][CH2][CH2][C]([OH])=[N][CH]([CH2][CH2][C](=[NH])[OH])[C](=[O])[OH]
11006,[CH3][CH2][CH2][CH2][CH2][CH2][CH2][CH2][CH]=[CH][CH2][CH2][CH2][CH2][CH2][CH2][CH2][C]([OH])=[N][CH]([CH2][CH]([CH3])[CH3])[C](=[O])[OH]
11007,[CH3][CH2][CH2][CH2][CH2][CH2][CH2][CH2][CH2][CH2][CH2][CH2][CH2][CH2][CH2][CH2][CH2][C]([OH])=[N][CH2][C](=[O])[OH]
11008,[CH3][CH2][CH2][CH2][CH2][CH2][CH]=[CH][CH2][CH2][CH2][CH2][CH2][CH2][CH2][C]([OH])=[N][CH2][C](=[O])[OH]
11009,[CH3][CH2][CH2][CH2][CH2][CH2][CH2][CH2][CH2][CH2][CH2][CH2][CH2][CH2][CH2][C]([OH])=[N][CH2][CH2][c]1[cH][cH][c]([OH])[c]([OH])[cH]1
11010,[CH3][CH2][CH2][CH2][CH2][CH2][CH2][CH2][CH]=[CH][CH2][CH2][CH2][CH2][CH2][CH2][CH2][C]([OH])=[N][CH2][CH2][c]1[cH][cH][c]([OH])[c]([OH])[cH]1
11011,[CH3][CH2][CH2][CH2][CH2][CH2][CH2][CH2][CH2][CH2][CH2][CH2][CH2][CH2][CH2][C]([OH])=[N][CH2][CH2][c]1[cH][nH][c]2[cH][cH][c]([OH])[cH][c]12
11012,[CH3][C]([OH])=[N][CH2][CH2][c]1[cH][cH][c]([OH])[c]([OH])[cH]1
11013,[CH3][CH2][CH2][CH2][CH2][CH2][CH2][CH2][CH]=[CH][CH2][CH2][CH2][CH2][CH2][CH2][CH2][C]([OH])=[N][CH2][CH2][c]1[cH][nH][c]2[cH][cH][c]([OH])[cH][c]12
11014,[CH3][CH2][CH2][CH2][CH2][CH]=[CH][CH2][CH]=[CH][CH2][CH]=[CH][CH2][CH]=[CH][CH2][CH2][CH2][C]([OH])=[N][CH2][CH2][c]1[cH][nH][c]2[cH][cH][c]([OH])[cH][c]12
11015,[CH3][CH2][CH2][CH2][CH2][CH2][CH2][CH2][CH2][CH2][CH2][CH2][CH2][CH2][CH2][CH2][CH2][C]([OH])=[N][CH2][CH2][c]1[cH][nH][c]2[cH][cH][c]([OH])[cH][c]12
11016,[CH3][CH2][CH2][CH2][CH2][CH2][CH2][CH2][CH2][CH2][CH2][CH2][CH2][CH2][CH2][C](=[O])[O][CH2][CH]([CH2][O][P](=[O])([OH])[O][CH2][CH2][N]=[C]([OH])[CH2][CH2][CH2][CH2][CH2][CH2][CH2][CH2][CH2][CH2][CH2][CH2][CH2][CH2][CH3])[O][C](=[O])[CH2][CH2][CH2][CH2][CH2][CH2][CH2][CH2][CH2][CH2][CH2][CH2][CH2][CH2][CH3]
11017,[CH3][CH2][CH]=[CH][CH2][CH]=[CH][CH2][CH]=[CH][CH]=[CH][CH]([CH2][CH]=[CH][CH2][CH2][CH2][C](=[O])[OH])[O][OH]
11018,[CH3][CH2][CH]=[CH][CH2][CH]=[CH][CH]([CH]=[CH][CH2][CH2][CH2][CH2][CH2][CH2][CH2][C](=[O])[OH])[O][OH]
11019,[CH3][CH2][CH2][CH2][CH2][CH]=[CH][CH2][CH]=[CH][CH2][CH]=[CH][CH2][CH]=[CH][CH2][CH2][CH2][C]([OH])=[N][CH]([CH2][CH]([CH3])[CH3])[C](=[O])[OH]
11020,[CH3][O][c]1[cH][cH][c]([CH2][CH]2[c]3[cH][c]([OH])[c]([O][CH3])[cH][c]3[CH2][CH2][N+]2([CH3])[CH3])[cH][c]1[OH]
11021,[CH3][O][c]1[cH][cH][c]([CH2][CH]2[NH][CH2][CH2][c]3[cH][c]([O][CH3])[c]([O][CH3])[cH][c]32)[cH][c]1[O][CH3]
11022,[CH3][O][c]1[cH][cH][c]([CH2][CH]2[c]3[cH][c]([O][CH3])[c]([O][CH3])[cH][c]3[CH2][CH2][N]2[CH3])[cH][c]1[O][CH3]
11023,[CH3][CH2][CH2][CH2][CH2][CH]=[CH][CH]([CH]=[CH][CH2][CH2][CH2][CH2][CH2][CH2][CH2][C](=[O])[OH])[O][OH]
11024,[O]=[C]([CH2][OH])[CH]([OH])[CH]([OH])[CH]([OH])[CH2][OH]
11025,[NH2][c]1[n][cH][n][c]2[c]1[n][cH][n]2[CH]1[O][CH]([CH2][S+]([CH2][CH2][CH]([NH2])[C](=[O])[OH])[CH2][C](=[O])[OH])[CH]([OH])[CH]1[OH]
11026,[CH3][O][c]1[cH][c]([OH])[c]([C](=[O])[CH]=[CH][c]2[cH][cH][c]([OH])[cH][cH]2)[c]([OH])[c]1[CH2][CH]=[C]([CH3])[CH3]
11027,[CH3][O][c]1[cH][c]([O][CH3])[c]([C](=[O])[CH]=[CH][c]2[cH][cH][c]([OH])[cH][cH]2)[c]([OH])[c]1[CH2][CH]=[C]([CH3])[CH3]
11028,[CH3][CH2][CH]([CH3])[C](=[O])[c]1[c]([OH])[cH][c]([OH])[c]([CH2][CH]=[C]([CH3])[CH3])[c]1[OH]
11029,[CH3][CH2][CH]([CH3])[C](=[O])[c]1[c]([OH])[cH][c]([OH])[cH][c]1[OH]
11030,[CH3][CH2][CH]([CH3])[C](=[O])[c]1[c]([OH])[c]([CH2][CH]=[C]([CH3])[CH3])[c]([OH])[c]([CH2][CH]=[C]([CH3])[CH3])[c]1[OH]
11031,[CH3][C]([CH3])=[CH][CH2][C]1=[C]([OH])[C]([CH2][CH]=[C]([CH3])[CH3])([CH2][CH]=[C]([CH3])[CH3])[C](=[O])[C]([C](=[O])[CH]([CH3])[CH3])=[C]1[OH]
11032,[CH3][CH2][CH]([CH3])[C](=[O])[C]1=[C]([OH])[C]([CH2][CH]=[C]([CH3])[CH3])=[C]([OH])[C]([CH2][CH]=[C]([CH3])[CH3])([CH2][CH]=[C]([CH3])[CH3])[C]1=[O]
11033,[CH3][C]([CH3])=[CH][CH2][CH2][C]([CH3])=[CH][CH2][CH2][C]([CH3])=[CH][CH2][CH2][C]([CH3])=[CH][CH2][CH2][C]([CH3])=[CH][CH2][CH2][C]([CH3])=[CH][CH2][c]1[c]([CH3])[c]([OH])[c]2[c]([CH3])[cH][cH][cH][c]2[c]1[OH]
11034,[CH3][C]([CH3])=[CH][CH2][CH2][C]([CH3])=[CH][CH2][CH2][C]([CH3])=[CH][CH2][CH2][C]([CH3])=[CH][CH2][CH2][C]([CH3])=[CH][CH2][CH2][C]([CH3])=[CH][CH2][C]1=[C]([CH3])[C](=[O])[c]2[c]([CH3])[cH][cH][cH][c]2[C]1=[O]
11035,[CH3][C]([CH3])=[CH][CH2][CH2][C]([CH3])=[CH][CH2][c]1[c]([OH])[cH][cH][c]2[cH][cH][c](=[O])[o][c]12
11036,[CH3][C]([CH3])=[CH][CH2][CH2][C]([CH3])=[CH][CH2][c]1[c]([OH])[c]([OH])[cH][c]2[cH][cH][c](=[O])[o][c]12
11037,[CH3][C]([CH3])=[CH][CH2][c]1[c]([OH])[cH][cH][c]2[cH][cH][c](=[O])[o][c]12
11038,[CH3][C]([OH])=[N][CH2][CH2][CH2][CH2][CH2][NH2]
11039,[CH2]=[CH][CH]([NH2])[C](=[O])[OH]
11040,[NH2][CH]([CH2][NH][CH]([CH2][CH2][C](=[O])[OH])[C](=[O])[OH])[C](=[O])[OH]
11041,[CH3][CH2][CH2][CH2][CH2][CH]=[CH][CH2][CH]=[CH][CH2][CH]1[O][CH]1[CH2][CH]=[CH][CH2][CH2][CH2][C](=[O])[S][CH2][CH2][N]=[C]([OH])[CH2][CH2][N]=[C]([OH])[CH]([OH])[C]([CH3])([CH3])[CH2][O][P](=[O])([OH])[O][P](=[O])([OH])[O][CH2][CH]1[O][CH]([n]2[cH][n][c]3[c]([NH2])[n][cH][n][c]32)[CH]([OH])[CH]1[O][P](=[O])([OH])[OH]
11042,[CH3][CH2][CH2][CH2][CH2][CH]=[CH][CH2][CH]1[O][CH]1[CH2][CH]=[CH][CH2][CH]=[CH][CH2][CH2][CH2][C](=[O])[S][CH2][CH2][N]=[C]([OH])[CH2][CH2][N]=[C]([OH])[CH]([OH])[C]([CH3])([CH3])[CH2][O][P](=[O])([OH])[O][P](=[O])([OH])[O][CH2][CH]1[O][CH]([n]2[cH][n][c]3[c]([NH2])[n][cH][n][c]32)[CH]([OH])[CH]1[O][P](=[O])([OH])[OH]
11043,[CH3][CH2][CH2][CH2][CH2][CH]1[O][CH]1[CH2][CH]=[CH][CH2][CH]=[CH][CH2][CH]=[CH][CH2][CH2][CH2][C](=[O])[S][CH2][CH2][N]=[C]([OH])[CH2][CH2][N]=[C]([OH])[CH]([OH])[C]([CH3])([CH3])[CH2][O][P](=[O])([OH])[O][P](=[O])([OH])[O][CH2][CH]1[O][CH]([n]2[cH][n][c]3[c]([NH2])[n][cH][n][c]32)[CH]([OH])[CH]1[O][P](=[O])([OH])[OH]
11044,[CH3][CH2][CH2][CH2][CH2][CH2][CH2][CH2][CH]=[CH][CH2][CH2][CH2][CH2][CH2][CH2][CH2][C](=[O])[O][CH]([CH2][CH2][CH2][CH2][CH2][CH2][CH2][CH2][CH3])[CH2][CH2][CH2][CH2][CH2][CH2][CH2][C](=[O])[OH]
11045,[CH3][CH2][CH2][CH2][CH2][CH2][CH2][CH2][CH2][CH]([OH])[CH2][CH2][CH2][CH2][CH2][CH2][CH2][C](=[O])[OH]
11046,[CH3][CH2][CH2][CH2][CH2][CH2][CH2][CH2][CH2][CH2][CH2][CH2][CH2][CH2][CH2][C](=[O])[O][CH]([CH2][CH2][CH2][CH2][CH2][CH2][CH2][CH2][CH3])[CH2][CH2][CH2][CH2][CH2][CH2][CH2][C](=[O])[OH]
11047,[CH3][CH2][CH2][CH2][CH2][CH2][CH2][CH2][CH2][CH2][CH2][CH2][CH2][CH2][CH2][C](=[O])[O][CH]([CH2][CH2][CH2][CH2][CH2][CH3])[CH2][CH2][CH2][CH2][CH2][CH2][CH2][CH2][CH2][CH2][C](=[O])[OH]
11048,[CH3][CH2][CH2][CH2][CH2][CH2][CH2][CH2][CH]=[CH][CH2][CH2][CH2][CH2][CH2][CH2][CH2][C](=[O])[O][CH]([CH2][CH2][CH2][CH2][CH2][CH3])[CH2][CH2][CH2][CH2][CH2][CH2][CH2][CH2][CH2][CH2][C](=[O])[OH]
11049,[CH3][CH2][CH2][CH2][CH2][CH2][CH2][CH2][CH]=[CH][CH2][CH2][CH2][CH2][CH2][CH2][CH2][C](=[O])[O][CH]([CH2][CH2][CH2][CH2][CH3])[CH2][CH2][CH2][CH2][CH2][CH2][CH2][CH2][CH2][CH2][CH2][C](=[O])[OH]
11050,[CH3][CH2][CH2][CH2][CH2][CH]([OH])[CH2][CH2][CH2][CH2][CH2][CH2][CH2][CH2][CH2][CH2][CH2][C](=[O])[OH]
11051,[CH3][CH2][CH2][CH2][CH2][CH2][CH]=[CH][CH2][CH2][CH2][CH2][CH2][CH2][CH2][C](=[O])[O][CH]([CH2][CH2][CH2][CH2][CH2][CH2][CH2][CH2][CH3])[CH2][CH2][CH2][CH2][CH2][CH2][CH2][C](=[O])[OH]
11052,[CH3][CH2][CH2][CH2][CH2][CH2][CH]=[CH][CH2][CH2][CH2][CH2][CH2][CH2][CH2][C](=[O])[O][CH]([CH2][CH2][CH2][CH2][CH2][CH3])[CH2][CH2][CH2][CH2][CH2][CH2][CH2][CH2][CH2][CH2][C](=[O])[OH]
11053,[CH3][CH2][CH2][CH2][CH2][CH2][CH]=[CH][CH2][CH2][CH2][CH2][CH2][CH2][CH2][C](=[O])[O][CH]([CH2][CH2][CH2][CH2][CH3])[CH2][CH2][CH2][CH2][CH2][CH2][CH2][CH2][CH2][CH2][CH2][C](=[O])[OH]
11054,[CH3][CH2][CH2][CH2][CH2][CH2][CH2][CH2][CH2][CH2][CH2][CH2][CH2][CH2][CH2][CH2][CH2][C](=[O])[O][CH]([CH2][CH2][CH2][CH2][CH2][CH3])[CH2][CH2][CH2][CH2][CH2][CH2][CH2][CH2][CH2][CH2][C](=[O])[OH]
11055,[CH3][CH2][CH2][CH2][CH2][CH2][CH2][CH2][CH2][CH2][CH2][CH2][CH2][CH2][CH2][CH2][CH2][C](=[O])[O][CH]([CH2][CH2][CH2][CH2][CH3])[CH2][CH2][CH2][CH2][CH2][CH2][CH2][CH2][CH2][CH2][CH2][C](=[O])[OH]
11056,[CH3][CH2][CH2][CH2][CH2][CH]=[CH][CH2][CH]=[CH][CH2][CH]=[CH][CH2][CH]1[O][CH]1[CH2][CH2][CH2][C](=[O])[S][CH2][CH2][N]=[C]([OH])[CH2][CH2][N]=[C]([OH])[CH]([OH])[C]([CH3])([CH3])[CH2][O][P](=[O])([OH])[O][P](=[O])([OH])[O][CH2][CH]1[O][CH]([n]2[cH][n][c]3[c]([NH2])[n][cH][n][c]32)[CH]([OH])[CH]1[O][P](=[O])([OH])[OH]
11057,[CH3][CH2][CH2][CH2][CH2][CH2][CH]=[CH][CH2][CH2][CH2][CH2][CH2][CH2][CH2][C](=[O])[O][CH]([CH2][CH2][CH2][CH2][CH2][CH2][CH2][CH2][CH2][CH2][CH2][CH2][CH3])[CH2][CH2][CH2][C](=[O])[OH]
11058,[CH3][CH2][CH2][CH2][CH2][CH2][CH2][CH2][CH2][CH2][CH2][CH2][CH2][CH]([OH])[CH2][CH2][CH2][C](=[O])[OH]
11059,[CH3][CH2][CH2][CH2][CH2][CH2][CH2][CH2][CH2][CH2][CH2][CH2][CH2][CH2][CH2][CH2][CH2][C](=[O])[O][CH]([CH2][CH2][CH2][CH2][CH2][CH2][CH2][CH2][CH3])[CH2][CH2][CH2][CH2][CH2][CH2][CH2][C](=[O])[OH]
11060,[CH3][CH2][CH2][CH2][CH2][CH]=[CH][CH2][CH]([OH])[CH]=[CH][CH]=[CH][CH2][CH]=[CH][CH2][CH2][CH2][C](=[O])[S][CH2][CH2][N]=[C]([OH])[CH2][CH2][N]=[C]([OH])[CH]([OH])[C]([CH3])([CH3])[CH2][O][P](=[O])([OH])[O][P](=[O])([OH])[O][CH2][CH]1[O][CH]([n]2[cH][n][c]3[c]([NH2])[n][cH][n][c]32)[CH]([OH])[CH]1[O][P](=[O])([OH])[OH]
11061,[CH3][CH2][CH2][CH2][CH2][CH]=[CH][CH2][CH]([OH])[CH]=[CH][CH]=[CH][CH2][CH]=[CH][CH2][CH2][CH2][C](=[O])[OH]
11062,[CH3][CH2][CH2][CH2][CH2][CH]([OH])[CH]=[CH][CH]=[CH][CH2][CH]=[CH][CH2][CH]=[CH][CH2][CH2][CH2][C](=[O])[S][CH2][CH2][N]=[C]([OH])[CH2][CH2][N]=[C]([OH])[CH]([OH])[C]([CH3])([CH3])[CH2][O][P](=[O])([OH])[O][P](=[O])([OH])[O][CH2][CH]1[O][CH]([n]2[cH][n][c]3[c]([NH2])[n][cH][n][c]32)[CH]([OH])[CH]1[O][P](=[O])([OH])[OH]
11063,[CH3][CH2][CH2][CH2][CH2][CH]([OH])[CH]=[CH][CH]=[CH][CH2][CH]=[CH][CH2][CH]=[CH][CH2][CH2][CH2][C](=[O])[OH]
11064,[CH3][CH]([CH3])[CH]([CH2][CH2][CH]([CH3])[CH]1[CH2][CH2][CH]2[CH]3[CH2][CH]=[C]4[CH2][CH]([OH])[CH2][CH2][C]4([CH3])[CH]3[CH2][CH2][C]12[CH3])[O][S](=[O])(=[O])[OH]
11065,[CH3][CH]([CH3])[CH]([OH])[CH2][CH2][CH]([CH3])[CH]1[CH2][CH2][CH]2[CH]3[CH2][CH]=[C]4[CH2][CH]([O][S](=[O])(=[O])[OH])[CH2][CH2][C]4([CH3])[CH]3[CH2][CH2][C]12[CH3]
11066,[CH3][CH]([CH3])[CH]([CH2][CH2][CH]([CH3])[CH]1[CH2][CH2][CH]2[CH]3[CH2][CH]=[C]4[CH2][CH]([O][S](=[O])(=[O])[OH])[CH2][CH2][C]4([CH3])[CH]3[CH2][CH2][C]12[CH3])[O][S](=[O])(=[O])[OH]
11067,[NH2][CH2][CH]([NH2])[C](=[O])[OH]
11068,[O]=[CH][C](=[O])[CH2][OH]
11069,[CH3][O][c]1[cH][cH][c]2[nH][cH][c]([CH2][CH2][NH][CH]([CH3])[CH3])[c]2[cH]1
11070,[CH3][O][c]1[cH][cH][c]2[nH][cH][c]([CH2][CH2][N]([CH]([CH3])[CH3])[CH]([CH3])[CH3])[c]2[cH]1
11071,[CH3][O][c]1[cH][cH][c]2[c]3[c]1[O][CH]1[CH]([OH])[CH2][CH2][CH]4[CH]([CH2]2)[N]([CH3])[CH2][CH2][C]341
11072,[CH3][O][c]1[cH][cH][c]2[c]3[c]1[O][CH]1[C](=[O])[CH2][CH2][CH]4[CH]([CH2]2)[N]([CH3])[CH2][CH2][C]314
11073,[O]=[CH][C](=[O])[c]1[cH][cH][cH][cH][cH]1
11074,[CH3][CH2][O][C](=[O])[CH2][CH]([CH3])[OH]
11075,[CH3][CH2][O][C](=[O])[CH2][C]([CH3])=[O]
11076,[CH3][n]1[cH][cH][n][cH]1
11077,[CH3][C]1([CH3])[S][CH]2[CH]([N]=[C]([OH])[CH]([NH2])[c]3[cH][cH][cH][cH][cH]3)[C](=[O])[N]2[CH]1[C](=[O])[OH]
11078,[NH2][CH]([C](=[O])[OH])[c]1[cH][cH][cH][cH][cH]1
11079,[CH3][C](=[O])[O][c]1[cH][cH][cH][cH][cH]1
11080,[NH2][CH]1[C](=[O])[N]2[C]([C](=[O])[OH])=[C]([CH2][n+]3[cH][cH][cH][cH][cH]3)[CH2][S][CH]12
11081,[O]=[C]([OH])[CH2][c]1[cH][cH][cH][s]1
11082,[O]=[C]([OH])[C]1=[C]([CH2][n+]2[cH][cH][cH][cH][cH]2)[CH2][S][CH]2[CH]([N]=[C]([OH])[CH2][c]3[cH][cH][cH][s]3)[C](=[O])[N]12
11083,[CH3][C](=[O])[O][CH2][C]1=[C]([C](=[O])[OH])[N]2[C](=[O])[CH]([N]=[C]([OH])[CH2][c]3[cH][cH][cH][s]3)[CH]2[S][CH2]1
11084,[NH]=[C]([OH])[C]1=[CH][N]([CH]2[O][CH]([CH2][O][P](=[O])([OH])[O][P](=[O])([OH])[O][CH2][CH]3[O][CH]([n]4[cH][n][c]5[c]([OH])[n][cH][n][c]54)[CH]([OH])[CH]3[OH])[CH]([OH])[CH]2[OH])[CH]=[CH][CH2]1
11085,[CH3][CH2][O][C](=[O])[CH2][c]1[cH][cH][cH][cH][cH]1
11086,[Cl][c]1[cH][cH][cH][c]2[nH][cH][cH][c]12
11087,[O]=[C]1[C](=[C]2[NH][c]3[cH][cH][cH][c]([Cl])[c]3[C]2=[O])[NH][c]2[cH][cH][cH][c]([Cl])[c]21
11088,[CH3][c]1[cH][c](=[O])[o][c]2[cH][c]([O][CH]3[O][CH]([C](=[O])[OH])[CH]([OH])[CH]([OH])[CH]3[OH])[cH][cH][c]12
11089,[CH3][CH]([N]=[C]([OH])[CH2][NH2])[C](=[O])[OH]
11090,[CH3][CH]([N]=[C]([OH])[CH2][N]=[C]([OH])[CH2][NH2])[C](=[O])[OH]
11091,[CH3][CH2][CH2][C]([OH])=[N][OH]
11092,[CH3][C]12[CH2][CH2][CH]3[CH]([CH2][CH2][CH]4[CH2][CH]([OH])[CH2][CH2][C]43[CH3])[CH]1[CH2][CH2][CH]2[OH]
11093,[OH][N]=[C]([OH])[c]1[cH][cH][cH][cH][cH]1
11094,[O]=[C]1[C](=[O])[c]2[cH][cH][cH][cH][c]2-[c]2[cH][cH][cH][cH][c]21
11095,[OH][c]1[c]([OH])[c]2[cH][cH][cH][cH][c]2[c]2[cH][cH][cH][cH][c]12
11096,[CH3][CH2][CH2][CH2][C]([OH])=[N][OH]
11097,[CH3][CH2][CH2][CH2][CH2][CH2][CH2][OH]
11098,[CH3][CH2][CH2][CH2][CH2][CH]([OH])[CH]=[CH][CH]1[CH]([OH])[CH2][CH]([OH])[CH]1[CH2][CH2][CH2][CH2][CH2][CH2][C](=[O])[OH]
11099,[CH3][CH]([OH])[c]1[cH][cH][c]([N+](=[O])[O-])[cH][cH]1
11100,[CH3][C](=[O])[c]1[cH][cH][c]([N+](=[O])[O-])[cH][cH]1
11101,[CH3][CH2][CH]=[CH][CH2][CH]([OH])[CH]=[CH][CH]1[CH]([OH])[CH2][CH]([OH])[CH]1[CH2][CH]=[CH][CH2][CH2][CH2][C](=[O])[OH]
11102,[CH3][C]([OH])=[N][OH]
11103,[O]=[P]([OH])([OH])[O][CH]1[O][CH]([CH2][OH])[CH]([OH])[CH]1[OH]
11104,[NH]=[c]1[cH][cH][n]([CH]2[O][CH]([CH2][OH])[CH]([OH])[CH]2[OH])[c]([OH])[n]1
11105,[NH]=[c]1[cH][cH][n]([CH]2[O][CH]([CH2][O][P](=[O])([OH])[OH])[CH]([OH])[CH]2[OH])[c]([OH])[n]1
11106,[CH3][CH2][CH2][CH2][CH2][CH2][CH2][CH2][CH2][C](=[O])[O][CH]([CH2][C](=[O])[OH])[CH2][N+]([CH3])([CH3])[CH3]
11107,[O]=[CH][c]1[cH][cH][n][cH][cH]1
11108,[NH]=[c]1[cH][cH][n]([CH]2[CH2][CH2][CH]([CH2][OH])[O]2)[c]([OH])[n]1
11109,[NH]=[c]1[cH][cH][n]([CH]2[CH2][CH2][CH]([CH2][O][P](=[O])([OH])[OH])[O]2)[c]([OH])[n]1
11110,[CH3][CH]([CH2][C](=[O])[OH])[CH2][C](=[O])[OH]
11111,[CH3][CH2][O][C](=[O])[CH2][CH2][C](=[O])[OH]
11112,[NH]=[C]([OH])[CH2][CH2][C](=[O])[OH]
11113,[NH]=[C]([OH])[CH2][CH2][CH2][C](=[O])[OH]
11114,[CH3][CH]([CH2][C](=[O])[OH])[C](=[O])[OH]
11115,[O]=[C]([OH])[CH]([OH])[CH2][O][P](=[O])([OH])[OH]
11116,[CH3][O][c]1[cH][cH][c]([CH2][OH])[cH][c]1[O][CH3]
11117,[CH3][CH]=[CH][CH]=[CH][CH2][OH]
11118,[CH3][CH]=[CH][CH]=[CH][CH]=[O]
11119,[CH3][CH2][CH2][CH2][CH2][CH2][CH2][CH2][CH2][CH2][CH2][CH2][CH2][CH]=[CH][CH]([OH])[CH]([CH2][OH])[N]=[C]([OH])[CH2][CH2][CH2][CH2][CH2][CH2][CH2][CH2][CH2][CH2][CH2][CH2][CH2][CH2][CH2][CH2][CH3]
11120,[OH][CH2][c]1[cH][cH][cH][c]([F])[cH]1
11121,[O]=[CH][c]1[cH][cH][cH][c]([F])[cH]1
11122,[CH3][O][c]1[cH][cH][c]([CH2][OH])[cH][cH]1
11123,[CH3][O][c]1[cH][cH][c]([CH]=[O])[cH][cH]1
11124,[CH3][O][c]1[cH][cH][c]([CH]=[O])[cH][c]1[Cl]
11125,[CH3][O][c]1[cH][cH][c]([CH2][OH])[cH][c]1[Cl]
11126,[O]=[CH][c]1[cH][cH][c]([F])[cH][cH]1
11127,[OH][CH2][c]1[cH][cH][c]([F])[cH][cH]1
11128,[CH3][C](=[O])[O][CH2][CH]([OH])[CH2][OH]
11129,[CH3][CH2][CH2][CH2][CH2][CH2][CH2][CH2][CH2][CH2][CH2][CH2][CH2][CH]=[CH][CH]([OH])[CH]([CH2][OH])[N]=[C]([OH])[CH2][CH2][CH2][CH2][CH3]
11130,[CH3][O][c]1[cH][cH][cH][c]([CH]=[O])[cH]1
11131,[CH3][O][c]1[cH][cH][cH][c]([CH2][OH])[cH]1
11132,[OH][CH2][c]1[cH][cH][c]([Cl])[cH][cH]1
11133,[NH]=[C]([OH])[c]1[cH][cH][cH][n+]([CH]2[O][CH]([CH2][O][P](=[O])([OH])[O][P](=[O])([OH])[O][CH2][CH]3[O][CH]([n]4[cH][n][c]5[c]([OH])[n][cH][n][c]54)[CH]([OH])[CH]3[OH])[CH]([OH])[CH]2[OH])[cH]1
11134,[NH2][c]1[n][cH][n][c]2[c]1[n][cH][n]2[CH]1[O][CH]([CH2][O][P](=[O])([OH])[O][P](=[O])([OH])[O][P]([OH])([OH])=[S])[CH]([OH])[CH]1[OH]
11135,[OH][P]([OH])([OH])=[S]
11136,[CH3][CH2][CH2][CH2][CH2][CH2][CH]([OH])[C](=[O])[OH]
11137,[CH3][CH2][CH2][CH2][CH2][CH2][C](=[O])[C](=[O])[OH]
11138,[CH3][CH2][CH2][CH2][CH]([OH])[C](=[O])[OH]
11139,[NH]=[C]([NH2])[NH][CH2][CH2][CH2][CH]([NH2])[C](=[O])[NH][c]1[cH][cH][c]([N+](=[O])[O-])[cH][cH]1
11140,[CH3][C]([OH])=[N][c]1[cH][cH][c]([N+](=[O])[O-])[cH][cH]1
11141,[NH2][CH]([CH2][CH2][C]([OH])=[N][CH]([CH2][S][CH2][Cl])[C]([OH])=[N][CH2][C](=[O])[OH])[C](=[O])[OH]
11142,[OH][CH2][CH]1[O][CH]([O][c]2[cH][cH][c]3[cH][cH][cH][cH][c]3[cH]2)[CH]([OH])[CH]([OH])[CH]1[OH]
11143,[CH3][C](=[O])[S][CH2][CH]([N]=[C]([OH])[CH2][CH2][CH]([NH2])[C](=[O])[OH])[C]([OH])=[N][CH2][C](=[O])[OH]
11144,[CH3][CH]([CH2][OH])[CH2][CH2][CH2][CH]([CH3])[CH]1[CH2][CH2][CH]2[CH]3[CH2][CH2][CH]4[CH2][CH]([OH])[CH2][CH2][C]4([CH3])[CH]3[CH2][CH2][C]12[CH3]
11145,[CH3][CH2][S][CH2][CH]([N]=[C]([OH])[CH2][CH2][CH]([NH2])[C](=[O])[OH])[C]([OH])=[N][CH2][C](=[O])[OH]
11146,[O]=[C]([CH2][O][P](=[O])([OH])[OH])[CH]([OH])[CH]([OH])[CH]([OH])[CH]([OH])[CH]([OH])[CH2][O][P](=[O])([OH])[OH]
11147,[Cl][CH2][CH]1[CH2][O]1
11148,[OH][CH]([CH2][Cl])[CH2][Cl]
11149,[OH][CH]([CH2][Cl])[c]1[cH][cH][cH][cH][cH]1
11150,[OH][CH]([CH2][Cl])[c]1[cH][cH][cH][cH][cH]1
11151,[Br][CH2][CH]1[CH2][O]1
11152,[OH][CH2][CH]([Br])[CH2][Br]
11153,[OH][CH2][CH2][Br]
11154,[O]=[C]([CH2][O][P](=[O])([OH])[OH])[CH]([OH])[CH]([OH])[CH]([OH])[CH]([OH])[CH]([OH])[CH2][O][P](=[O])([OH])[OH]
11155,[OH][CH2][CH]([Cl])[CH2][Cl]
11156,[CH3][CH2][CH2][CH2][CH2][C](=[O])[O][CH2][CH3]
11157,[CH3][CH2][CH2][CH2][C](=[O])[O][CH2][CH3]
11158,[CH3][CH2][O][C](=[O])[CH2][CH3]
11159,[CH3][CH2][CH2][C](=[O])[O][CH2][CH3]
11160,[CH3][CH2][CH2][O][C]([CH3])=[O]
11161,[CH3][CH]([OH])[CH2][CH2][c]1[cH][cH][cH][cH][cH]1
11162,[CH3][C](=[O])[CH2][CH2][c]1[cH][cH][cH][cH][cH]1
11163,[CH3][CH]([OH])[CH2][c]1[cH][cH][cH][cH][cH]1
11164,[CH3][CH]([N]=[C]([OH])[CH]([NH2])[CH2][c]1[cH][cH][c]([OH])[cH][cH]1)[C](=[O])[OH]
11165,[CH3][CH]([CH3])[CH2][CH]([N]=[C]([OH])[CH]([NH2])[CH2][c]1[cH][cH][c]([OH])[cH][cH]1)[C](=[O])[OH]
11166,[CH3][S][CH2][CH2][CH]([N]=[C]([OH])[CH]([NH2])[CH2][c]1[cH][cH][cH][cH][cH]1)[C](=[O])[OH]
11167,[CH3][CH]([CH3])[CH]([NH2])[C]([OH])=[N][CH]([CH2][c]1[cH][cH][cH][cH][cH]1)[C](=[O])[OH]
11168,[NH2][CH]([CH2][c]1[cH][cH][cH][cH][cH]1)[C]([OH])=[N][CH2][C](=[O])[OH]
11169,[NH2][CH2][CH2][CH2][CH2][CH]([NH2])[C]([OH])=[N][CH]([CH2][c]1[cH][cH][c]([OH])[cH][cH]1)[C](=[O])[OH]
11170,[NH2][CH2][C]([OH])=[N][CH]([CH2][c]1[cH][cH][c]([OH])[cH][cH]1)[C](=[O])[OH]
11171,[NH2][CH2][C]([OH])=[N][CH]([CH2][c]1[cH][n][cH][nH]1)[C](=[O])[OH]
11172,[NH2][CH]([CH2][c]1[cH][cH][c]([OH])[cH][cH]1)[C]([OH])=[N][CH]([CH2][c]1[cH][cH][cH][cH][cH]1)[C](=[O])[OH]
11173,[NH2][CH]([CH2][c]1[cH][cH][c]([OH])[cH][cH]1)[C]([OH])=[N][CH2][C](=[O])[OH]
11174,[NH2][CH]([CH2][c]1[cH][cH][cH][cH][cH]1)[C]([OH])=[N][CH]([CH2][c]1[cH][cH][c]([OH])[cH][cH]1)[C](=[O])[OH]
11175,[O]=[C]([OH])[CH]([CH2][c]1[cH][cH][cH][cH][cH]1)[N]=[C]([OH])[CH]1[CH2][CH2][CH2][NH]1
11176,[CH3][CH]([NH2])[C]([OH])=[N][CH]([CH2][c]1[cH][n][cH][nH]1)[C](=[O])[OH]
11177,[O]=[CH][CH]([OH])[CH]([OH])[CH]([OH])[CH]([OH])[CH2][O][CH]1[O][CH]([CH2][O][CH]2[O][CH]([CH2][OH])[CH]([OH])[CH]([OH])[CH]2[OH])[CH]([OH])[CH]([OH])[CH]1[OH]
11178,[O]=[CH][CH]([OH])[CH]([OH])[CH]([O][CH]1[O][CH]([CH2][O][CH]2[O][CH]([CH2][OH])[CH]([OH])[CH]([OH])[CH]2[OH])[CH]([OH])[CH]([OH])[CH]1[OH])[CH]([OH])[CH2][OH]
11179,[O]=[CH][CH]([O][CH]1[O][CH]([CH2][OH])[CH]([OH])[CH]([OH])[CH]1[OH])[CH]([O][CH]1[O][CH]([CH2][OH])[CH]([OH])[CH]([OH])[CH]1[OH])[CH]([O][CH]1[O][CH]([CH2][OH])[CH]([OH])[CH]([OH])[CH]1[OH])[CH]([OH])[CH2][OH]
11180,[O]=[CH][CH]([OH])[CH]([OH])[CH]([OH])[CH]([OH])[CH2][O][CH]1[O][CH]([CH2][O][CH]2[O][CH]([CH2][O][CH]3[O][CH]([CH2][O][CH]4[O][CH]([CH2][O][CH]5[O][CH]([CH2][OH])[CH]([OH])[CH]([OH])[CH]5[OH])[CH]([OH])[CH]([OH])[CH]4[OH])[CH]([OH])[CH]([OH])[CH]3[OH])[CH]([OH])[CH]([OH])[CH]2[OH])[CH]([OH])[CH]([OH])[CH]1[OH]
11181,[O]=[CH][CH]([O][CH]1[O][CH]([CH2][OH])[CH]([OH])[CH]([OH])[CH]1[OH])[CH]([O][CH]1[O][CH]([CH2][OH])[CH]([OH])[CH]([OH])[CH]1[OH])[CH]([O][CH]1[O][CH]([CH2][OH])[CH]([OH])[CH]([OH])[CH]1[OH])[CH]([CH2][OH])[O][CH]1[O][CH]([CH2][OH])[CH]([OH])[CH]([OH])[CH]1[OH]
11182,[O]=[CH][CH]([O][CH]1[O][CH]([CH2][OH])[CH]([OH])[CH]([OH])[CH]1[O][CH]1[O][CH]([CH2][OH])[CH]([OH])[CH]([OH])[CH]1[OH])[CH]([O][CH]1[O][CH]([CH2][OH])[CH]([OH])[CH]([OH])[CH]1[OH])[CH]([O][CH]1[O][CH]([CH2][OH])[CH]([OH])[CH]([OH])[CH]1[OH])[CH]([CH2][O][CH]1[O][CH]([CH2][OH])[CH]([OH])[CH]([OH])[CH]1[OH])[O][CH]1[O][CH]([CH2][OH])[CH]([OH])[CH]([OH])[CH]1[OH]
11183,[NH2][CH2][C]([OH])=[N][CH2][C]([OH])=[N][CH2][C](=[O])[OH]
11184,[NH2][CH]([CH2][c]1[cH][cH][c]([OH])[cH][cH]1)[C]([OH])=[N][CH2][C]([OH])=[N][CH2][C](=[O])[OH]
11185,[CH3][CH]([CH3])[CH2][CH]([NH2])[C]([OH])=[N][CH2][C]([OH])=[N][CH2][C](=[O])[OH]
11186,[CH3][CH]([NH2])[C]([OH])=[N][CH]([CH3])[C]([OH])=[N][CH2][C](=[O])[OH]
11187,[CH3][CH]([NH2])[C]([OH])=[N][CH2][C](=[O])[OH]
11188,[O]=[C]([OH])[c]1[cH][cH][cH][cH][c]1[O][P](=[O])([OH])[OH]
11189,[CH3][C](=[O])[CH2][CH]([CH3])[OH]
11190,[CH3][CH2][CH2][CH2][CH2][CH2][CH2][CH2][CH2][CH2][CH2][CH2][CH2][CH]=[CH][CH]([OH])[CH]([CH2][OH])[N]=[C]([OH])[CH2][CH2][CH2][CH2][CH2][CH2][CH2][CH2][CH2][CH2][CH2][CH2][CH2][CH2][CH3]
11191,[CH3][CH]([N]=[C]([OH])[CH2][NH2])[C]([OH])=[N][CH]([CH2][c]1[cH][cH][c]([OH])[cH][cH]1)[C](=[O])[OH]
11192,[NH2][CH2][C]([OH])=[N][CH2][C]([OH])=[N][CH]([CH2][c]1[cH][cH][cH][cH][cH]1)[C](=[O])[OH]
11193,[O]=[C]1[C]([Br])=[C]([Br])[C](=[O])[C]([Br])=[C]1[Br]
11194,[OH][c]1[cH][c]([Br])[c]([O][Br])[c]([Br])[c]1[Br]
11195,[CH3][c]1[cH][c]([OH])[cH][c]([CH3])[c]1[OH]
11196,[CH3][C]1=[CH][C](=[O])[CH]=[C]([CH3])[C]1=[O]
11197,[CH3][CH]([NH2])[C]([OH])=[N][CH2][C]([OH])=[N][CH]([CH3])[C](=[O])[OH]
11198,[NH2][CH]([CH2][c]1[cH][cH][cH][cH][cH]1)[C]([OH])=[N][CH2][C]([OH])=[N][CH2][C](=[O])[OH]
11199,[CH3][CH]([NH2])[C]([OH])=[N][CH2][C]([OH])=[N][CH2][C](=[O])[OH]
11200,[O]=[C]1[C]([F])=[C]([F])[C](=[O])[C]([F])=[C]1[F]
11201,[OH][c]1[c]([F])[c]([F])[c]([OH])[c]([F])[c]1[F]
11202,[NH2][CH]([CH2][OH])[C]([OH])=[N][CH2][C]([OH])=[N][CH2][C](=[O])[OH]
11203,[CH3][CH2][CH2][CH2][CH2][CH2][C]([CH3])=[O]
11204,[CH3][CH2][CH2][CH2][CH2][CH2][CH]([CH3])[OH]
11205,[CH3][CH2][CH2][CH2][C]([CH3])=[O]
11206,[CH3][CH2][CH2][CH2][CH]([CH3])[OH]
11207,[CH3][CH2][CH2][CH2][CH2][CH]([CH3])[OH]
11208,[CH3][CH2][CH2][CH2][CH2][C]([CH3])=[O]
11209,[CH3][CH2][CH2][CH2][CH2][CH2][CH]([CH3])[OH]
11210,[N]#[C][c]1[cH][cH][c]([CH2][OH])[cH][cH]1
11211,[N]#[C][c]1[cH][cH][c]([CH]=[O])[cH][cH]1
11212,[OH][CH2][CH]([OH])[CH]([OH])[CH]([OH])[CH]([OH])[CH2][OH]
11213,[O]=[C]([OH])[c]1[cH][cH][cH][cH][c]1[CH2][OH]
11214,[OH][CH2][c]1[cH][cH][n][cH][cH]1
11215,[CH3][C]12[CH2][CH2][CH]3[c]4[cH][cH][c]([OH])[cH][c]4[CH2][CH2][CH]3[CH]1[CH2][CH]([OH])[C]2=[O]
11216,[CH3][C]12[CH2][CH2][CH]3[c]4[cH][cH][c]([OH])[cH][c]4[CH2][CH2][CH]3[CH]1[CH2][C](=[O])[C]2=[O]
11217,[O]=[C]([OH])[CH]([OH])[CH2][OH]
11218,[NH]=[C]([OH])[c]1[cH][cH][cH][n+]([CH]2[O][CH]([CH2][O][P](=[O])([OH])[O][P](=[O])([OH])[O][CH2][CH]3[O][CH]([n]4[cH][n][c]5[c]([NH2])[n][cH][n][c]54)[CH]([OH])[CH]3[OH])[CH]([OH])[CH]2[OH])[cH]1
11219,[O]=[C]([OH])[CH]1[N]=[C]([OH])[NH][C]([OH])=[N]1
11220,[O]=[C]([OH])[c]1[n][c]([OH])[nH][c](=[O])[n]1
11221,[CH3][CH]([CH3])[CH2][CH]([NH2])[C](=[O])[N]1[CH2][CH2][CH2][CH]1[C](=[O])[OH]
11222,[CH3][CH2][CH2][CH]([CH3])[OH]
11223,[CH3][CH]([OH])[CH2][C](=[O])[OH]
11224,[O]=[C]1[CH2][CH]([OH])[CH]([OH])[CH]([CH2][OH])[O]1
11225,[CH3][C]([CH3])([OH])[c]1[cH][cH][cH][cH][cH]1
11226,[CH3][C]([CH3])([O][OH])[c]1[cH][cH][cH][cH][cH]1
11227,[CH3][C]([CH3])([CH3])[O][OH]
11228,[O]=[N+]([O-])[c]1[cH][cH][c]([O][PH](=[O])[O][c]2[cH][cH][cH][cH][cH]2)[cH][cH]1
11229,[O]=[P]([OH])([OH])[c]1[cH][cH][cH][cH][cH]1
11230,[NH]=[C]([OH])[NH][CH2][CH2][CH2][CH2][CH2][NH2]
11231,[NH2][CH]([CH2][c]1[cH][cH][cH][cH][cH]1)[C](=[O])[N]1[CH2][CH2][CH2][CH]1[C](=[O])[OH]
11232,[CH3][CH]([CH3])[CH]([NH2])[C](=[O])[N]1[CH2][CH2][CH2][CH]1[C](=[O])[OH]
11233,[NH2][CH2][CH2][CH2][CH2][CH]([NH2])[C](=[O])[N]1[CH2][CH2][CH2][CH]1[C](=[O])[OH]
11234,[O]=[C]([OH])[CH]1[CH2][CH2][CH2][N]1[C](=[O])[CH]1[CH2][CH2][CH2][NH]1
11235,[OH][CH]1[CH]=[CH][CH]=[CH][CH]1[OH]
11236,[CH3][C]([OH])=[N][CH]1[CH]([OH])[CH]([CH2][OH])[O][CH]([O][CH]2[CH]([NH2])[CH2][CH]([NH2])[CH]([O][CH]3[O][CH]([CH2][NH2])[CH]([OH])[CH2][CH]3[NH2])[CH]2[OH])[CH]1[OH]
11237,[CH3][O][c]1[cH][c]([CH]2[c]3[cH][c]4[c]([cH][c]3[CH]([O][CH]3[O][CH]5[CH2][O][CH]([CH3])[O][CH]5[CH]([OH])[CH]3[OH])[CH]3[CH2][O][C](=[O])[CH]23)[O][CH2][O]4)[cH][c]([O][CH3])[c]1[OH]
11238,[CH3][O][c]1[cH][c]([CH]2[c]3[cH][c]4[c]([cH][c]3[CH]([O][CH]3[O][CH]5[CH2][O][CH]([CH3])[O][CH]5[CH]([OH])[CH]3[OH])[CH]3[CH2][O][C](=[O])[CH]23)[O][CH2][O]4)[cH][c]([O][CH3])[c]1[O][CH]1[O][CH]([C](=[O])[OH])[CH]([OH])[CH]([OH])[CH]1[OH]
11239,[CH3][C]12[CH2][CH2][CH]3[CH]([CH2][CH2][CH]4[CH2][CH]([OH])[CH2][CH2][C]43[CH3])[CH]1[CH2][CH2][CH]2[OH]
11240,[O]=[CH][CH]([OH])[CH]([OH])[CH]([O][CH]1[O][CH]([CH2][OH])[CH]([O][CH]2[O][CH]([CH2][OH])[CH]([O][CH]3[O][CH]([CH2][OH])[CH]([O][CH]4[O][CH]([CH2][OH])[CH]([O][CH]5[O][CH]([CH2][OH])[CH]([O][CH]6[O][CH]([CH2][OH])[CH]([OH])[CH]([OH])[CH]6[OH])[CH]([OH])[CH]5[OH])[CH]([OH])[CH]4[OH])[CH]([OH])[CH]3[OH])[CH]([OH])[CH]2[OH])[CH]([OH])[CH]1[OH])[CH]([OH])[CH2][OH]
11241,[O]=[N+]([O-])[c]1[cH][cH][c]([O][CH]2[O][CH2][CH]([OH])[CH]([OH])[CH]2[OH])[cH][cH]1
11242,[OH][CH]1[CH2][O][CH]([OH])[CH]([OH])[CH]1[OH]
11243,[CH3][C]([NH2])([CH2][c]1[cH][cH][c]([OH])[c]([OH])[cH]1)[C](=[O])[OH]
11244,[CH3][C]([NH2])([CH2][c]1[cH][cH][c]([OH])[cH][cH]1)[C](=[O])[OH]
11245,[NH2][CH]([CH2][CH2][C]([OH])=[N][OH])[C](=[O])[OH]
11246,[CH3][CH]([CH3])[CH]([NH2])[C]([OH])=[N][CH]([CH2][C](=[NH])[OH])[C](=[O])[OH]
11247,[CH3][CH]([CH3])[CH]([NH2])[C]([OH])=[N][CH]([CH2][C](=[O])[OH])[C](=[O])[OH]
11248,[CH3][C]12[CH2][CH2][C](=[O])[CH2][CH]1[CH2][CH2][CH]1[CH]2[C](=[O])[CH2][C]2([CH3])[CH]1[CH2][CH2][C]2([OH])[C](=[O])[CH2][OH]
11249,[CH3][CH2][CH]([CH3])[CH]([N]=[C]([OH])[CH]([CH2][c]1[cH][cH][c]([OH])[cH][cH]1)[N]=[C]([OH])[CH]([N]=[C]([OH])[CH]([CH2][CH2][CH2][NH][C](=[NH])[NH2])[N]=[C]([OH])[CH]([NH2])[CH2][C](=[O])[OH])[CH]([CH3])[CH3])[C]([OH])=[N][CH]([CH2][c]1[cH][n][cH][nH]1)[C](=[O])[N]1[CH2][CH2][CH2][CH]1[C]([OH])=[N][CH]([CH2][c]1[cH][cH][cH][cH][cH]1)[C]([OH])=[N][CH]([CH2][c]1[cH][n][cH][nH]1)[C]([OH])=[N][CH]([CH2][CH]([CH3])[CH3])[C](=[O])[OH]
11250,[CH3][CH]([CH3])[CH2][CH]([N]=[C]([OH])[CH]([NH2])[CH2][c]1[cH][n][cH][nH]1)[C](=[O])[OH]
11251,[O]=[CH][CH]([O][CH]1[O][CH]([CH2][OH])[CH]([OH])[CH]([OH])[CH]1[OH])[CH]([OH])[CH]([OH])[CH]([OH])[CH2][OH]
11252,[CH3][CH]([NH2])[C](=[NH])[OH]
11253,[NH]=[C]([OH])[CH2][NH2]
11254,[CH3][CH]([NH2])[C]([OH])=[N][CH2][C](=[O])[OH]
11255,[CH3][CH]([NH2])[C]([OH])=[N][CH2][C]([OH])=[N][CH2][C](=[O])[OH]
11256,[OH][CH2][CH]1[O][CH]([O][CH]2[CH]([OH])[CH]([CH2][OH])[O][CH]([O][CH]3[CH]([OH])[CH]([OH])[O][CH]([CH2][OH])[CH]3[OH])[CH]2[OH])[CH]([OH])[CH]([OH])[CH]1[OH]
11257,[CH3][CH2][O][C](=[O])[c]1[cH][cH][c]([NH2])[cH][cH]1
11258,[CH3][N]1[CH]=[CH][CH]([CH]2[CH]=[CH][N]([CH3])[CH]=[CH]2)[CH]=[CH]1
11259,[CH3][n+]1[cH][cH][c](-[c]2[cH][cH][n+]([CH3])[cH][cH]2)[cH][cH]1
11260,[CH3][n]1[cH][n][c]2[n][cH][n][c]([OH])[c]21
11261,[NH]=[c]1[n][c]([OH])[c]2[n][c]([OH])[n]([CH]3[O][CH]([CH2][OH])[CH]([OH])[CH]3[OH])[c]2[nH]1
11262,[NH]=[c]1[n][c]([OH])[c]2[n][c]([OH])[n]([CH]3[CH2][CH]([OH])[CH]([CH2][OH])[O]3)[c]2[nH]1
11263,[OH][c]1[n][cH][n][c]2[n][nH][cH][c]12
11264,[O]=[c]1[n][c]2[nH][nH][cH][c]-2[c]([OH])[n]1
11265,[CH3][CH2][CH2][CH2][CH2][CH2][CH2][CH2][CH2][CH2][CH2][CH2][CH2][C](=[O])[O][CH]1[CH2][CH2][C]2([CH3])[C](=[CH][CH2][CH]3[CH]2[CH2][CH2][C]2([CH3])[CH]([CH]([CH3])[CH2][CH2][CH2][CH]([CH3])[CH3])[CH2][CH2][CH]32)[CH2]1
11266,[CH3][C](=[O])[O][CH]1[CH2][CH2][C]2([CH3])[C](=[CH][CH2][CH]3[CH]2[CH2][CH2][C]2([CH3])[CH]([CH]([CH3])[CH2][CH2][CH2][CH]([CH3])[CH3])[CH2][CH2][CH]32)[CH2]1
11267,[CH3][CH2][CH2][CH2][CH2][CH2][CH2][CH2][CH2][CH2][CH2][CH2][CH2][CH2][CH2][C](=[O])[O][c]1[cH][cH][c]([N+](=[O])[O-])[cH][cH]1
11268,[CH3][c]1[cH][c](=[O])[o][c]2[cH][c]([NH2])[cH][cH][c]12
11269,[NH]=[C]([NH2])[NH][CH2][CH2][CH2][CH]([N]=[C]([OH])[CH]([CH2][CH2][CH2][NH][C](=[NH])[NH2])[N]=[C]([OH])[O][CH2][c]1[cH][cH][cH][cH][cH]1)[C](=[O])[OH]
11270,[CH3][c]1[cH][c](=[O])[o][c]2[cH][c]([N]=[C]([OH])[CH]([CH2][CH2][CH2][NH][C](=[NH])[NH2])[N]=[C]([OH])[CH]([CH2][CH2][CH2][NH][C](=[NH])[NH2])[N]=[C]([OH])[O][CH2][c]3[cH][cH][cH][cH][cH]3)[cH][cH][c]12
11271,[O]=[C]([OH])[CH]([OH])[CH]([OH])[CH2][OH]
11272,[O]=[CH][CH]([OH])[CH]([OH])[CH2][OH]
11273,[O]=[P]([OH])([OH])[O][CH2][CH]1[O][CH]([O][P](=[O])([OH])[OH])[CH]([OH])[CH]([OH])[CH]1[OH]
11274,[CH3][CH]([OH])[CH]([CH3])[OH]
11275,[CH3][c]1[cH][c](=[O])[o][c]2[cH][c]([O][CH]3[O][CH]([CH2][OH])[CH]([OH])[CH]([OH])[CH]3[OH])[cH][cH][c]12
11276,[NH2][c]1[c]([OH])[cH][cH][cH][c]1[C](=[O])[CH2][CH]([NH2])[C](=[O])[OH]
11277,[O]=[C]([CH2][O][P](=[O])([OH])[OH])[CH]([OH])[CH]([OH])[CH2][OH]
11278,[O]=[C]([O][P](=[O])([OH])[OH])[CH]([OH])[CH2][O][P](=[O])([OH])[OH]
11279,[CH3][CH]1[O][C](=[O])[CH]([OH])[CH]([OH])[CH]1[OH]
11280,[CH3][CH]([OH])[CH]([OH])[CH]([OH])[CH]([OH])[CH]=[O]
11281,[OH][CH]1[CH]=[CH][c]2[cH][cH][cH][cH][c]2[CH]1[OH]
11282,[CH3][CH2][O][C](=[O])[CH]([CH3])[OH]
11283,[CH3][CH2][O][C](=[O])[C]([CH3])=[O]
11284,[CH3][O][C](=[O])[CH]([CH3])[OH]
11285,[CH3][O][C](=[O])[C]([CH3])=[O]
11286,[CH2]=[C]1[C](=[CH][CH]=[C]2[CH2][CH2][CH2][C]3([CH3])[CH]2[CH2][CH2][CH]3[CH]([CH3])[CH]=[CH][CH]([CH3])[CH]([CH3])[CH3])[CH2][CH]([OH])[CH2][CH]1[OH]
11287,[O]=[P]1([OH])[O][CH]2[O][CH]([CH2][OH])[CH]([O]1)[CH]2[OH]
11288,[CH3][S](=[O])[c]1[cH][cH][cH][cH][cH]1
11289,[CH3][c]1[cH][c](=[O])[o][c]2[cH][c]([O][S](=[O])(=[O])[OH])[cH][cH][c]12
11290,[CH3][c]1[cH][c](=[O])[o][c]2[cH][c]([O][CH]3[O][CH2][CH]([OH])[CH]([OH])[CH]3[OH])[cH][cH][c]12
11291,[CH2]=[C]([CH2][CH2][CH]([CH3])[CH]1[CH2][CH2][C]2([CH3])[C]3=[C]([CH2][CH2][C]12[CH3])[C]1([CH3])[CH2][CH2][CH]([OH])[C]([CH3])([CH3])[CH]1[CH2][CH2]3)[CH]([CH3])[CH3]
11292,[CH3][O][c]1[cH][cH][c]([C]([CH3])=[O])[cH][cH]1
11293,[CH3][O][c]1[cH][cH][c]([CH2][C](=[O])[OH])[cH][cH]1
11294,[NH]=[C]([NH2])[NH][CH2][CH2][CH2][CH]([NH2])[C](=[O])[N]1[CH2][CH2][CH2][CH]1[C](=[O])[N]1[CH2][CH2][CH2][CH]1[C]([OH])=[N][CH2][C]([OH])=[N][CH]([CH2][c]1[cH][cH][cH][cH][cH]1)[C]([OH])=[N][CH]([CH2][OH])[C](=[O])[N]1[CH2][CH2][CH2][CH]1[C]([OH])=[N][CH]([CH2][c]1[cH][cH][cH][cH][cH]1)[C](=[O])[OH]
11295,[NH]=[C]([NH2])[NH][CH2][CH2][CH2][CH]([NH2])[C](=[O])[N]1[CH2][CH2][CH2][CH]1[C](=[O])[N]1[CH2][CH2][CH2][CH]1[C]([OH])=[N][CH2][C]([OH])=[N][CH]([CH2][c]1[cH][cH][cH][cH][cH]1)[C]([OH])=[N][CH]([CH2][OH])[C](=[O])[N]1[CH2][CH2][CH2][CH]1[C]([OH])=[N][CH]([CH2][c]1[cH][cH][cH][cH][cH]1)[C]([OH])=[N][CH]([CH2][CH2][CH2][NH][C](=[NH])[NH2])[C](=[O])[OH]
11296,[NH2][c]1[n][cH][n][c]2[c]1[n][cH][n]2[CH]1[O][CH]([CH2][O][P](=[O])([OH])[O][P]([OH])([OH])=[S])[CH]([OH])[CH]1[OH]
11297,[OH][CH2][CH]1[O][CH]([OH])[CH]([OH])[CH]1[OH]
11298,[CH3][CH2][CH]([CH3])[NH2]
11299,[CH3][O][c]1[cH][cH][cH][cH][c]1[O][CH3]
11300,[O]=[C]([OH])[CH2][c]1[cH][c]([OH])[cH][c]([OH])[cH]1
11301,[CH3][S][CH2][CH2][CH]([NH2])[C]([OH])=[N][CH2][C](=[O])[OH]
11302,[CH3][CH]=[C]([CH3])[C](=[O])[OH]
11303,[CH3][CH]([NH2])[C](=[O])[N]1[CH2][CH2][CH2][CH]1[C](=[O])[OH]
11304,[NH2][CH]([CH2][OH])[C](=[O])[N]1[CH2][CH2][CH2][CH]1[C](=[O])[OH]
11305,[CH3][CH2][CH]([CH3])[CH]([N]=[C]([OH])[CH]([CH2][c]1[cH][cH][c]([OH])[cH][cH]1)[N]=[C]([OH])[CH]([N]=[C]([OH])[CH]([NH2])[CH2][CH2][CH2][NH][C](=[NH])[NH2])[CH]([CH3])[CH3])[C]([OH])=[N][CH]([CH2][c]1[cH][n][cH][nH]1)[C](=[O])[N]1[CH2][CH2][CH2][CH]1[C]([OH])=[N][CH]([CH2][c]1[cH][cH][cH][cH][cH]1)[C](=[O])[OH]
11306,[NH2][CH2][CH]([OH])[CH2][CH2][CH]([NH2])[C](=[O])[OH]
11307,[NH2][CH2][CH]([CH2][CH2][CH]([NH2])[C](=[O])[OH])[O][P](=[O])([OH])[OH]
11308,[CH3][C]([CH3])([CH2][O][P](=[O])([OH])[O][P](=[O])([OH])[O][CH2][CH]1[O][CH]([n]2[cH][n][c]3[c]([NH2])[n][cH][n][c]32)[CH]([OH])[CH]1[O][P](=[O])([OH])[OH])[CH]([OH])[C]([OH])=[N][CH2][CH2][C]([OH])=[N][CH2][CH2][S][C](=[O])[C]1=[CH][CH]=[CH][CH]([OH])[CH]1[OH]
11309,[OH][c]1[cH][cH][c]([CH2][CH]2[NH][CH2][CH2][c]3[cH][c]([OH])[c]([OH])[cH][c]32)[cH][c]1[OH]
11310,[CH2]=[CH][CH2][N]=[C]=[S]
11311,[CH3][C]([CH3])([NH2])[C](=[O])[OH]
11312,[CH3][CH2][CH2][CH2][CH2][CH2][CH2][C]([OH])=[N][CH2][C](=[O])[OH]
11313,[O]=[P]([OH])([O][CH2][CH]([OH])[CH2][OH])[O][CH2][CH]([OH])[CH2][O][P](=[O])([OH])[O][CH2][CH]([OH])[CH2][OH]
11314,[N]#[C][CH]([O][CH]1[O][CH]([CH2][OH])[CH]([OH])[CH]([OH])[CH]1[OH])[c]1[cH][cH][cH][cH][cH]1
11315,[O]=[C]([OH])[CH]=[CH][c]1[cH][cH][c]([OH])[c]([O][CH]2[O][CH]([CH2][OH])[CH]([OH])[CH]([OH])[CH]2[OH])[cH]1
11316,[CH3][c]1[cH][c](=[O])[o][c]2[cH][c]([O][CH]3[O][CH]([CH2][OH])[CH]([OH])[CH]([OH])[CH]3[OH])[cH][cH][c]12
11317,[NH2][CH2][C](=[O])[N]1[CH2][CH2][CH2][CH]1[C]([OH])=[N][c]1[cH][cH][c]2[cH][cH][cH][cH][c]2[cH]1
11318,[NH2][c]1[cH][cH][c]2[cH][cH][cH][cH][c]2[cH]1
11319,[OH][CH2][CH]1[O][CH]([O][CH2][CH]2[O][CH]([O][CH2][CH]3[O][CH]([O][CH2][CH]4[O][CH]([OH])[CH]([OH])[CH]4[OH])[CH]([OH])[CH]3[OH])[CH]([OH])[CH]2[OH])[CH]([OH])[CH]1[OH]
11320,[OH][CH2][CH]1[O][CH]([O][CH2][CH]2[O][CH]([O][CH2][CH]3[O][CH]([OH])[CH]([OH])[CH]3[OH])[CH]([OH])[CH]2[OH])[CH]([OH])[CH]1[OH]
11321,[NH2][CH2][CH2][S][CH2][CH]([NH2])[C](=[O])[OH]
11322,[NH2][CH]([CH2][Cl])[C](=[O])[OH]
11323,[CH3][O][CH2][CH]([NH2])[C](=[O])[OH]
11324,[O]=[C]([OH])[CH2][c]1[cH][cH][cH][cH][c]1[NH][c]1[c]([Cl])[cH][cH][cH][c]1[Cl]
11325,[O]=[C]([OH])[CH2][c]1[cH][cH][cH][cH][c]1[NH][c]1[c]([Cl])[cH][c]([OH])[cH][c]1[Cl]
11326,[CH3][CH2][O][c]1[cH][cH][c]([N]=[C]([CH3])[OH])[cH][cH]1
11327,[CH3][C]12[CH2][CH]([OH])[C](=[O])[CH]=[C]1[CH2][CH2][CH]1[CH]2[CH2][CH2][C]2([CH3])[CH]([OH])[CH2][CH2][CH]12
11328,[CH3][C]12[CH2][CH2][C](=[O])[CH]=[C]1[CH2][CH2][CH]1[CH]2[CH2][CH2][C]2([CH3])[CH]([OH])[CH]([OH])[CH2][CH]12
11329,[CH3][c]1[n][c]([NH2])[c]2[n][cH][n]([CH]3[O][CH]([CH2][OH])[CH]([OH])[CH]3[OH])[c]2[n]1
11330,[CH3][c]1[n][c]([NH2])[c]2[n][cH][n]([CH]3[O][CH]([CH2][O][P](=[O])([OH])[OH])[CH]([OH])[CH]3[OH])[c]2[n]1
11331,[NH2][CH]([CH2][C](=[O])[OH])[C]([OH])=[N][CH]([CH2][OH])[C](=[O])[OH]
11332,[CH3][CH2][CH2][CH2][CH2][CH2][CH2][CH2][CH]=[CH][CH2][CH2][CH2][CH2][CH2][CH2][CH2][C](=[O])[O][CH2][CH]([OH])[CH2][O][P](=[O])([OH])[O][CH2][CH2][N+]([CH3])([CH3])[CH3]
11333,[CH3][C]([CH3])([CH2][O][P](=[O])([OH])[O][P](=[O])([OH])[O][CH2][CH]1[O][CH]([n]2[cH][n][c]3[c]([NH2])[n][cH][n][c]32)[CH]([OH])[CH]1[O][P](=[O])([OH])[OH])[CH]([OH])[C]([OH])=[N][CH2][CH2][C]([OH])=[N][CH2][CH2][S][C](=[O])[c]1[cH][cH][c]([Br])[cH][cH]1
11334,[O]=[C]([OH])[c]1[cH][cH][c]([Br])[cH][cH]1
11335,[CH3][C]([CH3])([CH2][O][P](=[O])([OH])[O][P](=[O])([OH])[O][CH2][CH]1[O][CH]([n]2[cH][n][c]3[c]([NH2])[n][cH][n][c]32)[CH]([OH])[CH]1[O][P](=[O])([OH])[OH])[CH]([OH])[C]([OH])=[N][CH2][CH2][C]([OH])=[N][CH2][CH2][S][C](=[O])[c]1[cH][cH][c]([I])[cH][cH]1
11336,[O]=[C]([OH])[c]1[cH][cH][c]([I])[cH][cH]1
11337,[O]=[C]1[CH2][CH2][C]([OH])=[N]1
11338,[O]=[C]1[CH2][CH2][CH2][C]([OH])=[N]1
11339,[O]=[C]1[N]=[C]([OH])[C](=[O])[NH]1
11340,[NH]=[C]([NH2])[NH][CH2][CH2][CH2][CH]([N]=[C]([OH])[CH2][CH]([NH2])[C](=[O])[OH])[C](=[O])[OH]
11341,[O]=[N+]([O-])[c]1[cH][cH][c]([Br])[c]([N+](=[O])[O-])[cH]1
11342,[O]=[N+]([O-])[c]1[cH][cH][c]([I])[c]([N+](=[O])[O-])[cH]1
11343,[CH3][CH2][CH2][CH2][CH2][CH2][CH2][CH2][CH2][CH2][CH2][CH2][CH2][CH]=[CH][CH]([OH])[CH]([CH2][OH])[N]=[C]([OH])[CH2][CH2][CH2][CH2][CH2][CH2][CH2][CH2][CH2][CH2][CH2][CH2][CH2][CH2][CH3]
11344,[CH2]=[C]1[CH]=[N][c]2[cH][cH][cH][cH][c]21
11345,[CH3][c]1[cH][nH][c]2[cH][cH][cH][cH][c]12
11346,[CH3][C]([OH])=[N][CH]([CH2][c]1[cH][cH][c]([OH])[cH][cH]1)[C](=[O])[OH]
11347,[CH3][CH2][O][C](=[O])[CH]([CH2][c]1[cH][cH][c]([OH])[cH][cH]1)[N]=[C]([CH3])[OH]
11348,[CH3][CH2][O][C](=[O])[CH]([CH2][c]1[cH][cH][c]([OH])[cH][cH]1)[N]=[C]([OH])[c]1[cH][cH][cH][cH][cH]1
11349,[O]=[C]([OH])[CH]([CH2][c]1[cH][cH][c]([OH])[cH][cH]1)[N]=[C]([OH])[c]1[cH][cH][cH][cH][cH]1
11350,[CH3][CH]([OH])[CH2][C]([OH])=[N][CH]1[CH2][CH2][O][C]1=[O]
11351,[O]=[N+]([O-])[c]1[cH][cH][c]([O][CH]2[O][CH]([CH2][OH])[CH]([OH])[CH]([OH])[CH]2[OH])[cH][cH]1
11352,[NH2][C]1=[c]2[n][c]([OH])[n]([CH]3[CH2][CH]([OH])[CH]([CH2][O][P](=[O])([OH])[O][P](=[O])([OH])[O][P](=[O])([OH])[OH])[O]3)[c]2=[N][CH2][NH]1
11353,[CH3][C]([CH3])([CH2][O][P](=[O])([OH])[O][P](=[O])([OH])[O][CH2][CH]1[O][CH]([n]2[cH][n][c]3[c]([NH2])[n][cH][n][c]32)[CH]([OH])[CH]1[O][P](=[O])([OH])[OH])[CH]([OH])[C]([OH])=[N][CH2][CH2][C]([OH])=[N][CH2][CH2][S][C](=[O])[C]1=[CH][CH]([OH])[CH2][CH]=[CH]1
11354,[CH3][CH]([CH3])[CH2][CH]([N]=[C]([OH])[CH]1[CH2][CH2][CH2][N]1[C](=[O])[CH2][N]=[C]([OH])[O][CH2][c]1[cH][cH][cH][cH][cH]1)[C]([OH])=[N][CH2][C](=[O])[N]1[CH2][CH2][CH2][CH]1[C](=[O])[OH]
11355,[CH3][CH]([CH3])[CH2][CH]([NH2])[C]([OH])=[N][CH2][C](=[O])[N]1[CH2][CH2][CH2][CH]1[C](=[O])[OH]
11356,[O]=[C]([OH])[CH]1[CH2][CH2][CH2][N]1[C](=[O])[CH2][N]=[C]([OH])[O][CH2][c]1[cH][cH][cH][cH][cH]1
11357,[O]=[N+]([O-])[c]1[cH][cH][c]([O][CH]2[O][CH]([CH2][OH])[CH]([O][CH]3[O][CH]([CH2][OH])[CH]([O][CH]4[O][CH]([CH2][OH])[CH]([OH])[CH]([OH])[CH]4[OH])[CH]([OH])[CH]3[OH])[CH]([OH])[CH]2[OH])[cH][cH]1
11358,[CH3][S][CH2][CH2][CH]([N]=[C]([OH])[CH]([CH2][c]1[cH][cH][cH][cH][cH]1)[N]=[C]([OH])[CH2][N]=[C]([OH])[CH2][N]=[C]([OH])[CH]([NH2])[CH2][c]1[cH][cH][c]([OH])[cH][cH]1)[C](=[O])[OH]
11359,[O]=[N+]([O-])[c]1[cH][cH][c]([O][CH]2[O][CH]([CH2][OH])[CH]([OH])[CH]([OH])[CH]2[OH])[cH][cH]1
11360,[NH2][CH]([CH2][C](=[O])[OH])[C]([OH])=[N][OH]
11361,[CH3][CH2][CH]([CH3])[C](=[O])[C](=[O])[OH]
11362,[CH3][C]12[CH2][CH2][CH]([OH])[CH]=[C]1[CH2][CH2][CH]1[CH]2[CH2][CH2][C]2([CH3])[CH]([OH])[CH2][CH2][CH]12
11363,[O]=[P]([OH])([OH])[O][CH2][CH]([OH])[CH]([OH])[c]1[cH][nH][c]2[cH][cH][cH][cH][c]12
11364,[O]=[P]([OH])([OH])[O][CH]1[O][CH2][CH]([OH])[CH]([OH])[CH]1[OH]
11365,[CH3][CH]([CH3])[C]([OH])([CH2][C](=[O])[OH])[C](=[O])[OH]
11366,[O]=[C]([OH])[CH]=[CH][Cl]
11367,[CH3][CH]([CH2][NH2])[C](=[O])[OH]
11368,[CH3][c]1[c]([OH])[cH][cH][c]2[c]([OH])[c]([NH2])[c](=[O])[o][c]12
11369,[O]=[C]([OH])[CH]1[CH]=[CH][CH2][NH]1
11370,[O]=[CH][CH2][CH2][N]1[CH2][CH2][O][CH2][CH2]1
11371,[O]=[S](=[O])([OH])[CH2][CH2][CH2][N]1[CH2][CH2][O][CH2][CH2]1
11372,[O]=[N+]([O-])[c]1[cH][cH][c]([O][CH]2[O][CH2][CH]([OH])[CH]([OH])[CH]2[OH])[cH][cH]1
11373,[O]=[N+]([O-])[c]1[cH][cH][c]([F])[c]([N+](=[O])[O-])[cH]1
11374,[NH2][CH]1[CH]([OH])[O][CH]([CH2][OH])[CH]([OH])[CH]1[OH]
11375,[CH3][O][C](=[O])[c]1[cH][cH][c]([OH])[c]([OH])[cH]1
11376,[CH3][C]1=[C]2[N]=[C]([CH]=[C]3[N]=[C]([C]([CH3])=[C]4[NH][C]([CH3])([CH]5[N]=[C]1[C]([CH3])([CH2][CH2][C](=[O])[OH])[CH]5[CH2][C](=[O])[OH])[C]([CH3])([CH2][C](=[O])[OH])[CH]4[CH2][CH2][C](=[O])[OH])[C]([CH3])([CH2][C](=[O])[OH])[CH]3[CH2][CH2][C](=[O])[OH])[C]([CH3])([CH3])[CH]2[CH2][CH2][C](=[O])[OH]
11377,[CH3][CH2][CH2][CH2][CH2][CH2][CH2][CH2][CH2][CH2][CH2][CH2][CH2][C](=[O])[O][CH]([CH2][C](=[O])[OH])[CH2][N+]([CH3])([CH3])[CH3]
11378,[CH3][CH2][CH2][CH2][CH2][C](=[O])[O][CH]([CH2][C](=[O])[OH])[CH2][N+]([CH3])([CH3])[CH3]
11379,[O]=[CH][c]1[cH][cH][cH][n][cH]1
11380,[OH][CH2][c]1[cH][cH][cH][n][cH]1
11381,[CH3][CH2][O][c]1[cH][cH][c]2[cH][cH][c](=[O])[o][c]2[cH]1
11382,[O]=[N+]([O-])[c]1[cH][cH][cH][cH][c]1[CH2][OH]
11383,[O]=[CH][c]1[cH][cH][cH][cH][c]1[N+](=[O])[O-]
11384,[CH3][CH2][CH2][CH]=[N][OH]
11385,[O]=[N][CH]=[C]1[CH]=[CH][CH]=[CH][NH]1
11386,[N]#[C][c]1[cH][cH][cH][cH][n]1
11387,[NH]=[C]([OH])[c]1[cH][cH][cH][n+]([CH]2[O][CH]([CH2][O][P](=[O])([OH])[O][P](=[O])([OH])[O][CH2][CH]3[O][CH]([n]4[cH][n][c]5[c]([NH2])[n][cH][n][c]54)[CH]([O][P](=[O])([OH])[OH])[CH]3[OH])[CH]([OH])[CH]2[OH])[cH]1
11388,[CH3][CH2][CH2][CH2][CH2][CH2][CH2][CH2][CH2][CH2][CH2][CH2][CH2][CH2][CH2][CH2][CH2][CH2][CH2][CH2][CH2][CH]=[O]
11389,[CH3][CH2][CH2][CH2][CH2][CH2][CH2][CH2][CH2][CH2][CH2][CH2][CH2][CH2][CH2][CH2][CH2][CH2][CH2][CH]=[O]
11390,[CH3][CH2][CH2][CH2][CH2][CH]=[CH][CH2][CH]=[CH][CH2][CH2][CH2][CH2][CH2][CH2][CH2][CH]=[O]
11391,[CH3][CH]=[CH][CH]=[O]
11392,[CH3][CH2][CH2][CH2][CH2][CH2][CH]=[CH][CH2][CH2][CH2][CH2][CH2][CH2][CH2][CH]=[O]
11393,[CH3][CH2][CH2][CH2][CH2][CH2][CH2][CH2][CH2][CH2][CH2][CH2][CH2][CH2][CH2][CH2][CH2][CH2][CH2][CH2][CH2][CH2][CH2][CH]=[O]
11394,[CH3][CH]([CH]([CH2][CH2][C]([CH3])([CH3])[OH])[O][P](=[O])([OH])[OH])[CH]1[CH2][CH2][C]2([OH])[C]3=[CH][C](=[O])[CH]4[CH2][CH]([OH])[CH2][CH2][C]4([CH3])[CH]3[CH2][CH2][C]12[CH3]
11395,[CH3][C]([CH3])([OH])[CH2][CH2][CH]([O][P](=[O])([OH])[OH])[C]([CH3])([OH])[CH]1[CH2][CH2][C]2([OH])[C]3=[CH][C](=[O])[CH]4[CH2][CH]([OH])[CH]([OH])[CH2][C]4([CH3])[CH]3[CH2][CH2][C]12[CH3]
11396,[CH3][CH]1[O][CH]([O][c]2[cH][cH][c]([N+](=[O])[O-])[cH][cH]2)[CH]([OH])[CH]([OH])[CH]1[OH]
11397,[CH3][CH2][CH2][CH2][CH2][CH2][Cl]
11398,[Br][CH]1[CH2][CH2][CH2][CH2][CH2]1
11399,[CH3][c]1[cH][cH][c]([C](=[O])[C](=[O])[OH])[cH][cH]1
11400,[CH3][CH]([CH]=[N][OH])[c]1[cH][cH][cH][cH][cH]1
11401,[CH3][CH]([C]#[N])[c]1[cH][cH][cH][cH][cH]1
11402,[O]=[CH][c]1[cH][cH][c]([N+](=[O])[O-])[cH][c]1[N+](=[O])[O-]
11403,[O]=[C]([OH])[c]1[cH][cH][c]([N+](=[O])[O-])[cH][c]1[N+](=[O])[O-]
11404,[CH3][O][c]1[cH][cH][c]([C](=[O])[OH])[cH][c]1[O][CH3]
11405,[CH3][N]([CH3])[c]1[cH][cH][c]2[cH][c]([CH]=[O])[cH][cH][c]2[cH]1
11406,[CH3][N]([CH3])[c]1[cH][cH][c]2[cH][c]([C](=[O])[OH])[cH][cH][c]2[cH]1
11407,[O]=[CH][CH2][CH2][c]1[cH][cH][cH][cH][cH]1
11408,[O]=[CH][c]1[cH][c]2[cH][cH][cH][cH][c]2[c]2[cH][cH][cH][cH][c]12
11409,[O]=[C]([OH])[c]1[cH][c]2[cH][cH][cH][cH][c]2[c]2[cH][cH][cH][cH][c]12
11410,[O]=[CH][c]1[cH][n][c]2[cH][cH][cH][cH][c]2[cH]1
11411,[O]=[C]([OH])[c]1[cH][n][c]2[cH][cH][cH][cH][c]2[cH]1
11412,[O]=[CH][c]1[cH][cH][n][c]2[cH][cH][cH][cH][c]12
11413,[CH3][CH]([CH]=[O])[c]1[cH][cH][cH][cH][cH]1
11414,[CH3][CH]([C](=[O])[OH])[c]1[cH][cH][cH][cH][cH]1
11415,[CH3][O][c]1[cH][cH][cH][c]([C](=[O])[OH])[cH]1
11416,[CH3][O][c]1[cH][cH][cH][cH][c]1[CH]=[O]
11417,[CH3][O][c]1[cH][cH][cH][cH][c]1[C](=[O])[OH]
11418,[CH3][c]1[cH][c](=[O])[o][c]2[cH][c]([O][CH]3[O][CH2][CH]([OH])[CH]([OH])[CH]3[OH])[cH][cH][c]12
11419,[OH][CH]1[CH2][O][CH]([OH])[CH]([OH])[CH]1[OH]
11420,[CH3][O][c]1[cH][cH][c]([CH2][CH]=[O])[cH][cH]1
11421,[CH3][O][c]1[cH][cH][c]([CH2][CH2][NH2])[cH][cH]1
11422,[CH3][C]([NH2])([CH2][C](=[O])[OH])[C](=[O])[OH]
11423,[CH3][CH3]
11424,[CH3][CH2][CH2][CH2][CH2][CH2][CH2][CH2][CH2][CH2][CH2][CH2][CH2][CH2][CH2][CH2][O][CH2][CH]([OH])[CH2][O][P](=[O])([OH])[O][CH2][CH2][N+]([CH3])([CH3])[CH3]
11425,[CH3][CH2][CH2][CH2][CH2][CH2][CH2][CH2][CH2][CH2][CH2][CH2][CH2][C](=[O])[O][CH2][CH]([OH])[CH2][O][P](=[O])([OH])[O][CH2][CH2][N+]([CH3])([CH3])[CH3]
11426,[O]=[C]([OH])[CH]=[CH][Br]
11427,[CH3][O][C](=[O])[CH]=[CH][c]1[cH][cH][c]([OH])[c]([OH])[cH]1
11428,[CH3][O][C](=[O])[CH]=[CH][c]1[cH][cH][c]([OH])[cH][cH]1
11429,[CH3][O][C](=[O])[CH]=[CH][c]1[cH][c]([O][CH3])[c]([OH])[c]([O][CH3])[cH]1
11430,[O]=[CH][CH2][CH2][CH2][CH2][CH2][CH2][CH2][CH2][CH2][CH2][C](=[O])[OH]
11431,[CH3][C](=[O])[CH]([NH2])[C](=[O])[OH]
11432,[CH3][C]12[CH2][CH]([OH])[C](=[O])[CH]=[C]1[CH2][CH2][CH]1[CH]2[CH2][CH2][C]2([CH3])[CH]([OH])[CH2][CH2][CH]12
11433,[NH]=[c]1[cH][cH][n]([CH]2[CH2][CH2][CH]([CH2][O][P](=[O])([OH])[O][P](=[O])([OH])[O][P](=[O])([OH])[OH])[O]2)[c]([OH])[n]1
11434,[NH]=[c]1[cH][cH][n]([CH]2[CH2][CH2][CH]([CH2][O][P](=[O])([OH])[O][P](=[O])([OH])[OH])[O]2)[c]([OH])[n]1
11435,[CH3][C]1=[C]([C](=[O])[OH])[N]2[C](=[O])[CH]([N]=[C]([OH])[CH]([NH2])[c]3[cH][cH][cH][cH][cH]3)[CH]2[S][CH2]1
11436,[NH2][CH]([CH2][S][c]1[cH][cH][cH][cH][c]1[N+](=[O])[O-])[C](=[O])[OH]
11437,[O]=[N+]([O-])[c]1[cH][cH][cH][cH][c]1[SH]
11438,[SH][CH2][c]1[cH][cH][cH][cH][cH]1
11439,[NH2][CH]([CH2][S][CH2][c]1[cH][cH][cH][cH][cH]1)[C](=[O])[OH]
11440,[O]=[P]([OH])([OH])[O][c]1[cH][cH][c]2[cH][cH][cH][cH][c]2[cH]1
11441,[CH3][c]1[cH][c](=[O])[o][c]2[cH][c]([O][P](=[O])([OH])[OH])[cH][cH][c]12
11442,[CH3][O][c]1[cH][cH][c]2[c]([cH]1)[O][c]1[cH][c]([OH])[cH][cH][c]1[C]21[O][C](=[O])[c]2[cH][cH][cH][cH][c]21
11443,[CH3][O][c]1[cH][cH][c]2[c]([cH]1)[O][c]1[cH][c]([O][P](=[O])([OH])[OH])[cH][cH][c]1[C]21[O][C](=[O])[c]2[cH][cH][cH][cH][c]21
11444,[CH3][CH]([CH3])[CH]([N]=[C]([OH])[CH2][CH2][CH]([NH2])[C](=[O])[OH])[C](=[O])[OH]
11445,[CH3][CH]([OH])[CH]([N]=[C]([OH])[CH2][CH2][CH]([NH2])[C](=[O])[OH])[C](=[O])[OH]
11446,[CH3][CH]([CH3])[CH2][CH]([N]=[C]([OH])[CH2][CH2][CH]([NH2])[C](=[O])[OH])[C](=[O])[OH]
11447,[CH3][CH2][CH]([CH3])[CH]([N]=[C]([OH])[CH2][CH2][CH]([NH2])[C](=[O])[OH])[C](=[O])[OH]
11448,[NH2][CH]([CH2][CH2][C]([OH])=[N][CH2][C](=[O])[OH])[C](=[O])[OH]
11449,[O]=[CH][c]1[cH][cH][cH][cH][n]1
11450,[NH2][CH2][c]1[cH][cH][cH][cH][n]1
11451,[CH3][C]([CH3])([CH2][OH])[CH]([OH])[C](=[O])[O][P](=[O])([OH])[O][CH2][CH]1[O][CH]([n]2[cH][n][c]3[c]([NH2])[n][cH][n][c]32)[CH]([OH])[CH]1[OH]
11452,[O]=[N+]([O-])[c]1[cH][cH][c]([O][CH]2[O][CH]([CH2][OH])[CH]([OH])[CH]([OH])[CH]2[OH])[cH][cH]1
11453,[O]=[N+]([O-])[c]1[cH][cH][cH][cH][c]1[O][CH]1[O][CH]([CH2][OH])[CH]([OH])[CH]([OH])[CH]1[OH]
11454,[Br][CH2][CH]([Br])[CH2][Br]
11455,[Cl][CH2][CH]([Cl])[CH2][Cl]
11456,[Br][CH2][CH2][CH2][Br]
11457,[OH][CH2][CH2][CH2][Br]
11458,[Cl][CH2][CH2][CH2][Cl]
11459,[OH][CH2][CH2][CH2][Cl]
11460,[CH3][CH2][CH2][Br]
11461,[CH3][CH2][CH2][Cl]
11462,[CH2]=[C]([Cl])[CH]1[CH2][O]1
11463,[CH2]=[CH][C](=[CH2])[Cl]
11464,[CH3][CH]([OH])[CH]1[O][C](=[O])[CH]([OH])[CH]1[OH]
11465,[CH3][CH]1[O][CH]([OH])[CH]([OH])[CH]([OH])[CH]1[OH]
11466,[CH3][CH]=[C]1[N]([CH3])[CH]([CH3])[CH2][C]1([c]1[cH][cH][cH][cH][cH]1)[c]1[cH][cH][cH][cH][cH]1
11467,[CH3][CH2][C](=[O])[C]([CH2][CH]([CH3])[N]([CH3])[CH3])([c]1[cH][cH][cH][cH][cH]1)[c]1[cH][cH][cH][cH][cH]1
11468,[CH3][CH2][CH2][CH2][CH2][CH]([OH])[CH]=[CH][C](=[O])[OH]
11469,[CH3][CH2][CH2][CH2][CH2][CH]([OH])[CH]=[CH][CH]=[O]
11470,[CH3][CH2][CH2][CH2][CH2][CH]=[CH][C](=[O])[OH]
11471,[CH3][CH2][CH2][CH2][CH2][CH2][CH]=[CH][C](=[O])[OH]
11472,[OH][c]1[cH][c]([OH])[cH][c]([CH]=[CH][c]2[cH][cH][c]([OH])[cH][c]2[OH])[cH]1
11473,[O]=[N+]([O-])[c]1[cH][cH][cH][cH][c]1[O][CH]1[O][CH2][CH]([OH])[CH]([OH])[CH]1[OH]
11474,[CH3][C]([CH3])([CH2][OH])[CH]([OH])[C]([OH])=[N][CH2][CH2][S](=[O])(=[O])[OH]
11475,[CH3][CH]([OH])[CH]([OH])[CH]([OH])[CH]([OH])[CH2][OH]
11476,[O]=[C]([OH])[CH2][CH2][N]=[C]([OH])[NH][c]1[cH][cH][c]([N+](=[O])[O-])[cH][cH]1
11477,[O]=[N+]([O-])[c]1[cH][cH][c]([OH])[c]([O][S](=[O])(=[O])[OH])[cH]1
11478,[CH3][CH]([CH3])[CH2][CH]([NH2])[C](=[O])[NH][c]1[cH][cH][c]([N+](=[O])[O-])[cH][cH]1
11479,[CH3][CH]([CH3])[CH2][CH2][CH2][CH]([CH3])[CH]1[CH2][CH2][CH]2[CH]3[CH]([OH])[CH]=[C]4[CH2][CH]([OH])[CH2][CH2][C]4([CH3])[CH]3[CH2][CH2][C]12[CH3]
11480,[CH3][C](=[O])[S][CH2][CH2][N+]([CH3])([CH3])[CH3]
11481,[CH3][CH]([SH])[N+]([CH3])([CH3])[CH3]
11482,[OH][CH2][CH]1[O][CH]([F])[CH]([OH])[CH]([OH])[CH]1[OH]
11483,[OH][CH]1[CH]=[CH][CH2][CH2][CH2]1
11484,[OH][CH2][CH]([OH])[CH]([OH])[CH]([OH])[CH]([OH])[CH2][OH]
11485,[O]=[CH][C](=[O])[CH]([OH])[CH]([OH])[CH2][OH]
11486,[NH2][CH2][CH2][CH2][CH2][CH2][CH]=[O]
11487,[NH2][CH2][CH2][CH2][CH2][CH2][CH2][NH2]
11488,[CH3][CH2][CH2][CH2][CH2][NH2]
11489,[CH3][CH2][CH2][NH2]
11490,[OH][CH2][CH]([OH])[CH]([OH])[CH]([OH])[CH]([OH])[CH2][OH]
11491,[OH][CH2][CH]1[O][CH]([O][c]2[cH][cH][cH][cH][cH]2)[CH]([OH])[CH]([OH])[CH]1[OH]
11492,[NH]=[c]1[n][c]([OH])[c]2[n][cH][n]([CH2][O][CH2][CH2][OH])[c]2[nH]1
11493,[CH3][CH]([CH3])[CH]([NH2])[C](=[O])[O][CH2][CH2][O][CH2][n]1[cH][n][c]2[c]([OH])[n][c](=[NH])[nH][c]21
11494,[O]=[C]([OH])[CH]([OH])[CH]([OH])[CH]([OH])[CH]([OH])[C](=[O])[OH]
11495,[CH3][CH2][CH2][CH2][CH]([OH])[C]([CH3])=[O]
11496,[CH3][CH2][CH2][CH2][C](=[O])[C]([CH3])=[O]
11497,[CH3][CH2][CH2][CH]([OH])[C]([CH3])=[O]
11498,[CH3][CH2][CH2][C](=[O])[C]([CH3])=[O]
11499,[O]=[CH][CH]([OH])[CH]([OH])[CH2][OH]