﻿substrate_ID,original_compound
8000,[CH3][O][c]1[cH][cH][c]2[c]([cH]1)[O][CH]1[CH]2[CH2][O][C]2=[CH][C](=[O])[CH]=[CH][C]21[OH]
8001,[CH3][C]1([CH3])[CH]=[CH][c]2[c]([cH][cH][c]3[c]2[O][CH]2[CH]3[CH2][O][C]3=[CH][C](=[O])[CH]=[CH][C]32[OH])[O]1
8002,[CH3][C]1([CH3])[CH]=[CH][c]2[c]([cH][cH][c]3[c]2[O][CH]2[c]4[cH][cH][c]([OH])[cH][c]4[O][CH2][CH]32)[O]1
8003,[O]=[c]1[c]2[cH][cH][c]([OH])[cH][c]2[o][c-]1[CH]([O][OH])[c]1[cH][cH][c]([O][CH]2[O][CH]([CH2][OH])[CH]([OH])[CH]([OH])[CH]2[OH])[cH][cH]1
8004,[O]=[C]([CH]=[CH][c]1[cH][cH][c]([OH])[cH][cH]1)[c]1[cH][cH][c]([O][CH]2[O][CH]([CH2][OH])[CH]([OH])[CH]([OH])[CH]2[OH])[cH][c]1[OH]
8005,[O]=[c]1[c]2[cH][cH][c]([OH])[cH][c]2[o][c-]1[CH]([OH])[c]1[cH][cH][c]([O][CH]2[O][CH]([CH2][OH])[CH]([OH])[CH]([OH])[CH]2[OH])[cH][cH]1
8006,[O]=[C]1[C](=[CH][c]2[cH][cH][c]([O][CH]3[O][CH]([CH2][OH])[CH]([OH])[CH]([OH])[CH]3[OH])[cH][cH]2)[O][c]2[cH][c]([OH])[cH][cH][c]21
8007,[O]=[c]1[c]2[cH][cH][c]([OH])[cH][c]2[o][c-]1[CH]1[O][C]12[CH]=[CH][CH]([O][CH]1[O][CH]([CH2][OH])[CH]([OH])[CH]([OH])[CH]1[OH])[CH]=[CH]2
8008,[O]=[C]1[C](=[CH][O][c]2[cH][cH][c]([O][CH]3[O][CH]([CH2][OH])[CH]([OH])[CH]([OH])[CH]3[OH])[cH][cH]2)[O][c]2[cH][c]([OH])[cH][cH][c]21
8009,[CH3][C]([CH3])([CH2][O][P](=[O])([OH])[O][P](=[O])([OH])[O][CH2][CH]1[O][CH]([n]2[cH][n][c]3[c]([NH2])[n][cH][n][c]32)[CH]([OH])[CH]1[O][P](=[O])([OH])[OH])[CH]([OH])[C]([OH])=[N][CH2][CH2][C]([OH])=[N][CH2][CH2][S][C](=[O])[c]1[cH][cH][c]2[c]([cH]1)[CH2][CH2][CH2][CH2]2
8010,[CH3][CH2][CH2][CH2][CH2][CH2][CH2][CH2][CH2][C](=[O])[C](=[O])[CH2][CH3]
8011,[CH3][CH]=[C]([NH2])[C](=[O])[CH2][CH2][CH2][CH2][CH2][CH2][CH2][CH2][CH3]
8012,[CH3][CH2][CH2][CH2][CH2][CH2][CH2][CH2][CH2][C](=[O])[CH]([OH])[CH2][CH3]
8013,[CH3][CH2][CH2][CH2][CH2][CH2][CH2][CH2][CH2][C](=[O])[CH]([NH2])[CH2][CH3]
8014,[CH3][C]([CH]=[CH][CH]=[C]([CH3])[CH]=[CH][C]1=[C]([CH3])[C](=[O])[CH]([O][CH]2[O][CH]([CH3])[CH]([OH])[CH]([OH])[CH]2[OH])[CH2][C]1([CH3])[CH3])=[CH][CH]=[CH][CH]=[C]([CH3])[CH]=[CH][CH]=[C]([CH3])[CH]=[CH][C]1=[C]([CH3])[C](=[O])[CH]([O][CH]2[O][CH]([CH3])[CH]([OH])[CH]([OH])[CH]2[OH])[CH2][C]1([CH3])[CH3]
8015,[CH3][O][c]1[cH][cH][c]([CH]2[CH2][C](=[O])[c]3[c]([OH])[cH][c]([O][CH]4[O][CH]([CH2][OH])[CH]([OH])[CH]([OH])[CH]4[OH])[cH][c]3[O]2)[cH][c]1[OH]
8016,[CH3][CH]1[O][CH]([O][c]2[cH][cH][c]([N+](=[O])[O-])[cH][cH]2)[CH]([OH])[CH]([OH])[CH]1[OH]
8017,[CH3][CH]1[CH]=[CH][CH]=[CH][CH2][CH2][CH]=[CH][CH]=[CH][CH]=[CH][CH]=[CH][CH]([OH])[CH2][CH]2[O][C]([OH])([CH2][CH]([OH])[CH]([OH])[CH2][CH2][CH]([OH])[CH2][CH]([OH])[CH2][CH]([OH])[CH2][C](=[O])[O][CH]([CH3])[CH]([CH3])[CH]1[OH])[CH2][CH]([OH])[CH]2[C](=[O])[OH]
8018,[CH3][CH]1[CH]=[CH][CH]=[CH][CH2][CH2][CH]=[CH][CH]=[CH][CH]=[CH][CH]=[CH][CH]([O][CH]2[O][CH]([CH3])[CH]([OH])[CH]([NH2])[CH]2[OH])[CH2][CH]2[O][C]([OH])([CH2][CH]([OH])[CH]([OH])[CH2][CH2][CH]([OH])[CH2][CH]([OH])[CH2][CH]([OH])[CH2][C](=[O])[O][CH]([CH3])[CH]([CH3])[CH]1[OH])[CH2][CH]([OH])[CH]2[C](=[O])[OH]
8019,[CH3][CH]1[CH]=[CH][CH]=[CH][CH2][CH2][CH]=[CH][CH]=[CH][CH]=[CH][CH]=[CH][CH]([OH])[CH2][CH]2[O][C]([OH])([CH2][CH]([OH])[CH]([OH])[CH2][CH2][CH]([OH])[CH2][CH]([OH])[CH2][CH]([OH])[CH2][C](=[O])[O][CH]([CH3])[CH]([CH3])[CH]1[OH])[CH2][CH]([OH])[CH]2[CH3]
8020,[CH3][CH]1[CH]=[CH][CH]=[CH][CH2][CH2][CH]=[CH][CH]=[CH][CH]=[CH][CH]=[CH][CH]([OH])[CH2][CH]2[O][C]([OH])([CH2][CH]([OH])[CH2][CH2][CH2][CH]([OH])[CH2][CH]([OH])[CH2][CH]([OH])[CH2][C](=[O])[O][CH]([CH3])[CH]([CH3])[CH]1[OH])[CH2][CH]([OH])[CH]2[CH3]
8021,[OH][c]1[cH][cH][c]2[c]([cH]1)[O][CH2][CH]([c]1[cH][c]3[c]([cH][c]1[OH])[O][CH2][O]3)[CH2]2
8022,[O]=[C]1[CH]=[C]2[O][CH2][CH]([c]3[cH][c]4[c]([cH][c]3[OH])[O][CH2][O]4)[CH2][C]2([OH])[CH2][CH2]1
8023,[O]=[C]([OH])[C](=[O])[CH2][CH]1[CH2][CH2][CH]([OH])[CH]2[O][CH]12
8024,[O]=[C]([OH])[C](=[O])[CH]=[C]1[CH2][CH2][CH]([OH])[CH]2[O][CH]12
8025,[NH]=[C]([OH])[CH]1[O][CH]1[C]([OH])=[N][CH]([CH2][NH2])[C](=[O])[OH]
8026,[CH3][CH]([CH3])[CH]([N]=[C]([OH])[CH]([CH2][NH2])[N]=[C]([OH])[CH]1[O][CH]1[C](=[NH])[OH])[C](=[O])[OH]
8027,[O]=[C]([OH])[C](=[O])[CH]=[C]1[CH2][CH2][CH]([OH])[CH]2[O][CH]12
8028,[O]=[C]1[CH2][CH2][C](=[N+]([O-])[O-])[CH2][C-]1[N+](=[O])[O-]
8029,[O]=[C]([OH])[CH2][CH2][C]([CH2][CH]=[N+]([O-])[O-])=[N+]([O-])[O-]
8030,[CH3][O][C]1=[CH][C](=[CH][N]=[N][CH]=[C]2[CH]=[C]([O][CH3])[C](=[O])[C]([O][CH3])=[CH]2)[CH]=[C]([O][CH3])[C]1=[O]
8031,[CH3][O][c]1[cH][c]([CH]=[N][N]=[CH][c]2[cH][c]([O][CH3])[c]([OH])[c]([O][CH3])[cH]2)[cH][c]([O][CH3])[c]1[OH]
8032,[NH]=[O]
8033,[CH3][O][c]1[cH][c]([CH2][CH]2[CH2][O][C](=[O])[CH]2[CH2][c]2[cH][c]([OH])[c]([OH])[c]([O][CH3])[cH]2)[cH][cH][c]1[OH]
8034,[CH3][O][c]1[cH][c]([CH2][CH]2[CH2][O][C](=[O])[CH]2[CH2][c]2[cH][c]([O][CH3])[c]([OH])[c]([O][CH3])[cH]2)[cH][cH][c]1[OH]
8035,[CH3][O][c]1[cH][c]([CH2][CH]2[CH2][O][C](=[O])[CH]2[CH2][c]2[cH][c]([O][CH3])[c]([O][CH3])[c]([O][CH3])[cH]2)[cH][cH][c]1[OH]
8036,[O]=[C]1[O][CH2][CH]([CH2][c]2[cH][cH][c]3[c]([cH]2)[O][CH2][O]3)[CH]1[CH2][c]1[cH][cH][c]2[c]([cH]1)[O][CH2][O]2
8037,[CH3][O][c]1[cH][c]([CH2][CH]2[C](=[O])[O][CH2][CH]2[CH2][c]2[cH][cH][c]([O][CH3])[c]([O][CH3])[cH]2)[cH][cH][c]1[OH]
8038,[CH3][O][c]1[cH][c]([CH2][CH]2[CH2][O][C](=[O])[CH]2[CH2][c]2[cH][cH][c]([O][CH3])[c]([O][CH3])[cH]2)[cH][cH][c]1[OH]
8039,[O]=[C]([CH]=[CH][c]1[cH][cH][c]([OH])[cH][cH]1)[O][CH2][CH]=[CH][c]1[cH][cH][c]([OH])[cH][cH]1
8040,[CH2]=[CH][CH]([CH]=[CH][c]1[cH][cH][c]([OH])[cH][cH]1)[c]1[cH][cH][c]([OH])[cH][cH]1
8041,[CH2]=[CH][CH]([CH]=[CH][c]1[cH][cH][c]([OH])[cH][cH]1)[c]1[cH][cH][c]([OH])[cH][cH]1
8042,[CH2]=[CH][CH]([CH]=[CH][c]1[cH][cH][c]([OH])[cH][cH]1)[c]1[cH][cH][c]([OH])[cH][cH]1
8043,[CH3][O][c]1[cH][cH][c](-[c]2[cH][o][c]3[cH][c]([O][CH]4[O][CH]([CH2][OH])[CH]([OH])[CH]([OH])[CH]4[OH])[cH][cH][c]3[c]2=[O])[cH][c]1[OH]
8044,[O]=[C]([OH])[CH2][CH2][CH2][CH2][CH2][CH2][CH2][CH2][CH2][CH2][CH2][CH2][CH2][CH2][CH2][CH2][CH2][OH]
8045,[CH3][C]([CH3])([CH2][O][P](=[O])([OH])[O][P](=[O])([OH])[O][CH2][CH]1[O][CH]([n]2[cH][n][c]3[c]([NH2])[n][cH][n][c]32)[CH]([OH])[CH]1[O][P](=[O])([OH])[OH])[CH]([OH])[C]([OH])=[N][CH2][CH2][C]([OH])=[N][CH2][CH2][S][C](=[O])[CH2][CH2][CH2][CH2][CH2][CH2][CH2][CH2][CH2][CH2][CH2][CH2][CH2][CH2][CH2][CH2][CH2][OH]
8046,[OH][CH2][CH2][CH2][CH2][CH2][CH2][CH2][CH2][CH2][CH2][CH2][CH2][CH2][CH2][CH2][CH2][OH]
8047,[OH][CH2][CH2][CH2][CH2][CH2][CH2][CH2][CH2][CH]=[CH][CH2][CH2][CH2][CH2][CH2][CH2][CH2][CH2][OH]
8048,[CH3][CH2][CH2][CH2][CH2][CH]([OH])[CH2][CH2][CH2][CH2][CH2][CH]([OH])[CH2][c]1[cH][c]([OH])[cH][c](=[O])[o]1
8049,[CH3][CH2][CH2][CH2][CH2][CH]([OH])[CH2][CH2][CH2][CH2][CH2][C](=[O])[CH2][c]1[cH][c]([OH])[cH][c](=[O])[o]1
8050,[CH3][CH2][CH2][CH2][CH2][CH]([OH])[CH2][CH2][CH2][CH2][CH2][CH2][OH]
8051,[CH3][C]([CH]=[CH][CH]=[C]([CH3])[CH]=[CH][C]1=[C]([CH3])[CH]([OH])[CH2][CH2][C]1([CH3])[CH3])=[CH][CH]=[CH][CH]=[C]([CH3])[CH]=[CH][CH]=[C]([CH3])[CH]=[CH][C]1=[C]([CH3])[CH]([OH])[CH2][CH2][C]1([CH3])[CH3]
8052,[CH3][C]([CH]=[CH][CH]=[C]([CH3])[CH]=[CH][C]1=[C]([CH3])[C]([OH])=[CH][CH2][C]1([CH3])[CH3])=[CH][CH]=[CH][CH]=[C]([CH3])[CH]=[CH][CH]=[C]([CH3])[CH]=[CH][C]1=[C]([CH3])[CH]([OH])[CH2][CH2][C]1([CH3])[CH3]
8053,[CH3][C]([CH]=[CH][CH]=[C]([CH3])[CH]=[CH][C]1=[C]([CH3])[CH2][CH2][CH2][C]1([CH3])[CH3])=[CH][CH]=[CH][CH]=[C]([CH3])[CH]=[CH][CH]=[C]([CH3])[CH]=[CH][C]1=[C]([CH3])[CH]([OH])[CH2][CH2][C]1([CH3])[CH3]
8054,[O]=[C]([OH])[CH2][CH2][CH2][CH2][CH2][CH2][CH2][CH]=[CH][CH2][CH2][CH2][CH2][CH2][CH2][CH2][C](=[O])[OH]
8055,[CH3][C]([CH3])([CH2][O][P](=[O])([OH])[O][P](=[O])([OH])[O][CH2][CH]1[O][CH]([n]2[cH][n][c]3[c]([NH2])[n][cH][n][c]32)[CH]([OH])[CH]1[O][P](=[O])([OH])[OH])[CH]([OH])[C]([OH])=[N][CH2][CH2][C]([OH])=[N][CH2][CH2][S][C](=[O])[CH2][CH2][CH2][CH2][CH2][CH2][CH2][CH]=[CH][CH2][CH2][CH2][CH2][CH2][CH2][CH2][C](=[O])[OH]
8056,[CH3][c]1[cH][c]2[n][c]3[c]([OH])[n][c](=[O])[n][c]-3[n]([CH2][CH]([OH])[CH]([OH])[CH]([OH])[CH2][OH])[c]2[cH][c]1[CH2][n+]1[cH][nH][c]([CH2][CH]([NH2])[C](=[O])[OH])[cH]1
8057,[NH]=[c]1[n][c]([OH])[c]2[c]([nH]1)[NH][CH]1[O][CH]([CH2][O][P](=[O])([OH])[O][P](=[O])([OH])[O][CH2][CH]3[O][CH]([n]4[cH][n][c]5[c]([NH2])[n][cH][n][c]54)[CH]([OH])[CH]3[OH])[C]([SH])=[C]([SH])[CH]1[NH]2
8058,[CH3][C]([CH]=[CH][CH]=[C]([CH3])[CH]=[CH][C]1=[C]([CH3])[C](=[O])[CH]([OH])[CH2][C]1([CH3])[CH3])=[CH][CH]=[CH][CH]=[C]([CH3])[CH]=[CH][CH]=[C]([CH3])[CH]=[CH][C]1=[C]([CH3])[C](=[O])[CH]([OH])[CH]([OH])[C]1([CH3])[CH3]
8059,[CH3][C]([CH]=[CH][CH]=[C]([CH3])[CH]=[CH][C]1=[C]([CH3])[C](=[O])[CH]([OH])[CH]([OH])[C]1([CH3])[CH3])=[CH][CH]=[CH][CH]=[C]([CH3])[CH]=[CH][CH]=[C]([CH3])[CH]=[CH][C]1=[C]([CH3])[C](=[O])[CH]([OH])[CH]([OH])[C]1([CH3])[CH3]
8060,[CH3][C]([CH]=[CH][CH]=[C]([CH3])[CH]=[CH][C]1=[C]([CH3])[CH2][CH]([OH])[CH2][C]1([CH3])[CH3])=[CH][CH]=[CH][CH]=[C]([CH3])[CH]=[CH][CH]=[C]([CH3])[CH]=[CH][C]1=[C]([CH3])[C](=[O])[CH]([OH])[CH]([OH])[C]1([CH3])[CH3]
8061,[CH3][C]([CH]=[CH][CH]=[C]([CH3])[CH]=[CH][C]1=[C]([CH3])[CH2][CH]([OH])[CH]([OH])[C]1([CH3])[CH3])=[CH][CH]=[CH][CH]=[C]([CH3])[CH]=[CH][CH]=[C]([CH3])[CH]=[CH][C]1=[C]([CH3])[C](=[O])[CH]([OH])[CH]([OH])[C]1([CH3])[CH3]
8062,[CH3][C]([CH]=[CH][CH]=[C]([CH3])[CH]=[CH][C]1=[C]([CH3])[C](=[O])[CH2][CH2][C]1([CH3])[CH3])=[CH][CH]=[CH][CH]=[C]([CH3])[CH]=[CH][CH]=[C]([CH3])[CH]=[CH][C]1=[C]([CH3])[C](=[O])[CH2][CH]([OH])[C]1([CH3])[CH3]
8063,[CH3][C]([CH]=[CH][CH]=[C]([CH3])[CH]=[CH][C]1=[C]([CH3])[C](=[O])[CH2][CH]([OH])[C]1([CH3])[CH3])=[CH][CH]=[CH][CH]=[C]([CH3])[CH]=[CH][CH]=[C]([CH3])[CH]=[CH][C]1=[C]([CH3])[C](=[O])[CH2][CH]([OH])[C]1([CH3])[CH3]
8064,[CH3][C](=[N][NH][C](=[O])[c]1[cH][cH][c]([OH])[cH][cH]1)[c]1[cH][cH][cH][cH][cH]1
8065,[CH3][C](=[N][NH2])[c]1[cH][cH][cH][cH][cH]1
8066,[CH3][C]([CH]=[CH][C]1([OH])[C]([CH3])=[CH][C](=[O])[CH2][C]1([CH3])[CH2][OH])=[CH][C](=[O])[OH]
8067,[CH3][C]([CH]=[CH][C]1([OH])[C]2([CH3])[CH2][O][C]1([CH3])[CH2][C](=[O])[CH2]2)=[CH][C](=[O])[OH]
8068,[CH3][O][CH2][CH]=[CH][c]1[cH][cH][c]([OH])[c]([O][CH3])[cH]1
8069,[O]=[C]([OH])[C]1=[CH][CH]([OH])[CH]([O][S](=[O])(=[O])[OH])[CH]([O][CH]2[CH]([CH2][O][S](=[O])(=[O])[OH])[O][CH]([OH])[CH]([NH][S](=[O])(=[O])[OH])[CH]2[OH])[O]1
8070,[O]=[C]([OH])[C]1=[CH][CH]([OH])[CH]([OH])[CH]([O][CH]2[CH]([CH2][O][S](=[O])(=[O])[OH])[O][CH]([OH])[CH]([NH][S](=[O])(=[O])[OH])[CH]2[OH])[O]1
8071,[CH3][C]([OH])=[N][CH]1[CH]([OH])[O][CH]([CH2][OH])[CH]([OH])[CH]1[O][CH]1[O][C]([C](=[O])[OH])=[CH][CH]([OH])[CH]1[OH]
8072,[CH3][CH]1[O][CH]([OH])[CH]([OH])[CH]([O][S](=[O])(=[O])[OH])[CH]1[OH]
8073,[CH3][CH]1[O][CH]([OH])[CH]([OH])[CH]([O][S](=[O])(=[O])[OH])[CH]1[O][CH]1[O][C]([C](=[O])[OH])=[CH][CH]([OH])[CH]1[OH]
8074,[CH3][CH]([CH2][OH])[CH2][CH]([NH2])[C](=[O])[OH]
8075,[CH3][CH]([CH2][CH]([NH2])[C](=[O])[OH])[CH]([OH])[OH]
8076,[CH3][CH]1[CH]=[N][CH]([C](=[O])[OH])[CH2]1
8077,[CH3][CH]1[CH2][NH][CH]([C](=[O])[OH])[CH2]1
8078,[CH3][CH]1[CH2][NH][CH]([C](=[O])[OH])[CH]1[OH]
8079,[O]=[C]([OH])[CH2][C]([OH])([CH2][c]1[cH][cH][c]([OH])[cH][cH]1)[C](=[O])[OH]
8080,[O]=[C]([OH])[CH]([OH])[CH]([CH2][c]1[cH][cH][c]([OH])[cH][cH]1)[C](=[O])[OH]
8081,[O]=[C]([OH])[C](=[O])[CH2][CH2][c]1[cH][cH][c]([OH])[cH][cH]1
8082,[NH2][CH]([C](=[O])[OH])[CH]([OH])[CH2][c]1[cH][cH][c]([OH])[cH][cH]1
8083,[NH2][CH]([CH2][CH2][c]1[cH][cH][c]([OH])[cH][cH]1)[C](=[O])[OH]
8084,[CH3][CH2][CH2][CH2][CH2][CH]=[CH][CH2][CH]=[CH][CH2][CH2][CH2][CH2][CH2][CH2][CH2][C](=[O])[O][P](=[O])([OH])[O][CH2][CH]1[O][CH]([n]2[cH][n][c]3[c]([NH2])[n][cH][n][c]32)[CH]([OH])[CH]1[OH]
8085,[CH3][CH2][CH2][CH2][CH2][CH]=[CH][CH2][CH]=[CH][CH2][CH2][CH2][CH2][CH2][CH2][CH2][C]([OH])=[N][CH]1[CH2][CH]([OH])[CH]([OH])[N]=[C]([OH])[CH]2[CH]([OH])[CH]([CH3])[CH2][N]2[C](=[O])[CH]([CH]([CH3])[OH])[N]=[C]([OH])[CH]([CH]([OH])[CH2][c]2[cH][cH][c]([OH])[cH][cH]2)[N]=[C]([OH])[CH]2[CH2][CH]([OH])[CH2][N]2[C](=[O])[CH]([CH]([CH3])[OH])[N]=[C]1[OH]
8086,[CH3][CH2][CH2][CH2][CH2][CH]=[CH][CH2][CH]=[CH][CH2][CH2][CH2][CH2][CH2][CH2][CH2][C]([OH])=[N][CH]1[CH2][CH2][CH2][N]=[C]([OH])[CH]2[CH]([OH])[CH]([CH3])[CH2][N]2[C](=[O])[CH]([CH]([CH3])[OH])[N]=[C]([OH])[CH]([CH]([OH])[CH2][c]2[cH][cH][c]([OH])[cH][cH]2)[N]=[C]([OH])[CH]2[CH2][CH]([OH])[CH2][N]2[C](=[O])[CH]([CH]([CH3])[OH])[N]=[C]1[OH]
8087,[CH3][CH2][CH2][CH2][CH2][CH]=[CH][CH2][CH]=[CH][CH2][CH2][CH2][CH2][CH2][CH2][CH2][C]([OH])=[N][CH]1[CH2][CH]([OH])[CH]([OH])[N]=[C]([OH])[CH]2[CH]([OH])[CH]([CH3])[CH2][N]2[C](=[O])[CH]([CH]([CH3])[OH])[N]=[C]([OH])[CH]([CH]([OH])[CH]([OH])[c]2[cH][cH][c]([OH])[cH][cH]2)[N]=[C]([OH])[CH]2[CH2][CH]([OH])[CH2][N]2[C](=[O])[CH]([CH]([CH3])[OH])[N]=[C]1[OH]
8088,[O]=[C]([OH])[C]1=[CH][CH]([OH])[CH]([OH])[CH]([O][CH]2[CH]([CH2][OH])[O][CH]([OH])[CH]([NH][S](=[O])(=[O])[OH])[CH]2[OH])[O]1
8089,[CH3][C]([OH])=[N][CH]1[CH]([OH])[O][CH]([CH2][OH])[CH]([O][CH]2[O][C]([C](=[O])[OH])=[CH][CH]([OH])[CH]2[OH])[CH]1[OH]
8090,[CH3][C]([OH])=[N][CH]1[CH]([OH])[O][CH]([CH2][O][S](=[O])(=[O])[OH])[CH]([O][CH]2[O][C]([C](=[O])[OH])=[CH][CH]([OH])[CH]2[OH])[CH]1[OH]
8091,[CH3][C]([OH])=[N][CH]1[CH]([OH])[O][CH]([CH2][O][S](=[O])(=[O])[OH])[CH]([OH])[CH]1[OH]
8092,[CH3][C]([OH])=[N][CH]1[CH]([OH])[O][CH]([CH2][O][S](=[O])(=[O])[OH])[CH]([OH])[CH]1[O][CH]1[O][C]([C](=[O])[OH])=[CH][CH]([OH])[CH]1[OH]
8093,[O]=[C]([OH])[CH]1[O][CH]([OH])[CH]([OH])[CH]([OH])[CH]1[OH]
8094,[CH3][C]([CH3])=[CH][CH2][CH2][C]([CH3])=[CH][CH2][CH2][C]([CH3])=[CH][CH2][CH2][C]([CH3])=[CH][CH2][O][CH2][CH]([CH2][O][P](=[O])([OH])[O][CH2][CH]([OH])[CH2][O][P](=[O])([OH])[OH])[O][CH2][CH]=[C]([CH3])[CH2][CH2][CH]=[C]([CH3])[CH2][CH2][CH]=[C]([CH3])[CH2][CH2][CH]=[C]([CH3])[CH3]
8095,[CH3][C]([CH3])=[CH][CH2][CH2][C]([CH3])=[CH][CH2][CH2][C]([CH3])=[CH][CH2][CH2][C]([CH3])=[CH][CH2][O][CH2][CH]([CH2][O][P](=[O])([OH])[O][CH2][CH]([OH])[CH2][OH])[O][CH2][CH]=[C]([CH3])[CH2][CH2][CH]=[C]([CH3])[CH2][CH2][CH]=[C]([CH3])[CH2][CH2][CH]=[C]([CH3])[CH3]
8096,[O]=[c]1[o][c]2[c]([OH])[c]([OH])[cH][c]3[c](=[O])[o][c]4[c]([OH])[c]([OH])[cH][c]1[c]4[c]23
8097,[O]=[C]([OH])[c]1[cH][c]([OH])[c]([OH])[c]([OH])[c]1-[c]1[c]([C](=[O])[OH])[cH][c]([OH])[c]([OH])[c]1[OH]
8098,[CH3][CH]([OH])[CH]1[N]=[C]([OH])[CH]([NH2])[CH2][CH]([OH])[CH]([OH])[N]=[C]([OH])[CH]2[CH]([OH])[CH]([CH3])[CH2][N]2[C](=[O])[CH]([CH]([CH3])[OH])[N]=[C]([OH])[CH]([CH]([OH])[CH]([OH])[c]2[cH][cH][c]([OH])[cH][cH]2)[N]=[C]([OH])[CH]2[CH2][CH]([OH])[CH2][N]2[C]1=[O]
8099,[O]=[CH][CH2][CH2][C](=[O])[c]1[cH][cH][c]([OH])[n][cH]1
8100,[CH3][c]1[cH][c]([OH])[cH][c]([OH])[c]1[C](=[O])[c]1[c]([OH])[cH][c]([OH])[cH][c]1[OH]
8101,[CH3][c]1[cH][c]([OH])[cH][c]2[o][c]3[cH][c]([OH])[cH][c]([OH])[c]3[c](=[O])[c]12
8102,[CH3][O][c]1[cH][c]([OH])[c]([C](=[O])[c]2[c]([CH3])[cH][c]([OH])[cH][c]2[OH])[c]([OH])[cH]1
8103,[CH3][O][c]1[cH][c]([OH])[c]([C](=[O])[c]2[c]([CH3])[cH][c]([OH])[cH][c]2[O][CH3])[c]([OH])[cH]1
8104,[CH3][O][C]1=[CH][C](=[O])[CH]=[C]([CH3])[C]12[O][c]1[c]([Cl])[c]([O][CH3])[cH][c]([OH])[c]1[C]2=[O]
8105,[CH3][O][c]1[cH][c]([OH])[c]([C](=[O])[c]2[c]([CH3])[cH][c]([OH])[cH][c]2[O][CH3])[c]([OH])[c]1[Cl]
8106,[CH3][O][C]1=[CH][C](=[O])[CH]=[C]([CH3])[C]12[O][c]1[c]([Cl])[c]([O][CH3])[cH][c]([O][CH3])[c]1[C]2=[O]
8107,[CH3][O][C]1=[CH][C](=[O])[CH2][CH]([CH3])[C]12[O][c]1[c]([Cl])[c]([O][CH3])[cH][c]([O][CH3])[c]1[C]2=[O]
8108,[CH3][CH2][CH]=[CH][CH2][CH2][CH2][CH2][CH2][CH2][CH2][C](=[O])[S][CH2][CH2][N]=[C]([OH])[CH2][CH2][N]=[C]([OH])[CH]([OH])[C]([CH3])([CH3])[CH2][O][P](=[O])([OH])[O][P](=[O])([OH])[O][CH2][CH]1[O][CH]([n]2[cH][n][c]3[c]([NH2])[n][cH][n][c]32)[CH]([OH])[CH]1[O][P](=[O])([OH])[OH]
8109,[CH3][CH]=[CH][CH]=[CH][CH2][CH2][CH2][CH2][CH2][CH2][C](=[O])[S][CH2][CH2][N]=[C]([OH])[CH2][CH2][N]=[C]([OH])[CH]([OH])[C]([CH3])([CH3])[CH2][O][P](=[O])([OH])[O][P](=[O])([OH])[O][CH2][CH]1[O][CH]([n]2[cH][n][c]3[c]([NH2])[n][cH][n][c]32)[CH]([OH])[CH]1[O][P](=[O])([OH])[OH]
8110,[CH3][CH]=[CH][CH]=[CH][CH2][CH2][CH2][CH2][CH2][CH2][C](=[O])[OH]
8111,[CH3][CH]=[CH][CH]=[CH][CH2][CH2][CH2][CH2][CH2][CH2][CH2][OH]
8112,[CH3][O][C]1=[CH][C](=[O])[CH]=[C]([CH3])[C]12[O][c]1[cH][c]([O][CH3])[cH][c]([OH])[c]1[C]2=[O]
8113,[CH3][O][C]1=[CH][C](=[O])[CH]=[C]([CH3])[C]12[O][c]1[cH][c]([O][CH3])[cH][c]([O][CH3])[c]1[C]2=[O]
8114,[CH3][O][C]1=[CH][C](=[O])[CH2][CH]([CH3])[C]12[O][c]1[cH][c]([O][CH3])[cH][c]([O][CH3])[c]1[C]2=[O]
8115,[CH3][CH2][CH]=[CH][CH]=[CH][CH2][CH2][CH2][CH2][CH2][CH2][CH2][C](=[O])[S][CH2][CH2][N]=[C]([OH])[CH2][CH2][N]=[C]([OH])[CH]([OH])[C]([CH3])([CH3])[CH2][O][P](=[O])([OH])[O][P](=[O])([OH])[O][CH2][CH]1[O][CH]([n]2[cH][n][c]3[c]([NH2])[n][cH][n][c]32)[CH]([OH])[CH]1[O][P](=[O])([OH])[OH]
8116,[CH3][CH]=[CH][CH]=[CH][CH2][CH2][CH2][CH2][CH2][CH2][CH2][CH2][C](=[O])[S][CH2][CH2][N]=[C]([OH])[CH2][CH2][N]=[C]([OH])[CH]([OH])[C]([CH3])([CH3])[CH2][O][P](=[O])([OH])[O][P](=[O])([OH])[O][CH2][CH]1[O][CH]([n]2[cH][n][c]3[c]([NH2])[n][cH][n][c]32)[CH]([OH])[CH]1[O][P](=[O])([OH])[OH]
8117,[CH3][CH2][CH]=[CH][CH]=[CH][CH2][CH2][CH2][CH2][CH2][CH2][CH2][CH2][O][C]([CH3])=[O]
8118,[CH3][CH2][CH]=[CH][CH]=[CH][CH2][CH2][CH2][CH2][CH2][CH2][CH2][CH2][OH]
8119,[CH3][CH2][CH]=[CH][CH2][CH2][CH2][CH2][CH2][CH2][CH2][CH2][CH2][CH2][OH]
8120,[CH3][CH2][CH]=[CH][CH2][CH2][CH2][CH2][CH2][CH2][CH2][CH2][CH2][CH2][O][C]([CH3])=[O]
8121,[CH3][CH2][CH2][CH2][CH]=[CH][CH2][CH2][CH2][CH2][CH2][CH2][CH2][CH2][OH]
8122,[CH3][CH2][CH2][CH2][CH]=[CH][CH2][CH2][CH2][CH2][CH2][CH2][CH2][C](=[O])[S][CH2][CH2][N]=[C]([OH])[CH2][CH2][N]=[C]([OH])[CH]([OH])[C]([CH3])([CH3])[CH2][O][P](=[O])([OH])[O][P](=[O])([OH])[O][CH2][CH]1[O][CH]([n]2[cH][n][c]3[c]([NH2])[n][cH][n][c]32)[CH]([OH])[CH]1[O][P](=[O])([OH])[OH]
8123,[CH3][CH2][CH2][CH2][CH]=[CH][CH2][CH2][CH2][CH2][CH2][CH2][CH2][CH2][O][C]([CH3])=[O]
8124,[CH3][CH2][CH]=[CH][CH2][CH2][CH2][CH2][CH2][CH2][CH2][CH2][CH2][CH2][OH]
8125,[CH3][CH2][CH]=[CH][CH2][CH2][CH2][CH2][CH2][CH2][CH2][CH2][CH2][CH2][O][C]([CH3])=[O]
8126,[CH3][CH2][CH2][CH2][CH]=[CH][CH2][CH2][CH2][CH2][CH2][CH2][CH2][CH]([OH])[CH2][C](=[O])[S][CH2][CH2][N]=[C]([OH])[CH2][CH2][N]=[C]([OH])[CH]([OH])[C]([CH3])([CH3])[CH2][O][P](=[O])([OH])[O][P](=[O])([OH])[O][CH2][CH]1[O][CH]([n]2[cH][n][c]3[c]([NH2])[n][cH][n][c]32)[CH]([OH])[CH]1[O][P](=[O])([OH])[OH]
8127,[CH3][CH2][CH2][CH2][CH]=[CH][CH2][CH2][CH2][CH2][CH2][CH2][CH2][CH]=[CH][C](=[O])[S][CH2][CH2][N]=[C]([OH])[CH2][CH2][N]=[C]([OH])[CH]([OH])[C]([CH3])([CH3])[CH2][O][P](=[O])([OH])[O][P](=[O])([OH])[O][CH2][CH]1[O][CH]([n]2[cH][n][c]3[c]([NH2])[n][cH][n][c]32)[CH]([OH])[CH]1[O][P](=[O])([OH])[OH]
8128,[CH3][CH2][CH2][CH2][CH]=[CH][CH2][CH2][CH2][CH2][CH2][CH2][CH2][C](=[O])[CH2][C](=[O])[S][CH2][CH2][N]=[C]([OH])[CH2][CH2][N]=[C]([OH])[CH]([OH])[C]([CH3])([CH3])[CH2][O][P](=[O])([OH])[O][P](=[O])([OH])[O][CH2][CH]1[O][CH]([n]2[cH][n][c]3[c]([NH2])[n][cH][n][c]32)[CH]([OH])[CH]1[O][P](=[O])([OH])[OH]
8129,[CH3][CH2][CH2][CH2][CH2][CH2][CH2][CH2][CH2][CH2][CH2][CH2][CH2][CH2][OH]
8130,[CH3][CH2][CH2][CH2][CH2][CH2][CH2][CH2][CH2][CH2][CH2][CH2][CH2][CH2][O][C]([CH3])=[O]
8131,[CH3][c]1[cH][n]([CH]2[CH2][CH]([OH])[CH]([CH2][O][P](=[O])([OH])[O][P](=[O])([OH])[O][CH]3[CH2][CH]([OH])[CH]([OH])[CH]([CH3])[O]3)[O]2)[c](=[O])[n][c]1[OH]
8132,[CH3][c]1[cH][n]([CH]2[CH2][CH]([OH])[CH]([CH2][O][P](=[O])([OH])[O][P](=[O])([OH])[O][CH]3[CH2][CH]([OH])[C](=[O])[CH]([CH3])[O]3)[O]2)[c](=[O])[n][c]1[OH]
8133,[CH3][C](=[CH][CH2][CH2][C]([CH3])=[CH][CH2][CH2][C]([CH3])=[CH][CH2][CH2][C]([CH3])=[CH][CH2][CH2][C]([CH3])=[CH][CH2][CH2][CH]([CH3])[CH2][CH2][O][P](=[O])([OH])[O][CH]1[O][CH]([CH2][OH])[CH]([OH])[CH]([O][CH]2[O][CH]([C](=[O])[OH])[CH]([O][CH]3[O][CH]([C](=[O])[OH])[CH]([OH])[CH]([OH])[CH]3[N]=[C]([CH3])[OH])[CH]([N]=[C]([CH3])[OH])[CH]2[N]=[C]([CH3])[OH])[CH]1[N]=[C]([CH3])[OH])[CH2][CH2][CH]=[C]([CH3])[CH2][CH2][CH]=[C]([CH3])[CH2][CH2][CH]=[C]([CH3])[CH2][CH2][CH]=[C]([CH3])[CH2][CH2][CH2][CH]([CH3])[CH3]
8134,[CH3][C](=[CH][CH2][CH2][C]([CH3])=[CH][CH2][CH2][C]([CH3])=[CH][CH2][CH2][C]([CH3])=[CH][CH2][CH2][C]([CH3])=[CH][CH2][CH2][CH]([CH3])[CH2][CH2][O][P](=[O])([OH])[O][CH]1[O][CH]([CH2][OH])[CH]([OH])[CH]([O][CH]2[O][CH]([C](=[O])[OH])[CH]([O][CH]3[O][CH]([C]([OH])=[N][CH]([C](=[O])[OH])[CH]([CH3])[OH])[CH]([OH])[CH]([OH])[CH]3[N]=[C]([CH3])[OH])[CH]([N]=[C]([CH3])[OH])[CH]2[N]=[C]([CH3])[OH])[CH]1[N]=[C]([CH3])[OH])[CH2][CH2][CH]=[C]([CH3])[CH2][CH2][CH]=[C]([CH3])[CH2][CH2][CH]=[C]([CH3])[CH2][CH2][CH]=[C]([CH3])[CH2][CH2][CH2][CH]([CH3])[CH3]
8135,[CH3][O][c]1[cH][c]([OH])[c]2[c]([OH])[c]3[c]([c]4[c]2[c]1[C]1([CH2]4)[C]([CH3])=[CH][CH2][CH2][C]1([CH3])[CH3])[CH]([OH])[C]1([OH])[CH2][C]([OH])=[C]([C](=[NH])[OH])[C](=[O])[C]1([OH])[C]3=[O]
8136,[CH3][O][c]1[cH][c]([OH])[c]2[c]([OH])[c]3[c]([c]([CH2][CH]=[C]([CH3])[CH2][CH2][CH]=[C]([CH3])[CH3])[c]2[cH]1)[CH]([OH])[C]1([OH])[CH2][C]([OH])=[C]([C](=[NH])[OH])[C](=[O])[C]1([OH])[C]3=[O]
8137,[NH]=[C]([OH])[CH2][C](=[O])[OH]
8138,[NH]=[C]([OH])[C]1=[C]([OH])[CH2][C]2([OH])[CH2][c]3[cH][c]4[cH][c]([OH])[cH][c]([OH])[c]4[c]([OH])[c]3[C](=[O])[C]2([OH])[C]1=[O]
8139,[NH]=[C]([OH])[C]1=[C]([OH])[CH2][C]2([OH])[CH2][c]3[cH][c]4[cH][c]([OH])[cH][c]([OH])[c]4[c]([OH])[c]3[C](=[O])[CH]2[C]1=[O]
8140,[NH]=[C]([OH])[C]1=[C]([OH])[CH2][C]2([OH])[CH]([OH])[c]3[cH][c]4[cH][c]([OH])[cH][c]([OH])[c]4[c]([OH])[c]3[C](=[O])[C]2([OH])[C]1=[O]
8141,[CH3][O][c]1[cH][c]([OH])[c]2[c]([OH])[c]3[c]([cH][c]2[cH]1)[CH]([OH])[C]1([OH])[CH2][C]([OH])=[C]([C](=[NH])[OH])[C](=[O])[C]1([OH])[C]3=[O]
8142,[CH3][CH]1[N]=[C]([OH])[CH]([CH2][C]2([OH])[CH]=[N][c]3[cH][cH][cH][cH][c]32)[n]2[c]1[n][c]1[cH][cH][cH][cH][c]1[c]2=[O]
8143,[CH3][C](=[O])[c]1[n][c]2[cH][cH][cH][cH][c]2[c](=[O])[n]1[CH]([CH2][C]1([OH])[c]2[cH][cH][cH][cH][c]2[N]2[C](=[O])[C]([CH3])([CH3])[NH][CH]21)[C](=[O])[OH]
8144,[CH3][CH]1[N]=[C]([OH])[CH]([CH2][C]2([OH])[c]3[cH][cH][cH][cH][c]3[N]3[C](=[O])[C]([CH3])([CH3])[NH][CH]32)[n]2[c]1[n][c]1[cH][cH][cH][cH][c]1[c]2=[O]
8145,[CH3][C](=[O])[c]1[n][c]2[cH][cH][cH][cH][c]2[c](=[O])[n]1[CH]1[CH2][C]2([O][C]1=[O])[c]1[cH][cH][cH][cH][c]1[N]1[C](=[O])[C]([CH3])([CH3])[NH][CH]12
8146,[CH3][C](=[O])[c]1[n][c]2[cH][cH][cH][cH][c]2[c](=[O])[n]1[CH]1[CH2][C]2([O][C]1=[O])[c]1[cH][cH][cH][cH][c]1[N]1[C](=[O])[C]([CH3])([CH3])[N]([OH])[CH]12
8147,[CH3][CH]([OH])[c]1[n][c]2[cH][cH][cH][cH][c]2[c](=[O])[n]1[CH]1[CH2][C]2([O][C]1=[O])[c]1[cH][cH][cH][cH][c]1[N]1[C](=[O])[C]([CH3])([CH3])[N]([OH])[CH]12
8148,[CH3][C](=[O])[O][CH]([CH3])[c]1[n][c]2[cH][cH][cH][cH][c]2[c](=[O])[n]1[CH]1[CH2][C]2([O][C]1=[O])[c]1[cH][cH][cH][cH][c]1[N]1[C](=[O])[C]([CH3])([CH3])[N]([OH])[CH]12
8149,[CH3][O][C](=[O])[CH]1[O][CH]([O][CH]2[CH]([OH])[CH]([O][CH]3[CH]([OH])[CH]([O][CH]4[CH]([OH])[CH]([CH2][OH])[O][CH]([O][P](=[O])([OH])[O][CH2][CH2][CH]([CH3])[CH2][CH2][CH]=[C]([CH3])[CH2][CH2][CH]=[C]([CH3])[CH2][CH2][CH]=[C]([CH3])[CH2][CH2][CH]=[C]([CH3])[CH2][CH2][CH]=[C]([CH3])[CH2][CH2][CH]=[C]([CH3])[CH2][CH2][CH]=[C]([CH3])[CH2][CH2][CH]=[C]([CH3])[CH2][CH2][CH]=[C]([CH3])[CH2][CH2][CH2][CH]([CH3])[CH3])[CH]4[OH])[O][CH]([C](=[O])[OH])[CH]3[OH])[O][CH]([C](=[O])[OH])[CH]2[OH])[CH]([OH])[CH]([OH])[CH]1[OH]
8150,[CH3][C](=[CH][CH2][CH2][C]([CH3])=[CH][CH2][CH2][C]([CH3])=[CH][CH2][CH2][C]([CH3])=[CH][CH2][CH2][C]([CH3])=[CH][CH2][CH2][CH]([CH3])[CH2][CH2][O][P](=[O])([OH])[O][CH]1[O][CH]([CH2][OH])[CH]([OH])[CH]([O][CH]2[O][CH]([C](=[O])[OH])[CH]([OH])[CH]([O][CH]3[O][CH]([C](=[O])[OH])[CH]([OH])[CH]([O][CH]4[O][CH]([C](=[O])[OH])[CH]([OH])[CH]([OH])[CH]4[OH])[CH]3[OH])[CH]2[OH])[CH]1[OH])[CH2][CH2][CH]=[C]([CH3])[CH2][CH2][CH]=[C]([CH3])[CH2][CH2][CH]=[C]([CH3])[CH2][CH2][CH]=[C]([CH3])[CH2][CH2][CH2][CH]([CH3])[CH3]
8151,[CH3][C](=[CH][CH2][CH2][C]([CH3])=[CH][CH2][CH2][C]([CH3])=[CH][CH2][CH2][C]([CH3])=[CH][CH2][CH2][C]([CH3])=[CH][CH2][CH2][CH]([CH3])[CH2][CH2][O][P](=[O])([OH])[O][CH]1[O][CH]([CH2][OH])[CH]([OH])[CH]([O][CH]2[O][CH]([C](=[O])[OH])[CH]([OH])[CH]([O][CH]3[O][CH]([C](=[O])[OH])[CH]([OH])[CH]([OH])[CH]3[OH])[CH]2[OH])[CH]1[OH])[CH2][CH2][CH]=[C]([CH3])[CH2][CH2][CH]=[C]([CH3])[CH2][CH2][CH]=[C]([CH3])[CH2][CH2][CH]=[C]([CH3])[CH2][CH2][CH2][CH]([CH3])[CH3]
8152,[CH3][C](=[CH][CH2][CH2][C]([CH3])=[CH][CH2][CH2][C]([CH3])=[CH][CH2][CH2][C]([CH3])=[CH][CH2][CH2][C]([CH3])=[CH][CH2][CH2][CH]([CH3])[CH2][CH2][O][P](=[O])([OH])[O][CH]1[O][CH]([CH2][OH])[CH]([OH])[CH]([O][CH]2[O][CH]([C](=[O])[OH])[CH]([OH])[CH]([OH])[CH]2[OH])[CH]1[OH])[CH2][CH2][CH]=[C]([CH3])[CH2][CH2][CH]=[C]([CH3])[CH2][CH2][CH]=[C]([CH3])[CH2][CH2][CH]=[C]([CH3])[CH2][CH2][CH2][CH]([CH3])[CH3]
8153,[CH3][C](=[CH][CH2][CH2][C]([CH3])=[CH][CH2][CH2][C]([CH3])=[CH][CH2][CH2][C]([CH3])=[CH][CH2][CH2][C]([CH3])=[CH][CH2][CH2][CH]([CH3])[CH2][CH2][O][P](=[O])([OH])[O][CH]1[O][CH]([CH2][OH])[CH]([OH])[CH]([OH])[CH]1[OH])[CH2][CH2][CH]=[C]([CH3])[CH2][CH2][CH]=[C]([CH3])[CH2][CH2][CH]=[C]([CH3])[CH2][CH2][CH]=[C]([CH3])[CH2][CH2][CH2][CH]([CH3])[CH3]
8154,[CH3][C](=[CH][CH2][CH2][C]([CH3])=[CH][CH2][CH2][C]([CH3])=[CH][CH2][CH2][C]([CH3])=[CH][CH2][CH2][C]([CH3])=[CH][CH2][CH2][CH]([CH3])[CH2][CH2][O][P](=[O])([OH])[OH])[CH2][CH2][CH]=[C]([CH3])[CH2][CH2][CH]=[C]([CH3])[CH2][CH2][CH]=[C]([CH3])[CH2][CH2][CH]=[C]([CH3])[CH2][CH2][CH2][CH]([CH3])[CH3]
8155,[CH3][C](=[CH][CH2][CH2][C]([CH3])=[CH][CH2][CH2][C]([CH3])=[CH][CH2][CH2][C]([CH3])=[CH][CH2][CH2][C]([CH3])=[CH][CH2][CH2][CH]([CH3])[CH2][CH2][O][P](=[O])([OH])[O][CH]1[O][CH]([CH2][OH])[CH]([OH])[CH]([OH])[CH]1[OH])[CH2][CH2][CH]=[C]([CH3])[CH2][CH2][CH]=[C]([CH3])[CH2][CH2][CH]=[C]([CH3])[CH2][CH2][CH]=[C]([CH3])[CH2][CH2][CH2][CH]([CH3])[CH3]
8156,[O]=[C]1[CH]=[CH][CH2][O][C]1([OH])[CH]([OH])[OH]
8157,[O]=[CH][C](=[O])[CH]([OH])[CH]([OH])[CH]([OH])[CH2][OH]
8158,[CH3][CH2][CH2][CH2][CH2][CH2][CH2][CH2][CH2][CH]=[O]
8159,[CH3][CH2][CH2][CH2][CH2][CH2][CH2][CH2][CH2][CH2][CH2][CH]=[O]
8160,[CH3][CH2][CH2][CH2][CH2][CH2][CH2][CH2][CH2][CH2][CH2][CH2][CH2][CH]=[CH][C](=[O])[OH]
8161,[CH3][n]1[c]2[cH][s][s][c]-2[c]([NH2])[c]1=[O]
8162,[CH3][n]1[c]2[cH][s][s][c]-2[c]([N]=[C]([OH])[c]2[cH][cH][cH][cH][cH]2)[c]1=[O]
8163,[OH][C](=[N][c]1[c]([OH])[n][c]2[cH][s][s][c]1-2)[c]1[cH][cH][cH][cH][cH]1
8164,[NH2][c]1[c]([OH])[n][c]2[cH][s][s][c]1-2
8165,[CH3][C]([OH])=[N][c]1[c]([OH])[n][c]2[cH][s][s][c]1-2
8166,[CH3][CH2][CH]([OH])[CH2][CH2][CH2][CH2][CH2][CH]([NH2])[C](=[O])[OH]
8167,[CH3][CH2][C](=[O])[CH2][CH2][CH2][CH2][CH2][CH]([NH2])[C](=[O])[OH]
8168,[NH2][CH]([CH2][c]1[cH][n]([OH])[c]2[cH][cH][cH][cH][c]12)[C](=[O])[OH]
8169,[CH3][O][n]1[cH][c]([CH2][CH]([NH2])[C](=[O])[OH])[c]2[cH][cH][cH][cH][c]21
8170,[CH3][CH2][CH2][CH2][CH2][CH2][CH2][CH2][CH]([NH2])[C](=[O])[OH]
8171,[CH3][CH]=[C]([CH3])[CH]=[C]([CH3])[CH]=[CH][CH]=[C]([CH3])[CH]=[CH][C](=[O])[C]1([CH3])[C](=[O])[CH]([CH2][c]2[cH][cH][c]([OH])[cH][cH]2)[N]=[C]1[OH]
8172,[CH3][CH]=[C]([CH3])[CH]=[C]([CH3])[CH]=[CH][CH]=[C]([CH3])[CH]=[CH][C](=[O])[CH]([CH3])[C]([OH])=[N][CH]([CH2][c]1[cH][cH][c]([OH])[cH][cH]1)[C](=[O])[OH]
8173,[CH3][C]([CH3])=[CH][CH]=[CH][C]([CH3])=[CH][CH]=[CH][C]([CH3])=[CH][CH]=[CH][C]([CH3])=[CH][CH]=[CH][CH]=[C]([CH3])[CH]=[CH][CH]=[C]([CH3])[CH]=[CH][CH]=[C]([CH3])[CH2][CH2][CH]([CH2][CH]=[C]([CH3])[CH3])[C]([CH3])([CH3])[OH]
8174,[CH3][C]([CH3])=[CH][CH]=[CH][C]([CH3])=[CH][CH]=[CH][C]([CH3])=[CH][CH]=[CH][C]([CH3])=[CH][CH]=[CH][CH]=[C]([CH3])[CH]=[CH][CH]=[C]([CH3])[CH]=[CH][CH]=[C]([CH3])[CH]=[CH][CH]([CH2][CH]=[C]([CH3])[CH3])[C]([CH3])([CH3])[OH]
8175,[CH3][C]([CH3])=[CH][CH2][CH]([CH]=[CH][C]([CH3])=[CH][CH]=[CH][C]([CH3])=[CH][CH]=[CH][C]([CH3])=[CH][CH]=[CH][CH]=[C]([CH3])[CH]=[CH][CH]=[C]([CH3])[CH]=[CH][CH]=[C]([CH3])[CH]=[CH][CH]([CH2][CH]=[C]([CH3])[CH3])[C]([CH3])([CH3])[OH])[C]([CH3])([CH3])[OH]
8176,[CH3][C]([CH3])=[CH][CH2][CH]([CH]=[CH][C]([CH3])=[CH][CH]=[CH][C]([CH3])=[CH][CH]=[CH][C]([CH3])=[CH][CH]=[CH][CH]=[C]([CH3])[CH]=[CH][CH]=[C]([CH3])[CH]=[CH][CH]=[C]([CH3])[CH2][CH2][CH]([CH2][CH]=[C]([CH3])[CH3])[C]([CH3])([CH3])[OH])[C]([CH3])([CH3])[OH]
8177,[CH3][C]([CH]=[CH][CH]=[C]([CH3])[CH]=[CH][CH]=[C]([CH3])[CH]=[CH][CH]([CH2][CH2][C]([CH3])([CH3])[OH])[C]([CH3])([CH3])[OH])=[CH][CH]=[CH][CH]=[C]([CH3])[CH]=[CH][CH]=[C]([CH3])[CH]=[CH][CH]=[C]([CH3])[CH]=[CH][CH]([CH2][CH2][C]([CH3])([CH3])[OH])[C]([CH3])([CH3])[OH]
8178,[CH3][C]([CH3])=[CH][CH2][CH]([CH]=[CH][C]([CH3])=[CH][CH]=[CH][C]([CH3])=[CH][CH]=[CH][C]([CH3])=[CH][CH]=[CH][CH]=[C]([CH3])[CH]=[CH][CH]=[C]([CH3])[CH]=[CH][CH]=[C]([CH3])[CH]=[CH][CH]([CH2][CH2][C]([CH3])([CH3])[OH])[C]([CH3])([CH3])[OH])[C]([CH3])([CH3])[OH]
8179,[CH2]=[CH][CH2][CH2][c]1[cH][cH][c]([C](=[O])[OH])[n][cH]1
8180,[CH3][CH2][CH2][CH2][c]1[cH][cH][c]([C](=[O])[OH])[n][cH]1
8181,[CH3][O][c]1[c]([CH3])[cH][c]([CH2][CH]([NH2])[C](=[O])[OH])[cH][c]1[OH]
8182,[CH3][NH][CH]1[CH]([OH])[CH2][O][CH]([O][CH]2[CH]([NH2])[CH2][CH]([NH2])[CH]([O][CH]3[O][CH]([CH2][OH])[CH]([OH])[CH]([OH])[CH]3[NH2])[CH]2[OH])[CH]1[O][P](=[O])([OH])[OH]
8183,[NH2][CH2][CH]1[O][CH]([O][CH]2[CH]([NH2])[CH2][CH]([NH2])[CH]([O][CH]3[O][CH]([CH2][OH])[CH]([OH])[CH]([NH2])[CH]3[O][P](=[O])([OH])[OH])[CH]2[OH])[CH]([OH])[CH]([OH])[CH]1[OH]
8184,[NH2][CH2][CH]1[O][CH]([O][CH]2[CH]([NH2])[CH2][CH]([NH2])[CH]([O][CH]3[O][CH]([CH2][OH])[CH]([OH])[CH]([NH2])[CH]3[O][P](=[O])([OH])[OH])[CH]2[OH])[CH]([NH2])[CH]([OH])[CH]1[OH]
8185,[NH2][CH2][CH]1[O][CH]([O][CH]2[CH]([NH2])[CH2][CH]([NH2])[CH]([O][CH]3[O][CH]([CH2][OH])[CH]([OH])[CH]([NH2])[CH]3[O][P](=[O])([OH])[OH])[CH]2[OH])[CH]([NH2])[CH2][CH]1[OH]
8186,[NH2][CH2][CH]1[CH2][CH2][CH]([NH2])[CH]([O][CH]2[CH]([NH2])[CH2][CH]([NH2])[CH]([O][CH]3[O][CH]([CH2][OH])[CH]([OH])[CH]([NH2])[CH]3[OH])[CH]2[OH])[O]1
8187,[NH2][CH2][CH]1[CH2][CH2][CH]([NH2])[CH]([O][CH]2[CH]([NH2])[CH2][CH]([NH2])[CH]([O][CH]3[O][CH]([CH2][OH])[CH]([OH])[CH]([NH2])[CH]3[O][P](=[O])([OH])[OH])[CH]2[OH])[O]1
8188,[NH2][CH2][CH2][CH]([OH])[C]([OH])=[N][CH]1[CH2][CH]([NH2])[CH]([O][CH]2[O][CH]([CH2][NH2])[CH2][CH2][CH]2[NH2])[CH]([OH])[CH]1[O][CH]1[O][CH]([CH2][OH])[CH]([OH])[CH]([NH2])[CH]1[OH]
8189,[NH2][CH2][CH2][CH]([OH])[C]([OH])=[N][CH]1[CH2][CH]([NH2])[CH]([O][CH]2[O][CH]([CH2][NH2])[CH2][CH2][CH]2[NH2])[CH]([OH])[CH]1[O][CH]1[O][CH]([CH2][OH])[CH]([OH])[CH]([NH2])[CH]1[O][P](=[O])([OH])[OH]
8190,[NH2][CH2][CH2][CH]([OH])[C]([OH])=[N][CH]1[CH2][CH]([NH2])[CH]([O][CH]2[O][CH]([CH2][NH2])[CH]([OH])[CH]([OH])[CH]2[OH])[CH]([OH])[CH]1[O][CH]1[O][CH]([CH2][OH])[CH]([OH])[CH]([NH2])[CH]1[O][P](=[O])([OH])[OH]
8191,[NH2][CH2][CH2][CH]([OH])[C]([OH])=[N][CH]1[CH2][CH]([NH2])[CH]([O][CH]2[O][CH]([CH2][NH2])[CH]([OH])[CH]([OH])[CH]2[OH])[CH]([OH])[CH]1[O][CH]1[O][CH]([CH2][OH])[CH]([OH])[CH]([NH2])[CH]1[OH]
8192,[CH3][NH][CH]1[CH]([OH])[CH]([O][CH]2[CH]([NH2])[CH2][CH]([NH2])[CH]([O][CH]3[O][C]([CH2][NH2])=[CH][CH2][CH]3[NH2])[CH]2[OH])[O][CH2][C]1([CH3])[OH]
8193,[CH3][NH][CH]1[CH]([O][P](=[O])([OH])[OH])[CH]([O][CH]2[CH]([NH2])[CH2][CH]([NH2])[CH]([O][CH]3[O][C]([CH2][NH2])=[CH][CH2][CH]3[NH2])[CH]2[OH])[O][CH2][C]1([CH3])[OH]
8194,[CH3][CH2][NH][CH]1[CH2][CH]([NH2])[CH]([O][CH]2[O][C]([CH2][NH2])=[CH][CH2][CH]2[NH2])[CH]([OH])[CH]1[O][CH]1[O][CH2][C]([CH3])([OH])[CH]([NH][CH3])[CH]1[O][P](=[O])([OH])[OH]
8195,[CH3][CH2][NH][CH]1[CH2][CH]([NH2])[CH]([O][CH]2[O][C]([CH2][NH2])=[CH][CH2][CH]2[NH2])[CH]([OH])[CH]1[O][CH]1[O][CH2][CH]([OH])[CH]([NH][CH3])[C]1([CH3])[OH]
8196,[CH3][CH]=[C]([CH]=[C]([CH3])[CH]=[C]([CH3])[CH]=[CH][CH]=[C]([CH3])[C](=[O])[C]1=[CH][CH]([CH2][CH2][OH])[N]=[C]1[OH])[CH2][OH]
8197,[CH3][CH]=[C]([CH3])[CH]=[C]([CH3])[CH]=[C]([CH3])[CH]=[CH][CH]=[C]([CH3])[C](=[O])[C]1=[CH][CH]([CH2][CH2][OH])[N]=[C]1[OH]
8198,[CH3][CH]=[C]([CH]=[C]([CH3])[CH]=[C]([CH3])[CH]=[CH][CH]=[C]([CH3])[C](=[O])[C]12[O][CH]1[CH]([CH2][CH2][OH])[N]=[C]2[OH])[CH2][OH]
8199,[CH3][CH]=[C]([CH]=[C]([CH3])[CH]=[C]([CH3])[CH]=[CH][CH]=[C]([CH3])[C](=[O])[C]12[O][CH]1[C]([OH])([CH2][CH2][OH])[N]=[C]2[OH])[CH2][OH]
8200,[CH3][CH]=[C]([CH]=[C]([CH3])[CH]=[C]([CH3])[CH]=[CH][CH]=[C]([CH3])[C](=[O])[C]12[O][CH]1[C]([OH])([CH2][CH2][OH])[N]=[C]2[OH])[C](=[O])[OH]
8201,[CH3][CH]=[C]([CH]=[C]([CH3])[CH]=[C]([CH3])[CH]=[CH][CH]=[C]([CH3])[C](=[O])[C]12[O][CH]1[C]([OH])([CH2][CH2][OH])[N]=[C]2[OH])[C](=[O])[O][CH3]
8202,[O]=[CH][CH]([OH])[CH]1[O][C]([OH])([C](=[O])[OH])[CH2][CH]([OH])[CH]1[OH]
8203,[NH2][CH2][CH]([OH])[CH]1[O][C]([OH])([C](=[O])[OH])[CH2][CH]([OH])[CH]1[OH]
8204,[NH]=[c]1[cH][cH][n]([CH]2[O][CH]([CH2][O][P](=[O])([OH])[O][C]3([C](=[O])[OH])[CH2][CH]([OH])[CH]([OH])[CH]([CH]([OH])[CH2][NH2])[O]3)[CH]([OH])[CH]2[OH])[c]([OH])[n]1
8205,[CH3][CH2][CH2][CH2][CH2][CH2][CH2][CH2][CH2][CH2][CH2][CH]([OH])[CH2][C](=[O])[O][CH]1[CH]([OH])[CH]([CH2][O][CH]2[O][CH]([CH2][O][C]3([C](=[O])[OH])[CH2][CH]([OH])[CH]([OH])[CH]([CH]([OH])[CH2][NH2])[O]3)[CH]([O][P](=[O])([OH])[OH])[CH]([O][C](=[O])[CH2][CH]([OH])[CH2][CH2][CH2][CH2][CH2][CH2][CH2][CH2][CH2][CH2][CH3])[CH]2[N]=[C]([OH])[CH2][CH]([OH])[CH2][CH2][CH2][CH2][CH2][CH2][CH2][CH2][CH2][CH2][CH3])[O][CH]([O][P](=[O])([OH])[OH])[CH]1[N]=[C]([OH])[CH2][CH]([OH])[CH2][CH2][CH2][CH2][CH2][CH2][CH2][CH2][CH2][CH2][CH3]
8206,[CH3][CH2][CH2][CH2][CH2][CH2][CH2][CH2][CH2][CH2][CH2][CH]([OH])[CH2][C](=[O])[O][CH]1[CH]([OH])[CH]([CH2][O][CH]2[O][CH]([CH2][O][C]3([C](=[O])[OH])[CH2][CH]([O][P](=[O])([OH])[OH])[CH]([OH])[CH]([CH]([OH])[CH2][NH2])[O]3)[CH]([O][P](=[O])([OH])[OH])[CH]([O][C](=[O])[CH2][CH]([OH])[CH2][CH2][CH2][CH2][CH2][CH2][CH2][CH2][CH2][CH2][CH3])[CH]2[N]=[C]([OH])[CH2][CH]([OH])[CH2][CH2][CH2][CH2][CH2][CH2][CH2][CH2][CH2][CH2][CH3])[O][CH]([O][P](=[O])([OH])[OH])[CH]1[N]=[C]([OH])[CH2][CH]([OH])[CH2][CH2][CH2][CH2][CH2][CH2][CH2][CH2][CH2][CH2][CH3]
8207,[CH3][CH2][CH]1[CH2][CH]([CH3])[C](=[O])[CH]=[CH][C]([CH3])=[CH][CH]([CH3])[CH]([CH2][CH3])[O][C](=[O])[CH2][CH]([OH])[CH]([CH3])[CH]1[O][CH]1[O][CH]([CH3])[CH2][CH]([N]([CH3])[CH3])[CH]1[OH]
8208,[CH3][CH2][CH]1[CH2][CH]([CH3])[C](=[O])[CH]=[CH][C]2([CH3])[O][CH]2[CH]([CH3])[CH]([CH2][CH3])[O][C](=[O])[CH2][CH]([OH])[CH]([CH3])[CH]1[O][CH]1[O][CH]([CH3])[CH2][CH]([N]([CH3])[CH3])[CH]1[OH]
8209,[CH3][CH2][CH]1[O][C](=[O])[CH2][CH]([OH])[CH]([CH3])[CH]([O][CH]2[O][CH]([CH3])[CH2][CH]([N]([CH3])[CH3])[CH]2[OH])[CH]([CH2][CH2][OH])[CH2][CH]([CH3])[C](=[O])[CH]=[CH][C]2([CH3])[O][CH]2[CH]1[CH3]
8210,[CH3][CH2][CH]1[O][C](=[O])[CH2][CH]([OH])[CH]([CH3])[CH]([O][CH]2[O][CH]([CH3])[CH2][CH]([N]([CH3])[CH3])[CH]2[OH])[CH]([CH2][CH]=[O])[CH2][CH]([CH3])[C](=[O])[CH]=[CH][C]2([CH3])[O][CH]2[CH]1[CH3]
8211,[CH3][C]([CH3])([CH2][O][P](=[O])([OH])[O][P](=[O])([OH])[O][CH2][CH]1[O][CH]([n]2[cH][n][c]3[c]([NH2])[n][cH][n][c]32)[CH]([OH])[CH]1[O][P](=[O])([OH])[OH])[CH]([OH])[C]([OH])=[N][CH2][CH2][C]([OH])=[N][CH2][CH2][S][C](=[O])[CH]=[CH][c]1[cH][c]([OH])[c]([OH])[cH][c]1[OH]
8212,[NH]=[C]([OH])[C]1=[CH][N]([CH]2[O][CH]([CH2][O][P](=[O])([OH])[O][P](=[O])([OH])[O][CH2][CH]3[O][CH]([n]4[cH][n][c]5[c]([NH2])[n][cH][n][c]54)[CH]([O][P](=[O])([OH])[OH])[CH]3[OH])[CH]([OH])[CH]2[OH])[CH2][CH]=[CH]1
8213,[O]=[C]1[CH]=[CH][C](=[C]2[O][c]3[cH][c]([OH])[cH][c]([OH])[c]3[CH]=[C]2[O][CH]2[O][CH]([CH2][O+]=[C]([OH])[CH]=[CH][c]3[cH][cH][c]([OH])[cH][cH]3)[CH]([OH])[CH]([OH])[CH]2[O][CH]2[O][CH2][CH]([OH])[CH]([OH])[CH]2[OH])[CH]=[CH]1
8214,[O]=[C]1[CH]=[CH][C](=[C]2[O][c]3[cH][c]([OH])[cH][c]([OH])[c]3[CH]=[C]2[O][CH]2[O][CH]([CH2][O+]=[C]([OH])[CH]=[CH][c]3[cH][cH][c]([OH])[c]([OH])[cH]3)[CH]([OH])[CH]([OH])[CH]2[O][CH]2[O][CH2][CH]([OH])[CH]([OH])[CH]2[OH])[CH]=[CH]1
8215,[O]=[c]1[cH][c]([OH])[cH][c]2[o][c](-[c]3[cH][cH][c]([OH])[c]([OH])[cH]3)[c]([O][CH]3[O][CH]([CH2][O+]=[C]([OH])[CH]=[CH][c]4[cH][cH][c]([OH])[c]([OH])[cH]4)[CH]([OH])[CH]([OH])[CH]3[O][CH]3[O][CH2][CH]([OH])[CH]([OH])[CH]3[OH])[cH][c]1-2
8216,[CH3][CH]([CH3])[c]1[cH][cH][c]2[c]([cH]1)[CH2][CH2][CH]1[C]([CH3])([CH3])[CH2][CH2][CH2][C]21[CH3]
8217,[CH3][c]1[cH][cH][c]([O][CH]2[O][CH]([CH2][O][P](=[O])([OH])[OH])[CH]([OH])[CH]2[OH])[cH][cH]1
8218,[O]=[N+]([O-])[c]1[cH][cH][cH][cH][c]1[Cl]
8219,[O]=[N+]([O-])[c]1[cH][cH][cH][c]([Cl])[cH]1
8220,[CH3][c]1[cH][cH][cH][c]([N+](=[O])[O-])[c]1[N+](=[O])[O-]
8221,[CH3][c]1[cH][cH][c]([OH])[c]([OH])[c]1[N+](=[O])[O-]
8222,[CH3][c]1[cH][c]([OH])[c]([OH])[c]([N+](=[O])[O-])[cH]1
8223,[CH3][c]1[cH][cH][c]([N+](=[O])[O-])[c]([N+](=[O])[O-])[cH]1
8224,[O]=[N+]([O-])[c]1[cH][cH][cH][c]([N+](=[O])[O-])[cH]1
8225,[O]=[N+]([O-])[c]1[cH][cH][c]([N+](=[O])[O-])[cH][cH]1
8226,[CH3][c]1[cH][cH][c]([OH])[c]([OH])[c]1[Cl]
8227,[CH3][c]1[cH][cH][c]([N+](=[O])[O-])[cH][c]1[Cl]
8228,[CH3][c]1[c]([Cl])[cH][cH][c]([OH])[c]1[OH]
8229,[CH3][c]1[c]([Cl])[cH][cH][cH][c]1[N+](=[O])[O-]
8230,[O]=[CH][CH]=[CH][C](=[CH][CH]=[O])[CH]=[C]([OH])[C](=[O])[OH]
8231,[O]=[CH][CH]=[CH][C]1=[CH][CH]([OH])[O][C]([C](=[O])[OH])=[CH]1
8232,[O]=[CH][CH]=[CH][c]1[cH][c]([C](=[O])[OH])[o][c](=[O])[cH]1
8233,[O]=[C]([OH])[c]1[cH][c]([CH]=[CH][CH2][OH])[cH][c](=[O])[o]1
8234,[O]=[C]([OH])[CH]=[CH][c]1[cH][c]([C](=[O])[OH])[o][c](=[O])[cH]1
8235,[O]=[CH][CH]=[CH][C]([CH]=[O])=[CH][CH]=[C]([OH])[C](=[O])[OH]
8236,[O]=[CH][CH]=[CH][C]1=[CH][CH]=[C]([C](=[O])[OH])[O][CH]1[OH]
8237,[O]=[CH][CH]=[CH][c]1[cH][cH][c]([C](=[O])[OH])[o][c]1=[O]
8238,[O]=[C]([OH])[c]1[cH][cH][c]([CH]=[CH][CH2][OH])[c](=[O])[o]1
8239,[O]=[C]([OH])[CH]=[CH][c]1[cH][cH][c]([C](=[O])[OH])[o][c]1=[O]
8240,[O]=[C]1[CH2][NH][c]2[cH][cH][cH][cH][c]21
8241,[CH3][c]1[cH][c]([OH])[c]([CH3])[c]([OH])[c]1[CH]=[O]
8242,[CH3][C]1=[CH][C](=[O])[C]([CH3])([OH])[C](=[O])[C]1=[CH][OH]
8243,[CH3][c]1[cH][c]([OH])[c](=[O])[cH][c]([OH])[c]1[CH]=[O]
8244,[O]=[c]1[cH][c]2[c]([c]([OH])[cH][c]1[OH])[CH]([OH])[O][CH2]2
8245,[O]=[C]1[O][CH]([OH])[c]2[cH][c](=[O])[c]([OH])[cH][c]([OH])[c]21
8246,[O]=[C]1[O][CH2][c]2[cH][c](=[O])[c]([OH])[cH][c]([OH])[c]21
8247,[O]=[C]1[O][C](=[O])[c]2[c]([OH])[cH][c]([OH])[c](=[O])[cH][c]21
8248,[O]=[C]([OH])[c]1[cH][c]([OH])[c]([OH])[c](=[O])[c]([OH])[cH]1
8249,[O]=[C]1[O][C](=[O])[c]2[c]1[cH][c]([OH])[c]([OH])[c](=[O])[c]2[OH]
8250,[CH3][CH]([OH])[C](=[O])[OH]
8251,[O]=[c]1[cH][c](-[c]2[cH][cH][c]([OH])[cH][cH]2)[o][c]2[cH][c]([OH])[c]([CH]3[O][CH]([CH2][OH])[CH]([OH])[CH]([OH])[CH]3[O][CH]3[O][CH2][CH]([OH])[CH]([OH])[CH]3[OH])[c]([OH])[c]12
8252,[O]=[c]1[cH][c](-[c]2[cH][cH][c]([OH])[cH][cH]2)[o][c]2[cH][c]([O][CH]3[O][CH]([CH2][OH])[CH]([OH])[CH]([OH])[CH]3[OH])[c]([CH]3[O][CH]([CH2][OH])[CH]([OH])[CH]([OH])[CH]3[OH])[c]([OH])[c]12
8253,[CH3][C](=[O])[O][CH]1[CH]([CH3])[O][CH]([O][P](=[O])([OH])[O][P](=[O])([OH])[O][CH2][CH]2[O][CH]([n]3[cH][c]([CH3])[c]([OH])[n][c]3=[O])[CH2][CH]2[OH])[CH]([OH])[CH]1[N]([CH3])[CH3]
8254,[CH3][CH2][C]1([OH])[CH2][C](=[O])[CH]2[c]3[cH][c]4[cH][cH][cH][c]([OH])[c]4[c]([OH])[c]3[C](=[O])[CH2][C]2([OH])[CH2]1
8255,[CH3][CH2][C](=[O])[CH2][C](=[O])[CH2][C](=[O])[CH2][C](=[O])[CH2][C](=[O])[CH2][C](=[O])[CH2][C](=[O])[CH2][C](=[O])[CH2][C](=[O])[CH2][C](=[O])[OH]
8256,[CH3][CH2][C]1=[CH][C](=[O])[CH]2[c]3[cH][c]4[cH][cH][cH][c]([OH])[c]4[c]([OH])[c]3[C](=[O])[CH2][C]2([OH])[CH2]1
8257,[O]=[c]1[cH][c](-[c]2[cH][cH][c]([OH])[cH][cH]2)[o][c]2[cH][c]([O][CH]3[O][CH]([CH2][OH])[CH]([OH])[CH]([OH])[CH]3[OH])[c]([CH]3[O][CH]([CH2][OH])[CH]([OH])[CH]([OH])[CH]3[O][CH]3[O][CH]([CH2][OH])[CH]([OH])[CH]([OH])[CH]3[OH])[c]([OH])[c]12
8258,[O]=[c]1[cH][c](-[c]2[cH][cH][c]([OH])[cH][cH]2)[o][c]2[cH][c]([O][CH]3[O][CH]([CH2][OH])[CH]([OH])[CH]([OH])[CH]3[OH])[c]([CH]3[O][CH]([CH2][OH])[CH]([OH])[CH]([OH])[CH]3[O][CH]3[CH2][O][CH]([OH])[CH]([OH])[CH]3[OH])[c]([OH])[c]12
8259,[CH3][CH]([CH2][OH])[CH2][CH2][CH2][CH]([CH3])[CH2][CH2][CH2][CH]([CH3])[CH2][CH2][CH2][CH]([CH3])[CH2][C](=[O])[OH]
8260,[CH3][CH]([CH2][OH])[CH2][CH2][CH2][CH2][CH2][CH2][CH2][CH2][CH2][CH2][CH2][CH2][CH2][C](=[O])[OH]
8261,[CH3][CH]([CH3])[CH2][CH2][CH2][CH2][CH2][CH2][CH2][CH2][CH2][CH2][CH2][CH2][CH2][C](=[O])[OH]
8262,[CH3][C](=[CH][CH2][CH2][C]([CH3])=[CH][CH2][CH2][C]([CH3])=[CH][CH2][OH])[CH2][OH]
8263,[CH3][C](=[CH][CH2][CH2][C]([CH3])=[CH][CH2][CH2][C]([CH3])=[CH][CH2][CH2][C]([CH3])=[CH][CH2][OH])[CH2][OH]
8264,[CH3][C](=[CH][CH2][CH2][C]([CH3])=[CH][CH2][CH2][C]([CH3])=[CH][CH2][O][P](=[O])([OH])[O][P](=[O])([OH])[OH])[CH2][OH]
8265,[CH3][C](=[CH][CH2][CH2][C]([CH3])=[CH][CH2][CH2][C]([CH3])=[CH][CH2][CH2][C]([CH3])=[CH][CH2][CH2][C]([CH3])=[CH][CH2][CH2][C]([CH3])=[CH][CH2][CH2][C]([CH3])=[CH][CH2][CH2][CH]([CH3])[CH2][CH2][CH2][C]([CH3])=[CH][CH2][C]1=[C]([CH3])[C](=[O])[c]2[cH][cH][cH][cH][c]2[C]1=[O])[CH2][OH]
8266,[CH3][C]([CH3])=[CH][CH2][CH2][C]([CH3])=[CH][CH2][CH2][C]([CH3])=[CH][CH2][CH2][C]([CH3])=[CH][CH2][CH2][C]([CH3])=[CH][CH2][CH2][C]([CH3])=[CH][CH2][CH2][C]([CH3])=[CH][CH2][CH2][CH]([CH3])[CH2][CH2][CH2][C]([CH3])=[CH][CH2][C]1=[C]([CH3])[C](=[O])[c]2[cH][cH][cH][cH][c]2[C]1=[O]
8267,[CH3][C](=[CH][CH2][CH2][C]([CH3])=[CH][CH2][CH2][C]([CH3])=[CH][CH2][CH2][C]([CH3])=[CH][CH2][CH2][CH]([CH3])[CH2][CH2][CH2][C]([CH3])=[CH][CH2][C]1=[C]([CH3])[C](=[O])[c]2[cH][cH][cH][cH][c]2[C]1=[O])[CH2][CH2][CH]=[C]([CH3])[CH2][CH2][CH]=[C]([CH3])[CH2][CH2][CH]=[C]([CH3])[CH2][O][S](=[O])(=[O])[OH]
8268,[CH3][C](=[O])[CH2][c]1[cH][c]2[cH][c]([OH])[cH][c]([OH])[c]2[c]([OH])[c]1[CH]=[O]
8269,[CH3][O][c]1[cH][c]([OH])[c]2[c]([OH])[c]([CH]=[O])[c]([CH2][C]([CH3])=[O])[cH][c]2[cH]1
8270,[CH3][O][c]1[cH][c]([O][CH3])[c]2[c]([OH])[c]([CH]=[O])[c]([CH2][C]([CH3])=[O])[cH][c]2[cH]1
8271,[CH3][O][c]1[cH][c]([O][CH3])[c]2[c]([OH])[c]([CH]=[O])[c]([CH2][C]([CH3])=[O])[cH][c]2[c]1[OH]
8272,[CH3][O][c]1[cH][c]([O][CH3])[c]2[c]([OH])[c]([CH]=[O])[c]([CH2][C]([CH3])=[O])[c]([OH])[c]2[c]1[OH]
8273,[CH3][O][c]1[cH][c]([O][CH3])[c]2[c]([c]1[OH])[C](=[O])[C]([CH2][C]([CH3])=[O])=[C]([C](=[O])[OH])[C]2=[O]
8274,[CH3][O][c]1[cH][c]([O][CH3])[c]2[c]([c]1[OH])[C](=[O])[C]1=[CH][C]([CH3])([OH])[O][C](=[O])[C-]1[C]2=[O]
8275,[CH3][c]1[cH][c]([OH])[cH][c]2[o][c]3[cH][c]4[c]([OH])[c]([OH])[cH][c]([OH])[c]4[c]([OH])[c]3[c](=[O])[c]12
8276,[CH3][c]1[cH][c]([OH])[cH][c]2[o][c]3[cH][c]4[cH][c]([OH])[cH][c]([OH])[c]4[c]([OH])[c]3[c](=[O])[c]12
8277,[CH3][c]1[cH][c]([OH])[cH][c]2[o][c]3[c]([OH])[c]4[c]([c]([OH])[c]3[c](=[O])[c]12)[C](=[O])[CH]=[C]([OH])[C]4=[O]
8278,[CH3][c]1[cH][c]([OH])[cH][c]2[o][c]3[cH][c]4[c]([c]([OH])[c]3[c](=[O])[c]12)[C](=[O])[CH]=[C]([OH])[C]4=[O]
8279,[CH3][O][c]1[cH][c]([CH3])[c]2[c](=[O])[c]3[c]([OH])[c]4[c]([c]([OH])[c]3[o][c]2[cH]1)[C](=[O])[C]([OH])=[CH][C]4=[O]
8280,[CH3][O][C]1=[CH][C](=[O])[c]2[c]([c]([OH])[c]3[o][c]4[cH][c]([O][CH3])[cH][c]([CH3])[c]4[c](=[O])[c]3[c]2[OH])[C]1=[O]
8281,[CH3][C]([CH]=[CH][C]([OH])=[C]1[C](=[O])[CH2][N]=[C]1[OH])=[CH][CH]([CH3])[CH]1[O][C]2([CH3])[O][CH]([C](=[O])[CH]3[O][C]32[CH3])[CH]1[CH3]
8282,[CH3][C]([CH]=[CH][C]([OH])=[C]1[C](=[O])[CH2][N]=[C]1[OH])=[CH][CH]([CH3])[CH]1[O][C]2([CH3])[O][CH]([CH]1[CH3])[CH]([OH])[CH]1[O][C]12[CH3]
8283,[CH3][C]([CH]=[CH][C]([OH])=[C]1[C](=[O])[CH2][N]=[C]1[OH])=[CH][CH]([CH3])[CH]1[O][C]2([CH3])[O][CH]([CH]([OH])[CH]=[C]2[CH3])[CH]1[CH3]
8284,[CH3][C]([CH]=[CH][C]([OH])=[C]1[C](=[O])[CH2][N]=[C]1[OH])=[CH][CH]([CH3])[CH]1[O][C]2([CH3])[O][CH]([C](=[O])[CH]=[C]2[CH3])[CH]1[CH3]
8285,[CH3][C]([CH]=[CH][C]([OH])=[C]1[C](=[O])[CH2][N]=[C]1[OH])=[CH][CH]([CH3])[CH]1[O][C]2([CH3])[O][CH]([CH2][CH]=[C]2[CH3])[CH]1[CH3]
8286,[CH3][C]([CH]=[CH][C]([OH])=[C]1[C](=[O])[CH2][N]=[C]1[OH])=[CH][CH]([CH3])[CH]1[O][C]2([CH3])[O][CH]([C](=[O])[CH]3[O][C]32[CH2][OH])[CH]1[CH3]
8287,[CH3][CH]([N]=[C]([OH])[CH]([NH2])[CH]([NH2])[CH2][CH2][CH2][CH]([OH])[CH2][CH]1[CH2][N]([C](=[NH])[OH])[C](=[NH])[NH]1)[C]([OH])=[N][CH]([C](=[O])[OH])[CH]([CH3])[CH3]
8288,[NH]=[C]([OH])[N]1[CH2][CH]([CH2][CH]([OH])[CH2][CH2][CH2][CH]([NH2])[CH]([NH2])[C](=[O])[OH])[NH][C]1=[NH]
8289,[CH3][CH]([N]=[C]([OH])[CH]([NH2])[CH]([NH2])[CH2][CH2][CH]([OH])[CH]([OH])[CH2][CH]1[CH2][N]([C](=[NH])[OH])[C](=[NH])[NH]1)[C]([OH])=[N][CH]([C](=[O])[OH])[CH]([CH3])[CH3]
8290,[NH]=[C]1[NH][CH2][CH]([CH2][CH]([OH])[CH2][CH2][CH2][CH]([NH2])[CH]([NH2])[C](=[O])[OH])[NH]1
8291,[NH]=[C]([OH])[NH][CH2][CH]([NH2])[C](=[O])[OH]
8292,[CH3][C]1([OH])[CH2][C](=[O])[c]2[c]([cH][c]3[cH][c]([OH])[cH][c]([OH])[c]3[c]2[OH])[O]1
8293,[CH3][c]1[cH][c](=[O])[c]2[c]([OH])[c]3[c]([OH])[cH][c]([OH])[cH][c]3[cH][c]2[o]1
8294,[CH3][O][c]1[cH][c]([OH])[c]2[c]([OH])[c]3[c](=[O])[cH][c]([CH3])[o][c]3[cH][c]2[cH]1
8295,[CH3][O][c]1[cH][c]([OH])[c]2[c]([OH])[c]3[c](=[O])[cH][c]([CH3])[o][c]3[cH][c]2[c]1[OH]
8296,[CH3][O][c]1[c](-[c]2[c]([O][CH3])[c]([OH])[c]3[cH][c]4[o][c]([CH3])[cH][c](=[O])[c]4[c]([OH])[c]3[c]2[OH])[c]([OH])[c]2[c]([OH])[c]3[c](=[O])[cH][c]([CH3])[o][c]3[cH][c]2[c]1[OH]
8297,[CH3][O][C]1=[C]([C]2=[C]([O][CH3])[C](=[O])[c]3[cH][c]4[o][c]([CH3])[cH][c](=[O])[c]4[c]([OH])[c]3[C]2=[O])[C](=[O])[c]2[c]([cH][c]3[o][c]([CH3])[cH][c](=[O])[c]3[c]2[OH])[C]1=[O]
8298,[CH3][O][c]1[cH][c]2[cH][c]3[o][c]([CH3])[cH][c](=[O])[c]3[c]([OH])[c]2[c]([OH])[c]1-[c]1[c]([O][CH3])[cH][c]2[cH][c]3[o][c]([CH3])[cH][c](=[O])[c]3[c]([OH])[c]2[c]1[OH]
8299,[CH3][O][c]1[cH][c]2[cH][c]3[o][c]([CH3])[cH][c](=[O])[c]3[c]([OH])[c]2[c]([OH])[c]1-[c]1[c]([O][CH3])[c]([OH])[c]2[cH][c]3[o][c]([CH3])[cH][c](=[O])[c]3[c]([OH])[c]2[c]1[OH]
8300,[CH3][O][C]1=[C]([c]2[c]([O][CH3])[cH][c]3[cH][c]4[o][c]([CH3])[cH][c](=[O])[c]4[c]([OH])[c]3[c]2[OH])[C](=[O])[c]2[c]([cH][c]3[o][c]([CH3])[cH][c](=[O])[c]3[c]2[OH])[C]1=[O]
8301,[CH3][O][C]1=[C]([c]2[c]([O][CH3])[c]([OH])[c]3[cH][c]4[o][c]([CH3])[cH][c](=[O])[c]4[c]([OH])[c]3[c]2[OH])[C](=[O])[c]2[c]([cH][c]3[o][c]([CH3])[cH][c](=[O])[c]3[c]2[OH])[C]1=[O]
8302,[CH3][C]([CH3])=[CH][CH2][CH2][C]([CH3])=[CH][CH2][O][CH]1[O][CH]([CH2][OH])[CH]([OH])[CH]([OH])[CH]1[OH]
8303,[NH]=[C]([NH2])[NH][CH2][CH2][CH2][CH2][N]=[c]1[nH][c](=[NH])[cH][cH][n]1[CH]1[O][CH]([CH2][OH])[CH]([OH])[CH]1[OH]
8304,[CH3][C](=[CH][C](=[O])[CH2][C](=[O])[C](=[O])[OH])[C](=[O])[OH]
8305,[CH3][c]1[cH][c]([OH])[cH][c]([C](=[O])[OH])[c]1[OH]
8306,[CH3][c]1[cH][c]([OH])[c]([C](=[O])[OH])[cH][c]1[OH]
8307,[CH3][C](=[CH][C](=[O])[OH])[C](=[O])[CH2][C](=[O])[C](=[O])[OH]
8308,[CH3][c]1[cH][cH][c]([C](=[O])[OH])[cH][c]1[OH]
8309,[CH3][c]1[cH][c]([OH])[cH][c]([C](=[O])[OH])[cH]1
8310,[CH3][c]1[cH][cH][c]([CH2][OH])[cH][c]1[OH]
8311,[CH3][c]1[cH][cH][c]([CH3])[c]([OH])[cH]1
8312,[CH3][c]1[cH][c]([OH])[cH][c]([CH2][OH])[cH]1
8313,[CH3][c]1[cH][c]([CH3])[cH][c]([OH])[cH]1
8314,[CH3][c]1[cH][cH][c]([CH]=[O])[cH][c]1[OH]
8315,[CH3][c]1[cH][c]([OH])[cH][c]([CH]=[O])[cH]1
8316,[CH3][CH]=[C]([CH3])[CH]1[CH]=[CH][CH]2[CH2][CH]([CH3])[CH2][CH]([CH3])[CH]2[CH]1[C]([OH])=[C]1[C](=[O])[CH]([CH2][C]([CH3])([OH])[C](=[O])[OH])[N]=[C]1[OH]
8317,[CH3][CH]=[C]([CH3])[CH]=[CH][CH]=[CH][CH2][CH]([CH3])[CH2][CH]([CH3])[CH]=[CH][C](=[O])[C-]1[C](=[O])[CH]([CH2][C]([CH3])([OH])[C](=[O])[OH])[N]=[C]1[OH]
8318,[CH3][CH]=[C]([CH3])[CH]1[CH]=[CH][CH]2[CH2][CH]([CH3])[CH2][CH]([CH3])[CH]2[CH]1[C]([OH])=[C]1[C](=[O])[CH]([CH2][C]([CH3])([OH])[C](=[O])[OH])[N]=[C]1[OH]
8319,[CH3][c]1[cH][c]([CH2][OH])[cH][cH][c]1[OH]
8320,[O]=[C]([OH])[c]1[cH][cH][c]([OH])[c]([CH2][OH])[cH]1
8321,[O]=[CH][c]1[cH][c]([C](=[O])[OH])[cH][cH][c]1[OH]
8322,[CH3][CH]([CH3])[CH]([CH3])[CH]=[CH][CH]([CH3])[CH]1[CH2][CH2][CH]2[C]3=[CH][CH]=[C]4[CH2][CH]([O][CH]5[O][CH]([CH2][OH])[CH]([OH])[CH]([OH])[CH]5[OH])[CH2][CH2][C]4([CH3])[CH]3[CH2][CH2][C]21[CH3]
8323,[CH3][N]1[C](=[O])[c]2[cH][cH][cH][cH][c]2[N]=[C]([OH])[C]1=[CH][c]1[cH][cH][cH][cH][cH]1
8324,[CH3][N]1[C](=[O])[c]2[cH][cH][cH][cH][c]2[N]=[C]([OH])[C]12[O][CH]2[c]1[cH][cH][cH][cH][cH]1
8325,[OH][c]1[n][c]2[cH][cH][cH][cH][c]2[c](-[c]2[cH][cH][cH][cH][cH]2)[c]1[OH]
8326,[CH3][N]=[C]=[O]
8327,[CH3][O][c]1[cH][cH][c]([CH2][CH]([NH2])[C](=[O])[OH])[cH][cH]1
8328,[CH3][O][c]1[cH][cH][c]([CH2][CH]2[C]([OH])=[N][c]3[cH][cH][cH][cH][c]3[C](=[O])[N]2[CH3])[cH][cH]1
8329,[CH3][O][c]1[cH][cH][c]([CH]=[C]2[C](=[O])[NH][c]3[cH][cH][cH][cH][c]3[C](=[O])[N]2[CH3])[cH][cH]1
8330,[CH3][O][c]1[cH][cH][c]([CH]2[O][C]23[C]([OH])=[N][c]2[cH][cH][cH][cH][c]2[C](=[O])[N]3[CH3])[cH][cH]1
8331,[CH3][O][c]1[cH][cH][c](-[c]2[c]([OH])[c](=[O])[nH][c]3[cH][cH][cH][cH][c]23)[cH][cH]1
8332,[NH]=[C]([OH])[CH]([NH2])[CH2][N]=[C]([OH])[CH]=[CH][C](=[O])[O][P](=[O])([OH])[O][CH2][CH]1[O][CH]([n]2[cH][n][c]3[c]([NH2])[n][cH][n][c]32)[CH]([OH])[CH]1[OH]
8333,[NH]=[C]([OH])[CH]1[O][CH]1[C]([OH])=[N][CH2][CH]([NH2])[C](=[O])[OH]
8334,[CH3][CH]([CH3])[CH]([N]=[C]([OH])[CH]([NH2])[CH2][N]=[C]([OH])[CH]1[O][CH]1[C](=[NH])[OH])[C](=[O])[OH]
8335,[CH3][CH]([CH3])[CH]1[C]([OH])=[N][CH]([CH2][OH])[CH2][c]2[cH][nH][c]3[cH][cH][cH][c]([c]23)[N]1[CH3]
8336,[CH2]=[CH][C]([CH3])([CH2][CH2][CH]=[C]([CH3])[CH3])[c]1[cH][cH][c]2[c]3[c]([cH][nH][c]13)[CH2][CH]([CH2][OH])[N]=[C]([OH])[CH]([CH]([CH3])[CH3])[N]2[CH3]
8337,[CH3][NH][CH]([C]([OH])=[N][CH]([CH2][OH])[CH2][c]1[cH][nH][c]2[cH][cH][cH][cH][c]12)[CH]([CH3])[CH3]
8338,[CH2]=[CH][C]([CH3])([CH2][CH2][CH]([OH])[C](=[CH2])[CH3])[c]1[cH][cH][c]2[c]3[c]([cH][nH][c]13)[CH2][CH]([CH2][OH])[N]=[C]([OH])[CH]([CH]([CH3])[CH3])[N]2[CH3]
8339,[CH2]=[CH][C]([CH3])([CH2][CH]=[CH][C]([CH3])([CH3])[OH])[c]1[cH][cH][c]2[c]3[c]([cH][nH][c]13)[CH2][CH]([CH2][OH])[N]=[C]([OH])[CH]([CH]([CH3])[CH3])[N]2[CH3]
8340,[CH3][CH2][CH2][CH2][CH2][CH2][CH]=[CH][CH2][CH2][CH2][CH2][CH2][CH2][CH2][CH2][CH2][C](=[O])[O][CH2][CH]([CH2][O][P](=[O])([OH])[OH])[O][C](=[O])[CH2][CH2][CH2][CH2][CH2][CH2][CH2][CH]=[CH][CH2][CH2][CH2][CH2][CH2][CH3]
8341,[CH3][CH2][CH2][CH2][CH2][CH2][CH]=[CH][CH2][CH2][CH2][CH2][CH2][CH2][CH2][CH2][CH2][C](=[O])[O][CH2][CH]([OH])[CH2][O][P](=[O])([OH])[OH]
8342,[CH3][CH2][CH2][CH2][CH2][CH2][CH]=[CH][CH2][CH2][CH2][CH2][CH2][CH2][CH2][C](=[O])[O][CH]([CH2][O][C](=[O])[CH2][CH2][CH2][CH2][CH2][CH2][CH2][CH2][CH2][CH2][CH2][CH2][CH3])[CH2][O][P](=[O])([OH])[OH]
8343,[CH3][CH2][CH2][CH2][CH2][CH2][CH2][CH2][CH2][CH2][CH2][CH2][CH2][C](=[O])[O][CH2][CH]([OH])[CH2][O][P](=[O])([OH])[OH]
8344,[CH3][CH2][CH2][CH2][CH2][CH2][CH2][CH2][CH2][CH2][CH2][CH2][CH2][CH2][CH2][C](=[O])[O][CH2][CH]([CH2][O][P](=[O])([OH])[OH])[O][C](=[O])[CH2][CH2][CH2][CH2][CH2][CH2][CH2][CH2][CH2][CH2][CH2][CH2][CH3]
8345,[CH2]=[C]1[CH2][CH]([OH])[CH2][C]1([CH3])[C]1([CH3])[CH2][CH]=[C]([CH3])[CH2][CH2]1
8346,[CH3][C]1=[CH][CH2][C]([CH3])([C]2([CH3])[CH2][CH]([OH])[CH2][C]23[CH2][O]3)[CH2][CH2]1
8347,[CH3][C]1=[CH][CH]([OH])[C]([CH3])([C]2([CH3])[CH2][CH]([OH])[CH2][C]23[CH2][O]3)[CH2][CH2]1
8348,[CH3][C]1=[CH][CH]([OH])[C]([CH3])([C]2([CH3])[CH2][CH]([OH])[CH]([OH])[C]23[CH2][O]3)[CH2][CH2]1
8349,[CH3][C]1([OH])[CH2][CH2][C]([CH3])([C]2([CH3])[CH2][CH]([OH])[CH]([OH])[C]23[CH2][O]3)[CH]([OH])[CH2]1
8350,[CH3][C]1=[CH][CH]2[O][CH]3[CH]([OH])[CH2][C]([CH3])([C]2([CH3])[CH2][CH2]1)[C]31[CH2][O]1
8351,[CH3][C](=[O])[O][CH]1[CH2][C]2([CH3])[C]3([CH3])[CH2][CH2][C]([CH3])=[CH][CH]3[O][CH]1[C]21[CH2][O]1
8352,[CH3][C](=[O])[O][CH]1[CH2][C]2([CH3])[C]3([CH2][OH])[CH2][CH2][C]([CH3])=[CH][CH]3[O][CH]1[C]21[CH2][O]1
8353,[CH3][C](=[O])[O][CH2][C]12[CH2][CH2][C]([CH3])=[CH][CH]1[O][CH]1[CH]([O][C]([CH3])=[O])[CH2][C]2([CH3])[C]12[CH2][O]2
8354,[CH3][C](=[O])[O][CH2][C]12[CH2][CH2][C]([CH3])=[CH][CH]1[O][CH]1[CH]([O][C]([CH3])=[O])[CH]([OH])[C]2([CH3])[C]12[CH2][O]2
8355,[CH3][C](=[O])[O][CH2][C]12[CH2][CH2][C]([CH3])=[CH][CH]1[O][CH]1[CH]([O][C]([CH3])=[O])[CH]([O][C]([CH3])=[O])[C]2([CH3])[C]12[CH2][O]2
8356,[CH3][C](=[O])[O][CH2][C]12[CH2][CH]([OH])[C]([CH3])=[CH][CH]1[O][CH]1[CH]([O][C]([CH3])=[O])[CH]([O][C]([CH3])=[O])[C]2([CH3])[C]12[CH2][O]2
8357,[CH3][C](=[O])[O][CH2][C]12[CH2][CH]([O][C](=[O])[CH2][CH]([CH3])[CH3])[C]([CH3])=[CH][CH]1[O][CH]1[CH]([O][C]([CH3])=[O])[CH]([O][C]([CH3])=[O])[C]2([CH3])[C]12[CH2][O]2
8358,[CH3][C](=[O])[O][CH2][C]12[CH2][CH]([O][C](=[O])[CH2][CH]([CH3])[CH3])[C]([CH3])=[CH][CH]1[O][CH]1[CH]([OH])[CH]([O][C]([CH3])=[O])[C]2([CH3])[C]12[CH2][O]2
8359,[CH3][C](=[O])[O][CH2][C]12[CH]([CH]=[C]([CH3])[CH]([OH])[CH]1[OH])[O][CH]1[CH]([O][C]([CH3])=[O])[CH2][C]2([CH3])[C]12[CH2][O]2
8360,[CH3][C](=[O])[O][CH2][C]12[CH]([CH]=[C]([CH3])[C](=[O])[CH]1[OH])[O][CH]1[CH]([O][C]([CH3])=[O])[CH2][C]2([CH3])[C]12[CH2][O]2
8361,[CH3][C](=[O])[O][CH]1[CH2][C]2([CH3])[C]3([CH2][O]3)[CH]1[O][CH]1[CH]=[C]([CH3])[C](=[O])[CH]([OH])[C]12[CH2][OH]
8362,[CH3][C](=[O])[O][CH2][C]12[CH]([CH]=[C]([CH3])[C](=[O])[CH]1[OH])[O][CH]1[CH]([OH])[CH2][C]2([CH3])[C]12[CH2][O]2
8363,[CH3][C](=[O])[O][CH2][C]12[CH]([CH]=[C]([CH3])[CH]([OH])[CH]1[OH])[O][CH]1[CH]([O][C]([CH3])=[O])[CH]([O][C]([CH3])=[O])[C]2([CH3])[C]12[CH2][O]2
8364,[CH3][C](=[O])[O][CH2][C]12[CH]([CH]=[C]([CH3])[C](=[O])[CH]1[OH])[O][CH]1[CH]([O][C]([CH3])=[O])[CH]([O][C]([CH3])=[O])[C]2([CH3])[C]12[CH2][O]2
8365,[CH3][C](=[O])[O][CH2][C]12[CH]([CH]=[C]([CH3])[C](=[O])[CH]1[OH])[O][CH]1[CH]([O][C]([CH3])=[O])[CH]([OH])[C]2([CH3])[C]12[CH2][O]2
8366,[CH3][C](=[O])[O][CH2][C]12[CH]([CH]=[C]([CH3])[C](=[O])[CH]1[OH])[O][CH]1[CH]([OH])[CH]([O][C]([CH3])=[O])[C]2([CH3])[C]12[CH2][O]2
8367,[CH3][C](=[O])[O][CH]1[CH]([OH])[CH]2[O][CH]3[CH]=[C]([CH3])[C](=[O])[CH]([OH])[C]3([CH2][OH])[C]1([CH3])[C]21[CH2][O]1
8368,[CH3][C]1=[CH][CH]2[O][CH]3[CH2][CH2][C]([CH3])([C]2([CH3])[CH2][CH2]1)[C]31[CH2][O]1
8369,[CH3][C]1=[CH][CH]2[O][CH]3[CH2][CH]([OH])[C]([CH3])([C]2([CH3])[CH2][CH2]1)[C]31[CH2][O]1
8370,[CH3][CH2][CH2][CH2][CH]([CH3])[CH]([OH])[CH]([CH3])[C](=[O])[C]([CH3])=[CH][CH]([O][CH3])[CH]([OH])[CH]([O][CH3])[C]([OH])=[N][CH]=[CH][c]1[cH][cH][c]([OH])[c]([Cl])[cH]1
8371,[CH3][CH2][CH2][CH2][CH]([CH3])[CH]([OH])[CH]([CH3])[C](=[O])[C]([CH3])=[CH][CH]([O][CH3])[CH]([OH])[CH]([O][CH2][CH3])[C]([OH])=[N][CH]=[CH][c]1[cH][cH][c]([OH])[c]([Cl])[cH]1
8372,[O]=[C]([OH])[C]1=[CH][C](=[O])[c]2[cH][cH][cH][cH][c]2[C]1=[O]
8373,[CH3][c]1[cH][cH][c]([C]([OH])=[N][CH]2[C]([OH])=[N][CH]([CH]([CH3])[CH3])[C](=[O])[N]3[CH2][CH2][CH2][CH]3[C](=[O])[N]([CH3])[CH2][C](=[O])[N]([CH3])[CH]([CH]([CH3])[CH3])[C](=[O])[O][CH]2[CH3])[c]([NH2])[c]1[OH]
8374,[CH3][c]1[c]2[o][c]3[c]([CH3])[cH][cH][c]([C]([OH])=[N][CH]4[C]([OH])=[N][CH]([CH]([CH3])[CH3])[C](=[O])[N]5[CH2][CH2][CH2][CH]5[C](=[O])[N]([CH3])[CH2][C](=[O])[N]([CH3])[CH]([CH]([CH3])[CH3])[C](=[O])[O][CH]4[CH3])[c]3[n][c]-2[c]([C]([OH])=[N][CH]2[C]([OH])=[N][CH]([CH]([CH3])[CH3])[C](=[O])[N]3[CH2][CH2][CH2][CH]3[C](=[O])[N]([CH3])[CH2][C](=[O])[N]([CH3])[CH]([CH]([CH3])[CH3])[C](=[O])[O][CH]2[CH3])[c]([NH2])[c]1=[O]
8375,[NH2][c]1[c]([OH])[cH][cH][cH][c]1[C](=[O])[CH2][CH]([NH2])[C](=[O])[OH]
8376,[CH3][c]1[cH][cH][c]([C](=[O])[CH2][CH]([NH2])[C](=[O])[OH])[c]([NH2])[c]1[OH]
8377,[CH3][C](=[O])[O][CH]1[CH2][CH]2[O][CH]3[CH]=[C]([CH3])[CH2][CH2][C]3([CH3])[C]1([CH3])[C]21[CH2][O]1
8378,[CH3][C]1=[CH][CH]2[O][CH]3[CH2][CH]([O][C](=[O])[CH]=[CH][CH]=[CH][CH]=[CH][C](=[O])[OH])[C]([CH3])([C]2([CH3])[CH2][CH2]1)[C]31[CH2][O]1
8379,[CH3][C]([CH3])([CH2][O][P](=[O])([OH])[O][P](=[O])([OH])[O][CH2][CH]1[O][CH]([n]2[cH][n][c]3[c]([NH2])[n][cH][n][c]32)[CH]([OH])[CH]1[O][P](=[O])([OH])[OH])[CH]([OH])[C]([OH])=[N][CH2][CH2][C]([OH])=[N][CH2][CH2][S][C](=[O])[CH]=[CH][CH]=[CH][CH]=[CH][C](=[O])[OH]
8380,[CH3][c]1[c]2[o][c]3[c]([CH3])[cH][cH][c]([C](=[O])[OH])[c]3[n][c]-2[c]([C](=[O])[OH])[c]([NH2])[c]1=[O]
8381,[CH3][C]([OH])=[N][CH]1[CH]([CH3])[O][CH]([OH])[CH]([N]=[C]([CH3])[OH])[CH]1[OH]
8382,[CH3][C]([OH])=[N][CH]([CH]([CH3])[OH])[CH]1[O][C]([OH])([C](=[O])[OH])[CH2][CH]([OH])[CH]1[N]=[C]([CH3])[OH]
8383,[CH3][C]([OH])=[N][CH]1[CH]([CH3])[O][CH]([O][P](=[O])([OH])[O][P](=[O])([OH])[O][CH2][CH]2[O][CH]([n]3[cH][cH][c]([OH])[n][c]3=[O])[CH]([OH])[CH]2[OH])[CH]([N]=[C]([CH3])[OH])[CH]1[OH]
8384,[CH3][C]([OH])=[N][CH]1[CH]([O][P](=[O])([OH])[O][P](=[O])([OH])[O][CH2][CH]2[O][CH]([n]3[cH][cH][c]([OH])[n][c]3=[O])[CH]([OH])[CH]2[OH])[O][CH]([CH3])[CH]([NH2])[CH]1[OH]
8385,[CH3][C]([OH])=[N][CH]1[CH]([CH3])[O][CH]([O][P](=[O])([OH])[O][P](=[O])([OH])[O][CH2][CH]2[O][CH]([n]3[cH][cH][c]([OH])[n][c]3=[O])[CH]([OH])[CH]2[OH])[CH]([N]=[C]([CH3])[OH])[CH]1[OH]
8386,[CH3][C]([OH])=[N][CH]([CH]([CH3])[OH])[CH]1[O][C]([O][P](=[O])([OH])[O][CH2][CH]2[O][CH]([n]3[cH][cH][c](=[NH])[n][c]3[OH])[CH]([OH])[CH]2[OH])([C](=[O])[OH])[CH2][CH]([OH])[CH]1[N]=[C]([CH3])[OH]
8387,[CH3][C]1=[C]2[CH2][CH2][CH]([CH3])[C]23[CH2][C]2([CH3])[CH2][CH2][C]([CH3])([CH3])[CH]2[CH]3[CH2][CH2]1
8388,[CH3][C]1=[CH][C]([Cl])([CH2][C](=[O])[OH])[O][C]1=[O]
8389,[CH3][C]1=[CH][C](=[CH][C](=[O])[OH])[O][C]1=[O]
8390,[O]=[C]1[CH]=[CH][C]([Cl])([CH]([Cl])[C](=[O])[OH])[O]1
8391,[O]=[C]1[CH]=[CH][C](=[C]([Cl])[C](=[O])[OH])[O]1
8392,[CH3][C]1([CH3])[S][CH]2[CH]([N]=[C]([OH])[CH2][O][c]3[cH][cH][cH][cH][cH]3)[C](=[O])[N]2[CH]1[C](=[O])[OH]
8393,[O]=[C]([OH])[CH2][O][c]1[cH][cH][cH][cH][cH]1
8394,[CH3][CH2][CH2][CH2][CH2][CH]=[CH][CH2][CH]=[CH][CH2][CH]=[CH][CH2][CH]=[CH][CH2][CH2][CH2][CH2][CH2][CH]([OH])[CH2][C](=[O])[S][CH2][CH2][N]=[C]([OH])[CH2][CH2][N]=[C]([OH])[CH]([OH])[C]([CH3])([CH3])[CH2][O][P](=[O])([OH])[O][P](=[O])([OH])[O][CH2][CH]1[O][CH]([n]2[cH][n][c]3[c]([NH2])[n][cH][n][c]32)[CH]([OH])[CH]1[O][P](=[O])([OH])[OH]
8395,[CH3][CH2][CH2][CH2][CH2][CH]=[CH][CH2][CH]=[CH][CH2][CH]=[CH][CH2][CH]=[CH][CH2][CH2][CH2][CH2][CH2][CH]=[CH][C](=[O])[S][CH2][CH2][N]=[C]([OH])[CH2][CH2][N]=[C]([OH])[CH]([OH])[C]([CH3])([CH3])[CH2][O][P](=[O])([OH])[O][P](=[O])([OH])[O][CH2][CH]1[O][CH]([n]2[cH][n][c]3[c]([NH2])[n][cH][n][c]32)[CH]([OH])[CH]1[O][P](=[O])([OH])[OH]
8396,[CH3][CH2][CH2][CH2][CH2][CH]=[CH][CH2][CH]=[CH][CH2][CH]=[CH][CH2][CH]=[CH][CH2][CH]=[CH][CH2][CH2][CH]([OH])[CH2][C](=[O])[S][CH2][CH2][N]=[C]([OH])[CH2][CH2][N]=[C]([OH])[CH]([OH])[C]([CH3])([CH3])[CH2][O][P](=[O])([OH])[O][P](=[O])([OH])[O][CH2][CH]1[O][CH]([n]2[cH][n][c]3[c]([NH2])[n][cH][n][c]32)[CH]([OH])[CH]1[O][P](=[O])([OH])[OH]
8397,[CH3][O][c]1[cH][cH][c]2[n][cH][nH][c]2[cH]1
8398,[CH3][O][c]1[cH][c]2[nH][cH][n][c]2[cH][c]1[CH3]
8399,[NH2][c]1[cH][cH][cH][cH][c]1[C](=[O])[CH]([OH])[CH]([NH2])[C](=[O])[OH]
8400,[NH2][c]1[cH][cH][cH][cH][c]1[C](=[O])[CH]([OH])[C](=[O])[C](=[O])[OH]
8401,[NH2][c]1[cH][cH][cH][cH][c]1[NH][CH]([C](=[O])[OH])[CH]([OH])[C](=[O])[OH]
8402,[NH2][c]1[cH][cH][cH][cH][c]1[NH][CH]([C](=[O])[OH])[C](=[O])[C](=[O])[OH]
8403,[NH2][CH]([C](=[O])[OH])[CH]([OH])[C](=[O])[c]1[cH][cH][cH][cH][c]1[N]=[CH][OH]
8404,[NH2][CH]([C](=[O])[OH])[CH]([OH])[c]1[cH][nH][c]2[cH][cH][cH][cH][c]12
8405,[O]=[C]([OH])[c]1[nH][c]2[cH][cH][cH][cH][c]2[c](=[O])[c]1[OH]
8406,[NH2][c]1[cH][cH][cH][cH][c]1[NH][CH2][C](=[O])[C](=[O])[OH]
8407,[O]=[C]([OH])[C]1=[N][c]2[cH][cH][cH][cH][c]2[NH][CH2]1
8408,[O]=[C]([OH])[c]1[cH][n][c]2[cH][cH][cH][cH][c]2[n]1
8409,[CH3][CH]1[N]=[C]([OH])[CH]([N]=[C]([OH])[c]2[cH][n][c]3[cH][cH][cH][cH][c]3[n]2)[CH2][O][C](=[O])[CH]([CH]([CH3])[CH3])[N]([CH3])[C](=[O])[CH]([CH2][SH])[N]([CH3])[C](=[O])[CH]([CH3])[N]=[C]([OH])[CH]([N]=[C]([OH])[c]2[cH][n][c]3[cH][cH][cH][cH][c]3[n]2)[CH2][O][C](=[O])[CH]([CH]([CH3])[CH3])[N]([CH3])[C](=[O])[CH]([CH2][SH])[N]([CH3])[C]1=[O]
8410,[CH3][CH]1[N]=[C]([OH])[CH]([N]=[C]([OH])[c]2[cH][n][c]3[cH][cH][cH][cH][c]3[n]2)[CH2][O][C](=[O])[CH]([CH]([CH3])[CH3])[N]([CH3])[C](=[O])[CH]2[CH2][S][S][CH2][CH]([C](=[O])[N]([CH3])[CH]([CH]([CH3])[CH3])[C](=[O])[O][CH2][CH]([N]=[C]([OH])[c]3[cH][n][c]4[cH][cH][cH][cH][c]4[n]3)[C]([OH])=[N][CH]([CH3])[C](=[O])[N]2[CH3])[N]([CH3])[C]1=[O]
8411,[NH2][c]1[n][cH][n][c]2[c]1[n][cH][n]2[CH]1[O][CH]([CH2][O][P](=[O])([OH])[O][C](=[O])[c]2[cH][n][c]3[cH][cH][cH][cH][c]3[n]2)[CH]([OH])[CH]1[OH]
8412,[CH2]=[C]([CH3])[CH]1[CH2][CH2][C]2([CH3])[CH]1[CH2][CH2][C]1([CH3])[CH2][CH]=[C]([CH2][OH])[CH2][CH2][CH]=[C]([CH3])[CH2][CH2][CH]12
8413,[CH2]=[C]([CH3])[CH]1[CH2][CH2][C]2([CH3])[CH]1[CH2][CH2][C]1([CH3])[CH2][CH]=[C]([CH3])[CH2][CH2][CH]=[C]([CH3])[CH2][CH2][CH]12
8414,[CH2]=[C]([CH3])[CH]1[CH2][CH2][C]2([CH3])[CH]1[CH2][CH2][C]1([CH3])[CH2][CH]=[C]([CH]=[O])[CH2][CH2][CH]=[C]([CH3])[CH2][CH2][CH]12
8415,[CH2]=[C]([CH3])[CH]1[CH2][CH2][C]2([CH3])[CH]1[CH2][CH2][C]1([CH3])[CH2][CH]=[C]([C](=[O])[OH])[CH2][CH2][CH]=[C]([CH3])[CH2][CH2][CH]12
8416,[CH3][CH]([CH]=[O])[C]([OH])=[CH][C](=[O])[C](=[O])[OH]
8417,[CH3][S][CH]1[S][CH2][CH]2[C](=[O])[N]([CH3])[CH]([CH]([CH3])[CH3])[C](=[O])[O][CH2][CH]([N]=[C]([OH])[c]3[cH][n][c]4[cH][cH][cH][cH][c]4[n]3)[C]([OH])=[N][CH]([CH3])[C](=[O])[N]([CH3])[CH]1[C](=[O])[N]([CH3])[CH]([CH]([CH3])[CH3])[C](=[O])[O][CH2][CH]([N]=[C]([OH])[c]1[cH][n][c]3[cH][cH][cH][cH][c]3[n]1)[C]([OH])=[N][CH]([CH3])[C](=[O])[N]2[CH3]
8418,[CH3][S][CH2][CH]1[C](=[O])[S][CH2][CH]([NH][C](=[O])[c]2[n][c]3[cH][cH][cH][cH][c]3[cH][c]2[OH])[C]([OH])=[N][CH2][C](=[O])[N]([CH3])[CH]2[CH2][S][S][CH2][CH]([C](=[O])[N]1[CH3])[N]([CH3])[C](=[O])[CH2][N]=[C]([OH])[CH]([NH][C](=[O])[c]1[n][c]3[cH][cH][cH][cH][c]3[cH][c]1[OH])[CH2][S][C](=[O])[CH]([CH2][S][CH3])[N]([CH3])[C]2=[O]
8419,[CH3][S][CH2][CH]1[C](=[O])[S][CH2][CH]([NH][C](=[O])[c]2[n][c]3[cH][cH][cH][cH][c]3[cH][c]2[OH])[C]([OH])=[N][CH2][C](=[O])[N]([CH3])[CH]([CH2][SH])[C](=[O])[N]([CH3])[CH]([CH2][S][CH3])[C](=[O])[S][CH2][CH]([NH][C](=[O])[c]2[n][c]3[cH][cH][cH][cH][c]3[cH][c]2[OH])[C]([OH])=[N][CH2][C](=[O])[N]([CH3])[CH]([CH2][SH])[C](=[O])[N]1[CH3]
8420,[NH2][c]1[n][cH][n][c]2[c]1[n][cH][n]2[CH]1[O][CH]([CH2][O][P](=[O])([OH])[O][C](=[O])[c]2[n][c]3[cH][cH][cH][cH][c]3[cH][c]2[OH])[CH]([OH])[CH]1[OH]
8421,[O]=[C]([OH])[c]1[n][c]2[cH][cH][cH][cH][c]2[cH][c]1[OH]
8422,[CH3][N]1[C](=[O])[CH2][N]=[C]([OH])[CH]([NH][C](=[O])[c]2[n][c]3[cH][cH][cH][cH][c]3[cH][c]2[OH])[CH2][S][C](=[O])[CH]([CH2][SH])[N]([CH3])[C](=[O])[CH]([CH2][SH])[N]([CH3])[C](=[O])[CH2][N]=[C]([OH])[CH]([NH][C](=[O])[c]2[n][c]3[cH][cH][cH][cH][c]3[cH][c]2[OH])[CH2][S][C](=[O])[CH]([CH2][SH])[N]([CH3])[C](=[O])[CH]1[CH2][SH]
8423,[CH3][CH2][CH2][CH2][CH2][CH2][CH2][CH2][CH2][CH2][CH2][CH2][CH2][CH2][CH2][C](=[O])[O][CH]1[CH]([O][CH]2[O][CH]([CH2][OH])[CH]([OH])[CH]([OH])[CH]2[OH])[O][CH]([CH2][OH])[CH]([OH])[CH]1[OH]
8424,[CH3][O][c]1[cH][c]([OH])[cH][c](-[c]2[cH][cH][cH][cH][cH]2)[cH]1
8425,[CH3][O][c]1[cH][c](-[c]2[cH][cH][cH][cH][cH]2)[cH][c]([OH])[c]1[OH]
8426,[CH3][O][c]1[cH][c](-[c]2[cH][cH][cH][cH][cH]2)[cH][c]([O][CH3])[c]1[OH]
8427,[CH3][CH2][CH2][CH2][CH2][CH2][CH2][CH2][CH2][CH2][CH2][CH2][CH2][CH2][CH2][CH2][CH2][CH2][CH]([CH3])[CH2][CH]([CH3])[CH2][CH]([CH3])[C](=[O])[S][CH2][CH2][N]=[C]([OH])[CH2][CH2][N]=[C]([OH])[CH]([OH])[C]([CH3])([CH3])[CH2][O][P](=[O])([OH])[O][P](=[O])([OH])[O][CH2][CH]1[O][CH]([n]2[cH][n][c]3[c]([NH2])[n][cH][n][c]32)[CH]([OH])[CH]1[O][P](=[O])([OH])[OH]
8428,[CH3][CH2][CH2][CH2][CH2][CH2][CH2][CH2][CH2][CH2][CH2][CH2][CH2][CH2][CH2][CH2][CH2][CH2][CH]([CH3])[CH2][CH]([CH3])[CH]=[C]([CH3])[C](=[O])[S][CH2][CH2][N]=[C]([OH])[CH2][CH2][N]=[C]([OH])[CH]([OH])[C]([CH3])([CH3])[CH2][O][P](=[O])([OH])[O][P](=[O])([OH])[O][CH2][CH]1[O][CH]([n]2[cH][n][c]3[c]([NH2])[n][cH][n][c]32)[CH]([OH])[CH]1[O][P](=[O])([OH])[OH]
8429,[CH3][C]([OH])=[N][CH]([CH2][CH2][PH](=[O])[OH])[C](=[O])[O][P](=[O])([OH])[O][CH2][CH]1[O][CH]([n]2[cH][n][c]3[c]([NH2])[n][cH][n][c]32)[CH]([OH])[CH]1[OH]
8430,[CH3][CH]([NH2])[C](=[O])[O][P](=[O])([OH])[O][CH2][CH]1[O][CH]([n]2[cH][n][c]3[c]([NH2])[n][cH][n][c]32)[CH]([OH])[CH]1[OH]
8431,[CH3][C]([OH])=[N][CH]([CH2][CH2][PH](=[O])[OH])[C]([OH])=[N][CH]([CH3])[C]([OH])=[N][CH]([CH2][CH]([CH3])[CH3])[C](=[O])[OH]
8432,[CH3][C]([OH])=[N][CH]([CH2][CH2][P]([CH3])(=[O])[OH])[C]([OH])=[N][CH]([CH3])[C]([OH])=[N][CH]([CH2][CH]([CH3])[CH3])[C](=[O])[OH]
8433,[CH3][CH]([CH3])[CH2][CH]([N]=[C]([OH])[CH]([CH3])[N]=[C]([OH])[CH]([NH2])[CH2][CH2][P]([CH3])(=[O])[OH])[C](=[O])[OH]
8434,[CH3][CH2][CH2][CH2][CH2][CH2][CH2][CH]([CH3])[CH2][CH2][CH2][CH]([CH3])[CH2][CH2][CH2][CH]([CH3])[CH2][CH2][CH2][CH]([CH3])[CH2][CH2][CH2][CH]([CH3])[CH2][CH2][CH2][O][P](=[O])([OH])[OH]
8435,[CH3][CH2][CH2][CH2][CH2][CH2][CH2][CH]([CH3])[CH2][CH2][CH2][CH]([CH3])[CH2][CH2][CH2][CH]([CH3])[CH2][CH2][CH2][CH]([CH3])[CH2][CH2][CH2][CH]([CH3])[CH2][CH2][CH2][O][P](=[O])([OH])[O][CH]1[O][CH]([CH2][OH])[CH]([OH])[CH]([OH])[CH]1[OH]
8436,[CH3][CH2][CH2][CH2][CH2][CH2][CH2][CH]([CH3])[CH2][CH2][CH2][CH]([CH3])[CH2][CH2][CH2][CH]([CH3])[CH2][CH2][CH2][CH]([CH3])[CH2][CH2][CH2][CH]([CH3])[CH2][CH2][CH2][OH]
8437,[CH3][CH2][CH2][CH2][CH2][CH2][CH2][CH]([CH3])[CH2][CH2][CH2][CH]([CH3])[CH2][CH2][CH2][CH]([CH3])[CH2][CH2][CH2][CH]([CH3])[CH2][CH2][CH2][CH]([CH3])[CH2][CH2][CH2][S][CH2][CH2][N]=[C]([OH])[CH2][CH2][N]=[C]([OH])[CH]([OH])[C]([CH3])([CH3])[CH2][O][P](=[O])([OH])[O][P](=[O])([OH])[O][CH2][CH]1[O][CH]([n]2[cH][n][c]3[c]([NH2])[n][cH][n][c]32)[CH]([OH])[CH]1[O][P](=[O])([OH])[OH]
8438,[CH3][CH2][CH2][CH2][CH2][CH2][CH2][CH2][CH2][CH2][CH2][CH2][CH2][CH2][CH2][CH2][CH2][CH2][CH2][CH]([OH])[CH2][CH]([OH])[CH2][CH2][CH2][CH2][CH]([CH3])[CH]([OH])[CH2][CH3]
8439,[CH3][CH2][CH2][CH2][CH2][CH2][CH2][CH2][CH2][CH2][CH2][CH2][CH2][CH2][CH2][CH2][CH2][CH2][CH2][CH]([OH])[CH2][CH]([OH])[CH2][CH2][CH2][CH2][CH]([CH3])[CH]([CH2][CH3])[O][CH3]
8440,[NH2][c]1[n][cH][n][c]2[c]1[n][cH][n]2[CH]1[O][CH]([CH2][O][P](=[O])([OH])[O][C](=[O])[c]2[cH][cH][c]([OH])[cH][cH]2)[CH]([OH])[CH]1[OH]
8441,[CH3][CH2][CH2][CH2][CH2][CH2][CH2][CH2][CH2][CH2][CH2][CH2][CH2][CH2][CH2][CH2][CH2][CH2][CH2][CH2][CH2][C](=[O])[O][P](=[O])([OH])[O][CH2][CH]1[O][CH]([n]2[cH][n][c]3[c]([NH2])[n][cH][n][c]32)[CH]([OH])[CH]1[OH]
8442,[CH3][CH2][CH2][CH2][CH2][CH2][CH2][CH2][CH2][CH2][CH2][CH2][CH2][CH2][CH2][CH2][CH2][CH2][CH2][C](=[O])[O][P](=[O])([OH])[O][CH2][CH]1[O][CH]([n]2[cH][n][c]3[c]([NH2])[n][cH][n][c]32)[CH]([OH])[CH]1[OH]
8443,[CH3][CH2][CH2][CH2][CH2][CH2][CH2][CH2][CH2][CH2][CH2][CH2][CH2][CH2][CH2][CH2][CH2][CH2][CH2][CH]([OH])[CH2][CH]([OH])[CH2][CH2][CH2][CH2][CH]([CH3])[C](=[O])[CH2][CH3]
8444,[CH3][CH2][CH2][CH2][CH2][CH2][CH2][CH2][CH2][CH2][CH2][CH2][CH2][CH2][CH2][CH2][CH2][CH2][CH2][CH2][CH2][CH]([OH])[CH2][CH]([OH])[CH2][CH2][CH2][CH2][CH]([CH3])[CH]([OH])[CH2][CH3]
8445,[CH3][CH2][CH2][CH2][CH2][CH2][CH2][CH2][CH2][CH2][CH2][CH2][CH2][CH2][CH2][CH2][CH2][CH2][CH2][CH2][CH2][CH]([OH])[CH2][CH]([OH])[CH2][CH2][CH2][CH2][CH]([CH3])[C](=[O])[CH2][CH3]
8446,[CH3][CH2][CH2][CH2][CH2][CH2][CH2][CH2][CH2][CH2][CH2][CH2][CH2][CH2][CH2][CH2][CH2][CH2][CH2][CH2][CH2][CH]([OH])[CH2][CH]([OH])[CH2][CH2][CH2][CH2][CH]([CH3])[CH]([CH2][CH3])[O][CH3]
8447,[CH3][CH2][CH2][CH2][CH2][CH2][CH2][CH2][CH2][CH2][CH2][CH2][CH2][CH2][CH2][CH2][CH2][CH2][CH2][CH]([OH])[CH2][CH]([OH])[CH2][CH2][CH2][CH]=[C]([CH3])[C](=[O])[CH2][CH3]
8448,[CH3][CH2][CH2][CH2][CH2][CH2][CH2][CH2][CH2][CH2][CH2][CH2][CH2][CH2][CH2][CH2][CH2][CH2][CH2][CH2][CH2][CH]([OH])[CH2][CH]([OH])[CH2][CH2][CH2][CH]=[C]([CH3])[C](=[O])[CH2][CH3]
8449,[CH3][CH2][CH]([OH])[CH]([CH3])[CH2][CH2][CH2][CH2][CH]([OH])[CH2][CH]([OH])[CH2][CH2][CH2][CH2][CH2][CH2][CH2][CH2][CH2][CH2][CH2][CH2][CH2][CH2][CH2][CH2][c]1[cH][cH][c]([OH])[cH][cH]1
8450,[CH3][CH2][CH]([O][CH3])[CH]([CH3])[CH2][CH2][CH2][CH2][CH]([OH])[CH2][CH]([OH])[CH2][CH2][CH2][CH2][CH2][CH2][CH2][CH2][CH2][CH2][CH2][CH2][CH2][CH2][CH2][CH2][c]1[cH][cH][c]([OH])[cH][cH]1
8451,[CH3][CH2][C](=[O])[CH]([CH3])[CH2][CH2][CH2][CH2][CH]([OH])[CH2][CH]([OH])[CH2][CH2][CH2][CH2][CH2][CH2][CH2][CH2][CH2][CH2][CH2][CH2][CH2][CH2][CH2][CH2][c]1[cH][cH][c]([OH])[cH][cH]1
8452,[CH3][CH2][C](=[O])[C]([CH3])=[CH][CH2][CH2][CH2][CH]([OH])[CH2][CH]([OH])[CH2][CH2][CH2][CH2][CH2][CH2][CH2][CH2][CH2][CH2][CH2][CH2][CH2][CH2][CH2][CH2][c]1[cH][cH][c]([OH])[cH][cH]1
8453,[CH3][CH2][CH2][CH2][CH2][CH2][CH2][CH2][CH2][CH2][CH2][CH2][CH2][CH2][CH2][CH2][CH2][CH2][CH]([CH3])[CH2][CH]([CH3])[CH2][CH]([CH3])[CH2][CH]([CH3])[C](=[O])[O][P](=[O])([OH])[O][CH2][CH]1[O][CH]([n]2[cH][n][c]3[c]([NH2])[n][cH][n][c]32)[CH]([OH])[CH]1[OH]
8454,[CH3][CH2][CH2][CH2][CH2][CH2][CH2][CH2][CH2][CH2][CH2][CH2][CH2][CH2][CH2][CH2][CH2][CH2][CH]([CH3])[CH2][CH]([CH3])[CH2][CH]([CH3])[CH2][CH]([CH3])[C](=[O])[OH]
8455,[CH3][CH2][CH2][CH2][CH2][CH2][CH2][CH2][CH]=[CH][CH2][CH2][CH2][CH2][CH2][CH2][CH2][C](=[O])[O][CH2][CH]([CH2][O][P](=[O])([OH])[O][CH2][CH]([OH])[CH2][OH])[O][C](=[O])[CH2][CH]=[CH][CH2][CH2][CH2][CH2][CH2][CH2][CH2][CH2][CH2][CH2][CH2][CH3]
8456,[CH3][CH2][CH2][CH2][CH2][CH2][CH2][CH2][CH2][CH2][CH2][CH2][CH2][CH2][CH2][CH2][CH2][CH2][CH]([CH3])[CH2][CH]([CH3])[CH2][CH]([CH3])[C](=[O])[OH]
8457,[CH3][CH2][CH2][CH2][CH2][CH2][CH2][CH2][CH]=[CH][CH2][CH2][CH2][CH2][CH2][CH]=[C]([CH3])[C](=[O])[OH]
8458,[CH3][CH2][CH2][CH2][CH2][CH]=[CH][CH2][CH]=[CH][CH2][CH2][CH2][CH2][CH2][CH2][CH2][C](=[O])[O][CH2][CH]([CH2][O][P](=[O])([OH])[O][CH2][CH]([OH])[CH2][OH])[O][C](=[O])[CH2][CH]=[CH][CH2][CH2][CH2][CH2][CH2][CH2][CH2][CH2][CH2][CH2][CH2][CH3]
8459,[CH3][C](=[CH][CH2][CH2][CH2][CH]([OH])[CH2][CH]([OH])[CH2][CH2][CH2][CH2][CH2][CH2][CH2][CH2][CH2][CH2][CH2][CH2][CH2][CH2][CH2][CH2][c]1[cH][cH][c]([OH])[cH][cH]1)[C](=[O])[CH]([CH3])[C](=[O])[OH]
8460,[CH3][CH2][C](=[O])[C]([CH3])=[CH][CH2][CH2][CH2][CH]([OH])[CH2][CH]([OH])[CH2][CH2][CH2][CH2][CH2][CH2][CH2][CH2][CH2][CH2][CH2][CH2][CH2][CH2][CH2][CH2][CH2][CH2][c]1[cH][cH][c]([OH])[cH][cH]1
8461,[CH3][C](=[CH][CH2][CH2][CH2][CH]([OH])[CH2][CH]([OH])[CH2][CH2][CH2][CH2][CH2][CH2][CH2][CH2][CH2][CH2][CH2][CH2][CH2][CH2][CH2][CH2][CH2][CH2][c]1[cH][cH][c]([OH])[cH][cH]1)[C](=[O])[CH]([CH3])[C](=[O])[OH]
8462,[CH3][CH2][CH2][CH2][CH2][CH2][CH2][CH2][CH2][CH2][CH2][CH2][CH2][CH2][CH2][CH2][CH2][CH2][CH2][CH2][CH2][CH]([OH])[CH2][CH]([OH])[CH2][CH2][CH2][CH]=[C]([CH3])[C](=[O])[CH]([CH3])[C](=[O])[OH]
8463,[CH3][CH2][CH2][CH2][CH2][CH2][CH2][CH2][CH2][CH2][CH2][CH2][CH2][CH2][CH2][CH2][CH2][CH2][CH2][CH]([OH])[CH2][CH]([OH])[CH2][CH2][CH2][CH]=[C]([CH3])[C](=[O])[CH]([CH3])[C](=[O])[OH]
8464,[CH3][CH2][CH]=[CH][CH2][CH]=[CH][CH2][CH]=[CH][CH2][CH2][CH2][CH2][CH2][CH2][CH2][C](=[O])[O][CH2][CH]([CH2][O][P](=[O])([OH])[O][CH2][CH]([OH])[CH2][OH])[O][C](=[O])[CH2][CH]=[CH][CH2][CH2][CH2][CH2][CH2][CH2][CH2][CH2][CH2][CH2][CH2][CH3]
8465,[CH3][CH2][CH2][CH2][CH2][CH2][CH2][CH2][CH]=[CH][CH2][CH2][CH2][CH2][CH2][CH2][CH2][C](=[O])[O][CH2][CH]([CH2][O][CH]1[O][CH]([CH2][OH])[CH]([OH])[CH]([OH])[CH]1[OH])[O][C](=[O])[CH2][CH2][CH2][CH2][CH2][CH]=[CH][CH2][CH2][CH2][CH2][CH2][CH2][CH2][CH3]
8466,[CH3][O][C](=[O])[c]1[cH][cH][c]([O][CH]2[O][CH]([CH3])[CH]([OH])[CH]([O][CH]3[O][CH]([CH3])[CH]([OH])[CH]([O][CH]4[O][CH]([CH3])[CH]([O][CH3])[CH]([OH])[CH]4[O][CH3])[CH]3[OH])[CH]2[O][CH3])[cH][cH]1
8467,[CH3][O][C](=[O])[c]1[cH][cH][c]([O][CH]2[O][CH]([CH3])[CH]([OH])[CH]([O][CH]3[O][CH]([CH3])[CH]([OH])[CH]([O][CH]4[O][CH]([CH3])[CH]([O][CH3])[CH]([O][CH3])[CH]4[O][CH3])[CH]3[OH])[CH]2[O][CH3])[cH][cH]1
8468,[CH3][O][C](=[O])[c]1[cH][cH][c]([O][CH]2[O][CH]([CH3])[CH]([OH])[CH]([O][CH]3[O][CH]([CH3])[CH]([OH])[CH]([O][CH]4[O][CH]([CH3])[CH]([OH])[CH]([OH])[CH]4[O][CH3])[CH]3[OH])[CH]2[O][CH3])[cH][cH]1
8469,[CH3][O][C](=[O])[c]1[cH][cH][c]([O][CH]2[O][CH]([CH3])[CH]([OH])[CH]([O][CH]3[O][CH]([CH3])[CH]([OH])[CH]([O][CH]4[O][CH]([CH3])[CH]([OH])[CH]([OH])[CH]4[OH])[CH]3[OH])[CH]2[O][CH3])[cH][cH]1
8470,[CH3][O][C](=[O])[c]1[cH][cH][c]([O][CH]2[O][CH]([CH3])[CH]([OH])[CH]([O][CH]3[O][CH]([CH3])[CH]([OH])[CH]([OH])[CH]3[OH])[CH]2[O][CH3])[cH][cH]1
8471,[CH3][O][C](=[O])[c]1[cH][cH][c]([O][CH]2[O][CH]([CH3])[CH]([OH])[CH]([OH])[CH]2[OH])[cH][cH]1
8472,[CH3][O][C](=[O])[c]1[cH][cH][c]([O][CH]2[O][CH]([CH3])[CH]([OH])[CH]([OH])[CH]2[O][CH3])[cH][cH]1
8473,[CH3][O][C](=[O])[c]1[cH][cH][c]([OH])[cH][cH]1
8474,[CH3][CH2][C](=[O])[CH]([CH3])[CH2][CH2][CH2][CH2][CH]([OH])[CH2][CH]([OH])[CH2][CH2][CH2][CH2][CH2][CH2][CH2][CH2][CH2][CH2][CH2][CH2][CH2][CH2][CH2][CH2][CH2][CH2][c]1[cH][cH][c]([OH])[cH][cH]1
8475,[CH3][CH2][CH]([OH])[CH]([CH3])[CH2][CH2][CH2][CH2][CH]([OH])[CH2][CH]([OH])[CH2][CH2][CH2][CH2][CH2][CH2][CH2][CH2][CH2][CH2][CH2][CH2][CH2][CH2][CH2][CH2][CH2][CH2][c]1[cH][cH][c]([OH])[cH][cH]1
8476,[CH3][CH2][CH]([O][CH3])[CH]([CH3])[CH2][CH2][CH2][CH2][CH]([OH])[CH2][CH]([OH])[CH2][CH2][CH2][CH2][CH2][CH2][CH2][CH2][CH2][CH2][CH2][CH2][CH2][CH2][CH2][CH2][CH2][CH2][c]1[cH][cH][c]([OH])[cH][cH]1
8477,[CH3][CH2][CH2][CH2][CH2][CH2][CH2][CH2][CH2][CH2][CH2][CH2][CH2][CH2][CH2][CH2][CH2][C](=[O])[O][CH]1[CH]([O][CH]2[O][CH]([CH2][OH])[CH]([OH])[CH]([OH])[CH]2[OH])[O][CH]([CH2][OH])[CH]([OH])[CH]1[OH]
8478,[CH3][CH2][CH2][CH2][CH2][CH2][CH2][CH2][CH2][CH2][CH2][CH2][CH2][CH2][CH2][C](=[O])[O][CH]1[CH]([O][CH]2[O][CH]([CH2][OH])[CH]([OH])[CH]([OH])[CH]2[O][S](=[O])(=[O])[OH])[O][CH]([CH2][OH])[CH]([OH])[CH]1[OH]
8479,[CH3][CH2][CH2][CH2][CH2][CH2][CH2][CH2][CH2][CH2][CH2][CH2][CH2][CH2][CH2][C](=[O])[O][P](=[O])([OH])[O][CH2][CH]1[O][CH]([n]2[cH][n][c]3[c]([NH2])[n][cH][n][c]32)[CH]([OH])[CH]1[OH]
8480,[CH3][CH2][CH2][CH2][CH2][CH2][CH2][CH2][CH2][CH2][CH2][CH2][CH2][CH2][CH2][CH2][CH2][C](=[O])[O][P](=[O])([OH])[O][CH2][CH]1[O][CH]([n]2[cH][n][c]3[c]([NH2])[n][cH][n][c]32)[CH]([OH])[CH]1[OH]
8481,[CH3][CH2][CH2][CH2][CH2][CH2][CH2][CH2][CH2][CH2][CH2][CH2][CH2][CH2][CH2][CH2][CH2][C](=[O])[O][CH]1[CH]([O][CH]2[O][CH]([CH2][OH])[CH]([OH])[CH]([OH])[CH]2[O][S](=[O])(=[O])[OH])[O][CH]([CH2][OH])[CH]([OH])[CH]1[OH]
8482,[CH3][N]=[C]([OH])[NH][CH]([C](=[O])[OH])[N]([CH3])[C]([OH])=[N][CH3]
8483,[CH3][C]([CH3])=[CH][CH2][CH2][C]([CH3])=[CH][CH2][CH2][C]([CH3])=[CH][CH2][C]1([OH])[C](=[O])[c]2[cH][cH][cH][cH][c]2[N+]([O-])=[C]1[CH3]
8484,[O]=[C]([CH]=[CH][CH]=[C]([OH])[C](=[O])[OH])[O][c]1[cH][cH][cH][cH][cH]1
8485,[O]=[C]([OH])[c]1[cH][cH][cH][c](=[O])[o]1
8486,[OH][CH]1[CH]=[CH][CH]=[C]([O][c]2[cH][cH][cH][cH][cH]2)[CH]1[OH]
8487,[cH]1[cH][cH][c]([O][c]2[cH][cH][cH][cH][cH]2)[cH][cH]1
8488,[OH][c]1[cH][cH][cH][c]([O][c]2[cH][cH][cH][cH][cH]2)[c]1[OH]
8489,[OH][CH]1[CH]=[C]([Br])[CH]=[C]([O][c]2[cH][cH][cH][cH][cH]2)[CH]1[OH]
8490,[Br][c]1[cH][cH][cH][c]([O][c]2[cH][cH][cH][cH][cH]2)[cH]1
8491,[OH][c]1[cH][c]([Br])[cH][c]([O][c]2[cH][cH][cH][cH][cH]2)[c]1[OH]
8492,[O]=[C]([CH]=[CH][CH]=[C]([OH])[C](=[O])[OH])[O][c]1[cH][cH][c]([Br])[cH][cH]1
8493,[O]=[C]1[CH2][CH2][C]([OH])=[C]1[N]=[C]([OH])[CH]=[CH][CH]=[CH][CH]=[CH][C]1([OH])[CH]=[C]([N]=[C]([OH])[CH]=[CH][CH]=[CH][CH]=[CH][CH]2[CH2][CH2][CH2][CH2][CH2]2)[C](=[O])[CH]2[O][CH]21
8494,[NH2][c]1[cH][c]([C](=[O])[O][P](=[O])([OH])[O][CH2][CH]2[O][CH]([n]3[cH][n][c]4[c]([NH2])[n][cH][n][c]43)[CH]([OH])[CH]2[OH])[cH][cH][c]1[OH]
8495,[O]=[C]1[CH]=[C]([CH2][O][P](=[O])([OH])[OH])[CH]([OH])[CH]([OH])[CH]1[OH]
8496,[OH][CH2][C]1=[CH][CH]([NH][CH]2[CH]=[C]([CH2][OH])[CH]([OH])[CH]([OH])[CH]2[OH])[CH]([OH])[CH]([OH])[CH]1[OH]
8497,[OH][CH2][C]1=[CH][CH]([NH][CH]2[CH]=[C]([CH2][OH])[CH]([OH])[CH]([O][CH]3[O][CH]([CH2][OH])[CH]([OH])[CH]([OH])[CH]3[OH])[CH]2[OH])[CH]([OH])[CH]([OH])[CH]1[OH]
8498,[CH3][CH]([CH2][CH2][C](=[O])[OH])[CH]1[CH2][CH2][CH]2[CH]3[CH2][CH2][CH]4[CH2][C](=[O])[CH2][CH2][C]4([CH3])[CH]3[CH2][CH]([OH])[C]12[CH3]
8499,[CH3][CH]([CH2][CH2][C](=[O])[OH])[CH]1[CH2][CH2][CH]2[CH]3[CH2][CH2][CH]4[CH2][CH]([OH])[CH2][CH2][C]4([CH3])[CH]3[CH2][CH]([OH])[C]12[CH3]