﻿substrate_ID,original_compound
11500,[CH3][CH]([CH3])[CH2][CH]([OH])[C](=[O])[OH]
11501,[CH3][CH2][C](=[O])[C](=[O])[CH2][CH3]
11502,[O]=[CH][CH]([OH])[CH]([OH])[CH2][OH]
11503,[CH3][CH2][C](=[O])[C]([CH3])=[O]
11504,[CH3][CH2][CH]([OH])[C]([CH3])=[O]
11505,[CH3][CH2][O][C](=[O])[CH2][CH]([OH])[CH2][Cl]
11506,[CH3][CH2][O][C](=[O])[CH2][C](=[O])[CH2][Cl]
11507,[CH3][CH2][O][C](=[O])[CH]([OH])[CH2][CH3]
11508,[CH3][CH2][O][C](=[O])[C](=[O])[CH2][CH3]
11509,[CH3][CH2][CH2][CH]([OH])[C](=[O])[OH]
11510,[CH3][O][C](=[O])[CH2][CH]([OH])[CH2][Cl]
11511,[CH3][O][C](=[O])[CH2][C](=[O])[CH2][Cl]
11512,[CH3][O][C](=[O])[CH]([Cl])[CH]([CH3])[OH]
11513,[CH3][O][C](=[O])[CH]([Cl])[C]([CH3])=[O]
11514,[CH3][c]1[cH][c]([OH])[c]([CH]([CH3])[CH3])[cH][c]1[C]1([c]2[cH][c]([CH]([CH3])[CH3])[c]([OH])[cH][c]2[CH3])[O][C](=[O])[c]2[cH][cH][cH][cH][c]21
11515,[CH3][c]1[cH][c]([OH])[c]([CH]([CH3])[CH3])[cH][c]1[C]1([c]2[cH][c]([CH]([CH3])[CH3])[c]([O][P](=[O])([OH])[OH])[cH][c]2[CH3])[O][C](=[O])[c]2[cH][cH][cH][cH][c]21
11516,[O]=[P]([OH])([OH])[O][c]1[cH][cH][cH][c]2[cH][cH][cH][cH][c]12
11517,[CH3][CH2][c]1[cH][cH][c]([O][S](=[O])(=[O])[OH])[cH][cH]1
11518,[CH3][CH2][CH2][S][C]([CH3])=[O]
11519,[CH3][CH2][CH2][SH]
11520,[CH3][CH2][C](=[O])[S][CH2][CH2][N+]([CH3])([CH3])[CH3]
11521,[O]=[C]([OH])[CH2][c]1[cH][cH][c]([N+](=[O])[O-])[cH][cH]1
11522,[O]=[C]([OH])[c]1[cH][c]([N]=[C]([OH])[CH2][c]2[cH][cH][cH][cH][cH]2)[cH][cH][c]1[N+](=[O])[O-]
11523,[NH2][c]1[cH][cH][c]([N+](=[O])[O-])[c]([C](=[O])[OH])[cH]1
11524,[NH]=[c]1[n][c]([OH])[c]2[n][cH][n]([CH2][O][CH2][CH2][O][P](=[O])([OH])[OH])[c]2[nH]1
11525,[CH3][CH2][CH]([CH3])[CH]([N]=[C]([CH3])[OH])[C](=[O])[OH]
11526,[CH3][CH2][CH]([CH3])[CH]([NH2])[C](=[O])[OH]
11527,[CH3][CH2][CH2][C](=[O])[S][CH2][CH2][N+]([CH3])([CH3])[CH3]
11528,[NH]=[c]1[nH][cH][cH][c]2[c]1[n][cH][n]2[CH]1[O][CH]([CH2][OH])[CH]([OH])[CH]1[OH]
11529,[NH]=[c]1[nH][cH][cH][c]2[c]1[n][cH][n]2[CH]1[O][CH]([CH2][S][CH2][CH2][CH]([NH2])[C](=[O])[OH])[CH]([OH])[CH]1[OH]
11530,[NH2][CH]([C](=[O])[OH])[c]1[cH][cH][cH][cH][cH]1
11531,[CH3][CH]1[CH2][CH2][CH2][C](=[O])[CH2]1
11532,[CH3][CH]1[CH2][CH2][CH2][CH]([OH])[CH2]1
11533,[NH2][CH2][CH2][c]1[cH][cH][c]([O][S](=[O])(=[O])[OH])[cH][cH]1
11534,[CH3][C]([OH])=[N][CH]([CH2][OH])[C](=[O])[OH]
11535,[CH3][C]([OH])=[N][CH]([CH2][c]1[cH][nH][c]2[cH][cH][cH][cH][c]12)[C](=[O])[OH]
11536,[CH3][CH]([CH3])[CH]([CH3])[OH]
11537,[CH3][C](=[O])[CH]([CH3])[CH3]
11538,[CH3][C](=[O])[N]1[CH2][CH2][CH2][CH]1[C](=[O])[OH]
11539,[CH3][CH2][CH]([OH])[CH2][CH3]
11540,[CH3][S][CH2][CH2][CH]([N]=[C]([OH])[CH]([NH2])[CH2][CH]([CH3])[CH3])[C](=[O])[OH]
11541,[CH3][C]1([CH3])[S][CH]2[CH]([N]=[C]([OH])[CH]([NH2])[c]3[cH][cH][c]([OH])[cH][cH]3)[C](=[O])[N]2[CH]1[C](=[O])[OH]
11542,[O]=[N+]([O-])[c]1[cH][cH][cH][c]([O][S](=[O])(=[O])[OH])[cH]1
11543,[CH3][O][C](=[O])[CH2][c]1[cH][cH][cH][cH][cH]1
11544,[NH2][CH]([CH2][c]1[cH][cH][cH][cH][cH]1)[C]([OH])=[N][CH]([CH2][c]1[cH][cH][cH][cH][cH]1)[C](=[O])[OH]
11545,[CH3][C]([OH])=[N][CH]([C](=[O])[OH])[CH]([CH3])[OH]
11546,[CH3][C]([OH])=[N][CH]([C](=[O])[OH])[CH]([CH3])[CH3]
11547,[CH3][CH]([NH2])[C]([OH])=[N][CH]([CH3])[C](=[O])[OH]
11548,[CH3][c]1[cH][n]([CH]2[CH2][CH]([OH])[CH]([CH2][O][P](=[O])([OH])[O][P](=[O])([OH])[O][CH]3[O][CH]([CH2][OH])[CH]([OH])[CH]([OH])[CH]3[OH])[O]2)[c](=[O])[n][c]1[OH]
11549,[CH3][C]([CH]=[CH][CH]=[C]([CH3])[CH]=[CH][C]1=[C]([CH3])[C](=[O])[CH2][CH2][C]1([CH3])[CH3])=[CH][CH]=[O]
11550,[CH3][C]([CH]=[CH][C]1=[C]([CH3])[C](=[O])[CH2][CH2][C]1([CH3])[CH3])=[CH][CH]=[CH][C]([CH3])=[CH][CH2][OH]
11551,[CH3][C]([CH]=[CH][CH]=[C]([CH3])[CH]=[CH][C]1=[C]([CH3])[CH]([OH])[CH2][CH2][C]1([CH3])[CH3])=[CH][CH]=[O]
11552,[OH][CH2][CH]1[O][CH]([OH])[CH]([OH])[CH]1[OH]
11553,[CH3][NH][CH]([CH2][C](=[O])[OH])[C](=[O])[OH]
11554,[CH3][CH2][CH2][CH]([OH])[C](=[O])[OH]
11555,[CH3][CH2][CH2][CH2][CH]([NH2])[C](=[O])[OH]
11556,[CH3][CH2][CH2][CH2][CH]([N]=[C]([OH])[CH]([CH3])[NH2])[C](=[O])[OH]
11557,[CH3][C]([OH])=[N][CH2][CH2][CH2][CH2][CH]([N]=[C]([CH3])[OH])[C]([OH])=[N][CH]([CH3])[C](=[O])[OH]
11558,[CH3][C]([OH])=[N][CH2][CH2][CH2][CH2][CH]([N]=[C]([CH3])[OH])[C]([OH])=[N][CH]([CH3])[C]([OH])=[N][CH]([CH3])[C](=[O])[OH]
11559,[NH2][CH]([CH2][S][CH2][CH2][OH])[C](=[O])[OH]
11560,[CH3][CH2][CH2][N+](=[O])[O-]
11561,[CH3][CH2][CH2][CH2][CH2][CH2][N+](=[O])[O-]
11562,[CH2]=[C]([CH3])[C]#[N]
11563,[CH2]=[C]([CH3])[C](=[NH])[OH]
11564,[CH3][C]([OH])=[N][CH]1[CH]([OH])[CH2][C]([O][c]2[cH][cH][c]3[c]([CH3])[cH][c](=[O])[o][c]3[cH]2)([C](=[O])[OH])[O][CH]1[CH]([OH])[CH]([OH])[CH2][OH]
11565,[NH2][CH]([CH2][c]1[cH][cH][c]([OH])[cH][cH]1)[C](=[O])[OH]
11566,[CH3][CH]([CH3])[CH2][CH]([NH2])[C](=[O])[OH]
11567,[NH]=[c]1[n][c]2[c]([cH][nH]1)[n][c]([Br])[n]2[CH]1[O][CH]([CH2][O][P](=[O])([OH])[O][P](=[O])([OH])[O][P](=[O])([OH])[OH])[CH]([OH])[CH]1[OH]
11568,[NH2][c]1[n][cH][n][c]2[c]1[n][c]([Br])[n]2[CH]1[O][CH]([CH2][O][P](=[O])([OH])[O][P](=[O])([OH])[OH])[CH]([OH])[CH]1[OH]
11569,[CH3][CH]([CH3])[CH2][CH]([NH2])[C]([OH])=[N][CH]([CH2][c]1[cH][cH][cH][cH][cH]1)[C](=[O])[OH]
11570,[CH3][C]([OH])=[N][CH]1[CH]([O][P](=[O])([OH])[O][P](=[O])([OH])[O][CH2][CH]2[O][CH]([n]3[cH][cH][c]([OH])[n][c]3=[O])[CH]([OH])[CH]2[OH])[O][CH]([CH2][OH])[CH]([OH])[CH]1[O][CH]([CH3])[C]([OH])=[N][CH]([CH3])[C]([OH])=[N][CH]([CH2][CH2][C]([OH])=[N][CH]([CH2][CH2][CH2][CH2][NH2])[C]([OH])=[N][CH]([CH3])[C]([OH])=[N][CH]([CH2][OH])[C](=[O])[OH])[C](=[O])[OH]
11571,[CH3][C]([OH])=[N][CH]1[CH]([O][P](=[O])([OH])[O][P](=[O])([OH])[O][CH2][CH]2[O][CH]([n]3[cH][cH][c]([OH])[n][c]3=[O])[CH]([OH])[CH]2[OH])[O][CH]([CH2][OH])[CH]([OH])[CH]1[O][CH]([CH3])[C]([OH])=[N][CH]([CH3])[C]([OH])=[N][CH]([CH2][CH2][C](=[O])[OH])[C]([OH])=[N][CH]([CH2][CH2][CH2][CH2][NH2])[C](=[O])[OH]
11572,[O]=[C]([OH])[CH2][c]1[cH][cH][cH][c]2[cH][cH][cH][cH][c]12
11573,[CH3][S][CH2][CH2][CH]([N]=[C]([OH])[CH2][CH2][C](=[O])[OH])[C](=[O])[OH]
11574,[NH2][CH2][CH2][CH2][CH2][CH]([NH2])[C]([OH])=[N][CH]([CH2][c]1[cH][cH][cH][cH][cH]1)[C](=[O])[OH]
11575,[O]=[C]([OH])[CH2][CH2][C]([OH])=[N][CH]([CH2][c]1[cH][n][cH][nH]1)[C](=[O])[OH]
11576,[NH]=[C]([NH2])[NH][CH2][CH2][CH2][CH]([NH2])[C]([OH])=[N][CH]([CH2][c]1[cH][cH][cH][cH][cH]1)[C](=[O])[OH]
11577,[NH2][CH]([CH2][c]1[cH][nH][c]2[cH][cH][c]([OH])[cH][c]12)[C](=[O])[OH]
11578,[CH3][C]([OH])=[N][CH]1[CH]([O][c]2[cH][cH][c]([N+](=[O])[O-])[cH][cH]2)[O][CH]([CH2][OH])[CH]([OH])[CH]1[OH]
11579,[CH3][CH2][CH]=[CH][CH2][CH]([CH]=[CH][CH]=[CH][CH2][CH2][CH2][CH2][CH2][CH2][CH2][C](=[O])[OH])[O][OH]
11580,[OH][CH2][CH]1[O][CH]([O][c]2[cH][cH][cH][cH][cH]2)[CH]([OH])[CH]([OH])[CH]1[OH]
11581,[CH3][CH]([CH3])[CH2][CH]([OH])[C](=[O])[OH]
11582,[OH][CH2][CH]1[O][C]([OH])([CH2][OH])[CH]([OH])[CH]1[OH]
11583,[O]=[C]([OH])[CH]1[O][CH]([O][c]2[cH][cH][c]([N+](=[O])[O-])[cH][cH]2)[CH]([OH])[CH]([OH])[CH]1[OH]
11584,[CH3][CH]([C](=[O])[OH])[c]1[cH][cH][cH][c]([C](=[O])[c]2[cH][cH][cH][cH][cH]2)[cH]1
11585,[CH3][CH]([C](=[O])[O][CH]1[O][CH]([C](=[O])[OH])[CH]([OH])[CH]([OH])[CH]1[OH])[c]1[cH][cH][cH][c]([C](=[O])[c]2[cH][cH][cH][cH][cH]2)[cH]1
11586,[CH3][c]1[cH][cH][c]([CH3])[c]([O][CH2][CH2][CH2][C]([CH3])([CH3])[C](=[O])[O][CH]2[O][CH]([C](=[O])[OH])[CH]([OH])[CH]([OH])[CH]2[OH])[cH]1
11587,[CH3][c]1[cH][cH][c]([CH3])[c]([O][CH2][CH2][CH2][C]([CH3])([CH3])[C](=[O])[OH])[cH]1
11588,[CH3][CH]([CH3])[CH]([OH])[C](=[O])[OH]
11589,[O]=[C]([OH])[CH]([OH])[c]1[cH][cH][cH][cH][cH]1
11590,[CH3][CH]([CH3])[CH2][CH]([NH2])[C]([OH])=[N][CH]([CH2][CH]([CH3])[CH3])[C]([OH])=[N][CH]([CH2][CH]([CH3])[CH3])[C](=[O])[OH]
11591,[CH3][O][c]1[cH][cH][c]2[cH][c]([CH]([CH3])[C](=[O])[OH])[cH][cH][c]2[cH]1
11592,[CH3][O][c]1[cH][cH][c]2[cH][c]([CH]([CH3])[C](=[O])[O][CH]3[O][CH]([C](=[O])[OH])[CH]([OH])[CH]([OH])[CH]3[OH])[cH][cH][c]2[cH]1
11593,[CH3][C]([CH3])=[CH][CH2][CH2][C]([CH3])=[CH][C](=[O])[OH]
11594,[CH3][CH]([CH3])[CH2][CH]([NH2])[C]([OH])=[N][CH]([CH3])[C](=[O])[OH]
11595,[CH3][CH]([CH3])[CH2][CH]([NH2])[C]([OH])=[N][CH]([CH2][CH]([CH3])[CH3])[C]([OH])=[N][CH]([CH3])[C](=[O])[OH]
11596,[CH3][CH2][CH2][CH2][Cl]
11597,[CH3][NH][CH2][CH2][CH2][N]1[c]2[cH][cH][cH][cH][c]2[CH2][CH2][c]2[cH][cH][cH][cH][c]21
11598,[CH3][N]([CH3])[CH2][CH2][CH2][N]1[c]2[cH][cH][cH][cH][c]2[CH2][CH2][c]2[cH][cH][cH][cH][c]21
11599,[CH3][n]1[cH][cH][cH][n]1
11600,[O]=[C]([OH])[C]1=[CH][CH]([OH])[CH]([OH])[CH]([O][CH]2[CH]([C](=[O])[OH])[O][CH]([OH])[CH]([OH])[CH]2[OH])[O]1
11601,[NH2][c]1[n][cH][n][c]2[c]1[n][cH][n]2[CH]1[O][CH]([CH2][O][P](=[O])([OH])[O][P](=[O])([O][CH2][CH]2[O][CH]([n]3[cH][n][c]4[c]([NH2])[n][cH][n][c]43)[CH]([OH])[CH]2[OH])[O][P](=[O])([OH])[OH])[CH]([OH])[CH]1[OH]
11602,[NH2][CH]([CH2][CH2][C](=[O])[OH])[C](=[O])[O][P](=[O])([OH])[OH]
11603,[NH2][CH]([C](=[O])[OH])[C](=[O])[CH2][CH2][C](=[O])[OH]
11604,[CH3][CH]([CH3])[CH2][CH2][CH2][CH]([CH3])[CH]1[CH2][CH2][CH]2[CH]3[CH2][CH]4[O][C]45[CH2][CH]([OH])[CH2][CH2][C]5([CH3])[CH]3[CH2][CH2][C]12[CH3]
11605,[O]=[C]([OH])[CH2][CH]([OH])[CH]([OH])[C](=[O])[CH2][O][P](=[O])([OH])[OH]
11606,[O]=[C]1[O][CH2][CH]([OH])[CH]([OH])[CH]1[OH]
11607,[CH3][CH]([C](=[O])[C](=[O])[OH])[c]1[cH][nH][c]2[cH][cH][cH][cH][c]12
11608,[O]=[C]([OH])[C]1=[CH][CH]([OH])[CH]([OH])[C](=[O])[CH2]1
11609,[CH3][O][c]1[cH][cH][c]2[c]([cH]1)[O][CH]1[c]3[cH][cH][c]([OH])[cH][c]3[O][CH2][CH]21
11610,[CH2]=[CH][CH3]
11611,[O]=[C]([OH])[CH]([OH])[CH2][c]1[cH][nH][c]2[cH][c]([OH])[cH][cH][c]12
11612,[CH3][CH]=[C]([CH3])[C](=[O])[O][CH]1[CH2][CH2][N]2[CH2][CH]3[CH2][CH]([CH2][N]4[C](=[O])[CH2][CH2][CH2][CH]34)[CH]2[CH2]1
11613,[O]=[C]1[CH2][CH2][CH2][CH]2[CH]3[CH2][CH]([CH2][N]12)[CH]1[CH2][CH]([OH])[CH2][CH2][N]1[CH2]3
11614,[O]=[C]([OH])[CH2][C]1([Cl])[CH]=[CH][C](=[O])[O]1
11615,[CH3][CH2][CH2][CH2][CH2][CH]1[O][C]1=[CH][CH]=[CH][CH2][CH2][CH2][CH2][CH2][CH2][CH2][C](=[O])[OH]
11616,[CH3][C]([OH])=[N][CH]1[CH]([O][CH2][CH]([NH2])[C](=[O])[OH])[O][CH]([CH2][OH])[CH]([OH])[CH]1[O][CH]1[O][CH]([CH2][OH])[CH]([OH])[CH]([OH])[CH]1[OH]
11617,[CH3][CH2][C]([OH])([C]([CH3])=[O])[C](=[O])[OH]
11618,[CH3][CH]1[O][CH]([O][P](=[O])([OH])[O][P](=[O])([OH])[O][CH2][CH]2[O][CH]([n]3[cH][n][c]4[c]([OH])[n][c](=[NH])[nH][c]43)[CH]([OH])[CH]2[OH])[CH]([OH])[CH]([OH])[C]1=[O]
11619,[CH3][CH]1[O][CH]([O][P](=[O])([OH])[O][P](=[O])([OH])[O][CH2][CH]2[O][CH]([n]3[cH][n][c]4[c]([OH])[n][c](=[NH])[nH][c]43)[CH]([OH])[CH]2[OH])[CH]([OH])[CH]([OH])[CH]1[OH]
11620,[CH3][C]12[CH2][C](=[O])[CH]3[CH]([CH2][CH2][CH]4[CH2][CH]([OH])[CH2][CH2][C]43[CH3])[CH]1[CH2][CH2][CH]2[CH]([OH])[CH2][OH]
11621,[CH3][C](=[O])[O][CH2][CH2][CH]([NH2])[C](=[O])[OH]
11622,[CH3][CH2][C]([CH3])([OH])[CH]([OH])[C](=[O])[OH]
11623,[O]=[P]([OH])([OH])[O][CH2][CH]1[O][C]([OH])([CH2][OH])[CH]([OH])[CH]1[OH]
11624,[CH3][C](=[O])[CH]=[CH][CH]=[C]([CH3])[CH]=[O]
11625,[O]=[C]1[CH2][c]2[cH][cH][cH][cH][c]2[CH2][O]1
11626,[CH3][C]1=[C]2[N]=[C]([CH]=[C]3[N]=[C]([C]([CH3])=[C]4[NH][C]([CH3])([CH]5[N]=[C]1[C]([CH3])([CH2][CH2][C](=[O])[OH])[CH]5[CH2][C](=[O])[OH])[C]([CH3])([CH2][C](=[O])[OH])[CH]4[CH2][CH2][C](=[O])[OH])[C]([CH3])([CH2][C](=[O])[OH])[CH]3[CH2][CH2][C](=[O])[OH])[C]([CH3])([CH3])[CH]2[CH2][CH2][C](=[O])[OH]
11627,[CH2]=[CH][c]1[c]([CH3])[c]2[cH][c]3[nH][c]([cH][c]4[n][c]([cH][c]5[n][c]([cH][c]1[nH]2)[C]([CH3])=[C]5[CH]([OH])[CH2][C](=[O])[O][CH3])[C]([CH2][CH2][C](=[O])[OH])=[C]4[CH3])[c]([CH3])[c]3[CH]=[CH2]
11628,[CH2]=[CH][c]1[c]([CH3])[c]2[cH][c]3[nH][c]([cH][c]4[n][c]([cH][c]5[n][c]([cH][c]1[nH]2)[C]([CH3])=[C]5[C](=[O])[CH2][C](=[O])[O][CH3])[C]([CH2][CH2][C](=[O])[OH])=[C]4[CH3])[c]([CH3])[c]3[CH]=[CH2]
11629,[CH3][c]1[cH][n]([CH]2[CH2][CH]([OH])[CH]([CH2][O][P](=[O])([OH])[O][P](=[O])([OH])[O][CH]3[CH]=[C]([OH])[C](=[O])[CH]([CH3])[O]3)[O]2)[c](=[O])[n][c]1[OH]
11630,[CH3][c]1[cH][n]([CH]2[CH2][CH]([OH])[CH]([CH2][O][P](=[O])([OH])[O][P](=[O])([OH])[O][CH]3[CH2][C](=[O])[CH]([OH])[CH]([CH3])[O]3)[O]2)[c](=[O])[n][c]1[OH]
11631,[CH3][CH]1[O][CH]([O][CH]2[CH]([O][CH]3[CH]([OH])[O][CH]([C](=[O])[OH])[CH]([OH])[CH]3[OH])[O][CH]([CH2][OH])[CH]([OH])[CH]2[OH])[CH]([OH])[CH]([OH])[CH]1[OH]
11632,[CH3][O][c]1[cH][c](-[c]2[o+][c]3[cH][c]([OH])[cH][c]([OH])[c]3[cH][c]2[O][CH]2[O][CH]([CH2][OH])[CH]([OH])[CH]([OH])[CH]2[OH])[cH][c]([O][CH3])[c]1[OH]
11633,[CH3][C]1([OH])[CH2][CH]([OH])[CH2][c]2[cH][c]3[c]([c]([OH])[c]21)[C](=[O])[c]1[c]([OH])[cH][c]([OH])[cH][c]1[C]3=[O]
11634,[CH3][c]1[cH][c]([OH])[cH][c]2[cH][c]3[c]([c]([OH])[c]12)[C](=[O])[c]1[c]([OH])[cH][c]([OH])[cH][c]1[CH2]3
11635,[CH3][c]1[cH][c]([OH])[cH][c]2[cH][c]3[c]([c]([OH])[c]12)[C](=[O])[c]1[c]([OH])[cH][c]([OH])[cH][c]1[C]3=[O]
11636,[CH3][O][c]1[cH][c]([OH])[c]2[c]([cH]1)[C](=[O])[c]1[cH][c]3[cH][c]([OH])[cH][c]([CH3])[c]3[c]([OH])[c]1[C]2=[O]
11637,[CH3][c]1[c]([C](=[O])[OH])[cH][nH][c]1[C]([OH])=[N][c]1[c]([OH])[c]2[cH][cH][c]([OH])[c]([CH3])[c]2[o][c]1=[O]
11638,[CH3][C]([OH])=[N][CH]([CH2][CH2][CH2][C](=[O])[O][P](=[O])([OH])[OH])[C](=[O])[OH]
11639,[CH3][C]([OH])=[N][CH]([CH2][CH2][CH2][CH]=[O])[C](=[O])[OH]
11640,[CH3][C]([C](=[O])[OH])([c]1[cH][cH][c]([OH])[cH][cH]1)[c]1[cH][cH][c]([OH])[cH][cH]1
11641,[cH]1[cH][cH][c]2[c]([cH]1)[CH2][CH2][CH2][CH2]2
11642,[CH3][C]([CH3])=[CH][CH2][CH2][C]([CH3])=[CH][CH2][C]1=[CH][C](=[O])[c]2[cH][cH][cH][cH][c]2[C]1=[O]
11643,[CH3][C]([CH3])=[CH][CH2][CH2][C]([CH3])=[CH][CH2][C]1=[C]([CH3])[C](=[O])[c]2[cH][cH][cH][cH][c]2[C]1=[O]
11644,[CH3][CH]([NH2])[C](=[O])[O][CH]([CH2][OH])[CH2][O][P](=[O])([OH])[OH]
11645,[CH3][CH]([NH2])[C]([OH])=[N][CH]([CH3])[C](=[O])[O][CH]([CH2][OH])[CH2][O][P](=[O])([OH])[OH]
11646,[CH3][C]([CH3])=[CH][CH2][CH2][C]([CH3])=[CH][CH2][CH2][C]([CH3])=[CH][CH2][CH2][C]([CH3])=[CH][CH2][CH2][CH]([CH3])[CH2][CH2][O][P](=[O])([OH])[O][P](=[O])([OH])[O][CH]1[O][CH]([CH2][OH])[CH]([O][CH]2[O][CH]([CH2][OH])[CH]([O][CH]3[O][CH]([CH2][OH])[CH]([OH])[CH]([O][CH]4[O][CH]([CH2][OH])[CH]([OH])[CH]([OH])[CH]4[OH])[CH]3[OH])[CH]([OH])[CH]2[N]=[C]([CH3])[OH])[CH]([OH])[CH]1[N]=[C]([CH3])[OH]
11647,[CH3][C]([CH3])=[CH][CH2][CH2][C]([CH3])=[CH][CH2][CH2][C]([CH3])=[CH][CH2][CH2][C]([CH3])=[CH][CH2][CH2][CH]([CH3])[CH2][CH2][O][P](=[O])([OH])[O][P](=[O])([OH])[O][CH]1[O][CH]([CH2][OH])[CH]([O][CH]2[O][CH]([CH2][OH])[CH]([O][CH]3[O][CH]([CH2][OH])[CH]([OH])[CH]([OH])[CH]3[OH])[CH]([OH])[CH]2[N]=[C]([CH3])[OH])[CH]([OH])[CH]1[N]=[C]([CH3])[OH]
11648,[NH]=[c]1[n][c]([OH])[c]2[c]([nH]1)[NH][CH2][CH]([CH2][N]([CH]=[O])[c]1[cH][cH][c]([C](=[O])[NH][CH]([CH2][CH2][C]([OH])=[N][CH]([CH2][CH2][C]([OH])=[N][CH]([CH2][CH2][C](=[O])[OH])[C](=[O])[OH])[C](=[O])[OH])[C](=[O])[OH])[cH][cH]1)[NH]2
11649,[NH]=[c]1[n][c]([OH])[c]2[c]([nH]1)[NH][CH2][CH]([CH2][N]([CH]=[O])[c]1[cH][cH][c]([C](=[O])[NH][CH]([CH2][CH2][C]([OH])=[N][CH]([CH2][CH2][C](=[O])[OH])[C](=[O])[OH])[C](=[O])[OH])[cH][cH]1)[NH]2
11650,[CH3][C]1=[C]2[N]=[C]([CH]=[C]3[N]=[C]([C]([CH3])=[C]4[NH][C]([CH3])([CH]5[N]=[C]1[C]([CH3])([CH2][CH2][C](=[O])[OH])[CH]5[CH2][C](=[O])[OH])[C]([CH3])([CH2][C](=[NH])[OH])[CH]4[CH2][CH2][C](=[O])[OH])[C]([CH3])([CH2][C](=[NH])[OH])[CH]3[CH2][CH2][C](=[O])[OH])[C]([CH3])([CH3])[CH]2[CH2][CH2][C](=[O])[OH]
11651,[CH3][n]1[c]([OH])[n][c]2[nH][cH][n][c]2[c]1=[O]
11652,[NH]=[c]1[n][c]([OH])[c]2[n][cH][n]([CH]3[O][CH]([CH2][O][P](=[O])([OH])[O][P](=[O])([OH])[O][P](=[O])([OH])[O][P](=[O])([OH])[O][CH2][CH]4[O][CH]([n]5[cH][n][c]6[c]([NH2])[n][cH][n][c]65)[CH]([OH])[CH]4[OH])[CH]([OH])[CH]3[OH])[c]2[nH]1
11653,[O]=[C]([OH])[CH]1[CH2][C]([OH])=[N][C]([OH])=[N]1
11654,[CH3][CH]([CH]=[O])[C](=[O])[OH]
11655,[CH3][C]([CH3])([CH2][OH])[CH]([OH])[C]([OH])=[N][CH2][CH2][CH2][OH]
11656,[CH2]=[CH][c]1[c]([CH3])[c]2[cH][c]3[n][c]([c]4[c]5[n][c]([cH][c]6[nH][c]([cH][c]1[nH]2)[c]([CH2][OH])[c]6[CH2][CH3])[C]([CH3])=[C]5[C](=[O])[CH]4[C](=[O])[O][CH3])[CH]([CH2][CH2][C](=[O])[OH])[CH]3[CH3]
11657,[CH3][CH2][O][C](=[O])[c]1[cH][cH][cH][cH][c]1[OH]
11658,[CH3][O][C]1=[CH][C](=[O])[CH]=[C]([CH2][CH]=[C]([CH3])[CH2][CH2][CH]=[C]([CH3])[CH2][CH2][CH]=[C]([CH3])[CH2][CH2][CH]=[C]([CH3])[CH2][CH2][CH]=[C]([CH3])[CH2][CH2][CH]=[C]([CH3])[CH2][CH2][CH]=[C]([CH3])[CH2][CH2][CH]=[C]([CH3])[CH2][CH2][CH]=[C]([CH3])[CH3])[C]1=[O]
11659,[CH3][O][C]1=[CH][C](=[O])[C]([CH3])=[C]([CH2][CH]=[C]([CH3])[CH2][CH2][CH]=[C]([CH3])[CH2][CH2][CH]=[C]([CH3])[CH2][CH2][CH]=[C]([CH3])[CH2][CH2][CH]=[C]([CH3])[CH2][CH2][CH]=[C]([CH3])[CH2][CH2][CH]=[C]([CH3])[CH2][CH2][CH]=[C]([CH3])[CH2][CH2][CH]=[C]([CH3])[CH3])[C]1=[O]
11660,[NH]=[C]([OH])[c]1[cH][cH][cH][c]2[n][c]3[cH][cH][cH][cH][c]3[n][c]12
11661,[CH3][CH2][CH2][CH2][CH2][CH2][CH2][CH]([CH2][C](=[O])[OH])[O][C](=[O])[CH2][CH]([CH2][CH2][CH2][CH2][CH2][CH2][CH3])[O][CH]1[O][CH]([CH3])[CH]([OH])[CH]([OH])[CH]1[OH]
11662,[CH3][CH2][CH2][CH2][CH2][CH2][CH2][CH]([OH])[CH2][C](=[O])[O][CH]([CH2][CH2][CH2][CH2][CH2][CH2][CH3])[CH2][C](=[O])[OH]
11663,[NH]=[c]1[n][c]([OH])[c]2[c]([nH]1)[NH][CH2][CH]([CH2][N]([CH]=[O])[c]1[cH][cH][c]([C](=[O])[NH][CH]([CH2][CH2][C]([OH])=[N][CH]([CH2][CH2][C](=[O])[OH])[C](=[O])[OH])[C](=[O])[OH])[cH][cH]1)[NH]2
11664,[O]=[P]([OH])([OH])[O][CH]1[CH2][CH]([OH])[CH]([CH2][OH])[O]1
11665,[O]=[C]1[CH2][CH]([OH])[CH]([OH])[CH]([OH])[C]1=[O]
11666,[O]=[C]([OH])[C]([OH])=[CH][c]1[cH][cH][c]([OH])[cH][cH]1
11667,[CH3][CH]([CH2][OH])[C](=[O])[S][CH2][CH2][N]=[C]([OH])[CH2][CH2][N]=[C]([OH])[CH]([OH])[C]([CH3])([CH3])[CH2][O][P](=[O])([OH])[O][P](=[O])([OH])[O][CH2][CH]1[O][CH]([n]2[cH][n][c]3[c]([NH2])[n][cH][n][c]32)[CH]([OH])[CH]1[O][P](=[O])([OH])[OH]
11668,[O]=[C]([OH])[CH2][c]1[cH][cH][c]([OH])[cH][cH]1
11669,[CH3][CH]([CH3])[CH2][CH]=[O]
11670,[CH3][C]([CH3])=[CH][CH2][CH2][CH]([CH3])[CH]1[CH2][CH2][CH]2[C]3=[C]([CH2][CH2][C]21[CH3])[C]1([CH3])[CH2][CH2][CH]([OH])[CH]([CH3])[CH]1[CH2][CH2]3
11671,[CH3][CH]=[CH][CH]=[C]([OH])[C](=[O])[OH]
11672,[O]=[C]([OH])[CH2][CH]([CH]=[CH][C](=[O])[C](=[O])[OH])[C](=[O])[OH]
11673,[NH]=[C]1[N]=[C]([OH])[CH]2[N]=[C]([CH]([OH])[CH]([OH])[CH2][O][P](=[O])([OH])[O][P](=[O])([OH])[O][P](=[O])([OH])[OH])[CH2][NH][CH]2[NH]1
11674,[OH][CH2][CH]1[O][CH]([O][CH]2[O][CH]([CH2][OH])[CH]([OH])[CH]([OH])[CH]2[OH])[CH]([OH])[CH]([OH])[CH]1[OH]
11675,[O]=[C]([CH2][OH])[CH]([OH])[CH]([OH])[CH2][OH]
11676,[CH3][C]([OH])=[N][CH]1[CH]([O][P](=[O])([OH])[OH])[O][CH]([CH2][OH])[CH]([OH])[CH]1[OH]
11677,[CH3][C]([OH])=[N][CH]1[CH]([O][P](=[O])([OH])[O][P](=[O])([OH])[O][CH2][CH]2[O][CH]([n]3[cH][cH][c]([OH])[n][c]3=[O])[CH]([OH])[CH]2[OH])[O][CH]([C](=[O])[OH])[CH]([OH])[CH]1[OH]
11678,[CH3][C]([CH3])([CH2][O][P](=[O])([OH])[OH])[CH]([OH])[C]([OH])=[N][CH2][CH2][C]([OH])=[N][CH2][CH2][SH]
11679,[CH3][CH]([OH])[CH2][NH2]
11680,[NH2][CH]([CH2][CH2][SH])[C](=[O])[OH]
11681,[O]=[P]([OH])([OH])[O][CH2][CH]1[O][C]([OH])([CH2][OH])[CH]([OH])[CH]1[OH]
11682,[O]=[C]([OH])[C](=[O])[CH2][CH]([OH])[CH]([OH])[CH2][OH]
11683,[O]=[CH][CH]([OH])[CH]([OH])[CH]([OH])[CH]([OH])[CH2][O][P](=[O])([OH])[OH]
11684,[O]=[CH][CH]([OH])[CH]([OH])[CH]([O][CH]1[O][CH]([CH2][OH])[CH]([O][CH]2[O][CH]([CH2][OH])[CH]([OH])[CH]([OH])[CH]2[OH])[CH]([OH])[CH]1[OH])[CH]([OH])[CH2][OH]
11685,[O]=[CH][CH]([OH])[CH]([OH])[CH]([O][CH]1[O][CH]([CH2][OH])[CH]([O][CH]2[O][CH]([CH2][OH])[CH]([O][CH]3[O][CH]([CH2][OH])[CH]([O][CH]4[O][CH]([CH2][OH])[CH]([OH])[CH]([OH])[CH]4[OH])[CH]([OH])[CH]3[OH])[CH]([OH])[CH]2[OH])[CH]([OH])[CH]1[OH])[CH]([OH])[CH2][OH]
11686,[O]=[CH][CH]([OH])[CH]([OH])[CH]([O][CH]1[O][CH]([CH2][OH])[CH]([O][CH]2[O][CH]([CH2][OH])[CH]([O][CH]3[O][CH]([CH2][OH])[CH]([O][CH]4[O][CH]([CH2][OH])[CH]([O][CH]5[O][CH]([CH2][OH])[CH]([OH])[CH]([OH])[CH]5[OH])[CH]([OH])[CH]4[OH])[CH]([OH])[CH]3[OH])[CH]([OH])[CH]2[OH])[CH]([OH])[CH]1[OH])[CH]([OH])[CH2][OH]
11687,[O]=[C]([OH])[C]1=[N][CH]([C](=[O])[OH])[CH2][CH2][CH2]1
11688,[NH]=[C]([NH][CH2][CH2][CH2][CH]([NH2])[C](=[O])[OH])[NH][CH]([CH2][C](=[O])[OH])[C](=[O])[OH]
11689,[O]=[C]1[O][CH]([CH]([OH])[CH2][O][P](=[O])([OH])[OH])[C]([OH])=[C]1[OH]
11690,[NH2][c]1[n][cH][n][c]2[c]1[n][cH][n]2[CH]1[O][CH]([CH2][O][P](=[O])([OH])[O][C](=[O])[CH2][CH2][CH2][CH2][CH]2[S][CH2][CH]3[N]=[C]([OH])[NH][CH]32)[CH]([OH])[CH]1[OH]
11691,[O]=[P]([OH])([OH])[O][CH2][CH]1[O][C]([OH])([CH2][O][P](=[O])([OH])[OH])[CH]([OH])[CH]1[OH]
11692,[O]=[P]([OH])([OH])[O][CH2][CH]1[O][CH]([O][C]2([CH2][OH])[O][CH]([CH2][OH])[CH]([OH])[CH]2[OH])[CH]([OH])[CH]([OH])[CH]1[OH]
11693,[CH3][C]([CH3])([CH2][O][P](=[O])([OH])[O][P](=[O])([OH])[O][CH2][CH]1[O][CH]([n]2[cH][n][c]3[c]([NH2])[n][cH][n][c]32)[CH]([OH])[CH]1[O][P](=[O])([OH])[OH])[CH]([OH])[C]([OH])=[N][CH2][CH2][C]([OH])=[N][CH2][CH2][S][C](=[O])[CH]([CH2][C](=[O])[OH])[CH2][c]1[cH][cH][cH][cH][cH]1
11694,[CH3][C]([CH]=[CH][CH]=[C]([CH3])[CH]=[CH][C]1=[C]([CH3])[CH2][CH]([OH])[CH2][C]1([CH3])[CH3])=[CH][CH]=[CH][CH]=[C]([CH3])[CH]=[CH][CH]=[C]([CH3])[CH]=[CH][CH]1[C]([CH3])=[CH][CH2][CH2][C]1([CH3])[CH3]
11695,[NH2][CH2][CH]([NH2])[C](=[O])[OH]
11696,[O]=[C]([OH])[CH2][CH2][CH]([OH])[CH]=[C]([OH])[C](=[O])[OH]
11697,[NH]=[c]1[n][c]([OH])[c]2[c]([nH]1)[NH][CH2][C]([CH2][NH][c]1[cH][cH][c]([C](=[O])[OH])[cH][cH]1)=[N]2
11698,[CH3][CH]([OH])[CH]([OH])[CH]1[CH2][NH][c]2[nH][c](=[NH])[n][c]([OH])[c]2[NH]1
11699,[NH]=[c]1[n][c]([OH])[c]2[c]([nH]1)[NH][CH2][C]([CH]([OH])[CH]([OH])[CH2][O][P](=[O])([OH])[O][P](=[O])([OH])[O][P](=[O])([OH])[OH])=[N]2
11700,[CH3][c]1[cH][n]([CH]2[O][CH]([CH2][O][P](=[O])([OH])[O][P](=[O])([OH])[OH])[CH]([OH])[CH]2[OH])[c](=[O])[n][c]1[OH]
11701,[CH3][c]1[cH][n]([CH]2[O][CH]([CH2][O][P](=[O])([OH])[O][P](=[O])([OH])[O][P](=[O])([OH])[OH])[CH]([OH])[CH]2[OH])[c](=[O])[n][c]1[OH]
11702,[CH3][CH]1[O][CH]([O][P](=[O])([OH])[O][P](=[O])([OH])[O][CH2][CH]2[O][CH]([n]3[cH][n][c]4[c]([OH])[n][c](=[NH])[nH][c]43)[CH]([OH])[CH]2[OH])[CH]([OH])[CH]([OH])[CH]1[OH]
11703,[CH3][CH]1[O][CH]([O][P](=[O])([OH])[OH])[CH]([OH])[CH]([OH])[CH]1[OH]
11704,[CH3][CH2][CH2][CH2][CH2][CH2][CH]=[CH][CH2][CH2][CH2][CH2][CH2][CH2][CH2][CH2][CH2][C](=[O])[S][CH2][CH2][N]=[C]([OH])[CH2][CH2][N]=[C]([OH])[CH]([OH])[C]([CH3])([CH3])[CH2][O][P](=[O])([OH])[O][P](=[O])([OH])[O][CH2][CH]1[O][CH]([n]2[cH][n][c]3[c]([NH2])[n][cH][n][c]32)[CH]([OH])[CH]1[O][P](=[O])([OH])[OH]
11705,[O]=[C]([CH2][OH])[CH]([OH])[CH]([OH])[CH]([OH])[CH2][OH]
11706,[NH]=[c]1[n][c]([OH])[c]2[c]([nH]1)[NH][CH2][C]([CH2][O][P](=[O])([OH])[O][P](=[O])([OH])[OH])=[N]2
11707,[OH][CH2][CH]1[O][CH]([O][CH2][CH]2[O][CH]([OH])[CH]([OH])[CH]([OH])[CH]2[OH])[CH]([OH])[CH]([OH])[CH]1[OH]
11708,[O]=[c]1[n][c]([OH])[cH][cH][n]1[CH]1[O][CH]([CH2][O][P](=[O])([OH])[O][P](=[O])([OH])[O][CH]2[O][CH]([CH2][OH])[CH]([OH])[CH]([OH])[CH]2[OH])[CH]([OH])[CH]1[OH]
11709,[O]=[P]([OH])([OH])[O][CH]1[O][CH]([CH2][OH])[CH]([OH])[CH]([OH])[CH]1[OH]
11710,[O]=[P]([OH])([OH])[O][CH]1[O][CH]([CH]([OH])[CH2][OH])[CH]([OH])[CH]([OH])[CH]1[OH]
11711,[CH3][CH]1[O][CH]([O][P](=[O])([OH])[O][P](=[O])([OH])[O][CH2][CH]2[O][CH]([n]3[cH][n][c]4[c]([OH])[n][c](=[NH])[nH][c]43)[CH]([OH])[CH]2[OH])[CH]([OH])[CH]([OH])[C]1=[O]
11712,[O]=[C]([OH])[CH]1[O][CH]([O][P](=[O])([OH])[OH])[CH]([OH])[CH]([OH])[CH]1[OH]
11713,[O]=[C]([OH])[CH2][CH2][CH]([C](=[O])[OH])[CH]([OH])[C](=[O])[OH]
11714,[NH2][CH2][CH]([OH])[CH2][CH2][CH]([NH2])[C](=[O])[OH]
11715,[CH3][C]12[CH2][CH2][CH]3[c]4[cH][cH][c]([OH])[cH][c]4[CH2][CH2][CH]3[CH]1[CH2][CH2][CH]2[OH]
11716,[NH2][c]1[n][cH][n][c]2[c]1[n][cH][n]2[CH]1[O][CH]([CH2][O][P](=[O])([OH])[O][C](=[O])[CH2][CH2][CH2][CH2][CH]2[CH2][CH2][S][S]2)[CH]([OH])[CH]1[OH]
11717,[CH3][CH]([C](=[O])[OH])[C]([OH])([CH2][C](=[O])[OH])[C](=[O])[OH]
11718,[CH3][S](=[O])[CH2][CH2][CH]([NH2])[C](=[O])[OH]
11719,[CH3][S][CH2][CH]1[O][CH]([OH])[CH]([OH])[CH]1[OH]
11720,[CH3][C](=[O])[O][CH]1[CH]([O][CH]2[CH]([OH])[CH]([CH2][O][CH]3[O][CH]([CH2][OH])[CH]([OH])[CH]([OH])[CH]3[OH])[O][CH]([O][CH]3[CH]([O][CH2][CH]4[O][CH]([O][CH]5[CH]([OH])[CH]([CH3])[O][CH]([O][CH]6[CH]([OH])[CH]([CH2][O][CH]7[O][CH]([CH2][OH])[CH]([OH])[CH]([OH])[CH]7[OH])[O][CH]([O][CH]7[CH]([O][CH2][CH]8[O][CH]([O][CH]9[CH]([OH])[CH]([CH3])[O][CH]([O][CH]%10[CH]([OH])[CH]([CH2][O][CH]%11[O][CH]([CH2][OH])[CH]([OH])[CH]([OH])[CH]%11[OH])[O][CH]([O][P](=[O])([OH])[O][P](=[O])([OH])[O][CH2][CH]=[C]([CH3])[CH2][CH2][CH]=[C]([CH3])[CH2][CH2][CH]=[C]([CH3])[CH2][CH2][CH]=[C]([CH3])[CH2][CH2][CH]=[C]([CH3])[CH2][CH2][CH]=[C]([CH3])[CH2][CH2][CH]=[C]([CH3])[CH2][CH2][CH]=[C]([CH3])[CH2][CH2][CH]=[C]([CH3])[CH2][CH2][CH]=[C]([CH3])[CH2][CH2][CH]=[C]([CH3])[CH3])[CH]%10[N]=[C]([CH3])[OH])[CH]9[O][C]([CH3])=[O])[CH]([OH])[CH]([OH])[CH]8[OH])[O][CH]([CH]([OH])[CH2][OH])[CH]7[OH])[CH]6[N]=[C]([CH3])[OH])[CH]5[O][C]([CH3])=[O])[CH]([OH])[CH]([OH])[CH]4[OH])[O][CH]([CH]([OH])[CH2][OH])[CH]3[OH])[CH]2[N]=[C]([CH3])[OH])[O][CH]([CH3])[CH]([OH])[CH]1[O][CH]1[O][CH]([CH2][O][CH]2[O][CH]([CH]([OH])[CH2][OH])[CH]([OH])[CH]2[OH])[CH]([OH])[CH]([OH])[CH]1[OH]
11721,[CH3][C](=[O])[O][CH]1[CH]([O][CH]2[CH]([OH])[CH]([CH2][O][CH]3[O][CH]([CH2][OH])[CH]([OH])[CH]([OH])[CH]3[OH])[O][CH]([O][CH]3[CH]([O][CH2][CH]4[O][CH]([O][CH]5[CH]([OH])[CH]([CH3])[O][CH]([O][CH]6[CH]([OH])[CH]([CH2][O][CH]7[O][CH]([CH2][OH])[CH]([OH])[CH]([OH])[CH]7[OH])[O][CH]([O][CH]7[CH]([O][CH2][CH]8[O][CH]([O][CH]9[CH]([OH])[CH]([CH3])[O][CH]([O][CH]%10[CH]([OH])[CH]([CH2][O][CH]%11[O][CH]([CH2][OH])[CH]([OH])[CH]([OH])[CH]%11[OH])[O][CH]([O][CH]%11[CH]([O][CH2][CH]%12[O][CH]([O][CH]%13[CH]([OH])[CH]([CH3])[O][CH]([O][CH]%14[CH]([OH])[CH]([CH2][O][CH]%15[O][CH]([CH2][OH])[CH]([OH])[CH]([OH])[CH]%15[OH])[O][CH]([O][P](=[O])([OH])[O][P](=[O])([OH])[O][CH2][CH]=[C]([CH3])[CH2][CH2][CH]=[C]([CH3])[CH2][CH2][CH]=[C]([CH3])[CH2][CH2][CH]=[C]([CH3])[CH2][CH2][CH]=[C]([CH3])[CH2][CH2][CH]=[C]([CH3])[CH2][CH2][CH]=[C]([CH3])[CH2][CH2][CH]=[C]([CH3])[CH2][CH2][CH]=[C]([CH3])[CH2][CH2][CH]=[C]([CH3])[CH2][CH2][CH]=[C]([CH3])[CH3])[CH]%14[N]=[C]([CH3])[OH])[CH]%13[O][C]([CH3])=[O])[CH]([OH])[CH]([OH])[CH]%12[OH])[O][CH]([CH]([OH])[CH2][OH])[CH]%11[OH])[CH]%10[N]=[C]([CH3])[OH])[CH]9[O][C]([CH3])=[O])[CH]([OH])[CH]([OH])[CH]8[OH])[O][CH]([CH]([OH])[CH2][OH])[CH]7[OH])[CH]6[N]=[C]([CH3])[OH])[CH]5[O][C]([CH3])=[O])[CH]([OH])[CH]([OH])[CH]4[OH])[O][CH]([CH]([OH])[CH2][OH])[CH]3[OH])[CH]2[N]=[C]([CH3])[OH])[O][CH]([CH3])[CH]([OH])[CH]1[O][CH]1[O][CH]([CH2][O][CH]2[O][CH]([CH]([OH])[CH2][OH])[CH]([OH])[CH]2[OH])[CH]([OH])[CH]([OH])[CH]1[OH]
11722,[CH3][c]1[cH][n]([CH]2[CH2][CH]([OH])[CH]([CH2][O][P](=[O])([OH])[O][P](=[O])([OH])[O][CH]3[O][CH]([CH3])[CH]([OH])[CH]([OH])[CH]3[OH])[O]2)[c](=[O])[n][c]1[OH]
11723,[O]=[C]([OH])[CH2][CH2][CH]=[CH][C](=[O])[C](=[O])[OH]
11724,[O]=[C]([OH])[CH]1[CH2][CH2][C]([OH])=[N]1
11725,[CH2]=[C]([CH3])[CH]1[CH2][CH]=[C]([CH3])[CH2][CH2]1
11726,[CH2]=[C]([CH3])[CH]1[CH2][CH]=[C]([CH3])[CH]([OH])[CH2]1
11727,[CH2]=[C]([CH3])[CH]1[CH2][CH]=[C]([CH2][OH])[CH2][CH2]1
11728,[CH3][C](=[O])[C]12[NH][C](=[CH][C]3=[N][C](=[C]([CH2][CH2][C](=[O])[OH])[C]3([CH3])[CH2][C](=[O])[OH])[CH2][c]3[nH][c]([c]([CH2][CH2][C](=[O])[OH])[c]3[CH2][C](=[O])[OH])[CH2][C]3=[N][C]1=[C]([CH2][C](=[O])[OH])[C]3([CH3])[CH2][CH2][C](=[O])[OH])[CH]([CH2][CH2][C](=[O])[OH])[C]2([CH3])[CH2][C](=[O])[OH]
11729,[CH3][C]1([CH2][C](=[O])[OH])[C]2=[N][C](=[CH][c]3[nH][c]([c]([CH2][CH2][C](=[O])[OH])[c]3[CH2][C](=[O])[OH])[CH2][c]3[nH][c]([c]([CH2][C](=[O])[OH])[c]3[CH2][CH2][C](=[O])[OH])[C]([CH3])([OH])[C]34[NH][C](=[CH]2)[CH]([CH2][CH2][C](=[O])[OH])[C]3([CH3])[CH2][C](=[O])[O]4)[CH]1[CH2][CH2][C](=[O])[OH]
11730,[CH3][C]([CH3])=[CH][CH2][CH2][C]([CH3])=[CH][CH2][CH2][C]([CH3])=[CH][CH2][CH2][C]([CH3])=[CH][CH]1[CH]([CH2][O][P](=[O])([OH])[O][P](=[O])([OH])[OH])[C]1([CH3])[CH2][CH2][CH]=[C]([CH3])[CH2][CH2][CH]=[C]([CH3])[CH2][CH2][CH]=[C]([CH3])[CH3]
11731,[NH]=[C]([CH2][N]=[CH][OH])[NH][CH]1[O][CH]([CH2][O][P](=[O])([OH])[OH])[CH]([OH])[CH]1[OH]
11732,[O]=[P]([OH])([OH])[O][CH2][CH]1[O][CH]([O][P](=[O])([OH])[OH])[CH]([OH])[CH]1[OH]
11733,[CH3][C](=[O])[C](=[O])[CH]1[CH2][NH][c]2[nH][c](=[NH])[n][c]([OH])[c]2[NH]1
11734,[N]#[C][S][OH]
11735,[NH2][CH]1[CH2][CH2][S][C]1=[O]
11736,[CH3][S][CH2][CH2][CH]([N]=[C]([CH3])[OH])[C](=[O])[OH]
11737,[cH]1[cH][cH][c]2[c]3[c]([nH][c]2[cH]1)[CH2][NH][CH2][CH2]3
11738,[CH3][CH]1[O][CH]([OH])[CH]([OH])[CH]([OH])[CH]1[OH]
11739,[OH][CH]([CH2][SH])[CH]([OH])[CH2][SH]
11740,[CH3][c]1[cH][n]([CH]2[CH2][CH]([OH])[CH]([CH2][O][P](=[O])([OH])[O][P](=[O])([OH])[O][CH]3[O][CH]([CH3])[C](=[O])[CH]([OH])[CH]3[OH])[O]2)[c](=[O])[n][c]1[OH]
11741,[CH3][c]1[n][cH][c]([CH2][n+]2[cH][s][c]([CH2][CH2][OH])[c]2[CH3])[c](=[NH])[nH]1
11742,[CH3][c]1[cH][n]([CH]2[O][CH]([CH2][O][P](=[O])([OH])[OH])[CH]([OH])[CH]2[OH])[c](=[O])[n][c]1[OH]
11743,[CH3][C]([OH])=[N][CH]1[CH]([O][P](=[O])([OH])[O][P](=[O])([OH])[O][CH2][CH]2[O][CH]([n]3[cH][cH][c]([OH])[n][c]3=[O])[CH]([OH])[CH]2[OH])[O][CH]([CH2][OH])[CH]([OH])[CH]1[O][CH]([CH3])[C]([OH])=[N][CH]([CH3])[C]([OH])=[N][CH]([CH2][CH2][C](=[O])[OH])[C](=[O])[OH]
11744,[CH2]=[C]([O][CH]1[CH]([OH])[CH]([CH2][OH])[O][CH]([O][P](=[O])([OH])[O][P](=[O])([OH])[O][CH2][CH]2[O][CH]([n]3[cH][cH][c]([OH])[n][c]3=[O])[CH]([OH])[CH]2[OH])[CH]1[N]=[C]([CH3])[OH])[C](=[O])[OH]
11745,[CH3][C]([OH])=[N][CH]1[CH]([O][P](=[O])([OH])[O][P](=[O])([OH])[O][CH2][CH]2[O][CH]([n]3[cH][cH][c]([OH])[n][c]3=[O])[CH]([OH])[CH]2[OH])[O][CH]([CH2][OH])[CH]([OH])[CH]1[O][CH]([CH3])[C]([OH])=[N][CH]([CH3])[C](=[O])[OH]
11746,[CH3][CH2][CH2][CH2][CH2][CH2][CH2][CH2][CH2][CH2][CH2][CH]([OH])[CH2][C](=[O])[O][CH]1[CH]([NH2])[CH]([O][P](=[O])([OH])[O][P](=[O])([OH])[O][CH2][CH]2[O][CH]([n]3[cH][cH][c]([OH])[n][c]3=[O])[CH]([OH])[CH]2[OH])[O][CH]([CH2][OH])[CH]1[OH]
11747,[OH][CH]1[CH2][O][CH]([O][CH]2[CH2][O][CH]([O][CH]3[CH2][O][CH]([O][CH]4[CH2][O][CH]([OH])[CH]([OH])[CH]4[OH])[CH]([OH])[CH]3[OH])[CH]([OH])[CH]2[OH])[CH]([OH])[CH]1[OH]
11748,[OH][CH]1[CH2][O][CH]([O][CH]2[CH2][O][CH]([O][CH]3[CH2][O][CH]([OH])[CH]([OH])[CH]3[OH])[CH]([OH])[CH]2[OH])[CH]([OH])[CH]1[OH]
11749,[OH][CH]1[CH2][O][CH]([O][CH]2[CH2][O][CH]([OH])[CH]([OH])[CH]2[OH])[CH]([OH])[CH]1[OH]
11750,[O]=[C]1[O][C-]([CH]([OH])[CH2][OH])[C](=[O])[C]1=[O]
11751,[O][C]1=[C]([OH])[C](=[O])[O][CH]1[CH]([OH])[CH2][OH]
11752,[CH3][CH]1[O][CH]([O][P](=[O])([OH])[O][P](=[O])([OH])[O][CH2][CH]2[O][CH]([n]3[cH][cH][c]([OH])[n][c]3=[O])[CH]([OH])[CH]2[OH])[CH]([OH])[CH]([OH])[C]1=[O]
11753,[CH3][C]([OH])=[N][CH]1[CH]([O][P](=[O])([OH])[O][P](=[O])([OH])[O][CH2][CH]2[O][CH]([n]3[cH][cH][c]([OH])[n][c]3=[O])[CH]([OH])[CH]2[OH])[O][CH]([C](=[O])[OH])[CH]([OH])[CH]1[OH]
11754,[NH]=[C]([NH][OH])[NH][CH2][CH2][CH2][CH]([NH2])[C](=[O])[OH]
11755,[O]=[C]1[O][CH]([CH]([OH])[CH2][OH])[CH]([OH])[C]1=[O]
11756,[O]=[C]([OH])[CH]1[CH2][CH2][CH]=[N]1
11757,[NH]=[c]1[n][c]([OH])[c]2[n][cH][n]([CH]3[O][CH]([CH2][O][P](=[O])([OH])[O][P](=[O])([OH])[O][CH]4[O][CH]([C](=[O])[OH])[CH]([OH])[CH]([OH])[CH]4[OH])[CH]([OH])[CH]3[OH])[c]2[nH]1
11758,[CH3][CH2][CH]([OH])[C](=[O])[OH]
11759,[O]=[C]([CH2][O][P](=[O])([OH])[OH])[CH]([OH])[CH2][OH]
11760,[NH]=[c]1[c]2[n][cH][n]([CH]3[O][CH]([CH2][O][P](=[O])([OH])[O][P](=[O])([OH])[O][P](=[O])([OH])[OH])[CH]([OH])[CH]3[OH])[c]2[n][cH][n]1[CH]1[O][CH]([CH2][O][P](=[O])([OH])[OH])[CH]([OH])[CH]1[OH]
11761,[NH2][CH]([CH2][CH2][S][S][CH2][CH2][CH]([NH2])[C](=[O])[OH])[C](=[O])[OH]
11762,[O]=[C]([OH])[C]([OH])=[C]([OH])[C](=[O])[OH]
11763,[NH]=[c]1[n][c]([OH])[c]2[c]([nH]1)[NH][CH2][CH]([CH2][N]([CH]=[O])[c]1[cH][cH][c]([C](=[O])[NH][CH]([CH2][CH2][C]([OH])=[N][CH]([CH2][CH2][C](=[O])[OH])[C](=[O])[OH])[C](=[O])[OH])[cH][cH]1)[NH]2
11764,[O]=[C]([OH])[c]1[cH][cH][cH][n+]([CH]2[O][CH]([CH2][OH])[CH]([OH])[CH]([OH])[CH]2[OH])[cH]1
11765,[CH3][CH]([OH])[CH]([OH])[c]1[cH][n][c]2[nH][c](=[NH])[n][c]([OH])[c]2[n]1
11766,[NH2][CH]([CH2][c]1[cH][nH][c]2[cH][cH][c]([OH])[cH][c]12)[C](=[O])[OH]
11767,[CH3][C]12[CH2][CH2][CH]3[CH]([CH2][CH]=[C]4[CH2][CH]([OH])[CH2][CH2][C]43[CH3])[CH]1[CH2][CH2][C]2=[O]
11768,[CH2]=[C]([CH3])[CH]1[CH2][CH]=[C]([CH3])[CH2][CH2]1
11769,[O]=[C]1[c]2[c]([OH])[cH][c]([OH])[cH][c]2[O][CH]([c]2[cH][cH][c]([OH])[c]([OH])[cH]2)[CH]1[OH]
11770,[CH3][CH]1[CH2][CH2][CH]([C]([CH3])([CH3])[OH])[CH]([OH])[CH2]1
11771,[CH3][N+]([CH3])([CH3])[CH2][CH]([OH])[CH2][C](=[O])[OH]
11772,[O]=[C]1[CH2][CH]([c]2[cH][cH][c]([OH])[cH][cH]2)[O][c]2[cH][c]([OH])[cH][c]([OH])[c]21
11773,[CH2]=[C]([CH3])[CH]1[CH2][CH]=[C]([CH3])[CH]([OH])[CH2]1
11774,[CH2]=[C]([CH3])[CH]1[CH2][CH]=[C]([CH2][OH])[CH2][CH2]1
11775,[CH3][C]([CH3])([CH2][OH])[CH]([OH])[C]([OH])=[N][CH2][CH2][C](=[O])[OH]
11776,[CH3][CH]([OH])[CH]=[O]
11777,[N]#[C][CH]([O][CH]1[O][CH]([CH2][OH])[CH]([OH])[CH]([OH])[CH]1[OH])[c]1[cH][cH][cH][cH][cH]1
11778,[O]=[C]1[O][CH]([CH2][OH])[CH]([OH])[CH]([OH])[C]1=[O]
11779,[NH2][c]1[n][cH][n][c]2[c]1[n][cH][n]2[CH]1[O][CH]([CH2][O][P](=[O])([OH])[O][P](=[O])([OH])[O][CH]2[O][CH]([CH2][OH])[CH]([OH])[CH]([OH])[CH]2[OH])[CH]([OH])[CH]1[OH]
11780,[O]=[C]([OH])[C](=[O])[CH2][c]1[cH][nH][c]2[cH][cH][c]([OH])[cH][c]12
11781,[CH3][C]([OH])=[N][CH]1[CH]([CH3])[O][CH]([O][P](=[O])([OH])[O][P](=[O])([OH])[O][CH2][CH]2[O][CH]([n]3[cH][c]([CH3])[c]([OH])[n][c]3=[O])[CH2][CH]2[OH])[CH]([OH])[CH]1[OH]
11782,[CH3][N]1[CH2][CH2][CH2][CH]1[c]1[cH][cH][cH][n][cH]1
11783,[CH3][C]12[CH2][CH2][C](=[O])[CH2][CH]1[CH2][CH2][CH]1[CH]2[CH]([OH])[CH2][C]2([CH]=[O])[CH]([C](=[O])[CH2][OH])[CH2][CH2][CH]12
11784,[CH3][O][c]1[cH][cH][c]2[c]([cH]1)[O][CH]1[c]3[cH][cH][c]([OH])[cH][c]3[O][CH2][CH]21
11785,[CH3][C]12[CH2][CH2][CH]([CH2][C]1=[O])[C]2([CH3])[CH3]
11786,[CH3][C]1([CH3])[CH]2[CH2][CH2][C]1([CH3])[CH]([OH])[CH2]2
11787,[O]=[C]([OH])[CH]=[CH][c]1[cH][cH][c]([O][CH]2[O][CH]([CH2][OH])[CH]([OH])[CH]([OH])[CH]2[OH])[cH][cH]1
11788,[CH3][CH]([OH])[C](=[O])[C]1=[N][c]2[c]([OH])[n][c]([OH])[n][c]2[NH][CH2]1
11789,[CH3][CH]([OH])[C](=[O])[C]1=[N][c]2[c]([OH])[n][c](=[NH])[nH][c]2[NH][CH2]1
11790,[CH3][CH]([OH])[CH]([OH])[C]1=[N][c]2[c]([OH])[n][c](=[NH])[nH][c]2[NH][CH2]1
11791,[N]#[C][CH]([O][CH]1[O][CH]([CH2][O][CH]2[O][CH]([CH2][OH])[CH]([OH])[CH]([OH])[CH]2[OH])[CH]([OH])[CH]([OH])[CH]1[OH])[c]1[cH][cH][cH][cH][cH]1
11792,[CH3][C]1([CH3])[O][C]2([CH3])[CH2][CH2][CH]1[CH2][CH]2[OH]
11793,[O]=[C]([OH])[CH2][CH2][CH]([C](=[O])[OH])[CH]([CH2][CH2][C]([OH])=[N][CH]([CH2][CH2][C]([OH])=[N][CH]([CH2][CH2][C]([OH])=[N][CH2][CH2][c]1[cH][cH][c]([O][CH2][c]2[cH][o][c]([CH2][N]=[CH][OH])[cH]2)[cH][cH]1)[C](=[O])[OH])[C](=[O])[OH])[C](=[O])[OH]
11794,[CH3][O][CH]1[CH2][CH2][CH2][CH]2[O][CH]3[CH]([C](=[O])[CH]12)[CH]([O][CH3])[CH2][CH]1[O][CH]2[O][CH]=[CH][CH]2[CH]13
11795,[CH3][CH2][CH2][CH2][CH2][CH2][CH2][CH2][CH2][CH2][CH2][CH2][CH2][CH2][CH2][C](=[O])[O][CH2][CH]([OH])[CH2][O][P](=[O])([OH])[OH]
11796,[CH3][CH2][CH]=[CH][CH2][CH]1[C](=[O])[CH2][CH2][CH]1[CH2][CH2][CH2][CH2][CH2][CH2][CH2][C](=[O])[OH]
11797,[CH3][CH2][CH]=[CH][CH2][CH]1[O][C]1=[CH][CH]=[CH][CH2][CH2][CH2][CH2][CH2][CH2][CH2][C](=[O])[OH]
11798,[CH3][CH]([CH2][CH2][CH2][CH]([CH3])[CH]1[CH2][CH2][CH]2[CH]3[CH]([OH])[CH2][CH]4[CH2][CH]([OH])[CH2][CH2][C]4([CH3])[CH]3[CH2][CH]([OH])[C]12[CH3])[C](=[O])[OH]
11799,[CH3][N+]([O-])=[N][CH2][O][CH]1[O][CH]([CH2][OH])[CH]([OH])[CH]([OH])[CH]1[OH]
11800,[CH3][N+]([O-])=[N][CH2][OH]
11801,[CH3][O][c]1[cH][cH][c](-[c]2[cH][c](=[O])[c]3[c]([OH])[cH][c]([OH])[cH][c]3[o]2)[cH][cH]1
11802,[O]=[CH][CH]([OH])[CH]([OH])[CH]([OH])[CH]([OH])[CH2][OH]
11803,[OH][c]1[cH][c]([OH])[c]2[c]([cH]1)[O][CH]([c]1[cH][cH][c]([OH])[c]([OH])[cH]1)[CH]([OH])[CH]2[OH]
11804,[O]=[C]1[c]2[c]([OH])[cH][c]([OH])[cH][c]2[O][CH]([c]2[cH][c]([OH])[c]([OH])[c]([OH])[cH]2)[CH]1[OH]
11805,[O]=[C]([OH])[c]1[cH][c]([OH])[cH][c](=[O])[c]([OH])[cH]1
11806,[O]=[C]([OH])[CH]=[CH][C]([OH])=[CH][C](=[O])[OH]
11807,[CH3][c]1[c]2[c]([c]([OH])[c]3[c]([OH])[cH][cH][cH][c]13)[C](=[O])[C]1([OH])[C](=[O])[C]([C](=[NH])[OH])=[C]([OH])[CH]([N]([CH3])[CH3])[CH]1[CH2]2
11808,[CH3][N]([CH3])[CH]1[C]([OH])=[C]([C](=[NH])[OH])[C](=[O])[C]2([OH])[C](=[O])[C]3=[C]([CH2][CH]12)[C]([CH3])([OH])[c]1[cH][cH][cH][c]([OH])[c]1[C]3=[O]
11809,[O]=[C]([OH])[CH2][CH]1[N]=[CH][N]=[C]1[OH]
11810,[NH2][CH]([CH2][n]1[cH][cH][c](=[O])[c]([OH])[cH]1)[C](=[O])[OH]
11811,[CH3][C]12[CH2][C](=[O])[CH]([CH2][C]1=[O])[C]2([CH3])[CH3]
11812,[CH3][C]12[CH2][C](=[O])[CH]([CH2][C](=[O])[O]1)[C]2([CH3])[CH3]
11813,[OH][c]1[cH][cH][c]([OH])[c]([OH])[n]1
11814,[O]=[C]([OH])[CH2][CH]=[CH][CH]=[C]([OH])[C](=[O])[OH]
11815,[O]=[C]([OH])[c]1[n][c]2[c]([OH])[n][c]([OH])[n][c]2[nH]1
11816,[O]=[c]1[nH][c]2[c]([OH])[n][c]([OH])[n][c]2[n][c]1[OH]
11817,[NH]=[C]([CH2][N]=[CH][OH])[NH][CH]1[O][CH]([CH2][O][P](=[O])([OH])[OH])[CH]([OH])[CH]1[OH]
11818,[CH3][CH]1[O][CH]([O][P](=[O])([OH])[O][P](=[O])([OH])[O][CH2][CH]2[O][CH]([n]3[cH][cH][c](=[NH])[n][c]3[OH])[CH]([OH])[CH]2[OH])[CH]([OH])[CH2][CH]1[OH]
11819,[CH3][N]([CH3])[c]1[cH][cH][c]([N]=[N+]([O-])[c]2[cH][cH][cH][cH][cH]2)[cH][cH]1
11820,[CH3][C]12[CH2][CH2][CH]3[CH]([CH2][CH2][CH]4[CH2][CH]([OH])[CH2][CH2][C]43[CH3])[CH]1[CH2][CH2][CH]2[OH]
11821,[O]=[c]1[cH][cH][nH][cH][c]1[OH]
11822,[CH3][C]([OH])=[N][CH]([CH2][C]([OH])=[N][CH]1[O][CH]([CH2][OH])[CH]([O][CH]2[O][CH]([CH2][OH])[CH]([O][CH]3[O][CH]([CH2][OH])[CH]([O][CH]4[O][CH]([CH2][O][P](=[O])([OH])[OH])[CH]([OH])[CH]([OH])[CH]4[OH])[CH]([OH])[CH]3[OH])[CH]([OH])[CH]2[N]=[C]([CH3])[OH])[CH]([OH])[CH]1[N]=[C]([CH3])[OH])[C](=[NH])[OH]
11823,[CH3][C]([OH])=[N][CH]([CH2][C]([OH])=[N][CH]1[O][CH]([CH2][OH])[CH]([O][CH]2[O][CH]([CH2][OH])[CH]([O][CH]3[O][CH]([CH2][OH])[CH]([O][CH]4[O][CH]([CH2][O][P](=[O])([OH])[O][CH]5[O][CH]([CH2][OH])[CH]([OH])[CH]([OH])[CH]5[N]=[C]([CH3])[OH])[CH]([OH])[CH]([OH])[CH]4[OH])[CH]([OH])[CH]3[OH])[CH]([OH])[CH]2[N]=[C]([CH3])[OH])[CH]([OH])[CH]1[N]=[C]([CH3])[OH])[C](=[NH])[OH]
11824,[CH3][CH2][O][C](=[O])[C](=[O])[CH]([CH3])[C](=[O])[O][CH2][CH3]
11825,[CH3][CH2][O][C](=[O])[CH]([CH3])[CH]([OH])[C](=[O])[O][CH2][CH3]
11826,[CH3][C](=[O])[CH]=[CH][C]1([OH])[C]([CH3])=[CH][C](=[O])[CH2][C]1([CH3])[CH3]
11827,[CH3][C]([OH])=[N][CH]1[CH]([O][P](=[O])([OH])[O][P](=[O])([OH])[O][CH2][CH]2[O][CH]([n]3[cH][cH][c]([OH])[n][c]3=[O])[CH]([OH])[CH]2[OH])[O][CH]([CH2][O][S](=[O])(=[O])[OH])[CH]([O][S](=[O])(=[O])[OH])[CH]1[OH]
11828,[CH3][C]([OH])=[N][CH]1[CH]([O][P](=[O])([OH])[O][P](=[O])([OH])[O][CH2][CH]2[O][CH]([n]3[cH][cH][c]([OH])[n][c]3=[O])[CH]([OH])[CH]2[OH])[O][CH]([CH2][OH])[CH]([O][S](=[O])(=[O])[OH])[CH]1[OH]
11829,[O]=[C]([OH])[CH2][C](=[CH][C](=[O])[C](=[O])[OH])[C](=[O])[OH]
11830,[CH3][C]([CH3])=[CH][CH2][CH2][C]([CH3])=[CH][CH2][CH2][C]([CH3])=[CH][CH2][CH2][C]([CH3])=[CH][CH2][O][CH2][CH]([CH2][O][P](=[O])([OH])[OH])[O][CH2][CH]=[C]([CH3])[CH2][CH2][CH]=[C]([CH3])[CH2][CH2][CH]=[C]([CH3])[CH2][CH2][CH]=[C]([CH3])[CH3]
11831,[CH3][O][c]1[cH][cH][c]2[c]([cH]1)[O][CH]([O][CH]1[O][CH]([CH2][OH])[CH]([OH])[CH]([OH])[CH]1[OH])[C](=[O])[N]2[OH]
11832,[CH3][C](=[CH][CH]=[C]([OH])[C](=[O])[OH])[C](=[O])[CH2][CH2][CH]1[C](=[O])[CH2][CH2][C]2([CH3])[C](=[O])[CH2][CH2][CH]12
11833,[NH2][c]1[cH][n][n]([C](=[O])[C]([OH])=[CH][CH]=[CH][C](=[O])[OH])[c](=[O])[c]1[Cl]
11834,[NH2][c]1[cH][n][n](-[c]2[cH][cH][cH][c]([OH])[c]2[OH])[c](=[O])[c]1[Cl]
11835,[CH3][C]([OH])=[N][CH]1[CH]([O][P](=[O])([OH])[O][P](=[O])([OH])[O][CH2][CH]2[O][CH]([n]3[cH][cH][c]([OH])[n][c]3=[O])[CH]([OH])[CH]2[OH])[O][CH]([CH2][OH])[CH]([OH])[CH]1[O][CH]([CH3])[C]([OH])=[N][CH]([CH3])[C]([OH])=[N][CH]([CH2][CH2][C]([OH])=[N][CH]([CH2][CH2][CH2][CH2][NH2])[C]([OH])=[N][CH]([CH3])[C](=[O])[OH])[C](=[O])[OH]
11836,[NH]=[c]1[n][c]([OH])[c]2[n][c]([CH]([OH])[CH]([OH])[CH2][OH])[cH][n][c]2[nH]1
11837,[CH3][CH]([CH3])[CH2][CH2][CH2][CH]([CH3])[CH]1[CH2][CH2][CH]2[C]3=[C]([CH2][CH2][C]21[CH3])[C]1([CH3])[CH2][CH2][CH]([OH])[CH]([CH3])[CH]1[CH2][CH2]3
11838,[CH3][O][C]1=[CH][C]23[CH2][CH2][N]([CH3])[CH]([CH2][c]4[cH][cH][c]([O][CH3])[c]([OH])[c]42)[C]3=[CH][CH]1[OH]
11839,[CH3][C]12[CH2][CH2][CH]([OH])[CH2][CH]1[CH2][CH2][CH]1[CH]2[CH]([OH])[CH2][C]2([CH]=[O])[CH]([C](=[O])[CH2][OH])[CH2][CH2][CH]12
11840,[O]=[C]([OH])[CH]=[CH][c]1[cH][n][c]([SH])[nH]1
11841,[CH3][C]1=[C]2[N]=[C]([CH]=[C]3[N]=[C]([C]([CH3])=[C]4[NH][C]([CH3])([CH]5[N]=[C]1[C]([CH3])([CH2][CH2][C]([OH])=[N][CH2][CH]([CH3])[OH])[CH]5[CH2][C](=[NH])[OH])[C]([CH3])([CH2][C](=[NH])[OH])[CH]4[CH2][CH2][C](=[NH])[OH])[C]([CH3])([CH2][C](=[NH])[OH])[CH]3[CH2][CH2][C](=[NH])[OH])[C]([CH3])([CH3])[CH]2[CH2][CH2][C](=[NH])[OH]
11842,[CH3][C]([CH3])=[CH][CH2][CH2][C]([CH3])=[CH][CH2][CH2][C]([CH3])=[CH][CH2][CH2][C]([CH3])=[CH][CH2][CH2][C]([CH3])=[CH][CH2][CH2][C]([CH3])=[CH][CH2][CH2][C]([CH3])=[CH][CH2][CH2][C]([CH3])=[CH][CH2][CH2][C]([CH3])=[CH][CH2][CH2][C]([CH3])=[CH][CH2][CH2][C]([CH3])=[CH][CH2][O][P](=[O])([OH])[O][P](=[O])([OH])[O][CH]1[O][CH]([CH2][OH])[CH]([O][CH]2[O][CH]([CH2][OH])[CH]([OH])[CH]([OH])[CH]2[N]=[C]([CH3])[OH])[CH]([O][CH]([CH3])[C]([OH])=[N][CH]([CH3])[C]([OH])=[N][CH]([CH2][CH2][C]([OH])=[N][CH]([CH2][CH2][CH2][CH]([NH2])[C](=[O])[OH])[C]([OH])=[N][CH]([CH3])[C]([OH])=[N][CH]([CH3])[C](=[O])[OH])[C](=[O])[OH])[CH]1[N]=[C]([CH3])[OH]
11843,[CH3][CH2][CH2][C]([OH])([CH2][C](=[O])[OH])[C](=[O])[OH]
11844,[CH3][c]1[nH][c]2[cH][cH][cH][cH][c]2[c](=[O])[c]1[OH]
11845,[OH][c]1[cH][cH][c]([CH2][CH]2[NH][CH2][CH2][c]3[cH][c]([OH])[c]([OH])[cH][c]32)[cH][cH]1
11846,[CH3][O][c]1[cH][c]2[c]([cH][c]1[OH])[CH]([CH2][c]1[cH][cH][c]([OH])[c]([OH])[cH]1)[NH][CH2][CH2]2
11847,[CH3][O][c]1[cH][c]([CH2][CH]2[NH][CH2][CH2][c]3[cH][c]([O][CH3])[c]([OH])[cH][c]32)[cH][cH][c]1[OH]
11848,[CH3][CH]=[CH][CH2][C](=[O])[C](=[O])[OH]
11849,[O]=[C]1[CH]=[C]([OH])[CH2][CH]([OH])[CH2]1
11850,[O]=[C]([OH])[CH]=[CH][c]1[cH][cH][c]([O][CH]2[O][CH]([CH2][OH])[CH]([OH])[CH]([OH])[CH]2[OH])[cH][cH]1
11851,[O]=[C]([OH])[CH]=[CH][c]1[cH][cH][c]([OH])[cH][cH]1
11852,[CH2]=[CH][C]1=[CH][CH]=[CH][CH]([OH])[CH]1[OH]
11853,[O]=[C]([OH])[C]([OH])=[CH][CH]=[CH][C](=[O])[c]1[cH][cH][cH][cH][c]1[OH]
11854,[CH3][CH]([CH3])[C](=[O])[CH]=[CH][CH]=[C]([OH])[C](=[O])[OH]
11855,[Cl][CH]1[CH]([Cl])[CH]([Cl])[CH]([Cl])[CH]([Cl])[CH]1[Cl]
11856,[O]=[C]([OH])[C]([OH])=[CH][CH]=[C]1[C](=[O])[CH2][c]2[cH][cH][cH][cH][c]21
11857,[CH3][c]1[cH][n]([CH]2[CH2][CH]([OH])[CH]([CH2][O][P](=[O])([OH])[O][P](=[O])([OH])[O][CH]3[CH2][C]([CH3])([OH])[CH]([OH])[CH]([CH3])[O]3)[O]2)[c](=[O])[n][c]1[OH]
11858,[CH3][C]([CH3])=[CH][CH2][CH2][CH]([CH3])[CH]1[CH2][CH2][CH]2[C]3=[C]([CH2][CH2][C]21[CH3])[C]1([CH3])[CH2][CH2][CH]([OH])[C]([CH3])([CH3])[CH]1[CH2][CH2]3
11859,[O]=[P]([OH])([OH])[O][CH2][CH]([OH])[CH]1[O][CH]([OH])[CH]([OH])[CH]([OH])[CH]1[OH]
11860,[CH3][c]1[cH][n]([CH]2[CH2][CH]([OH])[CH]([CH2][O][P](=[O])([OH])[O][P](=[O])([OH])[O][CH]3[O][CH]([CH3])[CH]([OH])[CH]([OH])[CH]3[OH])[O]2)[c](=[O])[n][c]1[OH]
11861,[CH3][C]1=[CH][CH2][CH]2[CH2][CH]1[C]2([CH3])[CH3]
11862,[CH3][C](=[CH][CH2][CH]1[C](=[O])[c]2[cH][cH][cH][cH][c]2[C](=[O])[C]1([CH3])[OH])[CH2][CH2][CH2][CH]([CH3])[CH2][CH2][CH2][CH]([CH3])[CH2][CH2][CH2][CH]([CH3])[CH3]
11863,[CH2]=[C]1[CH2][CH2][CH]2[C]([CH3])([CH3])[CH2][CH2][CH2][C]2([CH3])[CH]1[CH2][CH2][C]([CH3])=[CH][CH2][O][P](=[O])([OH])[O][P](=[O])([OH])[OH]
11864,[CH3][C]1=[CH][CH2][CH]2[CH2][CH]1[C]2([CH3])[CH3]
11865,[CH3][c]1[cH][n]([CH]2[CH2][CH]([OH])[CH]([CH2][O][P](=[O])([OH])[O][P](=[O])([OH])[O][CH]3[O][CH]([CH3])[CH2][CH]([NH2])[CH]3[OH])[O]2)[c](=[O])[n][c]1[OH]
11866,[NH2][CH]1[CH2][C]([C](=[O])[OH])=[CH][C](=[O])[CH]1[OH]
11867,[NH2][c]1[cH][c]([OH])[cH][c]([C](=[O])[OH])[cH]1
11868,[CH3][C]1=[CH][CH]([CH2][OH])[CH]([OH])[CH]([CH3])[CH]([OH])[CH]([CH3])[CH]([OH])[CH]([CH3])[CH]([OH])[CH]([CH3])[CH]=[CH][CH]=[C]([CH3])[C]([OH])=[N][C]2=[CH][C](=[O])[c]3[c]([cH][c]([CH3])[c]([OH])[c]3[C]1=[O])[C]2=[O]
11869,[CH3][C](=[O])[C]1=[C]([OH])[CH]([OH])[CH]2[CH2][c]3[cH][c]4[cH][c]([OH])[cH][c]([OH])[c]4[c]([OH])[c]3[C](=[O])[C]2([OH])[C]1=[O]
11870,[CH3][C](=[O])[O][CH]1[CH2][CH]2[CH2][CH2][CH]([CH2]1)[N]2[CH3]
11871,[O]=[c]1[c]([O][S](=[O])(=[O])[OH])[c](-[c]2[cH][cH][c]([O][S](=[O])(=[O])[OH])[c]([OH])[cH]2)[o][c]2[cH][c]([O][S](=[O])(=[O])[OH])[cH][c]([OH])[c]12
11872,[CH3][O][c]1[cH][c]([OH])[c]2[c](=[O])[cH][c](-[c]3[cH][cH][c]([OH])[cH][cH]3)[o][c]2[c]1[CH]1[O][CH]([CH2][OH])[CH]([OH])[CH]([OH])[CH]1[O][CH]1[O][CH]([CH3])[CH]([OH])[CH]([OH])[CH]1[OH]
11873,[CH3][CH]1[O][CH]([O][CH]2[CH]([O][c]3[cH][c]([OH])[c]4[c](=[O])[cH][c](-[c]5[cH][cH][c]([OH])[cH][cH]5)[o][c]4[cH]3)[O][CH]([CH2][OH])[CH]([OH])[CH]2[OH])[CH]([OH])[CH]([OH])[CH]1[OH]
11874,[CH3][C]([CH]=[CH][C]1([OH])[C]([CH3])=[CH][C](=[O])[CH2][C]1([CH3])[CH3])=[CH][CH]=[O]
11875,[CH3][C]([CH]=[CH][C]12[O][C]1([CH3])[CH2][CH]([OH])[CH2][C]2([CH3])[CH3])=[CH][C](=[O])[OH]
11876,[CH3][C]([CH]=[CH][C]1([OH])[C]([CH3])=[CH][C](=[O])[CH2][C]1([CH3])[CH3])=[CH][CH2][OH]
11877,[NH]=[c]1[n][c]([OH])[nH][c]([OH])[n]1
11878,[NH]=[C]([NH2])[NH][CH2][CH2][O][P](=[O])([OH])[O][CH2][CH]([NH2])[C](=[O])[OH]
11879,[CH3][CH2][CH2][CH2][CH2][CH]=[CH][CH2][CH]1[O][CH]1[CH]=[CH][CH]([OH])[CH2][CH]=[CH][CH2][CH2][CH2][C](=[O])[OH]
11880,[CH3][CH2][CH2][CH2][CH2][CH]=[CH][CH2][CH]([OH])[CH]([OH])[CH]=[CH][CH]([OH])[CH2][CH]=[CH][CH2][CH2][CH2][C](=[O])[OH]
11881,[CH3][CH2][CH2][CH2][CH2][CH]1[O][CH]1[CH2][CH]=[CH][CH2][CH2][CH2][CH2][CH2][CH2][CH2][C](=[O])[OH]
11882,[CH3][CH]1[O][CH]([O][P](=[O])([OH])[O][P](=[O])([OH])[O][CH2][CH]2[O][CH]([n]3[cH][n][c]4[c]([OH])[n][c](=[NH])[nH][c]43)[CH]([OH])[CH]2[OH])[CH]([OH])[CH]([OH])[C]1=[O]
11883,[OH][C]1=[CH][CH]=[C]([Br])[CH]2[O][CH]12
11884,[O]=[C]([OH])[c]1[cH][cH][c]([OH])[n][c]1[OH]
11885,[CH3][C](=[CH][CH2][NH][c]1[n][cH][nH][c]2[n][cH][n][c]1-2)[CH2][OH]
11886,[CH3][C]([CH3])=[CH][CH2][CH2][C]([CH3])=[CH][CH2][CH2][C]([CH3])=[CH][CH2][CH2][C]([CH3])=[CH][CH2][CH2][C]([CH3])=[CH][CH2][CH2][C]([CH3])=[CH][CH2][CH2][C]([CH3])=[CH][CH2][CH2][C]([CH3])=[CH][CH2][CH2][C]([CH3])=[CH][CH2][CH2][C]([CH3])=[CH][CH2][O][P](=[O])([OH])[O][P](=[O])([OH])[OH]
11887,[CH3][C]([CH3])=[CH][CH2][CH2][C]([CH3])=[CH][CH2][CH2][C]([CH3])=[CH][CH2][CH2][C]([CH3])=[CH][CH2][CH2][C]([CH3])=[CH][CH2][CH2][C]([CH3])=[CH][CH2][CH2][C]([CH3])=[CH][CH2][CH2][C]([CH3])=[CH][CH2][CH2][C]([CH3])=[CH][CH2][O][C](=[O])[c]1[cH][cH][c]([OH])[cH][cH]1
11888,[NH]=[C]([OH])[C]1=[CH][N]([CH]2[O][CH]([CH2][OH])[CH]([OH])[CH]2[OH])[CH]=[CH][CH2]1
11889,[NH2][CH]([CH2][C](=[O])[c]1[cH][cH][cH][cH][c]1[N]=[CH][OH])[C](=[O])[OH]
11890,[CH3][CH]=[C]([CH2][CH2][CH]([CH3])[CH]1[CH2][CH2][CH]2[C]3=[CH][CH2][CH]4[CH2][CH]([OH])[CH2][CH2][C]4([CH3])[CH]3[CH2][CH2][C]21[CH3])[CH]([CH3])[CH3]
11891,[CH3][S](=[O])[CH2][CH2][CH]([NH2])[C](=[O])[OH]
11892,[CH3][C]([CH3])=[CH][CH2][CH2][C]([CH3])=[CH][CH2][CH2][C]([CH3])=[CH][CH]=[CH][CH]=[C]([CH3])[CH2][CH2][CH]=[C]([CH3])[CH2][CH2][CH]=[C]([CH3])[CH3]
11893,[O]=[C]([OH])[CH]([OH])[CH2][c]1[cH][cH][cH][cH][cH]1
11894,[OH][CH2][CH]1[O][CH]([O][CH]2[CH]([O][c]3[cH][c]4[c]([OH])[cH][c]([OH])[cH][c]4[o+][c]3-[c]3[cH][cH][c]([OH])[c]([OH])[cH]3)[O][CH]([CH2][OH])[CH]([OH])[CH]2[OH])[CH]([OH])[CH]([OH])[CH]1[OH]
11895,[CH3][CH2][CH]=[CH][CH2][CH]1[C](=[O])[CH2][CH2][CH]1[CH2][CH2][CH2][CH2][CH2][CH2][CH2][C](=[O])[S][CH2][CH2][N]=[C]([OH])[CH2][CH2][N]=[C]([OH])[CH]([OH])[C]([CH3])([CH3])[CH2][O][P](=[O])([OH])[O][P](=[O])([OH])[O][CH2][CH]1[O][CH]([n]2[cH][n][c]3[c]([NH2])[n][cH][n][c]32)[CH]([OH])[CH]1[O][P](=[O])([OH])[OH]
11896,[O]=[c]1[cH][c]([OH])[cH][c]2[o][c](-[c]3[cH][cH][c]([OH])[c]([OH])[cH]3)[c]([O][CH]3[O][CH]([CH2][O+]=[C]([OH])[CH]=[CH][c]4[cH][cH][c]([OH])[c]([OH])[cH]4)[CH]([OH])[CH]([OH])[CH]3[OH])[cH][c]1-2
11897,[CH3][CH2][CH]=[CH][CH2][CH]=[CH][CH2][CH]=[CH][CH2][CH]=[CH][CH2][CH]=[CH][CH2][CH]=[CH][CH2][CH2][CH]=[CH][C](=[O])[S][CH2][CH2][N]=[C]([OH])[CH2][CH2][N]=[C]([OH])[CH]([OH])[C]([CH3])([CH3])[CH2][O][P](=[O])([OH])[O][P](=[O])([OH])[O][CH2][CH]1[O][CH]([n]2[cH][n][c]3[c]([NH2])[n][cH][n][c]32)[CH]([OH])[CH]1[O][P](=[O])([OH])[OH]
11898,[CH3][N]1[CH2][CH2][CH]=[C]1[c]1[cH][cH][c]([OH])[n][c]1[OH]
11899,[O]=[C]1[N]=[C]([OH])[C](=[C]2[CH]=[C]([OH])[C](=[O])[N]=[C]2[OH])[CH]=[C]1[OH]
11900,[CH3][c]1[c]([N]=[N+]([O-])[c]2[cH][c]([N+](=[O])[O-])[c]([CH3])[c]([N+](=[O])[O-])[cH]2)[cH][c]([N+](=[O])[O-])[cH][c]1[N+](=[O])[O-]
11901,[CH3][C](=[CH][CH2][NH][c]1[n][cH][n][c]2[c]1[n][cH][n]2[CH]1[O][CH]([CH2][OH])[CH]([OH])[CH]1[OH])[CH2][OH]
11902,[CH3][C](=[CH][CH2][NH][c]1[n][cH][n][c]2[c]1[n][cH][n]2[CH]1[O][CH]([CH2][O][P](=[O])([OH])[OH])[CH]([OH])[CH]1[OH])[CH2][OH]
11903,[CH3][C](=[CH][CH2][NH][c]1[n][cH][n][c]2[c]1[n][cH][n]2[CH]1[O][CH]([CH2][OH])[CH]([OH])[CH]1[OH])[CH2][OH]
11904,[O]=[c]1[cH][c](-[c]2[cH][cH][cH][cH][cH]2)[o][c]2[cH][c]([OH])[cH][c]([OH])[c]12
11905,[CH3][C]([CH3])=[CH][CH2][CH2][C]([CH3])=[CH][CH2][OH]
11906,[CH3][C]([CH3])([CH2][O][P](=[O])([OH])[O][P](=[O])([OH])[O][CH2][CH]1[O][CH]([n]2[cH][n][c]3[c]([NH2])[n][cH][n][c]32)[CH]([OH])[CH]1[O][P](=[O])([OH])[OH])[CH]([OH])[C]([OH])=[N][CH2][CH2][C]([OH])=[N][CH2][CH2][S][C](=[O])[CH2][CH]([NH2])[c]1[cH][cH][cH][cH][cH]1
11907,[CH3][CH2][CH2][CH2][CH2][CH2][CH2][CH2][CH]=[CH][CH2][CH2][CH2][CH2][CH2][CH2][CH2][CH2][CH2][CH2][CH2][C](=[O])[OH]
11908,[CH3][CH2][CH2][CH2][CH2][CH2][CH2][CH2][CH]=[CH][CH2][CH2][CH2][CH2][CH2][CH2][CH2][CH2][CH2][CH2][CH2][C](=[O])[S][CH2][CH2][N]=[C]([OH])[CH2][CH2][N]=[C]([OH])[CH]([OH])[C]([CH3])([CH3])[CH2][O][P](=[O])([OH])[O][P](=[O])([OH])[O][CH2][CH]1[O][CH]([n]2[cH][n][c]3[c]([NH2])[n][cH][n][c]32)[CH]([OH])[CH]1[O][P](=[O])([OH])[OH]
11909,[CH3][C]([CH3])([OH])[CH]1[CH2][c]2[cH][c]3[cH][cH][c](=[O])[o][c]3[cH][c]2[O]1
11910,[CH3][C]1=[CH][CH2][CH]2[CH]([CH2]1)[C]2([CH3])[CH3]
11911,[CH3][CH]([NH2])[CH]([OH])[c]1[cH][cH][cH][cH][cH]1
11912,[CH3][c]1[cH][n]([CH]2[CH2][CH]([OH])[CH]([CH2][O][P](=[O])([OH])[O][P](=[O])([OH])[O][CH]3[CH2][C](=[O])[C](=[O])[CH]([CH3])[O]3)[O]2)[c](=[O])[n][c]1[OH]
11913,[CH3][S][CH2][CH2][CH2][CH]=[N][OH]
11914,[CH3][S][CH2][CH2][CH2][CH]([NH2])[C](=[O])[OH]
11915,[CH3][S][CH2][CH2][CH2][C](=[N][OH])[S][CH2][CH]([NH2])[C](=[O])[OH]
11916,[CH3][C]([CH3])=[CH][CH2][CH2][C]([CH3])=[CH][CH2][c]1[cH][cH][cH][c]([OH])[c]1[OH]
11917,[CH3][O][c]1[cH][cH][cH][c]([CH2][CH]=[C]([CH3])[CH2][CH2][CH]=[C]([CH3])[CH3])[c]1[OH]
11918,[CH3][C]([CH3])=[CH][CH2][CH2][C]([CH3])=[CH][CH2][c]1[cH][c]([C](=[O])[OH])[cH][c]([OH])[c]1[OH]
11919,[CH3][O][c]1[cH][c]([C](=[O])[OH])[cH][c]([CH2][CH]=[C]([CH3])[CH2][CH2][CH]=[C]([CH3])[CH3])[c]1[OH]
11920,[CH3][O][C]1=[CH][C](=[O])[CH]=[C]([CH2][CH]=[C]([CH3])[CH2][CH2][CH]=[C]([CH3])[CH3])[C]1=[O]
11921,[CH3][O][C]1=[CH][C](=[O])[C]([CH3])=[C]([CH2][CH]=[C]([CH3])[CH2][CH2][CH]=[C]([CH3])[CH3])[C]1=[O]
11922,[CH3][O][C]1=[C]([OH])[C](=[O])[C]([CH3])=[C]([CH2][CH]=[C]([CH3])[CH2][CH2][CH]=[C]([CH3])[CH3])[C]1=[O]
11923,[NH2][CH2][CH2][CH]([OH])[C]([OH])=[N][CH]1[CH2][CH]([NH2])[CH]([O][CH]2[O][CH]([CH2][NH2])[CH]([OH])[CH]([OH])[CH]2[NH2])[CH]([O][CH]2[O][CH]([CH2][OH])[CH]([OH])[CH]2[OH])[CH]1[OH]
11924,[NH2][CH2][CH]1[O][CH]([O][CH]2[CH]([NH2])[CH2][CH]([N]=[C]([OH])[CH]([OH])[CH2][CH2][N]=[C]([OH])[CH2][CH2][CH]([NH2])[C](=[O])[OH])[CH]([OH])[CH]2[O][CH]2[O][CH]([CH2][OH])[CH]([OH])[CH]2[OH])[CH]([NH2])[CH]([OH])[CH]1[OH]
11925,[O]=[C]1[C]([OH])=[C]([C]2=[C]([OH])[C](=[O])[c]3[cH][c]([OH])[cH][c]([OH])[c]3[C]2=[O])[C](=[O])[c]2[c]([OH])[cH][c]([OH])[cH][c]21
11926,[O]=[C]1[C]([OH])=[C]([c]2[c]([OH])[cH][c]([OH])[c]3[c]2[C](=[O])[C]([OH])=[CH][C]3=[O])[C](=[O])[c]2[c]([OH])[cH][c]([OH])[cH][c]21
11927,[CH3][c]1[cH][n]([CH]2[CH2][CH]([OH])[CH]([CH2][O][P](=[O])([OH])[O][P](=[O])([OH])[O][CH]3[CH2][C]([CH3])([OH])[C](=[O])[CH]([CH3])[O]3)[O]2)[c](=[O])[n][c]1[OH]
11928,[CH3][C]([CH3])([OH])[CH]1[CH2][c]2[c]([cH][cH][c]3[cH][cH][c](=[O])[o][c]23)[O]1
11929,[CH2]=[CH][C]1([CH3])[CH]=[C]2[CH2][CH2][CH]3[C]([CH3])([CH3])[CH2][CH2][CH2][C]3([CH3])[CH]2[CH2][CH2]1
11930,[CH3][N]([CH3])[CH]1[C]([OH])=[C]([C](=[NH])[OH])[C](=[O])[C]2([OH])[C]([OH])=[C]3[C](=[O])[c]4[c]([OH])[cH][cH][c]([Cl])[c]4[C]([CH3])([OH])[CH]3[CH2][CH]12
11931,[CH3][c]1[c]2[c]([c]([OH])[c]3[c]([OH])[cH][cH][c]([Cl])[c]13)[C](=[O])[C]1([OH])[C](=[O])[C]([C](=[NH])[OH])=[C]([OH])[CH]([NH2])[CH]1[CH2]2
11932,[CH3][C]([CH3])=[CH][CH2][CH2][C]([CH3])=[CH][CH2][CH2][C]([CH3])=[CH][CH2][CH2][C]([CH3])=[CH][CH2][CH2][C]([CH3])=[CH][CH2][CH2][C]([CH3])=[CH][CH2][CH2][C]([CH3])=[CH][CH2][CH2][C]([CH3])=[CH][CH2][CH2][C]([CH3])=[CH][CH2][CH2][C]([CH3])=[CH][CH2][O][P](=[O])([OH])[O][P](=[O])([OH])[OH]
11933,[CH3][CH]1[O][CH]([CH2][C](=[O])[OH])[CH2][c]2[c]1[c]([OH])[c]1[c]([OH])[cH][cH][cH][c]1[c]2[OH]
11934,[CH3][CH]([O][P](=[O])([OH])[O][CH2][CH]([OH])[CH]([OH])[CH]([OH])[CH2][n]1[c]2[n][c](=[O])[n][c]([OH])[c]-2[cH][c]2[cH][cH][c]([OH])[cH][c]21)[C](=[O])[OH]
11935,[CH3][C]([OH])=[N][CH]1[CH]([O][CH]2[CH]([CH2][OH])[O][CH]([OH])[CH]([N]=[C]([CH3])[OH])[CH]2[O][CH]([CH3])[C]([OH])=[N][CH]([CH3])[C]([OH])=[N][CH]([CH2][CH2][C]([OH])=[N][CH]([CH2][CH2][CH2][CH2][N]=[C]([OH])[CH2][CH]([NH2])[C](=[O])[OH])[C]([OH])=[N][CH]([CH3])[C]([OH])=[N][CH]([CH3])[C](=[O])[OH])[C](=[O])[OH])[O][CH]([CH2][OH])[CH]([OH])[CH]1[OH]
11936,[CH3][C]([OH])=[N][CH]1[CH]([O][CH]2[CH]([CH2][OH])[O][CH]([OH])[CH]([N]=[C]([CH3])[OH])[CH]2[O][CH]([CH3])[C]([OH])=[N][CH]([CH3])[C]([OH])=[N][CH]([CH2][CH2][C]([OH])=[N][CH]([CH2][CH2][CH2][CH2][NH2])[C]([OH])=[N][CH]([CH3])[C]([OH])=[N][CH]([CH3])[C](=[O])[OH])[C](=[O])[OH])[O][CH]([CH2][OH])[CH]([OH])[CH]1[OH]
11937,[NH]=[C]([NH2])[NH][CH2][CH2][CH2][CH]([N]=[C]([OH])[CH2][CH]([NH2])[C]([OH])=[N][CH]([CH2][C](=[O])[OH])[C](=[O])[OH])[C](=[O])[OH]
11938,[NH]=[C]([NH2])[NH][CH2][CH2][CH2][CH]([N]=[C]([OH])[CH2][CH]([NH2])[C](=[O])[OH])[C](=[O])[OH]
11939,[NH]=[C]([NH2])[NH][CH2][CH2][CH2][CH]([N]=[C]([OH])[CH2][CH]([NH2])[C]([OH])=[N][CH]([CH2][C]([OH])=[N][CH]([CH2][CH2][CH2][NH][C](=[NH])[NH2])[C](=[O])[OH])[C](=[O])[OH])[C](=[O])[OH]
11940,[CH3][CH]1[O][CH]([OH])[CH]([OH])[CH]([OH])[CH]1[O][CH]1[O][CH]([CH2][OH])[CH]([OH])[CH]([OH])[CH]1[OH]
11941,[NH]=[C]([NH2])[NH2]
11942,[CH3][C]([CH3])=[CH][CH2][CH2][CH]([CH3])[C]12[CH2][CH]=[C]([CH3])[CH]1[CH2]2
11943,[OH][CH]1[CH]([OH])[CH]([OH])[CH]([OH])[CH]([OH])[CH]1[OH]
11944,[CH3][C]1=[CH][CH2][CH]([C]([CH3])([CH3])[OH])[CH2][CH2]1
11945,[CH3][CH]([OH])[CH]([OH])[C]1=[N][c]2[c]([OH])[n][c](=[NH])[nH][c]2[NH][CH2]1
11946,[CH3][C]([CH3])=[CH][CH2][CH2][C]([CH3])=[CH][CH2][CH2][C]([CH3])=[CH][CH2][CH2][C]([CH3])=[CH][CH2][CH2][C]([CH3])=[CH][CH2][CH2][C]([CH3])=[CH][CH2][CH2][C]([CH3])=[CH][CH2][CH2][C]([CH3])=[CH][CH2][CH2][C]([CH3])=[CH][CH2][CH2][C]([CH3])=[CH][CH2][O][P](=[O])([OH])[OH]
11947,[CH3][CH]1[O][CH]([OH])[CH]([OH])[CH]([O][CH]2[O][CH]([CH2][OH])[CH]([OH])[CH]([OH])[CH]2[OH])[CH]1[OH]
11948,[CH3][C]([OH])=[N][CH]1[CH]([CH3])[O][CH]([O][P](=[O])([OH])[O][P](=[O])([OH])[O][CH2][CH]2[O][CH]([n]3[cH][c]([CH3])[c]([OH])[n][c]3=[O])[CH2][CH]2[OH])[CH]([OH])[CH]1[OH]
11949,[O]=[c]1[cH][c]([OH])[cH][c]2[o][c](-[c]3[cH][cH][c]([OH])[c]([OH])[cH]3)[c]([O][CH]3[O][CH]([CH2][O][CH]4[O][CH]([CH2][O+]=[C]([OH])[CH]=[CH][c]5[cH][cH][c]([OH])[cH][cH]5)[CH]([OH])[CH]([OH])[CH]4[OH])[CH]([OH])[CH]([OH])[CH]3[O][CH]3[O][CH2][CH]([OH])[CH]([OH])[CH]3[OH])[cH][c]1-2
11950,[OH][CH2][CH]1[O][CH]([O][CH2][CH]2[O][CH]([O][c]3[cH][c]4[c]([OH])[cH][c]([OH])[cH][c]4[o+][c]3-[c]3[cH][cH][c]([OH])[c]([OH])[cH]3)[CH]([O][CH]3[O][CH2][CH]([OH])[CH]([OH])[CH]3[OH])[CH]([OH])[CH]2[OH])[CH]([OH])[CH]([OH])[CH]1[OH]
11951,[CH3][c]1[cH][c](=[O])[c]2[c]([OH])[cH][c]([OH])[cH][c]2[o]1
11952,[OH][CH2][CH]1[O][CH]([O][c]2[cH][c]3[c]([OH])[cH][c](=[O+][CH]4[O][CH]([CH2][OH])[CH]([OH])[CH]([OH])[CH]4[OH])[cH][c]-3[o][c]2-[c]2[cH][cH][c]([OH])[c]([OH])[cH]2)[CH]([OH])[CH]([OH])[CH]1[OH]
11953,[CH3][C]([CH3])=[CH][CH2][CH2][C]([CH3])=[CH][CH2][CH2][C]([CH3])=[CH][CH2][CH2][C]([CH3])=[CH][CH2][CH2][C]([CH3])=[CH][CH2][CH2][C]([CH3])=[CH][CH2][CH2][C]([CH3])=[CH][CH2][CH2][C]([CH3])=[CH][CH2][CH2][C]([CH3])=[CH][CH2][CH2][C]([CH3])=[CH][CH2][CH2][C]([CH3])=[CH][CH2][O][P](=[O])([OH])[O][P](=[O])([OH])[O][CH]1[O][CH]([CH2][OH])[CH]([O][CH]2[O][CH]([C](=[O])[OH])[CH]([O][CH]3[O][CH]([CH3])[CH]([N]=[C]([CH3])[OH])[CH]([OH])[CH]3[OH])[CH]([OH])[CH]2[N]=[C]([CH3])[OH])[CH]([OH])[CH]1[N]=[C]([CH3])[OH]
11954,[CH3][n+]1[cH][n]([CH]2[O][CH]([CH2][OH])[CH]([OH])[CH]2[OH])[c]2[nH][c](=[NH])[n][c]([OH])[c]21
11955,[CH3][CH]1[CH2][CH2][C]2([O][CH2]1)[O][CH]1[CH2][CH]3[CH]4[CH2][CH]=[C]5[CH2][CH]([OH])[CH2][CH2][C]5([CH3])[CH]4[CH2][CH2][C]3([CH3])[CH]1[CH]2[CH3]
11956,[CH3][CH]1[CH2][CH2][C]2([O][CH2]1)[O][CH]1[CH2][CH]3[CH]4[CH2][CH]=[C]5[CH2][CH]([O][CH]6[O][CH]([CH2][OH])[CH]([O][CH]7[O][CH]([CH3])[CH]([OH])[CH]([OH])[CH]7[OH])[CH]([OH])[CH]6[O][CH]6[O][CH]([CH3])[CH]([OH])[CH]([OH])[CH]6[OH])[CH2][CH2][C]5([CH3])[CH]4[CH2][CH2][C]3([CH3])[CH]1[CH]2[CH3]
11957,[CH3][CH]1[CH2][CH2][C]2([O][CH2]1)[O][CH]1[CH2][CH]3[CH]4[CH2][CH]=[C]5[CH2][CH]([O][CH]6[O][CH]([CH2][OH])[CH]([OH])[CH]([OH])[CH]6[OH])[CH2][CH2][C]5([CH3])[CH]4[CH2][CH2][C]3([CH3])[CH]1[CH]2[CH3]
11958,[CH3][C]([OH])=[N][CH]([CH2][C](=[O])[OH])[C]([OH])=[N][CH]([CH2][CH2][C](=[O])[OH])[C](=[O])[OH]
11959,[CH3][c]1[n][c]([C](=[O])[OH])[s][c]1[CH2][CH2][O][P](=[O])([OH])[O][P](=[O])([OH])[O][CH2][CH]1[O][CH]([n]2[cH][n][c]3[c]([NH2])[n][cH][n][c]32)[CH]([OH])[CH]1[OH]
11960,[NH2][CH]([CH2][c]1[cH][cH][cH][c]([OH])[cH]1)[C](=[O])[OH]
11961,[CH3][CH]([CH2][CH2][CH2][CH]([CH3])[CH]1[CH2][CH2][CH]2[CH]3[CH2][CH2][C]4=[CH][C](=[O])[CH2][CH2][C]4([CH3])[CH]3[CH2][CH2][C]12[CH3])[C](=[O])[OH]
11962,[OH][CH2][CH]1[O][CH]([O][CH2][CH]2[O][CH]([OH])[CH]([OH])[CH]([OH])[CH]2[OH])[CH]([OH])[CH]([OH])[CH]1[OH]
11963,[CH3][N]1[CH2][CH2][CH]=[C]1[c]1[cH][cH][c]([OH])[n][cH]1
11964,[O]=[C]([OH])[C](=[O])[CH]=[C]1[CH2][CH2][CH]([OH])[CH]2[O][CH]12
11965,[O]=[C]([OH])[C](=[O])[CH2][CH]1[CH2][CH2][CH]([OH])[CH]2[O][CH]12
11966,[CH3][O][C]1=[C]([CH3])[C](=[O])[c]2[c]([OH])[cH][c]([OH])[cH][c]2[C]1=[O]
11967,[CH2]=[CH][C]([CH3])([CH2][CH2][CH]=[C]([CH3])[CH3])[c]1[c]([OH])[cH][c]2[c]([c]1[OH])[C](=[O])[C]([CH3])=[C]([O][CH3])[C]2=[O]
11968,[CH3][O][C]1=[C]([CH3])[C](=[O])[c]2[c]([OH])[cH][c]([O][CH2][CH]=[C]([CH3])[CH2][CH2][CH]=[C]([CH3])[CH3])[cH][c]2[C]1=[O]
11969,[CH3][CH]([CH3])[CH]([CH3])[CH2][CH2][CH]([CH3])[CH]1[CH2][CH2][CH]2[CH]3[CH2][CH]=[C]4[CH2][CH]([OH])[CH2][CH2][C]4([CH3])[CH]3[CH2][CH2][C]12[CH3]
11970,[NH]=[C]([CH2][c]1[cH][nH][c]2[cH][cH][cH][cH][c]12)[C](=[O])[OH]
11971,[CH3][O][C]12[C-]([CH2][O][C](=[NH])[OH])[C]3=[C]([C](=[O])[C]([CH3])=[C]([OH])[C]3=[O])[N]1[CH2][CH]1[NH][CH]12
11972,[CH3][O][C]1=[C]([CH3])[C](=[O])[C]2=[C]([C]1=[O])[C-]([CH2][O][C](=[NH])[OH])[C]1([O][CH3])[CH]3[NH][CH]3[CH2][N]21
11973,[O]=[C]1[CH2][C]([OH])([CH2][OH])[CH]([OH])[CH]([OH])[C]1=[O]
11974,[O]=[C]1[CH2][C]([OH])([CH2][OH])[CH2][C]([OH])=[C]1[OH]
11975,[CH3][N]([CH3])[CH]1[C]([OH])=[C]([C](=[NH])[OH])[C](=[O])[C]2([OH])[C](=[O])[C]3([OH])[C](=[O])[c]4[c]([OH])[cH][cH][c]([Cl])[c]4[C]([CH3])([OH])[CH]3[CH2][CH]12
11976,[CH3][CH]([OH])[C]1([OH])[CH2][CH2][CH]2[CH]3[CH2][CH2][C]4=[CH][C](=[O])[CH2][CH2][C]4([CH3])[CH]3[CH2][CH2][C]21[CH3]
11977,[CH3][CH]([OH])[CH]([OH])[c]1[cH][n][c]2[nH][c](=[NH])[n][c]([OH])[c]2[n]1
11978,[CH3][C]([CH]=[CH][C]1([OH])[C]([CH3])=[CH][C](=[O])[CH2][C]1([CH3])[CH3])=[CH][CH]=[O]
11979,[CH3][C]12[CH2][CH2][CH]3[CH]([CH2][CH2][CH]4[CH2][C](=[O])[CH2][CH2][C]43[CH3])[CH]1[CH2][CH2][CH]2[OH]
11980,[CH3][C](=[O])[c]1[cH][cH][c]([OH])[cH][c]1[OH]
11981,[O]=[C]([CH]=[CH][c]1[cH][cH][c]([OH])[c]([OH])[cH]1)[O][CH]1[CH2][C]([OH])([C](=[O])[OH])[CH2][CH]([OH])[CH]1[OH]
11982,[O]=[C]1[CH2][CH]([c]2[cH][cH][c]([OH])[cH][cH]2)[O][c]2[cH][c]([OH])[cH][cH][c]21
11983,[CH3][C]([CH]=[CH][C]1([OH])[C]([CH3])=[CH][C](=[O])[CH2][C]1([CH3])[CH3])=[CH][C](=[O])[OH]
11984,[CH3][O][c]1[cH][c]2[o][cH][c](-[c]3[cH][cH][c]([OH])[cH][c]3[OH])[c](=[O])[c]2[c]([OH])[c]1[CH2][CH]1[O][C]1([CH3])[CH3]
11985,[CH3][O][c]1[cH][c]2[o][cH][c](-[c]3[cH][cH][c]([OH])[cH][c]3[OH])[c](=[O])[c]2[c]([OH])[c]1[CH2][CH]=[C]([CH3])[CH3]
11986,[O]=[C]([OH])[CH2][CH]=[CH][C](=[O])[C](=[O])[OH]
11987,[O]=[C]1[O][CH]([CH]([OH])[CH2][OH])[C]([OH])=[C]1[O][P](=[O])([OH])[OH]
11988,[CH3][c]1[cH][n]([CH]2[CH2][CH]([OH])[CH]([CH2][O][P](=[O])([OH])[O][P](=[O])([OH])[O][CH]3[O][CH]([CH3])[CH]([NH2])[CH]([OH])[CH]3[OH])[O]2)[c](=[O])[n][c]1[OH]
11989,[CH3][CH]1[O][CH]([O][P](=[O])([OH])[OH])[CH]([OH])[CH]([OH])[CH]1[OH]
11990,[CH3][c]1[cH][n]([CH]2[CH2][CH]([OH])[CH]([CH2][O][P](=[O])([OH])[O][P](=[O])([OH])[O][CH]3[O][CH]([CH2][OH])[CH]([OH])[CH]([OH])[CH]3[OH])[O]2)[c](=[O])[n][c]1[OH]
11991,[O]=[P]([OH])([OH])[O][CH]1[O][CH]([CH2][OH])[CH]([OH])[CH]([OH])[CH]1[OH]
11992,[NH2][CH2][CH2][O][P](=[O])([OH])[O][CH2][CH]([NH2])[C](=[O])[OH]
11993,[CH3][C]([OH])=[N][CH]([CH2][C]([OH])=[N][CH]1[O][CH]([CH2][OH])[CH]([O][CH]2[O][CH]([CH2][OH])[CH]([O][CH]3[O][CH]([CH2][OH])[CH]([O][CH]4[O][CH]([CH2][O][P](=[O])([OH])[O][CH]5[O][CH]([CH2][OH])[CH]([OH])[CH]([OH])[CH]5[N]=[C]([CH3])[OH])[CH]([OH])[CH]([OH])[CH]4[OH])[CH]([OH])[CH]3[OH])[CH]([OH])[CH]2[N]=[C]([CH3])[OH])[CH]([OH])[CH]1[N]=[C]([CH3])[OH])[C](=[NH])[OH]
11994,[CH3][C]([OH])=[N][CH]1[CH]([OH])[O][CH]([CH2][OH])[CH]([O][CH]2[O][CH]([CH2][OH])[CH]([O][CH]3[O][CH]([CH2][O][CH]4[O][CH]([CH2][O][CH]5[O][CH]([CH2][OH])[CH]([OH])[CH]([OH])[CH]5[OH])[CH]([OH])[CH]([O][CH]5[O][CH]([CH2][OH])[CH]([OH])[CH]([OH])[CH]5[O][CH]5[O][CH]([CH2][OH])[CH]([OH])[CH]([OH])[CH]5[OH])[CH]4[OH])[CH]([OH])[CH]([O][CH]4[O][CH]([CH2][OH])[CH]([OH])[CH]([OH])[CH]4[O][CH]4[O][CH]([CH2][OH])[CH]([OH])[CH]([OH])[CH]4[O][CH]4[O][CH]([CH2][OH])[CH]([OH])[CH]([OH])[CH]4[OH])[CH]3[OH])[CH]([OH])[CH]2[N]=[C]([CH3])[OH])[CH]1[OH]
11995,[CH3][C]([OH])=[N][CH]1[CH]([OH])[O][CH]([CH2][OH])[CH]([O][CH]2[O][CH]([CH2][OH])[CH]([O][CH]3[O][CH]([CH2][O][CH]4[O][CH]([CH2][O][CH]5[O][CH]([CH2][OH])[CH]([OH])[CH]([OH])[CH]5[O][CH]5[O][CH]([CH2][OH])[CH]([OH])[CH]([OH])[CH]5[OH])[CH]([OH])[CH]([O][CH]5[O][CH]([CH2][OH])[CH]([OH])[CH]([OH])[CH]5[O][CH]5[O][CH]([CH2][OH])[CH]([OH])[CH]([OH])[CH]5[OH])[CH]4[OH])[CH]([OH])[CH]([O][CH]4[O][CH]([CH2][OH])[CH]([OH])[CH]([OH])[CH]4[O][CH]4[O][CH]([CH2][OH])[CH]([OH])[CH]([OH])[CH]4[O][CH]4[O][CH]([CH2][OH])[CH]([OH])[CH]([OH])[CH]4[OH])[CH]3[OH])[CH]([OH])[CH]2[N]=[C]([CH3])[OH])[CH]1[OH]
11996,[CH2]=[C]([CH3])[CH]1[CH2][CH2][C]2([CH3])[O][CH]2[CH2]1
11997,[CH3][C](=[CH][CH2][CH2][CH]([CH3])[CH]1[CH2][CH2][CH]2[CH]3[CH]([OH])[CH2][CH]4[CH2][CH]([OH])[CH2][CH2][C]4([CH3])[CH]3[CH2][CH]([OH])[C]12[CH3])[C](=[O])[S][CH2][CH2][N]=[C]([OH])[CH2][CH2][N]=[C]([OH])[CH]([OH])[C]([CH3])([CH3])[CH2][O][P](=[O])([OH])[O][P](=[O])([OH])[O][CH2][CH]1[O][CH]([n]2[cH][n][c]3[c]([NH2])[n][cH][n][c]32)[CH]([OH])[CH]1[O][P](=[O])([OH])[OH]
11998,[CH3][C]([CH3])=[CH][CH2][CH2][C]([CH3])=[CH][CH2][CH2][C]([CH3])=[CH][CH2][CH2][C]([CH3])=[CH][CH2][CH2][C]([CH3])=[CH][CH2][CH2][C]([CH3])=[CH][CH2][CH2][C]([CH3])=[CH][CH2][CH2][C]([CH3])=[CH][CH2][CH2][C]([CH3])=[CH][CH2][CH2][C]([CH3])=[CH][CH2][CH2][C]([CH3])=[CH][CH2][O][P](=[O])([OH])[O][P](=[O])([OH])[O][CH]1[O][CH]([CH2][OH])[CH]([O][CH]2[O][CH]([CH2][OH])[CH]([OH])[CH]([OH])[CH]2[N]=[C]([CH3])[OH])[CH]([O][CH]([CH3])[C]([OH])=[N][CH]([CH3])[C]([OH])=[N][CH]([CH2][CH2][C]([OH])=[N][CH]([CH2][CH2][CH2][CH2][N]=[C]([OH])[CH2][CH]([NH2])[C](=[O])[OH])[C]([OH])=[N][CH]([CH3])[C]([OH])=[N][CH]([CH3])[C](=[O])[OH])[C](=[O])[OH])[CH]1[N]=[C]([CH3])[OH]
11999,[CH3][C]([CH3])=[CH][CH2][CH2][C]([CH3])=[CH][CH2][CH2][C]([CH3])=[CH][CH2][CH2][C]([CH3])=[CH][CH2][CH2][C]([CH3])=[CH][CH2][CH2][C]([CH3])=[CH][CH2][CH2][C]([CH3])=[CH][CH2][CH2][C]([CH3])=[CH][CH2][CH2][C]([CH3])=[CH][CH2][CH2][C]([CH3])=[CH][CH2][CH2][C]([CH3])=[CH][CH2][O][P](=[O])([OH])[O][P](=[O])([OH])[O][CH]1[O][CH]([CH2][OH])[CH]([O][CH]2[O][CH]([CH2][OH])[CH]([OH])[CH]([OH])[CH]2[N]=[C]([CH3])[OH])[CH]([O][CH]([CH3])[C]([OH])=[N][CH]([CH3])[C]([OH])=[N][CH]([CH2][CH2][C]([OH])=[N][CH]([CH2][CH2][CH2][CH2][NH2])[C]([OH])=[N][CH]([CH3])[C]([OH])=[N][CH]([CH3])[C](=[O])[OH])[C](=[O])[OH])[CH]1[N]=[C]([CH3])[OH]