﻿substrate_ID,original_compound
500,[OH][CH]1[CH2][O][CH]([OH])[CH]([OH])[CH]1[OH]
501,[O]=[C]([CH2][OH])[CH]([OH])[CH]([OH])[CH2][OH]
502,[OH][CH2][CH]1[O][CH]([O][c]2[cH][cH][c]([OH])[cH][cH]2)[CH]([OH])[CH]([OH])[CH]1[OH]
503,[NH]=[C]([NH2])[NH][CH2][CH2][CH2][CH]([NH2])[C](=[O])[OH]
504,[NH]=[C]([OH])[NH][CH2][CH2][CH2][CH]([NH2])[C](=[O])[OH]
505,[NH]=[C]([NH][CH2][CH2][CH2][CH]([NH2])[C](=[O])[OH])[NH][P](=[O])([OH])[OH]
506,[NH]=[C]([NH][CH2][CH2][CH2][CH]([NH2])[C](=[O])[OH])[NH][CH]([CH2][C](=[O])[OH])[C](=[O])[OH]
507,[CH3][n]1[cH][n][cH][c]1[CH2][CH]([NH2])[C](=[O])[OH]
508,[NH2][CH]([CH2][c]1[cH][cH][cH][cH][cH]1)[C](=[O])[OH]
509,[NH2][CH]([CH2][C]1([C](=[O])[OH])[CH]=[CH][CH]([OH])[CH]=[CH]1)[C](=[O])[OH]
510,[NH]=[C]([NH2])[NH][CH2][CH2][CH2][C](=[O])[C](=[O])[OH]
511,[NH2][CH]([CH2][C](=[O])[O][P](=[O])([OH])[OH])[C](=[O])[OH]
512,[NH2][CH]([CH2][CH]=[O])[C](=[O])[OH]
513,[NH2][CH2][CH2][CH2][NH][CH2][CH2][CH2][CH2][NH][CH2][CH2][CH2][NH2]
514,[NH]=[C]([OH])[CH2][CH]([NH2])[C](=[O])[OH]
515,[NH]=[C]([OH])[O][P](=[O])([OH])[OH]
516,[NH]=[C]([OH])[NH][CH]([CH2][C](=[O])[OH])[C](=[O])[OH]
517,[NH]=[C]([CH2][C](=[O])[OH])[C](=[O])[OH]
518,[CH3][O][c]1[c]([OH])[c]([CH3])[c]([CH2][CH]=[C]([CH3])[CH2][CH2][CH]=[C]([CH3])[CH2][CH2][CH]=[C]([CH3])[CH2][CH2][CH]=[C]([CH3])[CH2][CH2][CH]=[C]([CH3])[CH2][CH2][CH]=[C]([CH3])[CH2][CH2][CH]=[C]([CH3])[CH2][CH2][CH]=[C]([CH3])[CH3])[c]([OH])[c]1[O][CH3]
519,[CH3][O][C]1=[C]([O][CH3])[C](=[O])[C]([CH2][CH]=[C]([CH3])[CH2][CH2][CH]=[C]([CH3])[CH2][CH2][CH]=[C]([CH3])[CH2][CH2][CH]=[C]([CH3])[CH2][CH2][CH]=[C]([CH3])[CH2][CH2][CH]=[C]([CH3])[CH2][CH2][CH]=[C]([CH3])[CH2][CH2][CH]=[C]([CH3])[CH3])=[C]([CH3])[C]1=[O]
520,[NH2][CH]([CH2][CH2][C]([OH])=[N][CH]([CH2][S][S][CH2][CH]([N]=[C]([OH])[CH2][CH2][CH]([NH2])[C](=[O])[OH])[C]([OH])=[N][CH2][C](=[O])[OH])[C]([OH])=[N][CH2][C](=[O])[OH])[C](=[O])[OH]
521,[OH][As]([OH])[OH]
522,[O]=[As]([OH])([OH])[OH]
523,[NH]=[C]([NH2])[NH][CH2][CH2][CH2][CH]([N]=[C]([OH])[CH2][CH2][C](=[O])[OH])[C](=[O])[OH]
524,[NH]=[C]([OH])[NH][CH]([NH2])[C](=[O])[OH]
525,[CH3][CH]([OH])[CH]([NH2])[C](=[O])[OH]
526,[NH]=[c]1[n][c]([OH])[c]2[n][cH][n]([CH]3[O][CH]([CH2][O][P](=[O])([OH])[O][P](=[O])([OH])[O][P](=[O])([OH])[O][P](=[O])([OH])[O][CH2][CH]4[O][CH]([n]5[cH][n][c]6[c]([OH])[n][c](=[NH])[nH][c]65)[CH]([OH])[CH]4[OH])[CH]([OH])[CH]3[OH])[c]2[nH]1
527,[O]=[P]([OH])([OH])[OH]
528,[NH]=[c]1[c]2[n][cH][n]([CH]3[O][CH]([CH2][O][P](=[O])([OH])[O][P](=[O])([OH])[O][P](=[O])([OH])[OH])[CH]([OH])[CH]3[OH])[c]2[n][cH][n]1[CH]1[O][CH]([CH2][O][P](=[O])([OH])[OH])[CH]([OH])[CH]1[OH]
529,[CH3][CH2][N]=[c]1[n][c]([OH])[nH][c](=[N][CH]([CH3])[CH3])[nH]1
530,[CH3][CH2][N]=[c]1[n][c]([Cl])[nH][c](=[N][CH]([CH3])[CH3])[nH]1
531,[NH]=[C]([OH])[N]=[C]1[N]=[C]([OH])[NH][C]1([OH])[C](=[O])[OH]
532,[NH2][c]1[c]([OH])[n][c]([OH])[n][c]1[NH][CH2][CH]([OH])[CH]([OH])[CH]([OH])[CH2][OH]
533,[CH3][CH]([CH2][CH2][C]([OH])=[N][CH2][C](=[O])[OH])[CH]1[CH2][CH2][CH]2[CH]3[CH]([OH])[CH2][CH]4[CH2][CH]([OH])[CH2][CH2][C]4([CH3])[CH]3[CH2][CH2][C]12[CH3]
534,[CH3][CH]([CH2][CH2][C](=[O])[S][CH2][CH2][N]=[C]([OH])[CH2][CH2][N]=[C]([OH])[CH]([OH])[C]([CH3])([CH3])[CH2][O][P](=[O])([OH])[O][P](=[O])([OH])[O][CH2][CH]1[O][CH]([n]2[cH][n][c]3[c]([NH2])[n][cH][n][c]32)[CH]([OH])[CH]1[O][P](=[O])([OH])[OH])[CH]1[CH2][CH2][CH]2[CH]3[CH]([OH])[CH2][CH]4[CH2][CH]([OH])[CH2][CH2][C]4([CH3])[CH]3[CH2][CH2][C]12[CH3]
535,[CH3][CH]([CH2][CH2][C]([OH])=[N][CH2][CH2][S](=[O])(=[O])[OH])[CH]1[CH2][CH2][CH]2[CH]3[CH]([OH])[CH2][CH]4[CH2][CH]([OH])[CH2][CH2][C]4([CH3])[CH]3[CH2][CH2][C]12[CH3]
536,[NH2][CH2][CH2][S](=[O])(=[O])[OH]
537,[NH2][c]1[n][cH][n][c]2[c]1[n][cH][n]2[CH]1[O][CH]([CH2][O][P](=[O])([OH])[O][C](=[O])[CH2][CH2][CH2][CH2][CH]2[S][CH2][CH]3[N]=[C]([OH])[NH][CH]32)[CH]([OH])[CH]1[OH]
538,[O]=[C]([OH])[CH2][CH2][CH2][CH2][CH]1[S][CH2][CH]2[N]=[C]([OH])[NH][CH]21
539,[CH3][n]1[cH][n][cH][c]1[CH2][CH]([N]=[C]([OH])[CH2][CH2][NH2])[C](=[O])[OH]
540,[CH3][N+]([CH3])([CH3])[CH2][CH]([OH])[CH2][C](=[O])[OH]
541,[CH3][N+]([CH3])([CH3])[CH2][CH2][CH2][C](=[O])[OH]
542,[CH3][C]([CH]=[CH][CH]=[C]([CH3])[CH]=[CH][C]1=[C]([CH3])[CH2][CH2][CH2][C]1([CH3])[CH3])=[CH][CH]=[CH][CH]=[C]([CH3])[CH]=[CH][CH]=[C]([CH3])[CH]=[CH][C]1=[C]([CH3])[CH2][CH]([OH])[CH2][C]1([CH3])[CH3]
543,[CH3][C]([CH]=[CH][CH]=[C]([CH3])[CH]=[CH][C]1=[C]([CH3])[CH2][CH2][CH2][C]1([CH3])[CH3])=[CH][CH]=[CH][CH]=[C]([CH3])[CH]=[CH][CH]=[C]([CH3])[CH]=[CH][C]1=[C]([CH3])[CH2][CH2][CH2][C]1([CH3])[CH3]
544,[CH3][C]([CH]=[CH][CH]=[C]([CH3])[CH]=[CH][C]1=[C]([CH3])[CH2][CH]([OH])[CH2][C]1([CH3])[CH3])=[CH][CH]=[CH][CH]=[C]([CH3])[CH]=[CH][CH]=[C]([CH3])[CH]=[CH][C]1=[C]([CH3])[CH2][CH]([OH])[CH2][C]1([CH3])[CH3]
545,[CH3][C]([CH]=[CH][CH]=[C]([CH3])[CH]=[CH][C]1=[C]([CH3])[CH2][CH2][CH2][C]1([CH3])[CH3])=[CH][CH]=[CH][CH]=[C]([CH3])[CH]=[CH][CH]=[C]([CH3])[CH]=[CH][C]1=[C]([CH3])[C](=[O])[CH2][CH2][C]1([CH3])[CH3]
546,[CH3][C]([CH]=[CH][CH]=[C]([CH3])[CH]=[CH][C]1=[C]([CH3])[CH2][CH2][CH2][C]1([CH3])[CH3])=[CH][CH]=[O]
547,[O]=[C]([OH])[c]1[cH][cH][cH][cH][cH]1
548,[CH3][C]([CH3])([CH2][O][P](=[O])([OH])[O][P](=[O])([OH])[O][CH2][CH]1[O][CH]([n]2[cH][n][c]3[c]([NH2])[n][cH][n][c]32)[CH]([OH])[CH]1[O][P](=[O])([OH])[OH])[CH]([OH])[C]([OH])=[N][CH2][CH2][C]([OH])=[N][CH2][CH2][S][C](=[O])[C]1=[CH][CH2][CH2][CH]=[CH]1
549,[CH3][CH2][CH]([CH3])[CH]([NH2])[C](=[O])[OH]
550,[CH3][CH]([CH3])[CH2][CH]([NH2])[C](=[O])[OH]
551,[CH3][CH]([CH3])[CH]([NH2])[C](=[O])[OH]
552,[O]=[C]([OH])[CH]=[CH][c]1[cH][cH][cH][cH][c]1[O][CH]1[O][CH]([CH2][OH])[CH]([OH])[CH]([OH])[CH]1[OH]
553,[O]=[C]([OH])[CH]=[CH][c]1[cH][cH][cH][cH][c]1[OH]
554,[CH3][CH]([OH])[CH2][C](=[O])[OH]
555,[CH3][N+]([CH3])([CH3])[CH2][C](=[O])[OH]
556,[CH3][N+]([CH3])([CH3])[CH2][CH]=[O]
557,[O]=[P]([OH])([OH])[O][CH2][CH]1[O][C]([CH2][OH])([O][CH]2[O][CH]([CH2][OH])[CH]([OH])[CH]([OH])[CH]2[OH])[CH]([OH])[CH]1[OH]
558,[O]=[P]([OH])([OH])[O][CH2][CH]1[O][CH]([OH])[CH]([OH])[CH]([OH])[CH]1[OH]
559,[OH][CH2][CH]1[O][CH]([O][CH]2[CH]([CH2][OH])[O][CH]([OH])[CH]([OH])[CH]2[OH])[CH]([OH])[CH]([OH])[CH]1[OH]
560,[CH3][O][CH]1[O][CH]([CH2][OH])[CH]([OH])[CH]([OH])[CH]1[OH]
561,[CH3][N]([CH3])[CH2][C](=[O])[OH]
562,[CH2]=[CH][C]1=[C]([CH3])[C](=[CH][C]2=[N][C](=[CH][c]3[nH][c]([CH]=[C]4[NH][C](=[O])[C]([CH3])=[C]4[CH]=[CH2])[c]([CH3])[c]3[CH2][CH2][C](=[O])[OH])[C]([CH2][CH2][C](=[O])[OH])=[C]2[CH3])[NH][C]1=[O]
563,[CH2]=[CH][C]1=[C]([CH3])[C](=[CH][c]2[nH][c]([CH2][c]3[nH][c]([CH]=[C]4[NH][C](=[O])[C]([CH3])=[C]4[CH]=[CH2])[c]([CH3])[c]3[CH2][CH2][C](=[O])[OH])[c]([CH2][CH2][C](=[O])[OH])[c]2[CH3])[NH][C]1=[O]
564,[NH2][c]1[n][cH][n][c]2[c]1[n][cH][n]2[CH]1[O][CH]([CH2][O][P](=[O])([OH])[OH])[CH]([O][P](=[O])([OH])[OH])[CH]1[OH]
565,[CH3][C]([CH3])([CH2][O][P](=[O])([OH])[O][P](=[O])([OH])[O][CH2][CH]1[O][CH]([n]2[cH][n][c]3[c]([NH2])[n][cH][n][c]32)[CH]([OH])[CH]1[O][P](=[O])([OH])[OH])[CH]([OH])[C]([OH])=[N][CH2][CH2][C]([OH])=[N][CH2][CH2][S][C](=[O])[c]1[cH][cH][cH][cH][c]1[C](=[O])[CH2][CH2][C](=[O])[OH]
566,[O]=[C]([OH])[CH2][CH2][CH2][CH2][CH]1[CH]2[NH][C]([OH])=[N][CH]2[CH2][S]1=[O]
567,[NH2][c]1[n][cH][n][c]2[c]1[n][cH][n]2[CH]1[O][CH]([CH2][O][P](=[O])([OH])[O][P](=[O])([OH])[O][P](=[O])([OH])[O][CH2][CH]2[O][CH]([n]3[cH][n][c]4[c]([NH2])[n][cH][n][c]43)[CH]([OH])[CH]2[OH])[CH]([OH])[CH]1[OH]
568,[CH3][CH]1[N]=[C]([OH])[NH][CH]1[CH2][CH2][CH2][CH2][CH2][C](=[O])[OH]
569,[NH]=[C]([OH])[NH][CH2][CH2][C](=[O])[OH]
570,[O]=[C]([OH])[C]1([OH])[CH]=[CH][CH]=[CH][CH]1[OH]
571,[O]=[CH][c]1[cH][cH][cH][cH][cH]1
572,[OH][CH2][c]1[cH][cH][cH][cH][cH]1
573,[OH][c]1[cH][cH][cH][cH][c]1[OH]
574,[O]=[C]([OH])[CH2][CH]([CH2][c]1[cH][cH][cH][cH][cH]1)[C](=[O])[OH]
575,[CH3][C]([CH3])([CH2][O][P](=[O])([OH])[O][P](=[O])([OH])[O][CH2][CH]1[O][CH]([n]2[cH][n][c]3[c]([NH2])[n][cH][n][c]32)[CH]([OH])[CH]1[O][P](=[O])([OH])[OH])[CH]([OH])[C]([OH])=[N][CH2][CH2][C]([OH])=[N][CH2][CH2][S][C](=[O])[CH]([CH2][C](=[O])[OH])[CH2][c]1[cH][cH][cH][cH][cH]1
576,[CH3][c]1[cH][cH][cH][cH][cH]1
577,[CH3][CH2][CH2][CH2][CH2][CH2][CH2][CH]([OH])[CH2][C](=[O])[O][CH]([CH2][CH2][C](=[O])[OH])[N+]([CH3])([CH3])[CH3]
578,[CH3][CH2][CH2][CH2][CH2][CH2][CH2][CH]([OH])[CH2][C](=[O])[S][CH2][CH2][N]=[C]([OH])[CH2][CH2][N]=[C]([OH])[CH]([OH])[C]([CH3])([CH3])[CH2][O][P](=[O])([OH])[O][P](=[O])([OH])[O][CH2][CH]1[O][CH]([n]2[cH][n][c]3[c]([NH2])[n][cH][n][c]32)[CH]([OH])[CH]1[O][P](=[O])([OH])[OH]
579,[CH3][CH2][CH2][CH2][CH2][CH2][CH2][CH2][CH2][CH]([OH])[CH2][C](=[O])[O][CH]([CH2][C](=[O])[OH])[CH2][N+]([CH3])([CH3])[CH3]
580,[CH3][CH2][CH2][CH2][CH2][CH2][CH2][CH2][CH2][CH]([OH])[CH2][C](=[O])[S][CH2][CH2][N]=[C]([OH])[CH2][CH2][N]=[C]([OH])[CH]([OH])[C]([CH3])([CH3])[CH2][O][P](=[O])([OH])[O][P](=[O])([OH])[O][CH2][CH]1[O][CH]([n]2[cH][n][c]3[c]([NH2])[n][cH][n][c]32)[CH]([OH])[CH]1[O][P](=[O])([OH])[OH]
581,[CH3][CH2][CH2][CH2][CH2][CH2][CH2][CH2][CH2][CH2][CH2][CH]([OH])[CH2][C](=[O])[O][CH]([CH2][C](=[O])[OH])[CH2][N+]([CH3])([CH3])[CH3]
582,[CH3][CH2][CH2][CH2][CH2][CH2][CH2][CH2][CH2][CH2][CH2][CH]([OH])[CH2][C](=[O])[S][CH2][CH2][N]=[C]([OH])[CH2][CH2][N]=[C]([OH])[CH]([OH])[C]([CH3])([CH3])[CH2][O][P](=[O])([OH])[O][P](=[O])([OH])[O][CH2][CH]1[O][CH]([n]2[cH][n][c]3[c]([NH2])[n][cH][n][c]32)[CH]([OH])[CH]1[O][P](=[O])([OH])[OH]
583,[CH2]=[C]([CH]=[CH][CH]([CH3])[CH]1[CH2][CH2][CH]2[C]3=[CH][CH]=[C]4[CH2][CH]([OH])[CH2][CH2][C]4([CH3])[CH]3[CH2][CH2][C]21[CH3])[CH]([CH3])[CH3]
584,[CH3][CH]([CH3])[CH]([CH3])[CH]=[CH][CH]([CH3])[CH]1[CH2][CH2][CH]2[C]3=[CH][CH]=[C]4[CH2][CH]([OH])[CH2][CH2][C]4([CH3])[CH]3[CH2][CH2][C]21[CH3]
585,[CH3][CH2][CH2][C](=[O])[O][CH]([CH2][C](=[O])[OH])[CH2][N+]([CH3])([CH3])[CH3]
586,[CH3][CH]([CH3])[CH2][C](=[O])[O][CH]([CH2][C](=[O])[OH])[CH2][N+]([CH3])([CH3])[CH3]
587,[CH3][CH]([CH3])[CH2][C](=[O])[S][CH2][CH2][N]=[C]([OH])[CH2][CH2][N]=[C]([OH])[CH]([OH])[C]([CH3])([CH3])[CH2][O][P](=[O])([OH])[O][P](=[O])([OH])[O][CH2][CH]1[O][CH]([n]2[cH][n][c]3[c]([NH2])[n][cH][n][c]32)[CH]([OH])[CH]1[O][P](=[O])([OH])[OH]
588,[CH3][CH2][CH2][CH2][CH2][CH2][CH2][C](=[O])[O][CH]([CH2][C](=[O])[OH])[CH2][N+]([CH3])([CH3])[CH3]
589,[CH2]=[C]([CH2][CH2][CH]([CH3])[CH]1[CH2][CH2][CH]2[C]3=[C]([CH2][CH2][C]21[CH3])[C]1([CH3])[CH2][CH2][CH]([OH])[CH2][CH]1[CH2][CH2]3)[CH]([CH3])[CH3]
590,[CH2]=[C]([CH2][CH2][CH]([CH3])[CH]1[CH2][CH2][CH]2[C]3=[CH][CH2][CH]4[CH2][CH]([OH])[CH2][CH2][C]4([CH3])[CH]3[CH2][CH2][C]21[CH3])[CH]([CH3])[CH3]
591,[NH]=[c]1[cH][cH][n]([CH]2[O][CH]([CH2][O][P](=[O])([OH])[O][C]3([C](=[O])[OH])[CH2][CH]([OH])[CH]([N]=[C]([OH])[CH2][OH])[CH]([CH]([OH])[CH]([OH])[CH2][OH])[O]3)[CH]([OH])[CH]2[OH])[c]([OH])[n]1
592,[O]=[CH][c]1[cH][cH][c]([OH])[c]([OH])[cH]1
593,[CH3][C]([CH3])([CH2][O][P](=[O])([OH])[O][P](=[O])([OH])[O][CH2][CH]1[O][CH]([n]2[cH][n][c]3[c]([NH2])[n][cH][n][c]32)[CH]([OH])[CH]1[O][P](=[O])([OH])[OH])[CH]([OH])[C]([OH])=[N][CH2][CH2][C]([OH])=[N][CH2][CH2][S][C](=[O])[CH]=[CH][c]1[cH][cH][c]([OH])[c]([OH])[cH]1
594,[O]=[C]([OH])[CH]=[CH][c]1[cH][cH][c]([OH])[c]([OH])[cH]1
595,[CH3][C]([CH3])=[CH][CH2][CH2][C]([CH3])=[CH][CH2][CH2][C]([CH3])=[CH][CH2][CH2][CH]=[C]([CH3])[CH2][CH2][CH]=[C]([CH3])[CH2][CH2][CH]1[O][C]1([CH3])[CH3]
596,[CH3][C]([CH3])=[CH][CH2][CH2][CH]([CH3])[CH]1[CH2][CH2][C]2([CH3])[CH]3[CH2][CH2][CH]4[C]([CH3])([CH3])[CH]([OH])[CH2][CH2][C]45[CH2][C]35[CH2][CH2][C]12[CH3]
597,[O]=[O]
598,[O]=[CH][CH]=[CH][CH]=[C]([OH])[C](=[O])[OH]
599,[O]=[C]([OH])[CH]=[CH][CH]=[CH][C](=[O])[OH]
600,[NH2][C](=[O])[OH]
601,[NH]=[c]1[n][c]([OH])[c]2[c]([C](=[O])[OH])[cH][nH][c]2[nH]1
602,[N]#[C][c]1[cH][nH][c]2[nH][c](=[NH])[n][c]([OH])[c]12
603,[CH3][CH2][CH2][CH2][CH2][CH2][CH2][CH2][CH2][CH2][CH2][CH2][CH2][C](=[O])[O][CH2][CH]([CH2][O][P](=[O])([OH])[OH])[O][C](=[O])[CH2][CH2][CH2][CH2][CH2][CH2][CH2][CH2][CH2][CH2][CH2][CH2][CH3]
604,[CH3][CH2][CH2][CH2][CH2][CH2][CH2][CH2][CH2][CH2][CH2][CH2][CH2][C](=[O])[O][CH2][CH]([CH2][O][P](=[O])([OH])[O][P](=[O])([OH])[O][CH2][CH]1[O][CH]([n]2[cH][cH][c](=[NH])[n][c]2[OH])[CH]([OH])[CH]1[OH])[O][C](=[O])[CH2][CH2][CH2][CH2][CH2][CH2][CH2][CH2][CH2][CH2][CH2][CH2][CH3]
605,[CH3][CH2][CH2][CH2][CH2][CH2][CH2][CH2][CH2][CH2][CH2][CH2][CH2][CH2][CH2][CH2][CH2][C](=[O])[O][CH2][CH]([CH2][O][P](=[O])([OH])[OH])[O][C](=[O])[CH2][CH2][CH2][CH2][CH2][CH2][CH2][CH2][CH2][CH2][CH2][CH2][CH2][CH2][CH2][CH2][CH3]
606,[CH3][CH2][CH2][CH2][CH2][CH2][CH2][CH2][CH2][CH2][CH2][CH2][CH2][CH2][CH2][CH2][CH2][C](=[O])[O][CH2][CH]([CH2][O][P](=[O])([OH])[O][P](=[O])([OH])[O][CH2][CH]1[O][CH]([n]2[cH][cH][c](=[NH])[n][c]2[OH])[CH]([OH])[CH]1[OH])[O][C](=[O])[CH2][CH2][CH2][CH2][CH2][CH2][CH2][CH2][CH2][CH2][CH2][CH2][CH2][CH2][CH2][CH2][CH3]
607,[NH]=[c]1[n][c]([OH])[c]2[c]([CH2][NH2])[cH][nH][c]2[nH]1
608,[CH3][C]([OH])([CH2][OH])[CH]([OH])[CH2][O][P](=[O])([OH])[O][P](=[O])([OH])[O][CH2][CH]1[O][CH]([n]2[cH][cH][c](=[NH])[n][c]2[OH])[CH]([OH])[CH]1[OH]
609,[CH3][C]([CH2][OH])([O][P](=[O])([OH])[OH])[CH]([OH])[CH2][O][P](=[O])([OH])[O][P](=[O])([OH])[O][CH2][CH]1[O][CH]([n]2[cH][cH][c](=[NH])[n][c]2[OH])[CH]([OH])[CH]1[OH]
610,[NH]=[c]1[cH][cH][n]([CH]2[O][CH]([CH2][O][P](=[O])([OH])[OH])[CH]([OH])[CH]2[OH])[c]([OH])[n]1
611,[NH]=[c]1[cH][cH][n]([CH]2[O][CH]([CH2][O][P](=[O])([OH])[O][P](=[O])([OH])[OH])[CH]([OH])[CH]2[OH])[c]([OH])[n]1
612,[CH3][CH]([O][P](=[O])([OH])[O][CH2][CH]([OH])[CH]([OH])[CH]([OH])[CH2][n]1[c]2[cH][c](=[O])[cH][cH][c]-2[cH][c]2[c]([OH])[n][c]([OH])[n][c]21)[C]([OH])=[N][CH]([CH2][CH2][C]([OH])=[N][CH]([CH2][CH2][C](=[O])[OH])[C](=[O])[OH])[C](=[O])[OH]
613,[CH3][CH2][CH2][CH2][CH2][CH2][CH]=[CH][CH2][CH2][CH2][CH2][CH2][CH2][CH2][C](=[O])[O][CH2][CH]([CH2][O][P](=[O])([OH])[O][CH2][CH]([OH])[CH2][OH])[O][C](=[O])[CH2][CH2][CH2][CH2][CH2][CH2][CH2][CH]=[CH][CH2][CH2][CH2][CH2][CH2][CH3]
614,[CH3][CH2][CH2][CH2][CH2][CH2][CH]1[CH2][CH]1[CH2][CH2][CH2][CH2][CH2][CH2][CH2][C](=[O])[O][CH2][CH]([CH2][O][P](=[O])([OH])[O][CH2][CH]([OH])[CH2][OH])[O][C](=[O])[CH2][CH2][CH2][CH2][CH2][CH2][CH2][CH]1[CH2][CH]1[CH2][CH2][CH2][CH2][CH2][CH3]
615,[CH3][CH]([CH3])[CH2][CH2][CH2][CH]([CH3])[CH]1[CH2][CH2][CH]2[CH]3[CH2][CH]=[C]4[CH2][CH]([OH])[CH2][CH2][C]4([CH3])[CH]3[CH2][CH2][C]12[CH3]
616,[CH3][CH]([CH2][CH2][CH2][C]([CH3])([CH3])[OH])[CH]1[CH2][CH2][CH]2[CH]3[CH2][CH]=[C]4[CH2][CH]([OH])[CH2][CH2][C]4([CH3])[CH]3[CH2][CH2][C]12[CH3]
617,[O]=[C]([OH])[CH]=[C]([CH2][CH2][CH2][C](=[O])[OH])[C](=[O])[OH]
618,[O]=[C]([OH])[CH2][CH2][CH2][CH]([C](=[O])[OH])[CH]([OH])[C](=[O])[OH]
619,[O]=[C]([OH])[CH2][CH2][CH2][CH2][CH]([C](=[O])[OH])[CH]([OH])[C](=[O])[OH]
620,[O]=[C]([OH])[CH]=[C]([CH2][CH2][CH2][CH2][C](=[O])[OH])[C](=[O])[OH]
621,[O]=[C]([OH])[CH2][CH2][CH2][CH2][CH2][C](=[O])[OH]
622,[CH3][C]([CH3])([CH2][O][P](=[O])([OH])[O][P](=[O])([OH])[O][CH2][CH]1[O][CH]([n]2[cH][n][c]3[c]([NH2])[n][cH][n][c]32)[CH]([OH])[CH]1[O][P](=[O])([OH])[OH])[CH]([OH])[C]([OH])=[N][CH2][CH2][C]([OH])=[N][CH2][CH2][S][C](=[O])[C]1=[CH][CH2][CH2][CH2][CH]1[OH]
623,[CH3][C]([OH])=[N][CH]1[CH]([OH])[O][CH]([CH2][OH])[CH]([O][CH]2[O][CH]([CH2][O][P](=[O])([OH])[OH])[CH]([OH])[CH]([OH])[CH]2[N]=[C]([CH3])[OH])[CH]1[OH]
624,[CH2]=[CH][C]1=[C]([CH3])[c]2[cH][c]3[n][c]([c]4[c]([C](=[O])[O][CH3])[c]([OH])[c]5[c]([CH3])[c]([cH][c]6[nH][c]([cH][c]1[n]2)[c]([CH3])[c]6[CH2][CH3])[nH][c]45)[CH]([CH2][CH2][C](=[O])[O][CH2][CH]=[C]([CH3])[CH2][CH2][CH2][CH]([CH3])[CH2][CH2][CH2][CH]([CH3])[CH2][CH2][CH2][CH]([CH3])[CH3])[CH]3[CH3]
625,[CH3][C](=[CH][CH2][OH])[CH2][CH2][CH2][CH]([CH3])[CH2][CH2][CH2][CH]([CH3])[CH2][CH2][CH2][CH]([CH3])[CH3]
626,[CH2]=[CH][C]1=[C]([CH3])[c]2[cH][c]3[n][c]([c]4[c]([C](=[O])[O][CH3])[c]([OH])[c]5[c]([CH3])[c]([cH][c]6[nH][c]([cH][c]1[n]2)[c]([CH3])[c]6[CH2][CH3])[nH][c]45)[CH]([CH2][CH2][C](=[O])[OH])[CH]3[CH3]
627,[CH2]=[CH][c]1[c]([CH3])[c]2[cH][c]3[n][c]([c]4[c]5[n][c]([cH][c]6[nH][c]([cH][c]1[nH]2)[c]([CH3])[c]6[CH2][CH3])[C]([CH3])=[C]5[C](=[O])[CH]4[C](=[O])[O][CH3])[CH]([CH2][CH2][C](=[O])[O][CH2][CH]=[C]([CH3])[CH2][CH2][CH]=[C]([CH3])[CH2][CH2][CH]=[C]([CH3])[CH2][CH2][CH]=[C]([CH3])[CH3])[CH]3[CH3]
628,[CH3][C]([CH3])=[CH][CH2][CH2][C]([CH3])=[CH][CH2][CH2][C]([CH3])=[CH][CH2][CH2][C]([CH3])=[CH][CH2][O][P](=[O])([OH])[O][P](=[O])([OH])[OH]
629,[CH3][C](=[CH][CH2][O][P](=[O])([OH])[O][P](=[O])([OH])[OH])[CH2][CH2][CH2][CH]([CH3])[CH2][CH2][CH2][CH]([CH3])[CH2][CH2][CH2][CH]([CH3])[CH3]
630,[CH2]=[CH][C-]1[C]2=[CH][C]3=[N][C](=[C]([CH2][CH3])[C]3=[CH][OH])[CH]=[C]3[N]=[C]4[C](=[C]3[CH3])[C](=[O])[C]([C](=[O])[O][CH3])=[C]4[C]3=[N][C](=[CH][C](=[C]1[CH3])[NH]2)[CH]([CH3])[CH]3[CH2][CH2][C](=[O])[O][CH2][CH]=[C]([CH3])[CH2][CH2][CH2][CH]([CH3])[CH2][CH2][CH2][CH]([CH3])[CH2][CH2][CH2][CH]([CH3])[CH3]
631,[CH2]=[CH][C-]1[C]2=[CH][C]3=[N][C](=[C]([CH2][CH3])[C]3=[CH][OH])[CH]=[C]3[N]=[C]4[C](=[C]3[CH3])[C](=[O])[C]([C](=[O])[O][CH3])=[C]4[C]3=[N][C](=[CH][C](=[C]1[CH3])[NH]2)[CH]([CH3])[CH]3[CH2][CH2][C](=[O])[OH]
632,[CH3][N+]([CH3])([CH3])[CH2][CH2][O][P](=[O])([OH])[OH]
633,[CH3][N+]([CH3])([CH3])[CH2][CH2][O][P](=[O])([OH])[O][P](=[O])([OH])[O][CH2][CH]1[O][CH]([n]2[cH][cH][c](=[NH])[n][c]2[OH])[CH]([OH])[CH]1[OH]
634,[CH3][C]([CH3])=[CH][CH2][CH2][CH]([CH3])[CH]1[CH2][CH2][CH]2[C]3=[C]([CH2][CH2][C]21[CH3])[C]1([CH3])[CH2][CH2][CH]([OH])[CH2][CH]1[CH2][CH2]3
635,[O]=[C]([OH])[C](=[O])[CH2][C]1([C](=[O])[OH])[CH]=[CH][CH]([OH])[CH]=[CH]1
636,[CH2]=[C]([O][CH]1[CH2][C]([C](=[O])[OH])=[CH][CH]([O][P](=[O])([OH])[OH])[CH]1[OH])[C](=[O])[OH]
637,[CH3][C]([CH]=[CH][CH]=[C]([CH3])[CH]=[CH][C]1=[C]([CH3])[CH2][CH2][CH2][C]1([CH3])[CH3])=[CH][CH]=[CH][CH]=[C]([CH3])[CH]=[CH][CH]=[C]([CH3])[CH]=[CH][CH]1[C]([CH3])=[CH][CH2][CH2][C]1([CH3])[CH3]
638,[CH3][C]([CH]=[CH][CH]=[C]([CH3])[CH]=[CH][C]1=[C]([CH3])[CH2][CH2][CH2][C]1([CH3])[CH3])=[CH][CH]=[CH][CH]=[C]([CH3])[CH]=[CH][CH]=[C]([CH3])[CH]=[CH][CH]1[C]([CH3])=[CH][CH]([OH])[CH2][C]1([CH3])[CH3]
639,[O]=[C]([OH])[CH]=[CH][c]1[cH][cH][cH][cH][cH]1
640,[O]=[C]([OH])[CH]=[CH][C]1=[CH][CH]=[CH][CH]([OH])[CH]1[OH]
641,[N]#[C][c]1[cH][cH][c]2[c]([cH]1)[CH2][O][C]2([CH2][CH2][C](=[O])[OH])[c]1[cH][cH][c]([F])[cH][cH]1
642,[N]#[C][c]1[cH][cH][c]2[c]([cH]1)[CH2][O][C]2([CH2][CH2][CH]=[O])[c]1[cH][cH][c]([F])[cH][cH]1
643,[CH3][C]([OH])([CH2][C](=[O])[OH])[C](=[O])[OH]
644,[CH3][C](=[CH][C](=[O])[OH])[C](=[O])[OH]
645,[O]=[P]([OH])([OH])[O][CH2][CH]1[O][CH]([O][CH]2[CH]([CH2][OH])[O][CH]([OH])[CH]([OH])[CH]2[OH])[CH]([OH])[CH]([OH])[CH]1[OH]
646,[CH3][CH2][CH2][CH2][CH2][CH2][CH2][CH2][CH2][CH2][CH2][CH2][CH2][C](=[O])[O][CH2][CH]([CH2][O][P](=[O])([OH])[O][CH2][CH]([OH])[CH2][OH])[O][C](=[O])[CH2][CH2][CH2][CH2][CH2][CH2][CH2][CH2][CH2][CH2][CH2][CH2][CH3]
647,[CH3][CH2][CH2][CH2][CH2][CH2][CH2][CH2][CH2][CH2][CH2][CH2][CH2][C](=[O])[O][CH2][CH]([CH2][O][P](=[O])([OH])[O][CH2][CH]([OH])[CH2][O][P](=[O])([OH])[O][CH2][CH]([CH2][O][C](=[O])[CH2][CH2][CH2][CH2][CH2][CH2][CH2][CH2][CH2][CH2][CH2][CH2][CH3])[O][C](=[O])[CH2][CH2][CH2][CH2][CH2][CH2][CH2][CH2][CH2][CH2][CH2][CH2][CH3])[O][C](=[O])[CH2][CH2][CH2][CH2][CH2][CH2][CH2][CH2][CH2][CH2][CH2][CH2][CH3]
648,[CH3][CH2][CH2][CH2][CH2][CH2][CH2][CH2][CH2][CH2][CH2][CH2][CH2][CH2][CH2][C](=[O])[O][CH2][CH]([CH2][O][P](=[O])([OH])[OH])[O][C](=[O])[CH2][CH2][CH2][CH2][CH2][CH2][CH2][CH2][CH2][CH2][CH2][CH2][CH2][CH2][CH3]
649,[CH3][CH2][CH2][CH2][CH2][CH2][CH2][CH2][CH2][CH2][CH2][CH2][CH2][CH2][CH2][C](=[O])[O][CH2][CH]([CH2][O][P](=[O])([OH])[O][CH2][CH]([OH])[CH2][O][P](=[O])([OH])[O][CH2][CH]([CH2][O][C](=[O])[CH2][CH2][CH2][CH2][CH2][CH2][CH2][CH2][CH2][CH2][CH2][CH2][CH2][CH2][CH3])[O][C](=[O])[CH2][CH2][CH2][CH2][CH2][CH2][CH2][CH2][CH2][CH2][CH2][CH2][CH2][CH2][CH3])[O][C](=[O])[CH2][CH2][CH2][CH2][CH2][CH2][CH2][CH2][CH2][CH2][CH2][CH2][CH2][CH2][CH3]
650,[CH3][CH2][CH2][CH2][CH2][CH2][CH]=[CH][CH2][CH2][CH2][CH2][CH2][CH2][CH2][C](=[O])[O][CH2][CH]([CH2][O][P](=[O])([OH])[O][CH2][CH]([OH])[CH2][O][P](=[O])([OH])[O][CH2][CH]([CH2][O][C](=[O])[CH2][CH2][CH2][CH2][CH2][CH2][CH2][CH]=[CH][CH2][CH2][CH2][CH2][CH2][CH3])[O][C](=[O])[CH2][CH2][CH2][CH2][CH2][CH2][CH2][CH]=[CH][CH2][CH2][CH2][CH2][CH2][CH3])[O][C](=[O])[CH2][CH2][CH2][CH2][CH2][CH2][CH2][CH]=[CH][CH2][CH2][CH2][CH2][CH2][CH3]
651,[O]=[c]1[n][c]([OH])[cH][cH][n]1[CH]1[O][CH]([CH2][O][P](=[O])([OH])[OH])[CH]([OH])[CH]1[OH]
652,[CH3][C]([OH])([CH2][OH])[CH]([OH])[CH2][O][P](=[O])([OH])[OH]
653,[CH3][O][c]1[cH][c]([CH]=[CH][CH]=[O])[cH][cH][c]1[OH]
654,[CH3][O][c]1[cH][c]([CH]=[CH][CH2][OH])[cH][cH][c]1[OH]
655,[CH3][O][c]1[cH][c]([CH]=[CH][C](=[O])[OH])[cH][cH][c]1[OH]
656,[CH3][CH]([O][P](=[O])([OH])[OH])[CH]([N]=[C]([OH])[CH2][CH2][CH2][CH2][CH2][CH2][SH])[C](=[O])[OH]
657,[O]=[CH][c]1[cH][cH][c]([OH])[cH][cH]1
658,[CH3][C]1([CH2][C](=[O])[OH])[C]2=[CH][C]3=[N][C](=[CH][c]4[nH][c]([c]([CH2][CH2][C](=[O])[OH])[c]4[CH2][C](=[O])[OH])[CH2][C]4=[C]([CH2][CH2][C](=[O])[OH])[CH]([CH2][C](=[O])[OH])[C](=[CH][C](=[N]2)[CH]1[CH2][CH2][C](=[O])[OH])[NH]4)[C]([CH3])([CH2][C](=[O])[OH])[CH]3[CH2][CH2][C](=[O])[OH]
659,[CH3][C]1=[C]2[N]=[C]([CH]=[C]3[N]=[C]([CH]=[C]4[NH][C](=[C]([CH2][CH2][C](=[O])[OH])[CH]4[CH2][C](=[O])[OH])[CH2][c]4[nH][c]1[c]([CH2][C](=[O])[OH])[c]4[CH2][CH2][C](=[O])[OH])[CH]([CH2][CH2][C](=[O])[OH])[C]3([CH3])[CH2][C](=[O])[OH])[CH]([CH2][CH2][C](=[O])[OH])[C]2([CH3])[CH2][C](=[O])[OH]
660,[CH3][CH]1[O][C](=[O])[CH2][C]2([CH3])[CH]([CH2][CH2][C](=[O])[OH])[C]3=[CH][C]4=[N][C](=[CH][c]5[nH][c]([c]([CH2][CH2][C](=[O])[OH])[c]5[CH2][C](=[O])[OH])[CH2][C]5=[N][C](=[C]([CH2][C](=[O])[OH])[C]5([CH3])[CH2][CH2][C](=[O])[OH])[C]12[NH]3)[CH]([CH2][CH2][C](=[O])[OH])[C]4([CH3])[CH2][C](=[O])[OH]
661,[CH3][CH]1[O][C](=[O])[CH2][C]2([CH3])[CH]([CH2][CH2][C](=[O])[OH])[C]3=[CH][C]4=[N][C](=[C]([CH2][CH2][C](=[O])[OH])[C]4([CH3])[CH2][C](=[O])[OH])[CH2][C]4([CH3])[NH][C](=[CH][C]5=[N][C](=[C]([CH2][C](=[O])[OH])[C]5([CH3])[CH2][CH2][C](=[O])[OH])[C]12[NH]3)[C]([CH2][CH2][C](=[O])[OH])=[C]4[CH2][C](=[O])[OH]
662,[CH3][C]12[CH2][C]3=[C]([CH2][CH2][C](=[O])[OH])[C]([CH3])([CH2][C](=[O])[OH])[C](=[N]3)[CH]=[C]3[NH][C](=[C]4[N]=[C]([CH]=[C]([NH]1)[C]([CH2][CH2][C](=[O])[OH])=[C]2[CH2][C](=[O])[OH])[C]([CH3])([CH2][CH2][C](=[O])[OH])[CH]4[CH2][C](=[O])[OH])[C]([CH3])([CH2][C](=[O])[OH])[CH]3[CH2][CH2][C](=[O])[OH]
663,[CH3][C]1=[C]2[NH][C]([CH3])([CH]3[N]=[C]([CH]([CH3])[C]4=[N][C]([CH3])([CH2][C]5=[C]([CH2][CH2][C](=[O])[OH])[C]([CH3])([CH2][C](=[O])[OH])[C]1=[N]5)[C]([CH3])=[C]4[CH2][CH2][C](=[O])[OH])[C]([CH3])([CH2][CH2][C](=[O])[OH])[CH]3[CH2][C](=[O])[OH])[C]([CH3])([CH2][C](=[O])[OH])[CH]2[CH2][CH2][C](=[O])[OH]
664,[CH3][C]1=[C]2[N]=[C]([CH]=[C]3[N]=[C]([C]([CH3])=[C]4[NH][C]([CH3])([CH]5[N]=[C]1[C]([CH3])([CH2][CH2][C](=[O])[OH])[CH]5[CH2][C](=[O])[OH])[C]([CH3])([CH2][C](=[O])[OH])[CH]4[CH2][CH2][C](=[O])[OH])[C]([CH3])([CH2][C](=[O])[OH])[CH]3[CH2][CH2][C](=[O])[OH])[C]([CH3])([CH3])[CH]2[CH2][CH2][C](=[O])[OH]
665,[CH3][CH]1[O][C](=[O])[CH2][C]2([CH3])[CH]([CH2][CH2][C](=[O])[OH])[C]3=[CH][C]4=[N][C](=[C]([CH2][CH2][C](=[O])[OH])[C]4([CH3])[CH2][C](=[O])[OH])[CH2][C]4([CH3])[N]=[C]([CH]=[C]5[N]=[C]([CH]([CH2][C](=[O])[OH])[C]5([CH3])[CH2][CH2][C](=[O])[OH])[C]12[NH]3)[C]([CH2][CH2][C](=[O])[OH])=[C]4[CH2][C](=[O])[OH]
666,[CH3][C]12[CH2][C]3=[C]([CH2][CH2][C](=[O])[OH])[C]([CH3])([CH2][C](=[O])[OH])[C](=[N]3)[CH]=[C]3[NH][C]([CH3])([C]4=[C]([CH2][C](=[O])[OH])[C]([CH3])([CH2][CH2][C](=[O])[OH])[C](=[N]4)[CH2][C](=[N]1)[C]([CH2][CH2][C](=[O])[OH])=[C]2[CH2][C](=[O])[OH])[C]([CH3])([CH2][C](=[O])[OH])[CH]3[CH2][CH2][C](=[O])[OH]
667,[CH3][C]12[CH2][C]3=[C]([CH2][CH2][C](=[O])[OH])[C]([CH3])([CH2][C](=[O])[OH])[C](=[N]3)[CH]=[C]3[NH][C]([CH3])([CH]4[N]=[C]([CH2][C](=[N]1)[C]([CH2][CH2][C](=[O])[OH])=[C]2[CH2][C](=[O])[OH])[C]([CH3])([CH2][CH2][C](=[O])[OH])[CH]4[CH2][C](=[O])[OH])[C]([CH3])([CH2][C](=[O])[OH])[CH]3[CH2][CH2][C](=[O])[OH]
668,[CH2]=[CH][c]1[c]2[nH][c]([c]1[CH3])[CH2][c]1[nH][c]([c]([CH2][CH2][C](=[O])[OH])[c]1[CH3])[CH2][c]1[nH][c]([c]([CH3])[c]1[CH2][CH2][C](=[O])[OH])[CH2][c]1[nH][c]([c]([CH3])[c]1[CH]=[CH2])[CH2]2
669,[CH3][c]1[c]2[nH][c]([c]1[CH2][CH2][C](=[O])[OH])[CH2][c]1[nH][c]([c]([CH2][CH2][C](=[O])[OH])[c]1[CH3])[CH2][c]1[nH][c]([c]([CH2][CH2][C](=[O])[OH])[c]1[CH3])[CH2][c]1[nH][c]([c]([CH3])[c]1[CH2][CH2][C](=[O])[OH])[CH2]2
670,[CH3][C]([CH3])([CH2][O][P](=[O])([OH])[O][P](=[O])([OH])[O][CH2][CH]1[O][CH]([n]2[cH][n][c]3[c]([NH2])[n][cH][n][c]32)[CH]([OH])[CH]1[O][P](=[O])([OH])[OH])[CH]([OH])[C]([OH])=[N][CH2][CH2][C]([OH])=[N][CH2][CH2][S][C](=[O])[CH2][CH]([OH])[CH2][N+]([CH3])([CH3])[CH3]
671,[CH3][C]([CH3])([CH2][O][P](=[O])([OH])[O][P](=[O])([OH])[O][CH2][CH]1[O][CH]([n]2[cH][n][c]3[c]([NH2])[n][cH][n][c]32)[CH]([OH])[CH]1[O][P](=[O])([OH])[OH])[CH]([OH])[C]([OH])=[N][CH2][CH2][C]([OH])=[N][CH2][CH2][S][C](=[O])[CH2][CH2][CH2][N+]([CH3])([CH3])[CH3]
672,[CH3][N+]([CH3])([CH3])[CH2][CH]=[CH][C](=[O])[OH]
673,[CH3][C]([CH3])([CH2][O][P](=[O])([OH])[O][P](=[O])([OH])[O][CH2][CH]1[O][CH]([n]2[cH][n][c]3[c]([NH2])[n][cH][n][c]32)[CH]([OH])[CH]1[O][P](=[O])([OH])[OH])[CH]([OH])[C]([OH])=[N][CH2][CH2][C]([OH])=[N][CH2][CH2][S][C](=[O])[CH]=[CH][CH2][N+]([CH3])([CH3])[CH3]
674,[CH3][N+]([CH3])([CH3])[CH2][CH]([OH])[CH2][C](=[O])[OH]
675,[CH3][C]([CH3])([CH2][O][P](=[O])([OH])[O][P](=[O])([OH])[O][CH2][CH]1[O][CH]([n]2[cH][n][c]3[c]([NH2])[n][cH][n][c]32)[CH]([OH])[CH]1[O][P](=[O])([OH])[OH])[CH]([OH])[C]([OH])=[N][CH2][CH2][C]([OH])=[N][CH2][CH2][S][C](=[O])[CH2][CH]([OH])[CH2][N+]([CH3])([CH3])[CH3]
676,[CH3][C](=[O])[O][CH]([CH2][C](=[O])[OH])[CH2][N+]([CH3])([CH3])[CH3]
677,[OH][c]1[cH][cH][n][c]([OH])[n]1
678,[NH]=[c]1[cH][cH][n][c]([OH])[nH]1
679,[NH2][CH2][CH2][CH2][CH2][NH][CH2][CH2][CH]([NH2])[C](=[O])[OH]
680,[NH2][CH]([CH2][S][SH])[C](=[O])[OH]
681,[NH2][CH]([CH2][S][S][CH2][CH]([NH2])[C](=[O])[OH])[C](=[O])[OH]
682,[O]=[c]1[n][c]([OH])[cH][cH][n]1[CH]1[O][CH]([CH2][O][P](=[O])([OH])[O][P](=[O])([OH])[O][P](=[O])([OH])[OH])[CH]([OH])[CH]1[OH]
683,[CH3][C]([CH]=[CH][CH]=[C]([CH3])[CH]=[CH][C]1=[C]([CH3])[CH2][CH]([OH])[CH2][C]1([CH3])[CH3])=[CH][CH]=[CH][CH]=[C]([CH3])[CH]=[CH][CH]=[C]([CH3])[CH]=[CH][CH]1[C]([CH3])=[CH][CH]([OH])[CH2][C]1([CH3])[CH3]
684,[CH2]=[C]([CH2][CH2][CH]([CH3])[CH]1[CH2][CH2][C]2([CH3])[CH]3[CH2][CH2][CH]4[C]([CH3])([CH3])[CH]([OH])[CH2][CH2][C]45[CH2][C]35[CH2][CH2][C]12[CH3])[CH]([CH3])[CH3]
685,[CH2]=[C]([CH2][CH2][CH]([CH3])[CH]1[CH2][CH2][C]2([CH3])[C]3=[C]([CH2][CH2][C]12[CH3])[C]1([CH3])[CH2][CH2][CH]([OH])[CH]([CH3])[CH]1[CH2][CH2]3)[CH]([CH3])[CH3]
686,[CH2]=[C]([CH2][CH2][CH]([CH3])[CH]1[CH2][CH2][C]2([CH3])[CH]3[CH2][CH2][CH]4[CH]([CH3])[CH]([OH])[CH2][CH2][C]45[CH2][C]35[CH2][CH2][C]12[CH3])[CH]([CH3])[CH3]
687,[CH3][C]1=[C]2[N]=[C]([CH]=[C]3[N]=[C]([C]([CH3])=[C]4[NH][C]([CH3])([CH]5[N]=[C]1[C]([CH3])([CH2][CH2][C](=[O])[OH])[CH]5[CH2][C](=[O])[OH])[C]([CH3])([CH2][C](=[NH])[OH])[CH]4[CH2][CH2][C](=[O])[OH])[C]([CH3])([CH2][C](=[NH])[OH])[CH]3[CH2][CH2][C](=[O])[OH])[C]([CH3])([CH3])[CH]2[CH2][CH2][C](=[O])[OH]
688,[O]=[C]([OH])[C](=[O])[CH2][SH]
689,[NH2][CH]([CH2][SH])[C](=[O])[OH]
690,[O]=[S]=[O]
691,[NH2][CH]([CH2][CH2][O][P](=[O])([OH])[OH])[C](=[O])[OH]
692,[CH3][C]([CH3])=[CH][CH2][CH2][C]([CH3])=[CH][CH2][CH2][C]([CH3])=[CH][CH2][CH2][C]([CH3])=[CH][CH2][CH2][C]([CH3])=[CH][CH2][CH2][C]([CH3])=[CH][CH2][CH2][C]([CH3])=[CH][CH2][c]1[c]([CH3])[c]([OH])[c]2[cH][cH][cH][cH][c]2[c]1[OH]
693,[CH3][C]([CH3])=[CH][CH2][CH2][C]([CH3])=[CH][CH2][CH2][C]([CH3])=[CH][CH2][CH2][C]([CH3])=[CH][CH2][CH2][C]([CH3])=[CH][CH2][CH2][C]([CH3])=[CH][CH2][CH2][C]([CH3])=[CH][CH2][C]1=[C]([CH3])[C](=[O])[c]2[cH][cH][cH][cH][c]2[C]1=[O]
694,[NH]=[c]1[cH][cH][n]([CH]2[CH2][CH]([OH])[CH]([CH2][O][P](=[O])([OH])[O][P](=[O])([OH])[OH])[O]2)[c]([OH])[n]1
695,[NH]=[c]1[cH][cH][n]([CH]2[CH2][CH]([OH])[CH]([CH2][O][P](=[O])([OH])[O][P](=[O])([OH])[O][P](=[O])([OH])[OH])[O]2)[c]([OH])[n]1
696,[O]=[c]1[n][c]([OH])[cH][cH][n]1[CH]1[O][CH]([CH2][O][P](=[O])([OH])[O][P](=[O])([OH])[OH])[CH]([OH])[CH]1[OH]
697,[CH3][c]1[cH][n][c]([OH])[nH][c]1=[NH]
698,[O]=[C]([OH])[CH2][CH]([OH])[CH]([OH])[C](=[O])[CH2][OH]
699,[O]=[C]([OH])[CH2][CH]([OH])[CH]([OH])[C](=[O])[CH2][O][P](=[O])([OH])[OH]
700,[NH2][CH2][CH2][CH]([NH2])[C](=[O])[OH]
701,[OH][CH2][CH]1[O][CH]([n]2[cH][n][c]3[c]([OH])[n][cH][n][c]32)[CH2][CH]1[OH]
702,[NH2][c]1[n][cH][n][c]2[c]1[n][cH][n]2[CH]1[CH2][CH]([OH])[CH]([CH2][OH])[O]1
703,[NH2][CH2][CH]([NH2])[C](=[O])[OH]
704,[CH]1=[N][CH2][CH2][CH2][CH2]1
705,[NH2][CH]([CH2][CH2][CH2][CH]([NH2])[C](=[O])[OH])[C](=[O])[OH]
706,[NH2][CH2][CH2][CH2][CH2][CH]([NH2])[C](=[O])[OH]
707,[NH2][CH]([CH2][CH2][CH2][CH]([NH2])[C](=[O])[OH])[C](=[O])[OH]
708,[NH]=[C]([NH2])[NH][CH2][CH2][CH2][CH]([NH2])[C](=[O])[OH]
709,[O]=[C]1[O][C-]([CH]([OH])[CH2][OH])[C](=[O])[C]1=[O]
710,[O]=[C]([OH])[C](=[O])[C](=[O])[CH]([OH])[CH]([OH])[CH2][OH]
711,[NH2][CH]([CH2][C](=[O])[OH])[C](=[O])[OH]
712,[O]=[P]([OH])([OH])[O][P](=[O])([OH])[O][P](=[O])([OH])[O][CH2][CH]1[O][CH]([n]2[cH][n][c]3[c]([OH])[n][cH][n][c]32)[CH2][CH]1[OH]
713,[CH3][C](=[O])[CH]([OH])[CH2][O][P](=[O])([OH])[OH]
714,[CH3][c]1[cH][c]2[n][cH][nH][c]2[cH][c]1[CH3]
715,[O]=[C]([OH])[c]1[cH][cH][cH][n+]([CH]2[O][CH]([CH2][O][P](=[O])([OH])[OH])[CH]([OH])[CH]2[OH])[cH]1
716,[O]=[c]1[n][c]([OH])[cH][cH][n]1[CH]1[CH2][CH]([OH])[CH]([CH2][O][P](=[O])([OH])[OH])[O]1
717,[O]=[c]1[n][c]([OH])[cH][cH][n]1[CH]1[CH2][CH]([OH])[CH]([CH2][O][P](=[O])([OH])[O][P](=[O])([OH])[O][P](=[O])([OH])[OH])[O]1
718,[O]=[c]1[n][c]([OH])[cH][cH][n]1[CH]1[CH2][CH]([OH])[CH]([CH2][OH])[O]1
719,[O]=[C]([OH])[C](=[O])[CH2][CH]([OH])[CH]([OH])[CH2][OH]
720,[O]=[C]([OH])[C](=[O])[CH2][CH]([OH])[CH]([OH])[CH2][O][P](=[O])([OH])[OH]
721,[N]#[C][c]1[cH][cH][c]2[c]([cH]1)[CH2][O][C]2([CH2][CH2][CH2][NH2])[c]1[cH][cH][c]([F])[cH][cH]1
722,[O]=[C]([OH])[C](=[O])[CH2][CH]([OH])[CH]([OH])[CH]([OH])[CH2][O][P](=[O])([OH])[OH]
723,[O]=[CH][CH]([OH])[CH]([OH])[CH2][O][P](=[O])([OH])[OH]
724,[O]=[C]([OH])[C](=[O])[CH2][CH]([OH])[C](=[O])[OH]
725,[O]=[CH][CH]([OH])[CH2][O][P](=[O])([OH])[OH]
726,[O]=[C]([OH])[CH2][C](=[O])[CH]([OH])[CH]([OH])[CH2][OH]
727,[O]=[C]([OH])[CH2][CH]([OH])[CH]([OH])[CH]([OH])[CH2][OH]
728,[OH][CH2][CH]1[O][CH]([O][CH2][CH]2[O][CH]([OH])[CH]([OH])[CH]([OH])[CH]2[OH])[CH]([OH])[CH]([OH])[CH]1[OH]
729,[OH][CH2][CH]1[O][CH]([OH])[CH]([OH])[CH]([OH])[CH]1[OH]
730,[NH]=[c]1[n][c]([OH])[c]2[n][cH][n]([CH]3[CH2][CH]([OH])[CH]([CH2][O][P](=[O])([OH])[OH])[O]3)[c]2[nH]1
731,[NH]=[c]1[n][c]([OH])[c]2[n][cH][n]([CH]3[CH2][CH]([OH])[CH]([CH2][OH])[O]3)[c]2[nH]1
732,[CH3][C]1=[CH][CH]=[CH][C]([OH])([C](=[O])[OH])[CH]1[OH]
733,[CH3][C]1=[CH][CH]([OH])[C]([OH])([C](=[O])[OH])[CH]=[CH]1
734,[CH3][C]([CH3])([CH2][O][P](=[O])([OH])[O][P](=[O])([OH])[O][CH2][CH]1[O][CH]([n]2[cH][n][c]3[c]([NH2])[n][cH][n][c]32)[CH]([OH])[CH]1[O][P](=[O])([OH])[OH])[CH]([OH])[C]([OH])=[N][CH2][CH2][C]([OH])=[N][CH2][CH2][S][C](=[O])[CH2][CH]([OH])[CH2][CH2][C](=[O])[OH]
735,[CH3][C]([CH3])([CH2][O][P](=[O])([OH])[O][P](=[O])([OH])[O][CH2][CH]1[O][CH]([n]2[cH][n][c]3[c]([NH2])[n][cH][n][c]32)[CH]([OH])[CH]1[O][P](=[O])([OH])[OH])[CH]([OH])[C]([OH])=[N][CH2][CH2][C]([OH])=[N][CH2][CH2][S][C](=[O])[CH]=[CH][CH2][CH2][C](=[O])[OH]
736,[CH3][C]([CH3])([OH])[CH]([OH])[C](=[O])[OH]
737,[CH3][CH2][C]([CH3])([OH])[CH]([OH])[C](=[O])[OH]
738,[CH3][CH2][CH]([CH3])[C](=[O])[C](=[O])[OH]
739,[O]=[C]([OH])[C]1=[CH][CH]=[CH][CH]([OH])[CH]1[OH]
740,[O]=[C]([OH])[c]1[cH][cH][cH][c]([OH])[c]1[OH]
741,[NH2][c]1[n][cH][n][c]2[c]1[n][cH][n]2[CH]1[O][CH]([CH2][O][P](=[O])([OH])[O][C](=[O])[c]2[cH][cH][cH][c]([OH])[c]2[OH])[CH]([OH])[CH]1[OH]
742,[O]=[C]([OH])[CH]([CH2][OH])[N]=[C]([OH])[c]1[cH][cH][cH][c]([OH])[c]1[OH]
743,[O]=[C]([OH])[CH]=[CH][C](=[O])[CH]=[CH][CH]=[C]([OH])[C](=[O])[OH]
744,[OH][CH]1[CH]=[CH][c]2[cH][cH][cH][cH][c]2[CH]1[OH]
745,[OH][c]1[cH][cH][c]2[cH][cH][cH][cH][c]2[c]1[OH]
746,[CH3][C]12[CH2][CH2][CH]3[CH]([CH2][CH]=[C]4[CH2][CH]([O][S](=[O])(=[O])[OH])[CH2][CH2][C]43[CH3])[CH]1[CH2][CH2][C]2=[O]
747,[CH3][C]12[CH2][CH2][CH]3[CH]([CH2][CH]=[C]4[CH2][CH]([OH])[CH2][CH2][C]43[CH3])[CH]1[CH2][CH2][C]2=[O]
748,[NH]=[c]1[n][c]([OH])[c]2[n][c]([CH2][NH][c]3[cH][cH][c]([C](=[O])[NH][CH]([CH2][CH2][C](=[O])[OH])[C](=[O])[OH])[cH][cH]3)[cH][n][c]2[nH]1
749,[NH]=[c]1[n][c]([OH])[c]2[c]([nH]1)[NH][CH2][C]([CH2][NH][c]1[cH][cH][c]([C](=[O])[NH][CH]([CH2][CH2][C](=[O])[OH])[C](=[O])[OH])[cH][cH]1)=[N]2
750,[O]=[C]([OH])[c]1[cH][c]([OH])[c]2[cH][cH][cH][cH][c]2[c]1[OH]
751,[O]=[C]([OH])[c]1[cH][cH][c]2[c]([cH]1)[C](=[O])[CH2][CH2][C]21[O][CH]([OH])[CH]([OH])[CH]1[OH]
752,[NH]=[c]1[n][c]([OH])[c]2[c]([nH]1)[NH][CH2][C]([CH2][OH])=[N]2
753,[NH]=[c]1[n][c]([OH])[c]2[c]([nH]1)[NH][CH2][C]([CH]([OH])[CH]([OH])[CH2][OH])=[N]2
754,[O]=[C]([OH])[c]1[cH][c]([OH])[n][c]([OH])[n]1
755,[O]=[C]([OH])[CH]1[CH2][C]([OH])=[N][C]([OH])=[N]1
756,[CH3][C]([CH3])=[CH][CH2][CH2][C]([CH3])=[CH][CH2][CH2][C]([CH3])=[CH][CH2][CH2][C]([CH3])=[CH][CH2][CH2][C]([CH3])=[CH][CH2][CH2][C]([CH3])=[CH][CH2][C]1=[C]([CH3])[C](=[O])[c]2[cH][cH][cH][cH][c]2[C]1=[O]
757,[CH3][C]([CH3])=[CH][CH2][CH2][C]([CH3])=[CH][CH2][CH2][C]([CH3])=[CH][CH2][CH2][C]([CH3])=[CH][CH2][CH2][C]([CH3])=[CH][CH2][CH2][C]([CH3])=[CH][CH2][c]1[c]([CH3])[c]([OH])[c]2[cH][cH][cH][cH][c]2[c]1[OH]
758,[CH3][O][C]1=[C]([O][CH3])[C](=[O])[C]([CH2][CH]=[C]([CH3])[CH2][CH2][CH]=[C]([CH3])[CH2][CH2][CH]=[C]([CH3])[CH2][CH2][CH]=[C]([CH3])[CH2][CH2][CH]=[C]([CH3])[CH2][CH2][CH]=[C]([CH3])[CH3])=[C]([CH3])[C]1=[O]
759,[CH3][O][c]1[c]([OH])[c]([CH3])[c]([CH2][CH]=[C]([CH3])[CH2][CH2][CH]=[C]([CH3])[CH2][CH2][CH]=[C]([CH3])[CH2][CH2][CH]=[C]([CH3])[CH2][CH2][CH]=[C]([CH3])[CH2][CH2][CH]=[C]([CH3])[CH3])[c]([OH])[c]1[O][CH3]
760,[CH3][O][c]1[c]([OH])[c]([CH3])[c]([CH2][CH]=[C]([CH3])[CH2][CH2][CH]=[C]([CH3])[CH2][CH2][CH]=[C]([CH3])[CH2][CH2][CH]=[C]([CH3])[CH2][CH2][CH]=[C]([CH3])[CH2][CH2][CH]=[C]([CH3])[CH2][CH2][CH]=[C]([CH3])[CH2][CH2][CH]=[C]([CH3])[CH2][CH2][CH]=[C]([CH3])[CH2][CH2][CH]=[C]([CH3])[CH3])[c]([OH])[c]1[O][CH3]
761,[CH3][O][C]1=[C]([O][CH3])[C](=[O])[C]([CH2][CH]=[C]([CH3])[CH2][CH2][CH]=[C]([CH3])[CH2][CH2][CH]=[C]([CH3])[CH2][CH2][CH]=[C]([CH3])[CH2][CH2][CH]=[C]([CH3])[CH2][CH2][CH]=[C]([CH3])[CH2][CH2][CH]=[C]([CH3])[CH2][CH2][CH]=[C]([CH3])[CH2][CH2][CH]=[C]([CH3])[CH2][CH2][CH]=[C]([CH3])[CH3])=[C]([CH3])[C]1=[O]
762,[OH][C]1=[N][C]([OH])=[N][CH2][CH2]1
763,[CH3][CH]([CH2][NH][C](=[NH])[OH])[C](=[O])[OH]
764,[CH3][CH]1[CH2][N]=[C]([OH])[N]=[C]1[OH]
765,[O]=[C]([OH])[CH2][CH2][C]1=[CH][CH]=[CH][CH]([OH])[CH]1[OH]
766,[NH]=[c]1[n][c]([OH])[c]([NH2])[c]([NH][CH]2[O][CH]([CH2][O][P](=[O])([OH])[OH])[CH]([OH])[CH]2[OH])[nH]1
767,[CH3][CH]([OH])[CH]([OH])[CH]1[CH2][N]=[c]2[nH][c](=[NH])[n][c]([OH])[c]2=[N]1
768,[CH3][CH]([OH])[CH]([OH])[CH]1[CH2][NH][c]2[nH][c](=[NH])[n][c]([OH])[c]2[NH]1
769,[CH3][C](=[O])[C](=[O])[CH]([OH])[CH2][OH]
770,[CH3][C]1=[C]([OH])[C](=[O])[CH2][O]1
771,[CH3][C]1([OH])[O][CH2][CH]([OH])[C]1=[O]
772,[cH]1[n][cH][c]2[c]([n]1)=[N][CH2][CH2][N]=2
773,[CH]1=[N][CH]=[C]2[NH][CH2][CH2][N]=[C]2[NH]1
774,[O]=[C]1[CH2][C]([OH])([C](=[O])[OH])[CH2][CH]([OH])[CH]1[OH]
775,[O]=[C]([OH])[C]1=[CH][C](=[O])[CH]([OH])[CH]([OH])[CH2]1
776,[CH3][C]([OH])=[N][CH2][CH2][CH2][NH][CH2][CH2][CH2][CH2][NH][CH2][CH2][CH2][NH2]
777,[O]=[P]([OH])([OH])[O][CH2][CH]1[O][CH]([n]2[cH][n][c]3[c]([OH])[n][cH][n][c]32)[CH2][CH]1[OH]
778,[O]=[P]([OH])([OH])[O][P](=[O])([OH])[O][CH2][CH]1[O][CH]([n]2[cH][n][c]3[c]([OH])[n][cH][n][c]32)[CH2][CH]1[OH]
779,[CH3][C](=[O])[CH]([OH])[CH]([OH])[C](=[O])[CH2][O][P](=[O])([OH])[OH]
780,[O]=[P]([OH])([OH])[O][CH2][CH]1[O][C]([OH])([CH2][O][P](=[O])([OH])[OH])[CH]([OH])[CH]1[OH]
781,[O]=[C]([OH])[C](=[O])[CH]([OH])[CH]([OH])[C](=[O])[CH2][OH]
782,[CH3][c]1[n][c]2[c]([OH])[n][c](=[O])[n][c]-2[n]([CH2][CH]([OH])[CH]([OH])[CH]([OH])[CH2][OH])[c]1[CH3]
783,[CH3][CH]([OH])[C](=[O])[S][CH2][CH2][N]=[C]([OH])[CH2][CH2][N]=[C]([OH])[CH]([OH])[C]([CH3])([CH3])[CH2][O][P](=[O])([OH])[O][P](=[O])([OH])[O][CH2][CH]1[O][CH]([n]2[cH][n][c]3[c]([NH2])[n][cH][n][c]32)[CH]([OH])[CH]1[O][P](=[O])([OH])[OH]
784,[NH2][CH2][CH2][CH2][CH2][CH]([NH2])[C](=[O])[OH]
785,[CH3][C]([CH3])=[CH][CH2][CH2][C]([CH3])=[CH][CH2][O][P](=[O])([OH])[O][P](=[O])([OH])[OH]
786,[CH3][C]([CH3])=[CH][CH2][O][P](=[O])([OH])[O][P](=[O])([OH])[OH]
787,[CH2]=[C]([CH3])[CH2][CH2][O][P](=[O])([OH])[O][P](=[O])([OH])[OH]
788,[CH3][NH][CH2][CH2][CH2][C]1([c]2[cH][cH][c]([F])[cH][cH]2)[O][CH2][c]2[cH][c]([C]#[N])[cH][cH][c]21
789,[O]=[c]1[cH][cH][c]2[cH][c]3[c]([OH])[n][c]([OH])[n][c]3[n]([CH2][CH]([OH])[CH]([OH])[CH]([OH])[CH2][OH])[c]-2[cH]1
790,[O]=[C]([OH])[C](=[O])[OH]
791,[CH3][C](=[CH][CH2][O][P](=[O])([OH])[O][P](=[O])([OH])[OH])[CH2][OH]
792,[CH3][O][c]1[c]([OH])[c]([OH])[c]([CH3])[c]([CH2][CH]=[C]([CH3])[CH2][CH2][CH]=[C]([CH3])[CH2][CH2][CH]=[C]([CH3])[CH2][CH2][CH]=[C]([CH3])[CH2][CH2][CH]=[C]([CH3])[CH2][CH2][CH]=[C]([CH3])[CH2][CH2][CH]=[C]([CH3])[CH2][CH2][CH]=[C]([CH3])[CH3])[c]1[OH]
793,[CH3][S]([CH3])=[O]
794,[CH3][S][CH3]
795,[CH3][C](=[CH][CH2][C]1=[CH][C](=[O])[c]2[cH][cH][cH][cH][c]2[C]1=[O])[CH2][CH2][CH2][CH]([CH3])[CH2][CH2][CH2][CH]([CH3])[CH2][CH2][CH2][CH]([CH3])[CH3]
796,[CH3][C](=[CH][CH2][C]1=[C]([CH3])[C](=[O])[c]2[cH][cH][cH][cH][c]2[C]1=[O])[CH2][CH2][CH2][CH]([CH3])[CH2][CH2][CH2][CH]([CH3])[CH2][CH2][CH2][CH]([CH3])[CH3]
797,[NH]=[C]([OH])[C]1=[CH][N]([CH]2[O][CH]([CH2][O][P](=[O])([OH])[O][P](=[O])([OH])[O][CH2][CH]3[O][CH]([n]4[cH][n][c]5[c]([NH2])[n][cH][n][c]54)[CH]([OH])[CH]3[OH])[CH]([OH])[CH]2[OH])[CH]=[CH][CH2]1
798,[NH2][c]1[n][cH][n][c]2[c]1[n][cH][n]2[CH]1[O][CH]([CH2][O][P](=[O])([OH])[O][P](=[O])([OH])[O][CH2][CH]2[O][CH]([n+]3[cH][cH][cH][c]([C](=[O])[OH])[cH]3)[CH]([OH])[CH]2[OH])[CH]([OH])[CH]1[OH]
799,[NH]=[c]1[n][c]([OH])[c]2[c]([nH]1)[NH][CH2][C]([CH]([OH])[CH]([OH])[CH2][O][P](=[O])([OH])[OH])=[N]2
800,[NH2][CH2][CH2][CH2][CH]([NH2])[C](=[O])[OH]
801,[NH2][CH2][CH2][CH2][C](=[O])[C](=[O])[OH]
802,[CH3][C]([OH])([CH2][CH2][O][P](=[O])([OH])[O][P](=[O])([OH])[OH])[CH2][C](=[O])[OH]
803,[CH3][C]([CH3])=[CH][CH2][CH2][C]([CH3])=[CH][CH2][CH2][C]([CH3])=[CH][CH2][CH2][C]([CH3])=[CH][CH2][CH2][C]([CH3])=[CH][CH2][CH2][C]([CH3])=[CH][CH2][CH2][C]([CH3])=[CH][CH2][CH2][C]([CH3])=[CH][CH2][CH2][C]([CH3])=[CH][CH2][CH2][C]([CH3])=[CH][CH2][O][P](=[O])([OH])[O][P](=[O])([OH])[OH]
804,[CH3][C]([CH3])=[CH][CH2][CH2][C]([CH3])=[CH][CH2][CH2][C]([CH3])=[CH][CH2][O][P](=[O])([OH])[O][P](=[O])([OH])[OH]
805,[CH3][C]([CH3])([CH2][OH])[CH]([OH])[C](=[O])[OH]
806,[O]=[CH][CH2][CH]([OH])[CH]([OH])[CH2][O][P](=[O])([OH])[OH]
807,[CH3][C]1([CH2][C](=[O])[OH])[C]2=[CH][c]3[nH][c]([c]([CH2][CH2][C](=[O])[OH])[c]3[CH2][C](=[O])[OH])[CH2][c]3[nH][c]([c]([CH2][C](=[O])[OH])[c]3[CH2][CH2][C](=[O])[OH])[CH]=[C]3[NH][C](=[CH][C](=[N]2)[CH]1[CH2][CH2][C](=[O])[OH])[C]([CH3])([CH2][C](=[O])[OH])[CH]3[CH2][CH2][C](=[O])[OH]
808,[NH2][CH]([CH]=[O])[C](=[O])[OH]
809,[NH2][CH]([CH2][OH])[C](=[O])[OH]
810,[O]=[C]([OH])[CH]([OH])[CH]([OH])[C](=[O])[OH]
811,[CH3][c]1[cH][n]([CH]2[CH2][CH]([OH])[CH]([CH2][O][P](=[O])([OH])[OH])[O]2)[c](=[O])[n][c]1[OH]
812,[CH3][c]1[cH][n]([CH]2[CH2][CH]([OH])[CH]([CH2][O][P](=[O])([OH])[O][P](=[O])([OH])[O][P](=[O])([OH])[OH])[O]2)[c](=[O])[n][c]1[OH]
813,[CH3][c]1[cH][n][c]([OH])[n][c]1[OH]
814,[O]=[P]([OH])([OH])[O][CH]1[CH2][CH]([OH])[CH]([CH2][OH])[O]1
815,[O]=[c]1[n][c]([OH])[cH][cH][n]1[CH]1[CH2][CH]([OH])[CH]([CH2][O][P](=[O])([OH])[O][P](=[O])([OH])[OH])[O]1
816,[CH2]=[CH][C]1=[C]([CH3])[c]2[cH][c]3[n][c]([c]4[c]([C](=[O])[O][CH3])[c]([OH])[c]5[c]([CH3])[c]([cH][c]6[nH][c]([cH][c]1[n]2)[c]([CH3])[c]6[CH]=[CH2])[nH][c]45)[CH]([CH2][CH2][C](=[O])[OH])[CH]3[CH3]
817,[CH3][C](=[O])[CH]([OH])[CH]([OH])[CH2][O][P](=[O])([OH])[OH]
818,[CH3][C](=[O])[CH]([OH])[CH]([OH])[CH2][OH]
819,[O]=[C]([OH])[CH]([OH])[CH]([OH])[CH2][O][P](=[O])([OH])[OH]
820,[CH3][C]([CH3])=[CH][C](=[O])[S][CH2][CH2][N]=[C]([OH])[CH2][CH2][N]=[C]([OH])[CH]([OH])[C]([CH3])([CH3])[CH2][O][P](=[O])([OH])[O][P](=[O])([OH])[O][CH2][CH]1[O][CH]([n]2[cH][n][c]3[c]([NH2])[n][cH][n][c]32)[CH]([OH])[CH]1[O][P](=[O])([OH])[OH]
821,[CH3][C]([CH3])([OH])[CH2][C](=[O])[S][CH2][CH2][N]=[C]([OH])[CH2][CH2][N]=[C]([OH])[CH]([OH])[C]([CH3])([CH3])[CH2][O][P](=[O])([OH])[O][P](=[O])([OH])[O][CH2][CH]1[O][CH]([n]2[cH][n][c]3[c]([NH2])[n][cH][n][c]32)[CH]([OH])[CH]1[O][P](=[O])([OH])[OH]
822,[CH3][CH]([OH])[CH2][C](=[O])[S][CH2][CH2][N]=[C]([OH])[CH2][CH2][N]=[C]([OH])[CH]([OH])[C]([CH3])([CH3])[CH2][O][P](=[O])([OH])[O][P](=[O])([OH])[O][CH2][CH]1[O][CH]([n]2[cH][n][c]3[c]([NH2])[n][cH][n][c]32)[CH]([OH])[CH]1[O][P](=[O])([OH])[OH]
823,[CH3][CH2][CH2][CH]=[CH][C](=[O])[S][CH2][CH2][N]=[C]([OH])[CH2][CH2][N]=[C]([OH])[CH]([OH])[C]([CH3])([CH3])[CH2][O][P](=[O])([OH])[O][P](=[O])([OH])[O][CH2][CH]1[O][CH]([n]2[cH][n][c]3[c]([NH2])[n][cH][n][c]32)[CH]([OH])[CH]1[O][P](=[O])([OH])[OH]
824,[CH3][CH2][CH2][CH]([OH])[CH2][C](=[O])[S][CH2][CH2][N]=[C]([OH])[CH2][CH2][N]=[C]([OH])[CH]([OH])[C]([CH3])([CH3])[CH2][O][P](=[O])([OH])[O][P](=[O])([OH])[O][CH2][CH]1[O][CH]([n]2[cH][n][c]3[c]([NH2])[n][cH][n][c]32)[CH]([OH])[CH]1[O][P](=[O])([OH])[OH]
825,[CH3][CH2][CH2][CH2][CH2][CH]([OH])[CH2][C](=[O])[S][CH2][CH2][N]=[C]([OH])[CH2][CH2][N]=[C]([OH])[CH]([OH])[C]([CH3])([CH3])[CH2][O][P](=[O])([OH])[O][P](=[O])([OH])[O][CH2][CH]1[O][CH]([n]2[cH][n][c]3[c]([NH2])[n][cH][n][c]32)[CH]([OH])[CH]1[O][P](=[O])([OH])[OH]
826,[CH3][CH2][CH2][CH2][CH2][CH2][CH2][CH2][CH2][CH2][CH2][CH2][CH2][CH]([OH])[CH2][C](=[O])[S][CH2][CH2][N]=[C]([OH])[CH2][CH2][N]=[C]([OH])[CH]([OH])[C]([CH3])([CH3])[CH2][O][P](=[O])([OH])[O][P](=[O])([OH])[O][CH2][CH]1[O][CH]([n]2[cH][n][c]3[c]([NH2])[n][cH][n][c]32)[CH]([OH])[CH]1[O][P](=[O])([OH])[OH]
827,[CH3][CH]([OH])[CH]([CH3])[C](=[O])[S][CH2][CH2][N]=[C]([OH])[CH2][CH2][N]=[C]([OH])[CH]([OH])[C]([CH3])([CH3])[CH2][O][P](=[O])([OH])[O][P](=[O])([OH])[O][CH2][CH]1[O][CH]([n]2[cH][n][c]3[c]([NH2])[n][cH][n][c]32)[CH]([OH])[CH]1[O][P](=[O])([OH])[OH]
828,[O]=[C]([OH])[C](=[O])[CH2][CH]([OH])[CH]([OH])[CH2][O][P](=[O])([OH])[OH]
829,[O]=[C]([OH])[CH]([OH])[CH]([OH])[CH]([OH])[CH]([OH])[CH2][O][P](=[O])([OH])[OH]
830,[OH][CH2][CH]1[O][CH]([O][CH2][CH]2[O][CH]([OH])[CH]([OH])[CH]([OH])[CH]2[OH])[CH]([OH])[CH]([OH])[CH]1[OH]
831,[O]=[C]([OH])[CH]([CH2][OH])[O][P](=[O])([OH])[OH]
832,[NH2][c]1[n][cH][n][c]2[c]1[n][cH][n]2[CH]1[O][CH]([CH2][O][P](=[O])([OH])[O][C](=[O])[CH]([NH2])[CH2][OH])[CH]([OH])[CH]1[OH]
833,[O]=[C]1[O][CH2][CH]([N]=[C]([OH])[c]2[cH][cH][cH][c]([OH])[c]2[OH])[C](=[O])[O][CH2][CH]([N]=[C]([OH])[c]2[cH][cH][cH][c]([OH])[c]2[OH])[C](=[O])[O][CH2][CH]1[N]=[C]([OH])[c]1[cH][cH][cH][c]([OH])[c]1[OH]
834,[NH2][CH2][CH2][OH]
835,[NH2][CH2][CH2][O][P](=[O])([OH])[OH]
836,[O]=[P]([OH])([OH])[O][C]1([CH2][OH])[O][CH]([CH2][OH])[CH]([OH])[CH]1[OH]
837,[CH3][CH2][CH2][CH2][CH2][CH]=[CH][CH2][CH]=[CH][CH2][CH2][CH2][CH2][CH2][CH2][CH2][C](=[O])[OH]
838,[CH3][CH2][CH2][CH2][CH2][CH]=[CH][CH2][CH]=[CH][CH2][CH2][CH2][CH2][CH2][CH2][CH2][C](=[O])[S][CH2][CH2][N]=[C]([OH])[CH2][CH2][N]=[C]([OH])[CH]([OH])[C]([CH3])([CH3])[CH2][O][P](=[O])([OH])[O][P](=[O])([OH])[O][CH2][CH]1[O][CH]([n]2[cH][n][c]3[c]([NH2])[n][cH][n][c]32)[CH]([OH])[CH]1[O][P](=[O])([OH])[OH]
839,[CH3][CH2][CH]=[CH][CH2][CH]=[CH][CH2][CH]=[CH][CH2][CH2][CH2][CH2][CH2][CH2][CH2][C](=[O])[OH]
840,[CH3][CH2][CH]=[CH][CH2][CH]=[CH][CH2][CH]=[CH][CH2][CH2][CH2][CH2][CH2][CH2][CH2][C](=[O])[S][CH2][CH2][N]=[C]([OH])[CH2][CH2][N]=[C]([OH])[CH]([OH])[C]([CH3])([CH3])[CH2][O][P](=[O])([OH])[O][P](=[O])([OH])[O][CH2][CH]1[O][CH]([n]2[cH][n][c]3[c]([NH2])[n][cH][n][c]32)[CH]([OH])[CH]1[O][P](=[O])([OH])[OH]
841,[CH3][CH]([CH3])[C](=[O])[OH]
842,[CH3][CH]([CH3])[CH2][C](=[O])[OH]
843,[CH3][CH2][CH2][CH2][C](=[O])[S][CH2][CH2][N]=[C]([OH])[CH2][CH2][N]=[C]([OH])[CH]([OH])[C]([CH3])([CH3])[CH2][O][P](=[O])([OH])[O][P](=[O])([OH])[O][CH2][CH]1[O][CH]([n]2[cH][n][c]3[c]([NH2])[n][cH][n][c]32)[CH]([OH])[CH]1[O][P](=[O])([OH])[OH]
844,[NH]=[C]([OH])[C]1=[CH][N]([CH]2[O][CH]([CH2][O][P](=[O])([OH])[O][P](=[O])([OH])[O][CH2][CH]3[O][CH]([n]4[cH][n][c]5[c]([NH2])[n][cH][n][c]54)[CH]([O][P](=[O])([OH])[OH])[CH]3[OH])[CH]([OH])[CH]2[OH])[CH]=[CH][CH2]1
845,[NH]=[C]([OH])[c]1[cH][cH][cH][n+]([CH]2[O][CH]([CH2][O][P](=[O])([OH])[O][P](=[O])([OH])[O][CH2][CH]3[O][CH]([n]4[cH][n][c]5[c]([NH2])[n][cH][n][c]54)[CH]([O][P](=[O])([OH])[OH])[CH]3[OH])[CH]([OH])[CH]2[OH])[cH]1
846,[NH2][CH]([CH2][CH2][C]([OH])=[N][CH]([CH2][S][CH]=[O])[C]([OH])=[N][CH2][C](=[O])[OH])[C](=[O])[OH]
847,[NH2][CH]([CH2][CH2][C]([OH])=[N][CH]([CH2][SH])[C]([OH])=[N][CH2][C](=[O])[OH])[C](=[O])[OH]
848,[NH2][CH]([CH2][CH2][C]([OH])=[N][CH]([CH2][S][CH2][OH])[C]([OH])=[N][CH2][C](=[O])[OH])[C](=[O])[OH]
849,[CH3][CH2][CH2][CH2][CH2][CH2][CH2][CH2][CH]=[CH][CH2][CH2][CH2][CH2][CH2][CH2][CH2][C](=[O])[OH]
850,[CH3][CH2][CH2][CH2][CH2][CH2][CH2][CH2][CH2][CH2][CH2][CH2][CH2][CH2][CH2][CH2][CH2][CH2][CH2][C](=[O])[OH]
851,[CH3][CH2][CH2][CH2][CH2][CH2][CH2][CH2][CH2][CH2][CH2][CH2][CH2][CH2][CH2][CH2][CH2][C](=[O])[O][CH3]
852,[CH3][CH]([C](=[O])[OH])[C](=[O])[S][CH2][CH2][N]=[C]([OH])[CH2][CH2][N]=[C]([OH])[CH]([OH])[C]([CH3])([CH3])[CH2][O][P](=[O])([OH])[O][P](=[O])([OH])[O][CH2][CH]1[O][CH]([n]2[cH][n][c]3[c]([NH2])[n][cH][n][c]32)[CH]([OH])[CH]1[O][P](=[O])([OH])[OH]
853,[O]=[C]([CH2][O][P](=[O])([OH])[OH])[CH]([OH])[CH]([OH])[CH]([OH])[CH]([OH])[CH2][O][P](=[O])([OH])[OH]
854,[O]=[C]([CH2][O][P](=[O])([OH])[OH])[CH]([OH])[CH]([OH])[CH2][OH]
855,[O]=[P]([OH])([OH])[O][CH2][CH]1[O][C]([CH2][OH])([O][P](=[O])([OH])[OH])[CH]([OH])[CH]1[OH]
856,[CH3][CH]([OH])[CH]([OH])[CH]([OH])[C](=[O])[CH2][OH]
857,[CH3][CH]([OH])[CH]([OH])[CH]([OH])[C](=[O])[CH2][O][P](=[O])([OH])[OH]
858,[CH3][C]([CH3])([CH2][O][P](=[O])([OH])[O][P](=[O])([OH])[O][CH2][CH]1[O][CH]([n]2[cH][n][c]3[c]([NH2])[n][cH][n][c]32)[CH]([OH])[CH]1[O][P](=[O])([OH])[OH])[CH]([OH])[C]([OH])=[N][CH2][CH2][C]([OH])=[N][CH2][CH2][S][CH]=[O]
859,[CH3][O][c]1[cH][c]([CH]=[O])[cH][cH][c]1[OH]
860,[CH3][O][c]1[cH][c]([CH]=[CH][C](=[O])[S][CH2][CH2][N]=[C]([OH])[CH2][CH2][N]=[C]([OH])[CH]([OH])[C]([CH3])([CH3])[CH2][O][P](=[O])([OH])[O][P](=[O])([OH])[O][CH2][CH]2[O][CH]([n]3[cH][n][c]4[c]([NH2])[n][cH][n][c]43)[CH]([OH])[CH]2[O][P](=[O])([OH])[OH])[cH][cH][c]1[OH]
861,[O]=[P]([OH])([OH])[O][CH2][CH]1[O][CH]([N]=[C]([OH])[CH2][N]=[CH][OH])[CH]([OH])[CH]1[OH]
862,[NH2][CH2][C]([OH])=[N][CH]1[O][CH]([CH2][O][P](=[O])([OH])[OH])[CH]([OH])[CH]1[OH]
863,[NH]=[c]1[n][c]([OH])[c]2[c]([nH]1)[NH][CH2][CH]1[CH2][N+]([c]3[cH][cH][c]([C]([OH])=[N][CH]([CH2][CH2][C](=[O])[OH])[C](=[O])[OH])[cH][cH]3)=[CH][N]21
864,[NH]=[CH][NH][CH]([CH2][CH2][C](=[O])[OH])[C](=[O])[OH]
865,[NH2][CH]([CH2][C](=[O])[c]1[cH][cH][cH][cH][c]1[N]=[CH][OH])[C](=[O])[OH]
866,[NH2][c]1[cH][cH][cH][cH][c]1[C](=[O])[CH2][CH]([NH2])[C](=[O])[OH]
867,[CH3][c]1[cH][c]2[c]([cH][c]1[CH3])[N]([CH2][CH]([OH])[CH]([OH])[CH]([OH])[CH2][O][P](=[O])([OH])[OH])[c]1[n][c]([OH])[n][c]([OH])[c]1[NH]2
868,[CH3][c]1[cH][c]2[c]([cH][c]1[CH3])[N]([CH2][CH]([OH])[CH]([OH])[CH]([OH])[CH2][OH])[c]1[n][c]([OH])[n][c]([OH])[c]1[NH]2
869,[CH3][S][CH2][CH2][CH]([N]=[CH][OH])[C](=[O])[OH]
870,[NH]=[c]1[n][c]([OH])[c]2[c]([nH]1)[NH][CH2][CH]([CH2][NH][c]1[cH][cH][c]([C](=[O])[NH][CH]([CH2][CH2][C](=[O])[OH])[C](=[O])[OH])[cH][cH]1)[N]2[CH]=[O]
871,[NH]=[CH][OH]
872,[CH3][C]([CH3])([CH2][O][P](=[O])([OH])[O][P](=[O])([OH])[O][CH2][CH]1[O][CH]([n]2[cH][n][c]3[c]([NH2])[n][cH][n][c]32)[CH]([OH])[CH]1[O][P](=[O])([OH])[OH])[CH]([OH])[C]([OH])=[N][CH2][CH2][C]([OH])=[N][CH2][CH2][S][C](=[O])[C](=[O])[OH]
873,[O]=[C]([OH])[CH2][CH2][CH]([N]=[CH][OH])[C](=[O])[OH]
874,[NH]=[CH][N]1[c]2[c]([OH])[n][c](=[NH])[nH][c]2[NH][CH2][CH]1[CH2][NH][c]1[cH][cH][c]([C](=[O])[NH][CH]([CH2][CH2][C](=[O])[OH])[C](=[O])[OH])[cH][cH]1
875,[O]=[C]([OH])[CH2][CH]([OH])[C](=[O])[OH]
876,[O]=[C]([OH])[CH]=[CH][C](=[O])[CH2][C](=[O])[CH2][C](=[O])[OH]
877,[O]=[C]([OH])[CH]=[CH][C](=[O])[CH2][C](=[O])[C](=[O])[OH]
878,[O]=[C]([OH])[c]1[cH][cH][cH][c]([C](=[O])[CH2][CH2][CH]2[O][CH]([OH])[CH]([OH])[CH]2[OH])[cH]1
879,[O]=[C]([OH])[c]1[cH][cH][cH][c]([C](=[O])[CH2][CH2][CH]2[O][CH]([n]3[cH][n][c]4[c]([OH])[n][cH][n][c]43)[CH]([OH])[CH]2[OH])[cH]1
880,[O]=[P]([OH])([OH])[O][CH2][CH]([OH])[CH2][OH]
881,[CH3][c]1[cH][n]([CH]2[CH2][CH]([OH])[CH]([CH2][O][P](=[O])([OH])[O][P](=[O])([OH])[O][CH]3[O][CH]([CH2][OH])[CH]([OH])[CH]([OH])[CH]3[OH])[O]2)[c](=[O])[n][c]1[OH]
882,[NH2][CH]([CH]=[O])[CH2][CH2][C](=[O])[OH]
883,[O]=[P]([OH])([OH])[O][CH]([CH2][OH])[CH2][OH]
884,[NH]=[c]1[cH][cH][n]([CH]2[O][CH]([CH2][O][P](=[O])([OH])[O][P](=[O])([OH])[O][CH2][CH]([OH])[CH2][OH])[CH]([OH])[CH]2[OH])[c]([OH])[n]1
885,[O]=[P]([OH])([OH])[O][CH2][CH]([OH])[CH2][OH]
886,[cH]1[cH][cH][c]2[nH][cH][cH][c]2[cH]1
887,[O]=[P]([OH])([OH])[O][CH2][CH]([OH])[CH]([OH])[c]1[cH][nH][c]2[cH][cH][cH][cH][c]12
888,[NH2][CH]([CH2][CH2][C](=[O])[O][P](=[O])([OH])[OH])[C](=[O])[OH]
889,[NH2][CH]([CH2][CH2][CH]=[O])[C](=[O])[OH]
890,[O]=[C]([OH])[CH]1[CH2][CH2][CH]=[N]1
891,[O]=[C]1[O][CH]([CH2][O][P](=[O])([OH])[OH])[CH]([OH])[CH]([OH])[CH]1[OH]
892,[O]=[P]([OH])([OH])[O][CH2][CH]1[O][CH]([OH])[CH]([OH])[CH]([OH])[CH]1[OH]
893,[O]=[C]([OH])[CH]=[C]([CH]=[C]([OH])[C](=[O])[OH])[C](=[O])[OH]
894,[O]=[C]([OH])[c]1[cH][c]([OH])[c]([OH])[c]([OH])[cH]1
895,[O]=[P]([OH])([OH])[O][CH]1[O][CH]([CH2][OH])[CH]([OH])[CH]([OH])[CH]1[OH]
896,[O]=[P]([OH])([OH])[O][CH2][CH]1[O][C]([OH])([CH2][OH])[CH]([OH])[CH]1[OH]
897,[NH2][CH]1[CH]([OH])[O][CH]([CH2][O][P](=[O])([OH])[OH])[CH]([OH])[CH]1[OH]
898,[O]=[C]([OH])[CH]([OH])[CH]([OH])[CH]([OH])[CH]([OH])[C](=[O])[OH]
899,[O]=[C]([OH])[C](=[O])[CH2][CH]([OH])[CH]([OH])[C](=[O])[OH]
900,[O]=[C]([OH])[CH]([OH])[CH]([OH])[CH]([OH])[C](=[O])[CH2][OH]
901,[O]=[C]([OH])[CH]([OH])[CH]([OH])[CH]([OH])[CH]([OH])[CH2][OH]
902,[O]=[C]([OH])[CH]([OH])[CH]([OH])[CH]([OH])[CH]([OH])[CH2][OH]
903,[OH][CH2][CH]([OH])[CH]([OH])[CH]([OH])[CH]([OH])[CH2][OH]
904,[OH][CH2][CH]1[O][CH]([O][CH2][CH]2[O][CH]([O][CH2][CH]3[O][CH]([O][C]4([CH2][OH])[O][CH]([CH2][OH])[CH]([OH])[CH]4[OH])[CH]([OH])[CH]([OH])[CH]3[OH])[CH]([OH])[CH]([OH])[CH]2[OH])[CH]([OH])[CH]([OH])[CH]1[OH]
905,[O]=[c]1[n][c]([OH])[cH][cH][n]1[CH]1[O][CH]([CH2][O][P](=[O])([OH])[O][P](=[O])([OH])[O][CH]2[O][CH]([CH2][OH])[CH]([OH])[CH]([OH])[CH]2[OH])[CH]([OH])[CH]1[OH]
906,[CH3][CH2][CH2][CH2][CH2][CH2][CH2][CH2][CH2][CH2][CH2][CH2][CH2][C](=[O])[O][CH]([CH2][CH2][CH2][CH2][CH2][CH2][CH2][CH2][CH2][CH2][CH3])[CH2][C](=[O])[O][CH]1[CH]([N]=[C]([OH])[CH2][CH]([CH2][CH2][CH2][CH2][CH2][CH2][CH2][CH2][CH2][CH2][CH3])[O][C](=[O])[CH2][CH2][CH2][CH2][CH2][CH2][CH2][CH2][CH2][CH2][CH3])[CH]([O][CH2][CH]2[O][CH]([O][P](=[O])([OH])[OH])[CH]([N]=[C]([OH])[CH2][CH]([OH])[CH2][CH2][CH2][CH2][CH2][CH2][CH2][CH2][CH2][CH2][CH3])[CH]([O][C](=[O])[CH2][CH]([OH])[CH2][CH2][CH2][CH2][CH2][CH2][CH2][CH2][CH2][CH2][CH3])[CH]2[OH])[O][CH]([CH2][O][C]2([C](=[O])[OH])[CH2][CH]([O][C]3([C](=[O])[OH])[CH2][CH]([O][C]4([C](=[O])[OH])[CH2][CH]([OH])[CH]([OH])[CH]([CH]([OH])[CH2][OH])[O]4)[CH]([O][CH]4[O][CH]([CH3])[CH]([OH])[CH]([OH])[CH]4[OH])[CH]([CH]([OH])[CH2][OH])[O]3)[CH]([O][CH]3[O][CH]([CH]([OH])[CH2][OH])[CH]([O][P](=[O])([OH])[OH])[CH]([O][CH]4[O][CH]([CH]([OH])[CH2][O][CH]5[O][CH]([CH]([OH])[CH2][OH])[CH]([OH])[CH]([OH])[CH]5[OH])[CH]([O][P](=[O])([OH])[OH])[CH]([O][CH]5[O][CH]([CH2][O][CH]6[O][CH]([CH2][OH])[CH]([OH])[CH]([OH])[CH]6[OH])[CH]([OH])[CH]([OH])[CH]5[OH])[CH]4[OH])[CH]3[OH])[CH]([CH]([OH])[CH2][OH])[O]2)[CH]1[O][P](=[O])([OH])[OH]
907,[O]=[c]1[n][c]([OH])[cH][cH][n]1[CH]1[O][CH]([CH2][O][P](=[O])([OH])[O][P](=[O])([OH])[O][CH]2[O][CH]([CH2][OH])[CH]([OH])[CH]([OH])[CH]2[OH])[CH]([OH])[CH]1[OH]
908,[CH3][CH2][CH2][CH2][CH2][CH2][CH2][CH2][CH2][CH2][CH2][CH2][CH2][C](=[O])[O][CH]([CH2][CH2][CH2][CH2][CH2][CH2][CH2][CH2][CH2][CH2][CH3])[CH2][C](=[O])[O][CH]1[CH]([N]=[C]([OH])[CH2][CH]([CH2][CH2][CH2][CH2][CH2][CH2][CH2][CH2][CH2][CH2][CH3])[O][C](=[O])[CH2][CH2][CH2][CH2][CH2][CH2][CH2][CH2][CH2][CH2][CH3])[CH]([O][CH2][CH]2[O][CH]([O][P](=[O])([OH])[OH])[CH]([N]=[C]([OH])[CH2][CH]([OH])[CH2][CH2][CH2][CH2][CH2][CH2][CH2][CH2][CH2][CH2][CH3])[CH]([O][C](=[O])[CH2][CH]([OH])[CH2][CH2][CH2][CH2][CH2][CH2][CH2][CH2][CH2][CH2][CH3])[CH]2[OH])[O][CH]([CH2][O][C]2([C](=[O])[OH])[CH2][CH]([O][C]3([C](=[O])[OH])[CH2][CH]([O][C]4([C](=[O])[OH])[CH2][CH]([OH])[CH]([OH])[CH]([CH]([OH])[CH2][OH])[O]4)[CH]([O][CH]4[O][CH]([CH3])[CH]([OH])[CH]([OH])[CH]4[OH])[CH]([CH]([OH])[CH2][OH])[O]3)[CH]([O][CH]3[O][CH]([CH]([OH])[CH2][OH])[CH]([O][P](=[O])([OH])[OH])[CH]([O][CH]4[O][CH]([CH]([OH])[CH2][O][CH]5[O][CH]([CH]([OH])[CH2][OH])[CH]([OH])[CH]([OH])[CH]5[OH])[CH]([O][P](=[O])([OH])[OH])[CH]([O][CH]5[O][CH]([CH2][OH])[CH]([OH])[CH]([OH])[CH]5[OH])[CH]4[OH])[CH]3[OH])[CH]([CH]([OH])[CH2][OH])[O]2)[CH]1[O][P](=[O])([OH])[OH]
909,[O]=[P]([OH])([OH])[O][CH2][CH]([OH])[CH]([OH])[CH]([OH])[CH]([OH])[CH2][OH]
910,[NH2][CH]1[CH]([OH])[O][CH]([CH2][OH])[CH]([OH])[CH]1[OH]
911,[O]=[C]([OH])[CH2][OH]
912,[CH3][C]([CH3])=[CH][CH2][CH2][C]([CH3])=[CH][CH]=[CH][C]([CH3])=[CH][CH]=[CH][C]([CH3])=[CH][CH]=[CH][CH]=[C]([CH3])[CH]=[CH][CH]=[C]([CH3])[CH]=[CH][C]1=[C]([CH3])[CH2][CH2][CH2][C]1([CH3])[CH3]
913,[NH]=[c]1[n][c]([OH])[c]2[c]([nH]1)[NH][CH2][CH]1[CH2][N]([c]3[cH][cH][c]([C](=[O])[NH][CH]([CH2][CH2][C](=[O])[OH])[C](=[O])[OH])[cH][cH]3)[CH2][N]21
914,[NH]=[C]([OH])[CH2][CH2][CH2][CH2][CH]([SH])[CH2][CH2][S][CH2][NH2]
915,[NH2][CH]([CH2][CH2][C]([OH])=[N][CH]([CH2][SH])[C](=[O])[OH])[C](=[O])[OH]
916,[NH]=[c]1[n][c]([OH])[c]2[n][cH][n]([CH]3[O][CH]([CH2][O][P](=[O])([OH])[OH])[CH]([OH])[CH]3[OH])[c]2[nH]1
917,[NH]=[c]1[n][c]([OH])[c]2[n][cH][n]([CH]3[O][CH]4[CH2][O][P](=[O])([OH])[O][CH]4[CH]3[OH])[c]2[nH]1
918,[NH]=[C]([NH2])[NH][CH2][CH2][CH2][CH]=[O]
919,[NH]=[c]1[n][c]([OH])[c]2[n][cH][n]([CH]3[O][CH]([CH2][O][P](=[O])([OH])[O][P](=[O])([OH])[OH])[CH]([O][P](=[O])([OH])[O][P](=[O])([OH])[OH])[CH]3[OH])[c]2[nH]1
920,[NH]=[c]1[n][c]([OH])[c]2[n][cH][n]([CH]3[O][CH]([CH2][O][P](=[O])([OH])[O][P](=[O])([OH])[O][CH]4[O][CH]([CH2][OH])[CH]([OH])[CH]([OH])[CH]4[OH])[CH]([OH])[CH]3[OH])[c]2[nH]1
921,[O]=[P]([OH])([OH])[O][CH]1[O][CH]([CH2][OH])[CH]([OH])[CH]([OH])[CH]1[OH]
922,[NH]=[c]1[n][c]([OH])[c]2[n][cH][n]([CH]3[O][CH]([CH2][O][P](=[O])([OH])[O][P](=[O])([OH])[O][P](=[O])([OH])[OH])[CH]([O][P](=[O])([OH])[O][P](=[O])([OH])[OH])[CH]3[OH])[c]2[nH]1
923,[CH3][CH]([O][P](=[O])([OH])[O][CH2][CH]([OH])[CH]([OH])[CH]([OH])[CH2][n]1[c]2[cH][c](=[O])[cH][cH][c]-2[cH][c]2[c]([OH])[n][c]([OH])[n][c]21)[C]([OH])=[N][CH]([CH2][CH2][C](=[O])[OH])[C](=[O])[OH]
924,[CH3][CH]([O][P](=[O])([OH])[O][CH2][CH]([OH])[CH]([OH])[CH]([OH])[CH2][n]1[c]2[cH][c](=[O])[cH][cH][c]-2[cH][c]2[c]([OH])[n][c]([OH])[n][c]21)[C](=[O])[OH]
925,[CH3][CH]1[O][CH]([O][P](=[O])([OH])[O][P](=[O])([OH])[O][CH2][CH]2[O][CH]([n]3[cH][n][c]4[c]([OH])[n][c](=[NH])[nH][c]43)[CH]([OH])[CH]2[OH])[CH]([OH])[CH]([OH])[CH]1[OH]
926,[CH3][CH]1[O][CH]([O][P](=[O])([OH])[O][P](=[O])([OH])[O][CH2][CH]2[O][CH]([n]3[cH][n][c]4[c]([OH])[n][c](=[NH])[nH][c]43)[CH]([OH])[CH]2[OH])[CH]([OH])[CH]([OH])[C]1=[O]
927,[NH2][CH]([CH2][CH2][C]([OH])=[N][CH2][CH2][CH2][CH]=[O])[C](=[O])[OH]
928,[NH2][CH]([CH2][CH2][C]([OH])=[N][CH2][CH2][CH2][C](=[O])[OH])[C](=[O])[OH]
929,[OH][CH2][CH]([OH])[CH2][O][CH]1[O][CH]([CH2][OH])[CH]([OH])[CH]([OH])[CH]1[OH]
930,[O]=[C]([OH])[CH]1[CH2][CH2][C]([OH])=[N]1
931,[CH3][CH]([N]=[C]([OH])[CH2][CH2][CH]([NH2])[C](=[O])[OH])[C](=[O])[OH]
932,[O]=[P]([OH])([OH])[O][CH2][CH]([CH2][OH])[O][CH]1[O][CH]([CH2][OH])[CH]([OH])[CH]([OH])[CH]1[OH]
933,[OH][CH2][CH]([CH2][OH])[O][CH]1[O][CH]([CH2][OH])[CH]([OH])[CH]([OH])[CH]1[OH]
934,[NH2][CH2][CH2][CH2][CH2][N]=[C]([OH])[CH2][CH2][CH]([NH2])[C](=[O])[OH]
935,[CH3][C]([CH3])=[CH][CH2][CH2][C]([CH3])=[CH][CH2][CH2][C]([CH3])=[CH][CH2][CH2][C]([CH3])=[CH][CH2][CH2][C]([CH3])=[CH][CH2][O][P](=[O])([OH])[O][P](=[O])([OH])[OH]
936,[O]=[C]([OH])[CH2][CH2][CH2][OH]
937,[CH3][C](=[O])[O][CH2][CH]1[O][CH]([OH])[CH]([OH])[CH]([OH])[CH]1[OH]
938,[O]=[C]([OH])[CH2][CH2][CH2][C](=[O])[OH]
939,[NH]=[C]([OH])[CH2][CH2][CH2][CH2][CH]([SH])[CH2][CH2][S][C](=[O])[CH2][CH2][CH2][C](=[O])[OH]
940,[O]=[CH][CH]([OH])[C](=[O])[OH]
941,[CH3][CH2][CH2][CH2][CH2][CH2][CH2][CH2][CH2][CH2][CH2][CH2][CH2][C](=[O])[O][CH]([CH2][CH2][CH2][CH2][CH2][CH2][CH2][CH2][CH2][CH2][CH3])[CH2][C](=[O])[O][CH]1[CH]([N]=[C]([OH])[CH2][CH]([CH2][CH2][CH2][CH2][CH2][CH2][CH2][CH2][CH2][CH2][CH3])[O][C](=[O])[CH2][CH2][CH2][CH2][CH2][CH2][CH2][CH2][CH2][CH2][CH3])[CH]([O][CH2][CH]2[O][CH]([O][P](=[O])([OH])[OH])[CH]([N]=[C]([OH])[CH2][CH]([OH])[CH2][CH2][CH2][CH2][CH2][CH2][CH2][CH2][CH2][CH2][CH3])[CH]([O][C](=[O])[CH2][CH]([OH])[CH2][CH2][CH2][CH2][CH2][CH2][CH2][CH2][CH2][CH2][CH3])[CH]2[OH])[O][CH]([CH2][O][C]2([C](=[O])[OH])[CH2][CH]([O][C]3([C](=[O])[OH])[CH2][CH]([O][C]4([C](=[O])[OH])[CH2][CH]([OH])[CH]([OH])[CH]([CH]([OH])[CH2][OH])[O]4)[CH]([O][CH]4[O][CH]([CH3])[CH]([OH])[CH]([OH])[CH]4[OH])[CH]([CH]([OH])[CH2][OH])[O]3)[CH]([O][CH]3[O][CH]([CH]([OH])[CH2][OH])[CH]([O][P](=[O])([OH])[OH])[CH]([O][CH]4[O][CH]([CH]([OH])[CH2][O][CH]5[O][CH]([CH]([OH])[CH2][OH])[CH]([OH])[CH]([OH])[CH]5[OH])[CH]([O][P](=[O])([OH])[OH])[CH]([OH])[CH]4[OH])[CH]3[OH])[CH]([CH]([OH])[CH2][OH])[O]2)[CH]1[O][P](=[O])([OH])[OH]
942,[O]=[C]([OH])[CH]([OH])[CH]([OH])[CH]([OH])[CH]([OH])[CH2][OH]
943,[O]=[C]1[O][CH]([CH]([OH])[CH2][OH])[CH]([OH])[CH]1[OH]
944,[CH3][C]([CH3])=[CH][CH2][CH2][C]([CH3])=[CH][CH2][CH2][C]([CH3])=[CH][CH2][CH2][C]([CH3])=[CH][CH2][CH2][C]([CH3])=[CH][CH2][CH2][C]([CH3])=[CH][CH2][CH2][C]([CH3])=[CH][CH2][CH2][C]([CH3])=[CH][CH2][CH2][C]([CH3])=[CH][CH2][CH2][C]([CH3])=[CH][CH2][CH2][C]([CH3])=[CH][CH2][O][P](=[O])([OH])[O][P](=[O])([OH])[O][CH]1[O][CH]([CH2][OH])[CH]([O][CH]2[O][CH]([CH2][OH])[CH]([OH])[CH]([OH])[CH]2[N]=[C]([CH3])[OH])[CH]([O][CH]([CH3])[C]([OH])=[N][CH]([CH3])[C]([OH])=[N][CH]([CH2][CH2][C]([OH])=[N][CH]([CH2][CH2][CH2][CH2][NH2])[C]([OH])=[N][CH]([CH3])[C]([OH])=[N][CH]([CH3])[C](=[O])[OH])[C](=[O])[OH])[CH]1[N]=[C]([CH3])[OH]
945,[CH3][C]([CH3])=[CH][CH2][CH2][C]([CH3])=[CH][CH2][CH2][C]([CH3])=[CH][CH2][CH2][C]([CH3])=[CH][CH2][CH2][C]([CH3])=[CH][CH2][CH2][C]([CH3])=[CH][CH2][CH2][C]([CH3])=[CH][CH2][CH2][C]([CH3])=[CH][CH2][CH2][C]([CH3])=[CH][CH2][CH2][C]([CH3])=[CH][CH2][CH2][C]([CH3])=[CH][CH2][O][P](=[O])([OH])[O][P](=[O])([OH])[O][CH]1[O][CH]([CH2][OH])[CH]([O][CH]2[O][CH]([CH2][OH])[CH]([OH])[CH]([OH])[CH]2[N]=[C]([CH3])[OH])[CH]([O][CH]([CH3])[C]([OH])=[N][CH]([CH3])[C]([OH])=[N][CH]([CH2][CH2][C]([OH])=[N][CH]([CH2][CH2][CH2][CH2][NH2])[C]([OH])=[N][CH]([CH3])[C]([OH])=[N][CH]([CH3])[C](=[O])[OH])[C](=[NH])[OH])[CH]1[N]=[C]([CH3])[OH]
946,[NH2][CH]1[O][CH]([CH2][O][P](=[O])([OH])[OH])[CH]([OH])[CH]1[OH]
947,[O]=[C]([OH])[CH]([OH])[CH2][OH]
948,[O]=[C]([OH])[C](=[O])[CH2][OH]
949,[NH2][CH2][C]([OH])=[N][CH2][C](=[O])[OH]
950,[CH3][CH]([CH3])[CH2][CH]([N]=[C]([OH])[CH2][NH2])[C](=[O])[OH]
951,[CH3][CH]([OH])[C](=[O])[S][CH2][CH]([N]=[C]([OH])[CH2][CH2][CH]([NH2])[C](=[O])[OH])[C]([OH])=[N][CH2][C](=[O])[OH]
952,[NH2][CH2][C]([OH])=[N][CH]([CH2][c]1[cH][cH][cH][cH][cH]1)[C](=[O])[OH]
953,[NH2][CH2][C](=[O])[N]1[CH2][CH2][CH2][CH]1[C](=[O])[OH]
954,[CH3][NH][CH2][C](=[O])[OH]
955,[CH3][N]([CH2][C](=[O])[OH])[C](=[O])[CH2][NH2]
956,[NH2][c]1[n][cH][n][c]2[c]1[n][cH][n]2[CH]1[O][CH]([CH2][O][P](=[O])([OH])[O][P](=[O])([OH])[O][CH]2[O][CH]([CH]([OH])[CH2][OH])[CH]([OH])[CH]([OH])[CH]2[OH])[CH]([OH])[CH]1[OH]
957,[O]=[P]([OH])([OH])[O][CH]1[O][CH]([CH]([OH])[CH2][OH])[CH]([OH])[CH]([OH])[CH]1[OH]
958,[O]=[P]([OH])([OH])[O][CH2][CH]([OH])[CH]1[O][CH]([OH])[CH]([OH])[CH]([OH])[CH]1[OH]
959,[O]=[P]([OH])([OH])[O][CH2][CH]([OH])[CH]1[O][CH]([O][P](=[O])([OH])[OH])[CH]([OH])[CH]([OH])[CH]1[OH]
960,[O]=[P]([OH])([OH])[O][CH2][CH]1[O][CH]([n]2[cH][n][c]3[c]([OH])[n][c]([OH])[n][c]32)[CH]([OH])[CH]1[OH]
961,[NH]=[c]1[n][c]([OH])[c]2[n][cH][nH][c]2[nH]1
962,[CH3][N+]([CH3])([CH3])[CH2][CH2][O][P](=[O])([OH])[O][CH2][CH]([OH])[CH2][OH]
963,[NH2][CH2][CH2][O][P](=[O])([OH])[O][CH2][CH]([OH])[CH2][OH]
964,[NH2][CH]([CH2][O][P](=[O])([OH])[O][CH2][CH]([OH])[CH2][OH])[C](=[O])[OH]
965,[O]=[P]([OH])([O][CH2][CH]([OH])[CH2][OH])[O][CH2][CH]([OH])[CH2][OH]
966,[O]=[P]([OH])([O][CH2][CH]([OH])[CH2][OH])[O][CH]1[CH]([OH])[CH]([OH])[CH]([OH])[CH]([OH])[CH]1[OH]
967,[NH2][CH2][CH2][CH2][CH2][NH][CH2][CH2][CH2][N]=[C]([OH])[CH2][N]=[C]([OH])[CH]([CH2][SH])[N]=[C]([OH])[CH2][CH2][CH]([NH2])[C](=[O])[OH]
968,[O]=[S]([OH])[OH]
969,[O]=[P]([OH])([OH])[O][P](=[O])([OH])[O][P](=[O])([OH])[O][CH2][CH]1[O][CH]([n]2[cH][n][c]3[c]([OH])[n][c]([OH])[n][c]32)[CH]([OH])[CH]1[OH]
970,[OH][c]1[n][c]([OH])[c]2[n][cH][nH][c]2[n]1
971,[O]=[C]([OH])[CH]1[O][C]([OH])([CH2][OH])[CH]([OH])[CH]1[OH]
972,[O]=[C]([OH])[CH]1[O][CH]([OH])[CH]([OH])[CH]([OH])[CH]1[OH]
973,[O]=[C]([OH])[CH]1[O][CH]([OH])[CH]([OH])[CH]([OH])[CH]1[OH]
974,[O]=[S](=[O])([OH])[OH]
975,[SH2]
976,[CH3][CH]([NH][c]1[cH][cH][c]([CH2][CH]([OH])[CH]([OH])[CH]([OH])[CH2][O][CH]2[O][CH]([CH2][O][P](=[O])([OH])[O][CH]([CH2][CH2][C](=[O])[OH])[C]([OH])=[N][CH]([CH2][CH2][C](=[O])[OH])[C](=[O])[OH])[CH]([OH])[CH]2[OH])[cH][cH]1)[CH]1[NH][c]2[c]([OH])[n][c](=[NH])[nH][c]2[NH][CH]1[CH3]
977,[CH3][CH]([NH][c]1[cH][cH][c]([CH2][CH]([OH])[CH]([OH])[CH]([OH])[CH2][O][CH]2[O][CH]([CH2][O][P](=[O])([OH])[O][CH]([CH2][CH2][C](=[O])[OH])[C](=[O])[OH])[CH]([OH])[CH]2[OH])[cH][cH]1)[CH]1[NH][c]2[c]([OH])[n][c](=[NH])[nH][c]2[NH][CH]1[CH3]
978,[CH3][CH2][CH2][CH2][CH2][C](=[O])[CH2][C](=[O])[S][CH2][CH2][N]=[C]([OH])[CH2][CH2][N]=[C]([OH])[CH]([OH])[C]([CH3])([CH3])[CH2][O][P](=[O])([OH])[O][P](=[O])([OH])[O][CH2][CH]1[O][CH]([n]2[cH][n][c]3[c]([NH2])[n][cH][n][c]32)[CH]([OH])[CH]1[O][P](=[O])([OH])[OH]
979,[O]=[C]([OH])[CH]=[C]([CH2][CH2][C](=[O])[OH])[C](=[O])[OH]
980,[O]=[C]([OH])[CH2][CH2][CH]([C](=[O])[OH])[CH]([OH])[C](=[O])[OH]
981,[NH2][OH]
982,[CH3][S+]([CH3])[CH2][CH2][CH]([NH2])[C](=[O])[OH]
983,[NH2][CH]([CH2][OH])[CH2][c]1[cH][n][cH][nH]1
984,[CH2]=[CH][C]1=[C]([CH3])[c]2[cH][c]3[nH][c]([cH][c]4[nH][c]([cH][c]5[n][c]([cH][c]1[n]2)[C]([CH3])=[C]5[CH2][CH2][C](=[O])[OH])[c]([CH2][CH2][C](=[O])[OH])[c]4[CH3])[c]([CH3])[c]3[CH]([OH])[CH2][CH2][CH]=[C]([CH3])[CH2][CH2][CH]=[C]([CH3])[CH2][CH2][CH]=[C]([CH3])[CH3]
985,[CH2]=[CH][c]1[c]([CH3])[c]2[cH][c]3[nH][c]([cH][c]4[n][c]([cH][c]5[n][c]([cH][c]1[nH]2)[C]([CH3])=[C]5[CH2][CH2][C](=[O])[OH])[C]([CH2][CH2][C](=[O])[OH])=[C]4[CH3])[c]([CH3])[c]3[CH]=[CH2]
986,[CH3][CH2][CH2][CH2][CH2][CH2][CH2][CH2][CH2][CH2][CH2][CH2][CH2][C](=[O])[O][CH]([CH2][CH2][CH2][CH2][CH2][CH2][CH2][CH2][CH2][CH2][CH3])[CH2][C](=[O])[O][CH]1[CH]([N]=[C]([OH])[CH2][CH]([CH2][CH2][CH2][CH2][CH2][CH2][CH2][CH2][CH2][CH2][CH3])[O][C](=[O])[CH2][CH2][CH2][CH2][CH2][CH2][CH2][CH2][CH2][CH2][CH3])[CH]([O][CH2][CH]2[O][CH]([O][P](=[O])([OH])[OH])[CH]([N]=[C]([OH])[CH2][CH]([OH])[CH2][CH2][CH2][CH2][CH2][CH2][CH2][CH2][CH2][CH2][CH3])[CH]([O][C](=[O])[CH2][CH]([OH])[CH2][CH2][CH2][CH2][CH2][CH2][CH2][CH2][CH2][CH2][CH3])[CH]2[OH])[O][CH]([CH2][O][C]2([C](=[O])[OH])[CH2][CH]([O][C]3([C](=[O])[OH])[CH2][CH]([OH])[CH]([OH])[CH]([CH]([OH])[CH2][OH])[O]3)[CH]([O][CH]3[O][CH]([CH]([OH])[CH2][OH])[CH]([OH])[CH]([OH])[CH]3[OH])[CH]([CH]([OH])[CH2][OH])[O]2)[CH]1[O][P](=[O])([OH])[OH]
987,[NH2][c]1[n][cH][n][c]2[c]1[n][cH][n]2[CH]1[O][CH]([CH2][O][P](=[O])([OH])[O][P](=[O])([OH])[O][CH]2[O][CH]([CH]([OH])[CH2][OH])[CH]([OH])[CH]([OH])[CH]2[OH])[CH]([OH])[CH]1[OH]
988,[CH3][CH2][CH2][CH2][CH2][CH2][CH2][CH2][CH2][CH2][CH2][CH2][CH2][C](=[O])[O][CH]([CH2][CH2][CH2][CH2][CH2][CH2][CH2][CH2][CH2][CH2][CH3])[CH2][C](=[O])[O][CH]1[CH]([N]=[C]([OH])[CH2][CH]([CH2][CH2][CH2][CH2][CH2][CH2][CH2][CH2][CH2][CH2][CH3])[O][C](=[O])[CH2][CH2][CH2][CH2][CH2][CH2][CH2][CH2][CH2][CH2][CH3])[CH]([O][CH2][CH]2[O][CH]([O][P](=[O])([OH])[OH])[CH]([N]=[C]([OH])[CH2][CH]([OH])[CH2][CH2][CH2][CH2][CH2][CH2][CH2][CH2][CH2][CH2][CH3])[CH]([O][C](=[O])[CH2][CH]([OH])[CH2][CH2][CH2][CH2][CH2][CH2][CH2][CH2][CH2][CH2][CH3])[CH]2[OH])[O][CH]([CH2][O][C]2([C](=[O])[OH])[CH2][CH]([O][C]3([C](=[O])[OH])[CH2][CH]([OH])[CH]([OH])[CH]([CH]([OH])[CH2][OH])[O]3)[CH]([OH])[CH]([CH]([OH])[CH2][OH])[O]2)[CH]1[O][P](=[O])([OH])[OH]
989,[CH3][CH2][CH2][CH2][CH2][CH2][CH2][CH2][CH2][CH2][CH2][CH2][CH2][C](=[O])[O][CH]([CH2][CH2][CH2][CH2][CH2][CH2][CH2][CH2][CH2][CH2][CH3])[CH2][C](=[O])[O][CH]1[CH]([N]=[C]([OH])[CH2][CH]([CH2][CH2][CH2][CH2][CH2][CH2][CH2][CH2][CH2][CH2][CH3])[O][C](=[O])[CH2][CH2][CH2][CH2][CH2][CH2][CH2][CH2][CH2][CH2][CH3])[CH]([O][CH2][CH]2[O][CH]([O][P](=[O])([OH])[OH])[CH]([N]=[C]([OH])[CH2][CH]([OH])[CH2][CH2][CH2][CH2][CH2][CH2][CH2][CH2][CH2][CH2][CH3])[CH]([O][C](=[O])[CH2][CH]([OH])[CH2][CH2][CH2][CH2][CH2][CH2][CH2][CH2][CH2][CH2][CH3])[CH]2[OH])[O][CH]([CH2][O][C]2([C](=[O])[OH])[CH2][CH]([O][C]3([C](=[O])[OH])[CH2][CH]([OH])[CH]([OH])[CH]([CH]([OH])[CH2][OH])[O]3)[CH]([O][CH]3[O][CH]([CH]([OH])[CH2][OH])[CH]([OH])[CH]([O][CH]4[O][CH]([CH]([OH])[CH2][OH])[CH]([OH])[CH]([OH])[CH]4[OH])[CH]3[OH])[CH]([CH]([OH])[CH2][OH])[O]2)[CH]1[O][P](=[O])([OH])[OH]
990,[CH3][CH2][CH2][CH2][CH2][CH2][CH2][CH2][CH2][CH2][CH2][CH2][CH2][C](=[O])[O][CH]([CH2][CH2][CH2][CH2][CH2][CH2][CH2][CH2][CH2][CH2][CH3])[CH2][C](=[O])[O][CH]1[CH]([N]=[C]([OH])[CH2][CH]([CH2][CH2][CH2][CH2][CH2][CH2][CH2][CH2][CH2][CH2][CH3])[O][C](=[O])[CH2][CH2][CH2][CH2][CH2][CH2][CH2][CH2][CH2][CH2][CH3])[CH]([O][CH2][CH]2[O][CH]([O][P](=[O])([OH])[OH])[CH]([N]=[C]([OH])[CH2][CH]([OH])[CH2][CH2][CH2][CH2][CH2][CH2][CH2][CH2][CH2][CH2][CH3])[CH]([O][C](=[O])[CH2][CH]([OH])[CH2][CH2][CH2][CH2][CH2][CH2][CH2][CH2][CH2][CH2][CH3])[CH]2[OH])[O][CH]([CH2][O][C]2([C](=[O])[OH])[CH2][CH]([O][C]3([C](=[O])[OH])[CH2][CH]([OH])[CH]([OH])[CH]([CH]([OH])[CH2][OH])[O]3)[CH]([O][CH]3[O][CH]([CH]([OH])[CH2][OH])[CH]([OH])[CH]([O][CH]4[O][CH]([CH]([OH])[CH2][O][CH]5[O][CH]([CH]([OH])[CH2][OH])[CH]([OH])[CH]([OH])[CH]5[OH])[CH]([O][P](=[O])([OH])[OH])[CH]([OH])[CH]4[OH])[CH]3[OH])[CH]([CH]([OH])[CH2][OH])[O]2)[CH]1[O][P](=[O])([OH])[OH]
991,[CH3][CH2][CH2][CH2][CH2][CH2][CH2][CH2][CH2][CH2][CH2][CH2][CH2][C](=[O])[O][CH]([CH2][CH2][CH2][CH2][CH2][CH2][CH2][CH2][CH2][CH2][CH3])[CH2][C](=[O])[O][CH]1[CH]([N]=[C]([OH])[CH2][CH]([CH2][CH2][CH2][CH2][CH2][CH2][CH2][CH2][CH2][CH2][CH3])[O][C](=[O])[CH2][CH2][CH2][CH2][CH2][CH2][CH2][CH2][CH2][CH2][CH3])[CH]([O][CH2][CH]2[O][CH]([O][P](=[O])([OH])[OH])[CH]([N]=[C]([OH])[CH2][CH]([OH])[CH2][CH2][CH2][CH2][CH2][CH2][CH2][CH2][CH2][CH2][CH3])[CH]([O][C](=[O])[CH2][CH]([OH])[CH2][CH2][CH2][CH2][CH2][CH2][CH2][CH2][CH2][CH2][CH3])[CH]2[OH])[O][CH]([CH2][O][C]2([C](=[O])[OH])[CH2][CH]([O][C]3([C](=[O])[OH])[CH2][CH]([OH])[CH]([OH])[CH]([CH]([OH])[CH2][OH])[O]3)[CH]([O][CH]3[O][CH]([CH]([OH])[CH2][OH])[CH]([OH])[CH]([O][CH]4[O][CH]([CH]([OH])[CH2][OH])[CH]([O][P](=[O])([OH])[OH])[CH]([OH])[CH]4[OH])[CH]3[OH])[CH]([CH]([OH])[CH2][OH])[O]2)[CH]1[O][P](=[O])([OH])[OH]
992,[CH3][c]1[n][cH][s][c]1[CH2][CH2][O][P](=[O])([OH])[OH]
993,[CH3][c]1[n][cH][s][c]1[CH2][CH2][OH]
994,[CH3][C]([CH3])=[CH][CH2][CH2][C]([CH3])=[CH][CH2][CH2][C]([CH3])=[CH][CH2][CH2][C]([CH3])=[CH][CH2][CH2][C]([CH3])=[CH][CH2][CH2][C]([CH3])=[CH][CH2][O][P](=[O])([OH])[O][P](=[O])([OH])[OH]
995,[CH3][C]([CH3])=[CH][CH2][CH2][C]([CH3])=[CH][CH2][CH2][C]([CH3])=[CH][CH2][CH2][C]([CH3])=[CH][CH2][CH2][C]([CH3])=[CH][CH2][CH2][C]([CH3])=[CH][CH2][CH2][C]([CH3])=[CH][CH2][O][P](=[O])([OH])[O][P](=[O])([OH])[OH]
996,[O]=[C]([OH])[CH]=[CH][C](=[O])[CH2][C](=[O])[CH2][C](=[O])[OH]
997,[CH3][CH]([CH2][OH])[C](=[O])[OH]
998,[O]=[C]([OH])[CH]=[CH][c]1[cH][n][cH][nH]1
999,[O]=[C]1[N]=[C]([OH])[C]2([OH])[NH][C]([OH])=[N][C]2=[N]1