﻿substrate_ID,original_compound
2500,[CH3][O][c]1[cH][c](-[c]2[cH][c](=[O])[c]3[c]([OH])[c]([CH]4[O][CH]([CH2][OH])[CH]([OH])[CH]([OH])[CH]4[OH])[c]([OH])[cH][c]3[o]2)[cH][cH][c]1[OH]
2501,[CH3][CH2][CH2][CH]([NH2])[C](=[O])[OH]
2502,[CH3][CH2][CH2][CH]([NH][CH]([CH3])[C](=[O])[OH])[C](=[O])[OH]
2503,[O]=[C]([OH])[CH]([OH])[CH]([OH])[CH2][OH]
2504,[O]=[C]([OH])[CH]([OH])[C](=[O])[CH2][OH]
2505,[CH3][CH2][CH2][CH2][CH2][CH2][CH2][CH2][CH2][CH2][CH]([C](=[O])[OH])[C]([OH])([CH2][C](=[O])[OH])[C](=[O])[OH]
2506,[CH3][O][CH]1[CH]=[CH][O][C]2([CH3])[O][c]3[c]([CH3])[c]([OH])[c]4[c]([OH])[c]([cH][c]([O][CH2][C](=[O])[OH])[c]4[c]3[C]2=[O])[N]=[C]([OH])[C]([CH3])=[CH][CH]=[CH][CH]([CH3])[CH]([OH])[CH]([CH3])[CH]([OH])[CH]([CH3])[CH]([O][C]([CH3])=[O])[CH]1[CH3]
2507,[CH3][O][CH]1[CH]=[CH][O][C]2([CH3])[O][c]3[c]([CH3])[c]([OH])[c]4[c]([c]3[C]2=[O])[C]2([CH]=[C]([N]=[C]([OH])[C]([CH3])=[CH][CH]=[CH][CH]([CH3])[CH]([OH])[CH]([CH3])[CH]([OH])[CH]([CH3])[CH]([O][C]([CH3])=[O])[CH]1[CH3])[C]4=[O])[O][CH2][C](=[O])[O]2
2508,[CH3][N]1[CH]2[CH2][CH]([O][C](=[O])[CH]([CH2][OH])[c]3[cH][cH][cH][cH][cH]3)[CH2][CH]1[CH]1[O][CH]12
2509,[CH3][N]1[CH]2[CH2][CH]([O][C](=[O])[CH]([CH2][OH])[c]3[cH][cH][cH][cH][cH]3)[CH2][CH]1[CH]([OH])[CH2]2
2510,[CH2]=[CH][CH]1[CH]([O][CH]2[O][CH]([CH2][OH])[CH]([OH])[CH]([OH])[CH]2[OH])[O][CH]=[C]([C](=[O])[O][CH3])[CH]1[CH2][CH]1[NH][CH2][CH2][c]2[c]1[nH][c]1[cH][cH][cH][cH][c]21
2511,[CH3][CH]1[O][CH]([CH3])[CH]2[O][C]3([OH])[CH2][C](=[O])[c]4[c]([OH])[c]5[c]6[c]7[c]8[c]9[c]([c]([OH])[c]1[c]2[c]9[c]3[c]47)[C](=[O])[CH2][C]8([OH])[O][CH]6[CH]([CH3])[O][CH]5[CH3]
2512,[CH3][CH]1[O][CH]([CH3])[CH]([OH])[C]2=[C]1[C](=[O])[c]1[c]([OH])[cH][c]([OH])[c](-[c]3[c]4[c]([c]([OH])[c]5[c]([OH])[cH][c]([OH])[cH][c]35)[CH]([CH3])[O][CH]([CH3])[CH]4[OH])[c]1[C]2=[O]
2513,[CH2]=[C]1[C](=[O])[CH2][C]2([CH]([CH3])[CH3])[CH2][CH]12
2514,[CH2]=[C]1[CH]([OH])[CH2][C]2([CH]([CH3])[CH3])[CH2][CH]12
2515,[OH][c]1[cH][cH][cH][cH][c]1[I]
2516,[CH3][O][c]1[cH][cH][cH][cH][c]1[I]
2517,[CH3][CH2][CH2][CH2][CH2][CH2][CH2][CH2][CH2][C]([CH3])=[O]
2518,[CH3][CH2][CH2][CH2][CH2][CH2][CH2][CH2][CH2][C](=[O])[CH2][C](=[O])[OH]
2519,[O]=[C]([OH])[CH2][CH2][CH2][CH2][CH2][OH]
2520,[O]=[C]([OH])[CH]1[CH2][S][S][CH2]1
2521,[O]=[C]([OH])[CH]([CH2][SH])[CH2][SH]
2522,[CH3][C](=[O])[O][C]([CH3])([CH3])[CH]=[CH][C](=[O])[C]([CH3])([OH])[CH]1[CH]([OH])[CH2][C]2([CH3])[CH]3[CH2][CH]=[C]4[CH]([CH2][CH]([OH])[C](=[O])[C]4([CH3])[CH3])[C]3([CH3])[C](=[O])[CH2][C]12[CH3]
2523,[CH3][C](=[O])[O][C]([CH3])([CH3])[CH2][CH2][C](=[O])[C]([CH3])([OH])[CH]1[CH]([OH])[CH2][C]2([CH3])[CH]3[CH2][CH]=[C]4[CH]([CH2][CH]([OH])[C](=[O])[C]4([CH3])[CH3])[C]3([CH3])[C](=[O])[CH2][C]12[CH3]
2524,[O]=[P]([OH])([OH])[O][CH2][C]1([OH])[CH]([OH])[O][CH2][CH]([OH])[CH]1[OH]
2525,[O]=[CH][C]([OH])([CH2][OH])[CH]([OH])[CH]([OH])[CH2][OH]
2526,[CH3][NH][CH]1[CH2][CH]([NH2])[CH]([OH])[CH]([O][CH]2[O][CH]([CH2][OH])[CH]([OH])[CH]3[O][C]4([O][CH]([CH]([NH2])[CH2][O][P](=[O])([OH])[OH])[CH]([OH])[CH]([OH])[CH]4[OH])[O][CH]23)[CH]1[OH]
2527,[CH3][NH][CH]1[CH2][CH]([NH2])[CH]([OH])[CH]([O][CH]2[O][CH]([CH2][OH])[CH]([OH])[CH]3[O][C]4([O][CH]([CH]([NH2])[CH2][OH])[CH]([OH])[CH]([OH])[CH]4[OH])[O][CH]23)[CH]1[OH]
2528,[CH3][CH]([OH])[CH]1[O][C](=[O])[CH]([OH])[CH]1[OH]
2529,[CH3][CH]([OH])[CH]([OH])[CH]([OH])[CH]([OH])[C](=[O])[OH]
2530,[CH3][CH2][CH2][CH2][CH2][CH2][CH2][C](=[O])[O][CH]([CH2][C](=[O])[OH])[CH2][N+]([CH3])([CH3])[CH3]
2531,[CH3][O][CH]1[CH2][CH]([O][CH]2[CH]([CH3])[C](=[O])[O][CH]([CH3])[CH]([CH3])[CH]([OH])[CH]([CH3])[C](=[O])[C]3([CH2][O]3)[CH2][CH]([CH3])[CH]([O][CH]3[O][CH]([CH3])[CH2][CH]([N]([CH3])[CH3])[CH]3[O][P](=[O])([OH])[OH])[CH]2[CH3])[O][CH]([CH3])[CH]1[OH]
2532,[CH3][O][CH]1[CH2][CH]([O][CH]2[CH]([CH3])[C](=[O])[O][CH]([CH3])[CH]([CH3])[CH]([OH])[CH]([CH3])[C](=[O])[C]3([CH2][O]3)[CH2][CH]([CH3])[CH]([O][CH]3[O][CH]([CH3])[CH2][CH]([N]([CH3])[CH3])[CH]3[OH])[CH]2[CH3])[O][CH]([CH3])[CH]1[OH]
2533,[CH3][CH2][CH2][C]([CH3])=[O]
2534,[CH3][CH2][CH2][C](=[O])[CH2][C](=[O])[CH2][CH2][CH3]
2535,[CH3][C]1=[CH][C](=[O])[C](=[C]([CH3])[CH3])[CH2][CH2]1
2536,[CH2]=[C]([CH3])[CH]1[CH2][CH2][C]([CH3])=[CH][C]1=[O]
2537,[CH3][C]12[CH2][CH2][CH]([OH])[CH2][C]1=[CH][CH2][CH]1[CH]2[CH2][CH2][C]2([CH3])[CH]([C](=[O])[CH2][OH])[CH2][CH2][CH]12
2538,[NH]=[C]([NH][CH2][CH2][S](=[O])(=[O])[OH])[NH][P](=[O])([OH])[OH]
2539,[NH2][CH]([CH2][C](=[O])[c]1[cH][cH][cH][c]2[o][c]3[cH][c](=[O])[c]4[n][c]([C](=[O])[OH])[cH][c]([OH])[c]4[c]-3[n][c]12)[C](=[O])[OH]
2540,[NH2][CH]([CH2][C](=[O])[c]1[cH][cH][cH][c]2[c]1[NH][c]1[c]([cH][c]([OH])[c]3[n][c]([C](=[O])[OH])[cH][c]([OH])[c]13)[O]2)[C](=[O])[OH]
2541,[O]=[C]([OH])[CH]([OH])[c]1[cH][cH][cH][cH][cH]1
2542,[O]=[C]([OH])[CH]([OH])[c]1[cH][cH][cH][cH][cH]1
2543,[CH3][C]([CH3])=[N][OH]
2544,[CH3][C](=[N][OH])[C](=[O])[OH]
2545,[CH3][C]([CH3])=[CH][CH2][c]1[cH][c]([CH]=[C]2[O][C](=[O])[C]([c]3[cH][cH][c]([OH])[c]([CH2][CH]=[C]([CH3])[CH3])[cH]3)=[C]2[OH])[cH][cH][c]1[OH]
2546,[O]=[C]1[O][C](=[CH][c]2[cH][cH][c]([OH])[cH][cH]2)[C]([OH])=[C]1[c]1[cH][cH][c]([OH])[cH][cH]1
2547,[CH3][N]([CH2][CH2][CH]([NH2])[CH2][C]([OH])=[N][CH]1[CH]=[CH][CH]([n]2[cH][cH][c]([OH])[n][c]2=[O])[O][CH]1[C](=[O])[OH])[C](=[NH])[NH2]
2548,[CH3][N]([CH2][CH2][CH]([NH2])[CH2][C]([OH])=[N][CH]1[CH]=[CH][CH]([n]2[cH][cH][c](=[NH])[n][c]2[OH])[O][CH]1[C](=[O])[OH])[C](=[NH])[NH2]
2549,[OH][CH2][CH]1[O][CH]([O][CH]2[CH]([CH2][OH])[O][CH]([O][CH]3[CH]([CH2][OH])[O][CH]([O][CH]4[CH]([CH2][OH])[O][CH]([OH])[CH]([OH])[CH]4[OH])[CH]([OH])[CH]3[OH])[CH]([OH])[CH]2[OH])[CH]([OH])[CH]([OH])[CH]1[OH]
2550,[OH][CH2][CH]1[O][CH]([O][CH]2[CH]([CH2][OH])[O][CH]([O][CH]3[CH]([CH2][OH])[O][CH]([O][CH]4[CH]([CH2][OH])[O][CH]([O][CH]5[CH]([CH2][OH])[O][CH]([OH])[CH]([OH])[CH]5[OH])[CH]([OH])[CH]4[OH])[CH]([OH])[CH]3[OH])[CH]([OH])[CH]2[OH])[CH]([OH])[CH]([OH])[CH]1[OH]
2551,[CH3][C]1=[C]2[CH2][C](=[O])[O][CH]([c]3[cH][cH][o][cH]3)[C]2([CH3])[CH2][CH2][CH]1[C]1([CH2][OH])[CH]([CH2][C](=[O])[OH])[O][C]([CH3])([CH3])[CH]1[CH2][C](=[O])[OH]
2552,[CH3][C]1=[C]2[CH2][C](=[O])[O][CH]([c]3[cH][cH][o][cH]3)[C]2([CH3])[CH2][CH2][CH]1[C]12[CH2][O][C](=[O])[CH2][CH]1[O][C]([CH3])([CH3])[CH]2[CH2][C](=[O])[OH]
2553,[CH2]=[C]1[CH2][C]23[CH2][C]1([OH])[CH2][CH2][CH]2[C]1([CH]=[O])[CH2][CH2][CH2][C]([CH3])([C](=[O])[OH])[CH]1[CH]3[C](=[O])[OH]
2554,[CH2]=[C]1[CH2][C]23[CH2][C]1([OH])[CH2][CH2][CH]2[C]1([CH2][OH])[CH2][CH2][CH2][C]([CH3])([C](=[O])[OH])[CH]1[CH]3[C](=[O])[OH]
2555,[CH2]=[C]1[CH2][C]23[CH2][C]1([OH])[CH2][CH2][CH]2[C]12[CH2][CH]([OH])[CH2][C]([CH3])([C](=[O])[O]1)[CH]2[CH]3[C](=[O])[OH]
2556,[OH][C]1=[N][CH2][C]([OH])=[N][CH2]1
2557,[CH3][CH2][CH2][CH2][CH2][CH]=[CH][CH2][CH]=[CH][CH2][CH]=[CH][CH2][CH2][CH2][CH2][C](=[O])[S][CH2][CH2][N]=[C]([OH])[CH2][CH2][N]=[C]([OH])[CH]([OH])[C]([CH3])([CH3])[CH2][O][P](=[O])([OH])[O][P](=[O])([OH])[O][CH2][CH]1[O][CH]([n]2[cH][n][c]3[c]([NH2])[n][cH][n][c]32)[CH]([OH])[CH]1[O][P](=[O])([OH])[OH]
2558,[CH3][C](=[CH][CH2][c]1[c]([CH3])[c]([OH])[c]2[cH][cH][cH][cH][c]2[c]1[OH])[CH2][CH2][CH2][CH]([CH3])[CH2][CH2][CH2][CH]([CH3])[CH2][CH2][CH2][CH]([CH3])[CH3]
2559,[O]=[C]([CH2][O][P](=[O])([OH])[OH])[CH]([OH])[CH]([OH])[CH]([OH])[CH]([OH])[CH2][OH]
2560,[CH2]=[CH][CH]1[CH]([OH])[O][CH]=[C]([C](=[O])[O][CH3])[CH]1[CH2][CH]1[NH][CH2][CH2][c]2[c]1[nH][c]1[cH][cH][cH][cH][c]21
2561,[NH2][CH]([CH2][CH2][C]([OH])=[N][CH]([CH2][SH])[C]([OH])=[N][CH2][C]([OH])=[N][CH2][CH2][CH2][CH2][NH][CH2][CH2][CH2][N]=[C]([OH])[CH2][N]=[C]([OH])[CH]([CH2][SH])[N]=[C]([OH])[CH2][CH2][CH]([NH2])[C](=[O])[OH])[C](=[O])[OH]
2562,[NH2][CH]([CH2][CH2][C]([OH])=[N][CH]1[CH2][S][S][CH2][CH]([N]=[C]([OH])[CH2][CH2][CH]([NH2])[C](=[O])[OH])[C]([OH])=[N][CH2][C]([OH])=[N][CH2][CH2][CH2][NH][CH2][CH2][CH2][CH2][N]=[C]([OH])[CH2][N]=[C]1[OH])[C](=[O])[OH]
2563,[O]=[C]1[CH2][CH]([c]2[cH][cH][cH][cH][cH]2)[O][c]2[cH][cH][cH][cH][c]21
2564,[OH][CH]1[CH2][CH]([c]2[cH][cH][cH][cH][cH]2)[O][c]2[cH][cH][cH][cH][c]21
2565,[CH3][O][c]1[cH][cH][c]([CH2][CH]2[c]3[cH][c]([OH])[c]([O][CH3])[cH][c]3[CH2][CH2][N]2[CH3])[cH][c]1[OH]
2566,[CH3][O][c]1[cH][c]2[c]([cH][c]1[OH])[CH]1[CH2][c]3[cH][cH][c]([O][CH3])[c]([OH])[c]3[CH2][N]1[CH2][CH2]2
2567,[CH3][O][c]1[cH][c]2[c]([cH][c]1[OH])[CH]([CH2][c]1[cH][cH][c]([OH])[c]([OH])[cH]1)[N]([CH3])[CH2][CH2]2
2568,[CH3][O][c]1[cH][cH][c]([CH2][C]2=[N+]([CH3])[CH2][CH2][c]3[cH][c]([O][CH3])[c]([OH])[cH][c]32)[cH][c]1[OH]
2569,[CH3][O][c]1[cH][c]2[c]([cH][c]1[OH])[CH]1[CH2][c]3[cH][cH][c]4[c]([c]3[CH2][N]1[CH2][CH2]2)[O][CH2][O]4
2570,[CH3][O][c]1[cH][cH][c]2[c]([c]1[O][CH3])[CH2][N+]1([CH3])[CH2][CH2][c]3[cH][c]4[c]([cH][c]3[CH]1[CH2]2)[O][CH2][O]4
2571,[CH3][O][c]1[cH][cH][c]2[c]([c]1[O][CH3])[CH2][N]([CH3])[CH2][CH2][c]1[cH][c]3[c]([cH][c]1[C](=[O])[CH2]2)[O][CH2][O]3
2572,[CH3][C]12[CH2][CH2][C](=[O])[CH]=[C]1[CH2][CH2][CH]1[CH]2[C](=[O])[CH2][C]2([CH3])[CH]([C](=[O])[CH2][OH])[CH2][CH2][CH]12
2573,[CH3][C]12[CH2][CH]([OH])[CH]3[CH]([CH2][CH2][CH]4[CH2][C](=[O])[CH2][CH2][C]43[CH3])[CH]1[CH2][CH2][CH]2[C](=[O])[CH2][OH]
2574,[CH3][CH2][CH2][CH2][CH2][CH2][CH2][CH2][CH2][CH2][CH]([C](=[O])[OH])[C]([OH])([CH2][CH2][C](=[O])[OH])[C](=[O])[OH]
2575,[CH3][CH]=[C]1[CH]=[N+]2[CH2][CH2][c]3[c]([nH][c]4[cH][cH][cH][cH][c]34)[CH]2[CH2][CH]1[C](=[CH][OH])[C](=[O])[O][CH3]
2576,[CH3][CH]=[C]1[CH2][N]2[CH2][CH2][c]3[c]([nH][c]4[cH][cH][cH][cH][c]34)[CH]2[CH2][CH]1[CH]([CH]=[O])[C](=[O])[O][CH3]
2577,[O]=[C]([OH])[CH2][CH2][CH2][CH]([OH])[CH]=[CH][CH]=[CH][CH]=[CH][CH]([OH])[CH2][CH]=[CH][CH2][CH2][CH2][CH2][CH2][OH]
2578,[CH3][C](=[O])[N]1[C](=[O])[C](=[O])[c]2[cH][cH][cH][cH][c]21
2579,[CH3][C](=[O])[n]1[cH][c]([OH])[c]2[cH][cH][cH][cH][c]21
2580,[CH3][CH2][CH2][CH2][CH2][CH]([OH])[CH]=[CH][CH]1[O][CH]([OH])[CH2][CH]([OH])[CH]1[CH2][CH]=[CH][CH2][CH2][CH2][C](=[O])[OH]
2581,[CH3][C]1=[C]2[CH]3[O][C](=[O])[CH]([CH3])[CH]3[CH2][CH2][C]2([CH3])[CH]=[CH][C]1=[O]
2582,[CH3][C]1=[C]2[CH]3[O][C](=[O])[CH]([CH3])[CH]3[CH2][CH2][C]2([CH3])[CH2][CH2][C]1=[O]
2583,[O]=[C]([OH])[CH]=[CH][CH2][C](=[O])[OH]
2584,[CH3][n]1[cH][n][c]2[n][cH][n][c]-2[c]1[NH2]
2585,[CH3][n]1[cH][n][c]2[c]([n][cH][n]2[CH]2[O][CH]([CH2][OH])[CH]([OH])[CH]2[OH])[c]1=[NH]
2586,[O]=[CH][CH2][CH2][CH2][CH2][CH2][CH2][CH2][CH2][C](=[O])[OH]
2587,[O]=[C]([OH])[CH2][CH2][CH2][CH2][CH2][CH2][CH2][CH2][CH2][OH]
2588,[O]=[C]([OH])[CH]=[C]1[CH]=[CH][C](=[O])[O]1
2589,[CH3][C]([OH])([CH2][C](=[O])[OH])[C](=[O])[OH]
2590,[CH3][CH]([C](=[O])[OH])[CH]([OH])[C](=[O])[OH]
2591,[O]=[C]([OH])[CH]=[CH][N+](=[O])[O-]
2592,[CH3][C]([OH])=[N][CH]([CH2][c]1[cH][cH][cH][cH][cH]1)[C](=[O])[OH]
2593,[NH2][CH]([CH2][c]1[cH][cH][cH][cH][cH]1)[C](=[O])[OH]
2594,[O]=[C]([OH])[CH]1[O][CH]([O][CH]2[CH]([OH])[O][CH]([C](=[O])[OH])[CH]([OH])[CH]2[OH])[CH]([OH])[CH]([OH])[CH]1[OH]
2595,[CH3][C]1([C](=[O])[OH])[CH2][CH2][C]2([CH3])[CH2][CH2][C]3([CH3])[C](=[CH][C](=[O])[CH]4[C]5([CH3])[CH2][CH2][CH]([OH])[C]([CH3])([CH3])[CH]5[CH2][CH2][C]43[CH3])[CH]2[CH2]1
2596,[CH3][C]1([C](=[O])[OH])[CH2][CH2][C]2([CH3])[CH2][CH2][C]3([CH3])[C](=[CH][C](=[O])[CH]4[C]5([CH3])[CH2][CH2][CH]([O][CH]6[O][CH]([C](=[O])[OH])[CH]([OH])[CH]([OH])[CH]6[O][CH]6[O][CH]([C](=[O])[OH])[CH]([OH])[CH]([OH])[CH]6[OH])[C]([CH3])([CH3])[CH]5[CH2][CH2][C]43[CH3])[CH]2[CH2]1
2597,[CH2]=[C]([CH2][CH2][C](=[O])[OH])[C](=[O])[OH]
2598,[CH2]=[C]1[C]([OH])=[N][c]2[cH][cH][cH][cH][c]21
2599,[CH3][CH]1[C]([OH])=[N][c]2[cH][cH][cH][cH][c]21
2600,[CH3][C]([CH3])([CH2][O][P](=[O])([OH])[O][P](=[O])([OH])[O][CH2][CH]1[O][CH]([n]2[cH][n][c]3[c]([NH2])[n][cH][n][c]32)[CH]([OH])[CH]1[O][P](=[O])([OH])[OH])[CH]([OH])[C]([OH])=[N][CH2][CH2][C]([OH])=[N][CH2][CH2][S][C](=[O])[c]1[cH][cH][c]([Cl])[cH][cH]1
2601,[CH3][CH]([CH3])[CH2][CH2][CH]([OH])[C]([CH3])([OH])[CH]1[CH2][CH2][CH]2[CH]3[CH2][CH]=[C]4[CH2][CH]([OH])[CH2][CH2][C]4([CH3])[CH]3[CH2][CH2][C]21[CH3]
2602,[CH3][CH]1[CH2][c]2[cH][c]([OH])[cH][c]([OH])[c]2[C](=[O])[O]1
2603,[CH3][O][c]1[cH][c]([OH])[c]2[c]([cH]1)[CH2][CH]([CH3])[O][C]2=[O]
2604,[CH3][C]([CH3])([CH2][O][P](=[O])([OH])[O][P](=[O])([OH])[O][CH2][CH]1[O][CH]([n]2[cH][n][c]3[c]([NH2])[n][cH][n][c]32)[CH]([OH])[CH]1[O][P](=[O])([OH])[OH])[CH]([OH])[C]([OH])=[N][CH2][CH2][C]([OH])=[N][CH2][CH2][S][C](=[O])[CH]([OH])[CH2][CH2][C](=[O])[OH]
2605,[NH]=[C]([NH][CH2][CH2][S](=[O])[OH])[NH][P](=[O])([OH])[OH]
2606,[NH]=[C]([NH2])[NH][CH2][CH2][S](=[O])[OH]
2607,[CH3][CH]([OH])[CH]1[O][CH]([OH])[CH]([OH])[CH]1[OH]
2608,[CH3][N]([CH3])[CH2][CH2][c]1[cH][cH][c]([OH])[cH][cH]1
2609,[NH2][CH]([CH2][c]1[cH][c]([I])[c]([O][c]2[cH][cH][c]([OH])[c]([I])[cH]2)[c]([I])[cH]1)[C](=[O])[OH]
2610,[O]=[C]([OH])[C](=[O])[CH2][c]1[cH][c]([I])[c]([O][c]2[cH][cH][c]([OH])[c]([I])[cH]2)[c]([I])[cH]1
2611,[O]=[C]([OH])[c]1[cH][c]([OH])[c]2[cH][cH][cH][c]([OH])[c]2[n]1
2612,[NH2][c]1[c]([OH])[cH][cH][cH][c]1[C](=[O])[CH2][C](=[O])[C](=[O])[OH]
2613,[CH3][O][c]1[cH][cH][cH][c]2[c]([OH])[cH][c]([C](=[O])[OH])[n][c]12
2614,[O]=[c]1[c](-[c]2[cH][cH][c]([OH])[cH][c]2[OH])[cH][o][c]2[cH][c]([OH])[cH][cH][c]12
2615,[O]=[C]1[c]2[cH][cH][c]([OH])[cH][c]2[O][CH2][CH]1[c]1[cH][cH][c]([OH])[cH][c]1[OH]
2616,[O]=[CH][C]#[C][CH2][OH]
2617,[OH][CH2][C]#[C][CH2][OH]
2618,[OH][c]1[cH][cH][cH][cH][c]1-[c]1[cH][cH][cH][cH][cH]1
2619,[CH3][O][c]1[cH][c]([CH]=[CH][C](=[O])[O][CH]([C](=[O])[OH])[C](=[O])[OH])[cH][c]([O][CH3])[c]1[OH]
2620,[NH2][c]1[n][cH][n][c]2[c]1[n][cH][n]2[CH]1[O][CH]([CH2][O][P](=[O])([OH])[O][P](=[O])([OH])[O][CH2][CH]([O][P](=[O])([OH])[OH])[C](=[O])[OH])[CH]([OH])[CH]1[OH]
2621,[NH2][c]1[n][cH][n][c]2[c]1[n][cH][n]2[CH]1[O][CH]([CH2][O][P](=[O])([OH])[O][P](=[O])([OH])[O][CH2][CH]([OH])[C](=[O])[OH])[CH]([OH])[CH]1[OH]
2622,[OH][c]1[c]([Cl])[c]([Cl])[c]([OH])[c]([Cl])[c]1[Cl]
2623,[OH][c]1[c]([Cl])[c]([Cl])[c]([Cl])[c]([Cl])[c]1[Cl]
2624,[CH3][C](=[O])[C]1=[N][c]2[c]([OH])[n][c](=[NH])[nH][c]2[NH][CH2][CH2]1
2625,[CH3][CH]([CH2][CH2][C]([OH])=[N][CH2][CH2][S](=[O])(=[O])[OH])[CH]1[CH2][CH2][CH]2[CH]3[CH2][CH2][CH]4[CH2][CH]([O][S](=[O])(=[O])[OH])[CH2][CH2][C]4([CH3])[CH]3[CH2][CH2][C]12[CH3]
2626,[CH3][CH]([CH2][CH2][C]([OH])=[N][CH2][CH2][S](=[O])(=[O])[OH])[CH]1[CH2][CH2][CH]2[CH]3[CH2][CH2][CH]4[CH2][CH]([OH])[CH2][CH2][C]4([CH3])[CH]3[CH2][CH2][C]12[CH3]
2627,[OH][c]1[cH][cH][c]([Cl])[cH][c]1[Cl]
2628,[OH][c]1[cH][c]([Cl])[cH][c]([Cl])[c]1[OH]
2629,[CH3][C]([CH3])([CH2][O][P](=[O])([OH])[O][P](=[O])([OH])[O][CH2][CH]1[O][CH]([n]2[cH][n][c]3[c]([NH2])[n][cH][n][c]32)[CH]([OH])[CH]1[O][P](=[O])([OH])[OH])[CH]([OH])[C]([OH])=[N][CH2][CH2][C]([OH])=[N][CH2][CH2][S][C](=[O])[C]1=[C]([NH2])[CH2][CH2][C](=[O])[CH2]1
2630,[CH3][CH]([CH3])[C](=[O])[O][P](=[O])([OH])[OH]
2631,[NH2][CH]([CH2][S][CH2][C](=[O])[OH])[C](=[O])[OH]
2632,[O]=[C]([OH])[CH2][SH]
2633,[OH][CH2][CH]=[CH][c]1[cH][cH][c]([O][CH]2[O][CH]([CH2][OH])[CH]([OH])[CH]([OH])[CH]2[OH])[cH][cH]1
2634,[OH][CH2][CH]=[CH][c]1[cH][cH][c]([OH])[cH][cH]1
2635,[S]=[C]=[N][CH2][c]1[cH][cH][cH][cH][cH]1
2636,[N]#[C][S][CH2][c]1[cH][cH][cH][cH][cH]1
2637,[CH3][CH2][C]12[CH]=[CH][CH2][N]3[CH2][CH2][C]4([c]5[cH][cH][c]([O][CH3])[cH][c]5[NH][CH]4[C]([OH])([C](=[O])[O][CH3])[CH2]1)[CH]32
2638,[CH3][CH2][C]12[CH]=[CH][CH2][N]3[CH2][CH2][C]4([c]5[cH][cH][c]([O][CH3])[cH][c]5[N]([CH3])[CH]4[C]([OH])([C](=[O])[O][CH3])[CH2]1)[CH]32
2639,[CH3][CH2][CH2][CH2][CH2][CH2][CH2][CH2][CH2][CH2][CH2][CH2][CH2][CH2][CH2][C](=[O])[O][CH2][CH]1[O][CH]([O][CH]2[CH]([CH2][OH])[O][CH]([O][CH]3[CH]([CH2][OH])[O][CH]([N]=[C]([OH])[CH2][CH]([N]=[C]([CH3])[OH])[C](=[NH])[OH])[CH]([N]=[C]([CH3])[OH])[CH]3[OH])[CH]([N]=[C]([CH3])[OH])[CH]2[OH])[CH]([OH])[CH]([OH])[CH]1[OH]
2640,[CH3][C]([OH])=[N][CH]([CH2][C]([OH])=[N][CH]1[O][CH]([CH2][OH])[CH]([O][CH]2[O][CH]([CH2][OH])[CH]([O][CH]3[O][CH]([CH2][OH])[CH]([OH])[CH]([OH])[CH]3[OH])[CH]([OH])[CH]2[N]=[C]([CH3])[OH])[CH]([OH])[CH]1[N]=[C]([CH3])[OH])[C](=[NH])[OH]
2641,[CH3][C](=[O])[O][NH][c]1[cH][cH][cH][cH][cH]1
2642,[OH][NH][c]1[cH][cH][cH][cH][cH]1
2643,[CH3][C]([OH])=[N][CH2][CH2][CH2][CH]([NH2])[CH2][C](=[O])[OH]
2644,[CH3][C]([OH])=[N][CH2][CH2][CH2][C](=[O])[CH2][C](=[O])[OH]
2645,[CH3][C]([OH])=[N][CH2][CH2][CH2][CH2][C](=[O])[C](=[O])[OH]
2646,[O]=[C]([OH])[CH2][CH2][C](=[O])[C]1=[CH][CH]=[CH][CH]([OH])[CH]1[C](=[O])[OH]
2647,[NH2][CH2][CH]([OH])[c]1[cH][cH][cH][cH][cH]1
2648,[CH3][NH][CH2][CH]([OH])[c]1[cH][cH][cH][cH][cH]1
2649,[CH3][C]([CH3])=[CH][CH2][NH][c]1[n][cH][n][c]2[c]1[n][cH][n]2[CH]1[O][CH]([CH2][O][P](=[O])([OH])[OH])[CH]([OH])[CH]1[OH]
2650,[CH3][C]1([CH3])[CH]2[CH2][CH]3[O][C]3([CH3])[CH]1[CH2]2
2651,[CH2]=[C]([CH2][CH]=[C]([CH3])[CH]=[O])[CH]([CH3])[CH3]
2652,[O]=[P]([OH])([OH])[O][CH2][CH]([CH2][O][P](=[O])([OH])[O][CH2][CH]([OH])[CH2][OH])[O][CH]1[O][CH]([CH2][OH])[CH]([OH])[CH]([OH])[CH]1[OH]
2653,[O]=[P]([OH])([OH])[O][CH2][CH]([OH])[CH2][O][P](=[O])([OH])[O][CH2][CH]([OH])[CH2][OH]
2654,[CH3][C](=[O])[N]([OH])[c]1[cH][cH][c]2[c]([cH]1)[CH2][c]1[cH][cH][cH][cH][c]1-2
2655,[CH3][C]([OH])=[N][c]1[cH][cH][c]2[c]([cH]1)[CH2][c]1[cH][cH][cH][cH][c]1-2
2656,[O]=[C]([OH])[CH2][C]([OH])=[N][c]1[cH][cH][c]([Cl])[c]([Cl])[cH]1
2657,[NH2][c]1[cH][cH][c]([Cl])[c]([Cl])[cH]1
2658,[CH3][C]([CH3])([CH2][O][P](=[O])([OH])[O][P](=[O])([OH])[O][CH2][CH]1[O][CH]([n]2[cH][n][c]3[c]([NH2])[n][cH][n][c]32)[CH]([OH])[CH]1[O][P](=[O])([OH])[OH])[CH]([OH])[C]([OH])=[N][CH2][CH2][C]([OH])=[N][CH2][CH2][S][C](=[O])[CH2][CH2][CH2][NH2]
2659,[CH3][C]([OH])=[N][CH2][CH2][CH2][C](=[O])[S][CH2][CH2][N]=[C]([OH])[CH2][CH2][N]=[C]([OH])[CH]([OH])[C]([CH3])([CH3])[CH2][O][P](=[O])([OH])[O][P](=[O])([OH])[O][CH2][CH]1[O][CH]([n]2[cH][n][c]3[c]([NH2])[n][cH][n][c]32)[CH]([OH])[CH]1[O][P](=[O])([OH])[OH]
2660,[O]=[C]([OH])[CH2][CH2][CH2][CH2][OH]
2661,[CH3][C]([CH3])([CH2][O][P](=[O])([OH])[O][P](=[O])([OH])[O][CH2][CH]1[O][CH]([n]2[cH][n][c]3[c]([NH2])[n][cH][n][c]32)[CH]([OH])[CH]1[O][P](=[O])([OH])[OH])[CH]([OH])[C]([OH])=[N][CH2][CH2][C]([OH])=[N][CH2][CH2][S][C](=[O])[CH2][CH2][CH2][CH2][OH]
2662,[OH][CH]1[c]2[cH][cH][cH][c]3[cH][cH][cH][c]([c]23)[CH]1[OH]
2663,[O]=[c]1[c](=[O])[c]2[cH][cH][cH][c]3[cH][cH][cH][c]1[c]32
2664,[CH3][O][c]1[cH][c]2[c]([cH][c]1[O][CH3])[CH]1[CH2][c]3[cH][cH][c]([O][CH3])[c]([O][CH3])[c]3[CH2][N]1[CH2][CH2]2
2665,[OH][c]1[cH][cH][c]([CH2][CH]2[NH][CH2][CH2][c]3[cH][c]([OH])[c]([OH])[cH][c]32)[cH][c]1[OH]
2666,[NH2][CH]([CH2][n]1[cH][cH][c](=[O])[c]([OH])[cH]1)[C](=[O])[OH]
2667,[O]=[c]1[cH][cH][nH][cH][c]1[OH]
2668,[OH][N]=[CH][CH2][c]1[cH][nH][c]2[cH][cH][cH][cH][c]12
2669,[O]=[S](=[O])([OH])[O][N]=[C]([CH2][c]1[cH][nH][c]2[cH][cH][cH][cH][c]12)[S][CH]1[O][CH]([CH2][OH])[CH]([OH])[CH]([OH])[CH]1[OH]
2670,[CH3][C]1([C](=[O])[OH])[CH2][CH2][C]2([CH3])[CH2][CH2][C]3([CH3])[C](=[CH][C](=[O])[CH]4[C]5([CH3])[CH2][CH2][C](=[O])[C]([CH3])([CH3])[CH]5[CH2][CH2][C]43[CH3])[CH]2[CH2]1
2671,[CH3][C]1([C](=[O])[OH])[CH2][CH2][C]2([CH3])[CH2][CH2][C]3([CH3])[C](=[CH][C](=[O])[CH]4[C]5([CH3])[CH2][CH2][CH]([OH])[C]([CH3])([CH3])[CH]5[CH2][CH2][C]43[CH3])[CH]2[CH2]1
2672,[CH3][CH2][CH2][CH2][CH2][CH2][CH2][CH2][CH]=[CH][CH2][C](=[O])[S][CH2][CH2][N]=[C]([OH])[CH2][CH2][N]=[C]([OH])[CH]([OH])[C]([CH3])([CH3])[CH2][O][P](=[O])([OH])[O][P](=[O])([OH])[O][CH2][CH]1[O][CH]([n]2[cH][n][c]3[c]([NH2])[n][cH][n][c]32)[CH]([OH])[CH]1[O][P](=[O])([OH])[OH]
2673,[CH3][C]12[CH2][C](=[O])[CH]([CH2][C]1=[O])[C]2([CH3])[CH3]
2674,[CH3][C]12[CH2][C](=[O])[CH]([CH2][C](=[O])[O]1)[C]2([CH3])[CH3]
2675,[CH3][CH2][CH2][C](=[O])[CH2][C](=[O])[O][CH2][CH3]
2676,[CH3][CH2][CH2][CH]([OH])[CH2][C](=[O])[O][CH2][CH3]
2677,[CH3][CH2][CH2][CH]([OH])[CH2][C](=[O])[O][CH2][CH3]
2678,[CH3][C]([OH])=[N][CH]1[CH]([OH])[O][CH]([CH2][OH])[CH]([OH])[CH]1[O][CH]([CH3])[C]([OH])=[N][CH]([CH3])[C](=[O])[OH]
2679,[NH2][c]1[cH][cH][c]([N+](=[O])[O-])[cH][cH]1
2680,[NH]=[C]([NH2])[NH][CH2][CH2][CH2][CH]([N]=[C]([OH])[c]1[cH][cH][cH][cH][cH]1)[C](=[O])[OH]
2681,[NH]=[C]([NH2])[NH][CH2][CH2][CH2][CH]([N]=[C]([OH])[c]1[cH][cH][cH][cH][cH]1)[C](=[O])[NH][c]1[cH][cH][c]([N+](=[O])[O-])[cH][cH]1
2682,[O]=[C]([OH])[C]1([OH])[CH]=[CH][c]2[cH][cH][cH][cH][c]2[O]1
2683,[CH3][CH2][CH2][C](=[O])[O][C]12[CH]([OH])[CH]([CH3])[C]3([OH])[CH]([CH]=[C]([CH2][OH])[CH2][C]4([OH])[C](=[O])[C]([CH3])=[CH][CH]43)[CH]1[C]2([CH3])[CH3]
2684,[CH3][CH2][CH2][C](=[O])[O][CH]1[CH]([CH3])[C]2([OH])[CH]([CH]=[C]([CH2][OH])[CH2][C]3([OH])[C](=[O])[C]([CH3])=[CH][CH]32)[CH]2[C]([CH3])([CH3])[C]12[O][C](=[O])[CH2][CH2][CH3]
2685,[CH3][CH2][CH2][CH2][CH2][CH2][CH2][CH2][CH2][CH]([CH2][CH2][CH2][CH2][CH2][CH2][CH2][CH2][CH2][CH2][CH2][C](=[O])[OH])[O][CH]1[O][CH]([CH2][OH])[CH]([OH])[CH]([OH])[CH]1[OH]
2686,[CH3][CH2][CH2][CH2][CH2][CH2][CH2][CH2][CH2][CH]([OH])[CH2][CH2][CH2][CH2][CH2][CH2][CH2][CH2][CH2][CH2][CH2][C](=[O])[OH]
2687,[O]=[C]([OH])[CH2][CH]=[CH][CH]=[C]([OH])[C](=[O])[OH]
2688,[O]=[C]([OH])[CH2][CH2][CH]=[CH][C](=[O])[C](=[O])[OH]
2689,[NH2][CH2][CH]([OH])[CH2][C](=[O])[OH]
2690,[NH2][CH]([C](=[O])[OH])[CH]([OH])[CH2][C](=[O])[OH]
2691,[O]=[CH][c]1[cH][cH][cH][c]([OH])[cH]1
2692,[OH][CH2][c]1[cH][cH][cH][c]([OH])[cH]1
2693,[CH3][CH]([CH2][CH2][C](=[O])[OH])[CH]1[CH2][CH2][CH]2[CH]3[CH2][CH2][CH]4[CH2][C](=[O])[CH2][CH2][C]4([CH3])[CH]3[CH2][CH2][C]12[CH3]
2694,[N]#[C][CH2][c]1[cH][cH][c]([Cl])[cH][cH]1
2695,[CH3][c]1[cH][c](=[O])[o][c]2[cH][c]([OH])[cH][cH][c]12
2696,[CH3][C](=[O])[O][c]1[cH][cH][c]2[c]([CH3])[cH][c](=[O])[o][c]2[cH]1
2697,[OH][c]1[cH][cH][c]2[cH][cH][c]3[cH][cH][cH][cH][c]3[c]2[c]1[OH]
2698,[OH][CH]1[CH]=[CH][c]2[cH][cH][c]3[cH][cH][cH][cH][c]3[c]2[CH]1[OH]
2699,[CH3][S+]([CH3])[CH2][C](=[O])[OH]
2700,[CH3][S][CH2][C](=[O])[OH]
2701,[CH3][C]([CH3])=[CH][CH2][CH2][C]([CH3])=[CH][CH2][CH2][C]([CH3])=[CH][CH2][CH2][C]([CH3])=[CH][CH2][O][CH2][CH]([OH])[CH2][O][P](=[O])([OH])[OH]
2702,[CH3][C]12[CH2][CH2][C](=[O])[CH]=[C]1[CH2][CH2][CH]1[CH]2[CH2][CH2][C]2([CH3])[CH]([CH]([OH])[CH]=[O])[CH2][CH2][CH]12
2703,[CH3][C](=[O])[C]1=[CH][CH2][CH]2[CH]3[CH2][CH2][C]4=[CH][C](=[O])[CH2][CH2][C]4([CH3])[CH]3[CH2][CH2][C]12[CH3]
2704,[CH3][C](=[O])[CH]1[CH]([OH])[CH2][CH]2[CH]3[CH2][CH2][C]4=[CH][C](=[O])[CH2][CH2][C]4([CH3])[CH]3[CH2][CH2][C]21[CH3]
2705,[O]=[C]([OH])[C]([OH])([CH2][O][P](=[O])([OH])[OH])[CH]([OH])[CH]([OH])[CH2][OH]
2706,[O]=[C]([OH])[C]([OH])([CH2][OH])[CH]([OH])[CH]([OH])[CH2][OH]
2707,[CH3][CH]([CH3])[CH]=[N][OH]
2708,[CH3][O][N]=[CH][CH]([CH3])[CH3]
2709,[CH3][C]1=[C]([CH2][CH2][C](=[O])[OH])[c]2[cH][c]3[nH][c]([cH][c]4[n][c]([cH][c]5[nH][c]([cH][c]1[n]2)[c]([CH2][CH2][C](=[O])[OH])[c]5[CH3])[C]([CH3])=[C]4[CH2][CH2][C](=[O])[OH])[c]([CH2][CH2][C](=[O])[OH])[c]3[CH3]
2710,[O]=[C]([OH])[CH]([OH])[CH2][c]1[cH][n][cH][nH]1
2711,[CH3][CH]([CH2][NH2])[C](=[O])[OH]
2712,[O]=[C]([OH])[C]1=[N][CH]([C](=[O])[OH])[CH2][CH]([OH])[CH2]1
2713,[CH3][CH2][CH2][CH2][CH]([CH2][CH3])[CH2][OH]
2714,[CH3][CH2][CH2][CH2][CH]([CH2][CH3])[CH2][O][C](=[O])[c]1[cH][cH][cH][cH][c]1[C](=[O])[OH]
2715,[CH3][CH2][CH2][CH2][CH]([CH2][CH3])[CH2][O][C](=[O])[c]1[cH][cH][cH][cH][c]1[C](=[O])[O][CH2][CH]([CH2][CH3])[CH2][CH2][CH2][CH3]
2716,[CH3][CH]=[C]([CH3])[C](=[O])[O][CH]1[CH2][CH2][N]2[CH2][CH]3[CH2][CH]([CH2][N]4[C](=[O])[CH2][CH2][CH2][CH]34)[CH]2[CH2]1
2717,[O]=[C]1[CH2][CH2][CH2][CH]2[CH]3[CH2][CH]([CH2][N]12)[CH]1[CH2][CH]([OH])[CH2][CH2][N]1[CH2]3
2718,[O]=[C]([OH])[CH]([OH])[CH]([CH2][OH])[O][P](=[O])([OH])[OH]
2719,[CH2]=[C]([O][P](=[O])([OH])[OH])[CH]([OH])[C](=[O])[OH]
2720,[NH]=[C]([CH2][N]=[CH][OH])[NH][CH]1[O][CH]([CH2][O][P](=[O])([OH])[OH])[CH]([OH])[CH]1[OH]
2721,[NH2][CH]([CH2][NH][C](=[O])[C](=[O])[OH])[C](=[O])[OH]
2722,[CH3][O][C](=[O])[CH]([NH2])[CH2][c]1[cH][cH][c]([O][S](=[O])(=[O])[OH])[cH][cH]1
2723,[CH3][O][C](=[O])[CH]([NH2])[CH2][c]1[cH][cH][c]([OH])[cH][cH]1
2724,[CH3][C]([CH3])=[CH][CH2][CH2][C]([CH3])=[CH][CH2][CH2][C]([CH3])=[CH][CH2][CH2][C]([CH3])=[CH][CH]=[CH][CH]=[C]([CH3])[CH2][CH2][CH]=[C]([CH3])[CH2][CH2][CH]=[C]([CH3])[CH2][CH2][CH]=[C]([CH3])[CH3]
2725,[O]=[C]([OH])[CH]1[CH2][CH]([OH])[CH2][NH]1
2726,[CH3][CH]1[O][CH]([O][CH]2[CH]([OH])[CH]([O][P](=[O])([OH])[OH])[CH]([NH][C](=[NH])[NH2])[CH]([OH])[CH]2[NH][C](=[NH])[NH2])[CH]([OH])[C]1([OH])[CH2][OH]
2727,[NH]=[C]([NH2])[NH][CH]1[CH]([OH])[CH]([OH])[CH]([O][P](=[O])([OH])[OH])[CH]([NH][C](=[NH])[NH2])[CH]1[OH]
2728,[CH3][c]1[cH][n]([CH]2[CH2][CH]([OH])[CH]([CH2][O][P](=[O])([OH])[O][P](=[O])([OH])[O][CH]3[O][CH]([CH3])[C]([OH])([CH2][OH])[CH]3[OH])[O]2)[c](=[O])[n][c]1[OH]
2729,[O]=[N+]([O-])[c]1[cH][cH][n+]([O-])[c]2[cH][cH][cH][cH][c]12
2730,[O-][n+]1[cH][cH][c]([NH][OH])[c]2[cH][cH][cH][cH][c]21
2731,[NH2][CH]([C](=[O])[OH])[c]1[cH][cH][c]([OH])[cH][cH]1
2732,[CH3][c]1[cH][n]([CH]2[CH2][CH]([OH])[CH]([CH2][O][P](=[O])([OH])[O][P](=[O])([OH])[OH])[O]2)[c]([OH])[n][c]1=[NH]
2733,[CH3][C](=[O])[CH2][O][P](=[O])([OH])[OH]
2734,[CH3][CH]([OH])[CH2][O][P](=[O])([OH])[OH]
2735,[NH]=[c]1[cH][cH][n]([CH]2[O][CH]([CH2][O][P](=[O])([OH])[O][P](=[O])([OH])[CH2][CH2][NH2])[CH]([OH])[CH]2[OH])[c]([OH])[n]1
2736,[CH3][CH2][CH2][CH2][CH2][CH]=[CH][CH2][CH]=[CH][CH]=[CH][CH]=[CH][CH]([S][CH2][CH]([NH2])[C](=[O])[OH])[CH]([OH])[CH2][CH2][CH2][C](=[O])[OH]
2737,[O]=[C]([OH])[CH]=[CH][C]([Cl])=[CH][C](=[O])[OH]
2738,[OH][c]1[cH][cH][c]([Cl])[cH][c]1[OH]
2739,[O]=[C]([OH])[CH2][C]1([Cl])[CH]=[CH][C](=[O])[O]1
2740,[CH3][CH]([CH3])[CH2][CH2][CH2][CH]([CH3])[CH]1[CH2][CH2][CH]2[CH]3[CH]([OH])[CH2][C]4=[CH][C](=[O])[CH2][CH2][C]4([CH3])[CH]3[CH2][CH2][C]12[CH3]
2741,[CH3][CH]1[O][CH]([O][P](=[O])([OH])[O][P](=[O])([OH])[O][CH2][CH]2[O][CH]([n]3[cH][cH][c](=[NH])[n][c]3[OH])[CH]([OH])[CH]2[OH])[CH]([OH])[CH2][CH]1[OH]
2742,[CH3][O][CH]1[O][CH]([CH2][OH])[CH]([OH])[CH]([OH])[CH]1[O][CH]1[O][CH]([CH3])[CH]([OH])[CH]([OH])[CH]1[OH]
2743,[CH3][O][CH]1[O][CH]([CH2][OH])[CH]([OH])[CH]([OH])[CH]1[OH]
2744,[CH3][C](=[O])[N]([OH])[c]1[cH][cH][c](-[c]2[cH][cH][cH][cH][cH]2)[cH][cH]1
2745,[OH][NH][c]1[cH][cH][c](-[c]2[cH][cH][cH][cH][cH]2)[cH][cH]1
2746,[CH3][C](=[O])[O][NH][c]1[cH][cH][c](-[c]2[cH][cH][cH][cH][cH]2)[cH][cH]1
2747,[O]=[C]([OH])[C]1=[CH][CH]([OH])[O][C]([C](=[O])[OH])=[CH]1
2748,[NH]=[C]([OH])[CH]([CH2][CH2][C](=[O])[OH])[N]=[CH][OH]
2749,[N]#[C][CH]([O][CH]1[O][CH]([CH2][OH])[CH]([OH])[CH]([OH])[CH]1[OH])[c]1[cH][cH][c]([OH])[cH][cH]1
2750,[OH][CH2][CH2][c]1[cH][cH][c]([OH])[cH][cH]1
2751,[OH][c]1[cH][cH][c]([CH2][CH]2[NH][CH2][CH2][c]3[cH][c]([OH])[c]([OH])[cH][c]32)[cH][cH]1
2752,[OH][N]=[CH][CH2][c]1[cH][cH][c]([OH])[cH][cH]1
2753,[O]=[C]1[CH2][CH2][CH]([C](=[O])[OH])[CH2][CH2]1
2754,[O]=[C]([OH])[CH]1[CH2][CH2][CH]([OH])[CH2][CH2]1
2755,[CH3][C]12[CH2][CH2][CH]3[CH]([CH2][CH2][CH]4[CH2][CH]([OH])[CH2][CH2][C]43[CH3])[CH]1[CH2][CH2][C]2=[O]
2756,[CH3][S][C](=[O])[CH]([OH])[CH2][O][P](=[O])([OH])[OH]
2757,[CH3][S][C](=[O])[CH]([OH])[CH2][OH]
2758,[CH3][C]1([CH3])[S][CH]([CH]([N]=[C]([OH])[CH2][c]2[cH][cH][cH][cH][cH]2)[C](=[O])[OH])[NH][CH]1[C](=[O])[OH]
2759,[O]=[C]1[CH]=[C]([OH])[C](=[O])[c]2[c]([OH])[cH][cH][cH][c]21
2760,[O]=[C]1[CH]=[CH][C](=[O])[c]2[c]([OH])[cH][cH][cH][c]21
2761,[CH3][CH]([CH3])[CH2][CH2][CH2][CH]([CH3])[CH]1[CH2][CH2][CH]2[C]3=[CH][CH2][CH]4[CH]([CH3])[CH]([OH])[CH2][CH2][C]4([CH3])[CH]3[CH2][CH2][C]21[CH3]
2762,[CH3][C]12[CH2][CH2][CH]3[CH]([CH2][CH2][CH]4[CH2][CH]([OH])[CH2][CH2][C]43[CH3])[CH]1[CH2][CH2][CH]2[OH]
2763,[O]=[C]([CH2][c]1[cH][nH][c]2[cH][cH][cH][cH][c]12)[O][CH]1[CH]([OH])[CH]([OH])[CH]([OH])[CH]([OH])[CH]1[OH]
2764,[O]=[C]([CH2][c]1[cH][nH][c]2[cH][cH][cH][cH][c]12)[O][CH]1[CH]([OH])[CH]([OH])[CH]([OH])[CH]([O][CH]2[O][CH]([CH2][OH])[CH]([OH])[CH]([OH])[CH]2[OH])[CH]1[OH]
2765,[O]=[C]([CH2][c]1[cH][nH][c]2[cH][cH][cH][cH][c]12)[O][CH]1[CH]([OH])[CH]([OH])[CH]([O][CH]2[O][CH2][CH]([OH])[CH]([OH])[CH]2[OH])[CH]([OH])[CH]1[OH]
2766,[NH2][CH]([CH2][S][c]1[cH][cH][c]([Br])[cH][cH]1)[C](=[O])[OH]
2767,[O]=[C]([OH])[C](=[O])[CH2][S][c]1[cH][cH][c]([Br])[cH][cH]1
2768,[O]=[C]([OH])[C]1=[N][CH2][CH2][S][CH2]1
2769,[O]=[C]([OH])[CH]1[CH2][S][CH2][CH2][NH]1
2770,[O]=[C]([CH]=[CH][c]1[cH][cH][c]([OH])[cH][cH]1)[O][CH]1[CH2][C]([OH])([C](=[O])[OH])[CH2][CH]([OH])[CH]1[OH]
2771,[CH3][C]12[CH2][CH2][CH]3[CH]([CH2][CH2][CH]4[CH2][CH]([OH])[CH2][CH2][C]43[CH3])[CH]1[CH2][CH2][CH]2[OH]
2772,[O]=[C]([OH])[CH]=[C]([Cl])[CH]=[C]([Cl])[C](=[O])[OH]
2773,[O]=[C]([OH])[CH2][C]1([Cl])[CH]=[C]([Cl])[C](=[O])[O]1
2774,[O]=[C]1[N]=[C]([OH])[CH2][CH2][N]1[CH]1[O][CH]([CH2][O][P](=[O])([OH])[OH])[CH]([OH])[CH]1[OH]
2775,[CH3][CH]([NH][c]1[cH][cH][c]([CH2][CH]([OH])[CH]([OH])[CH]([OH])[CH2][O][CH]2[O][CH]([CH2][O][P](=[O])([OH])[O][CH]([CH2][CH2][C](=[O])[OH])[C](=[O])[OH])[CH]([OH])[CH]2[OH])[cH][cH]1)[CH]1[CH]([CH3])[NH][c]2[nH][c](=[NH])[n][c]([OH])[c]2[N]1[CH3]
2776,[O]=[C]([OH])[c]1[cH][c]([Br])[c]([OH])[c]([Br])[cH]1
2777,[N]#[C][c]1[cH][c]([Br])[c]([OH])[c]([Br])[cH]1
2778,[CH3][C]12[CH2][CH2][CH]3[CH]([CH2][CH2][CH]4[CH2][CH]([O][CH]5[O][CH]([C](=[O])[OH])[CH]([OH])[CH]([OH])[CH]5[OH])[CH2][CH2][C]43[CH3])[CH]1[CH2][CH2][C]2=[O]
2779,[CH3][O][c]1[cH][c]2[c]([cH][c]1[O][CH]1[O][CH]([C](=[O])[OH])[CH]([OH])[CH]([OH])[CH]1[OH])[CH2][CH2][CH]1[CH]2[CH2][CH2][C]2([CH3])[C](=[O])[CH2][CH2][CH]12
2780,[CH3][O][c]1[cH][c]2[c]([cH][c]1[O][CH]1[O][CH]([C](=[O])[OH])[CH]([OH])[CH]([OH])[CH]1[OH])[CH2][CH2][CH]1[CH]2[CH2][CH2][C]2([CH3])[CH]([OH])[CH2][CH2][CH]12
2781,[CH3][CH]1[CH2][CH2][C]2([O][CH2]1)[O][CH]1[CH2][CH]3[CH]4[CH2][CH2][CH]5[CH2][CH]([O][CH]6[O][CH]([CH2][OH])[CH]([OH])[CH]([OH])[CH]6[OH])[CH2][CH2][C]5([CH3])[CH]4[CH2][CH2][C]3([CH3])[CH]1[CH]2[CH3]
2782,[CH3][CH]1[CH2][CH2][C]2([O][CH2]1)[O][CH]1[CH2][CH]3[CH]4[CH2][CH2][CH]5[CH2][CH]([OH])[CH2][CH2][C]5([CH3])[CH]4[CH2][CH2][C]3([CH3])[CH]1[CH]2[CH3]
2783,[CH2]=[CH][C]([CH3])([OH])[CH2][CH2][CH]=[C]([CH3])[CH2][OH]
2784,[CH2]=[CH][C]([CH3])([OH])[CH2][CH2][CH]=[C]([CH3])[CH3]
2785,[O]=[C]1[C]([OH])=[CH][CH2][CH]([CH2][OH])[CH]1[OH]
2786,[O]=[C]1[CH]([OH])[CH]([CH2][OH])[CH2][CH]([NH][c]2[cH][cH][c]([N+](=[O])[O-])[cH][cH]2)[CH]1[OH]
2787,[CH3][CH]([OH])[CH]([CH3])[C](=[O])[O][CH2][c]1[cH][cH][cH][cH][cH]1
2788,[CH3][C](=[O])[CH]([CH3])[C](=[O])[O][CH2][c]1[cH][cH][cH][cH][cH]1
2789,[O]=[C]([OH])[CH]1[NH][CH2][CH2][CH]1[OH]
2790,[O]=[C]([OH])[C]1=[CH][CH]([OH])[CH]([OH])[CH]([O][CH]2[CH]([C](=[O])[OH])[O][CH]([OH])[CH]([OH])[CH]2[OH])[O]1
2791,[O]=[CH][CH]([OH])[CH]([OH])[CH2][C](=[O])[C](=[O])[OH]
2792,[O]=[C]([OH])[C](=[O])[CH2][CH]([OH])[C](=[O])[CH2][OH]
2793,[CH3][O][P](=[O])([OH])[O][CH2][CH2][NH][C](=[NH])[NH][P](=[O])([OH])[OH]
2794,[CH3][O][P](=[O])([OH])[O][CH2][CH2][NH][C](=[NH])[NH2]
2795,[CH3][C](=[O])[CH]1[CH2][CH2][CH]2[CH]3[CH2][CH2][C]4=[CH][C](=[O])[CH2][CH2][C]4([CH3])[C]3=[CH][CH2][C]12[CH3]
2796,[CH3][C](=[O])[CH]1[CH2][CH2][CH]2[CH]3[CH2][CH2][C]4=[CH][C](=[O])[CH2][CH2][C]4([CH3])[C]34[O][CH]4[CH2][C]12[CH3]
2797,[O]=[CH][CH2][CH]([CH2][OH])[C](=[O])[OH]
2798,[CH3][C]([OH])=[N][CH]=[C]([C](=[O])[OH])[CH]([CH2][OH])[C](=[O])[OH]
2799,[O]=[c]1[c]([OH])[c](-[c]2[cH][cH][c]([OH])[c]([OH])[cH]2)[o][c]2[c]([OH])[c]([OH])[cH][c]([OH])[c]12
2800,[CH3][O][c]1[c]([OH])[cH][c]([OH])[c]2[c](=[O])[c]([OH])[c](-[c]3[cH][cH][c]([OH])[c]([OH])[cH]3)[o][c]12
2801,[CH3][O][C](=[O])[CH]=[CH][c]1[cH][cH][cH][cH][cH]1
2802,[CH3][CH2][O][C](=[O])[CH]=[CH][c]1[cH][cH][cH][cH][cH]1
2803,[CH3][C](=[O])[CH]=[CH][C]1([OH])[C]([CH3])=[CH][C](=[O])[CH2][C]1([CH3])[CH3]
2804,[CH3][C]1=[CH][C](=[O])[CH2][C]([CH3])([CH3])[C]1([OH])[CH]=[CH][CH]([CH3])[OH]
2805,[O]=[C]([OH])[c]1[cH][cH][c]([OH])[cH][c]1[N]=[C]([OH])[c]1[cH][cH][cH][cH][cH]1
2806,[CH3][O][c]1[cH][cH][c]([C](=[O])[OH])[c]([N]=[C]([OH])[c]2[cH][cH][cH][cH][cH]2)[cH]1
2807,[CH3][N]([CH3])[CH]([CH2][c]1[cH][n][cH][nH]1)[C](=[O])[OH]
2808,[NH2][CH2][CH]([OH])[CH2][C](=[O])[C](=[O])[OH]
2809,[O]=[C]([OH])[c]1[cH][cH][cH][nH]1
2810,[CH3][C]([OH])=[N][CH]1[CH]([O][CH]2[CH2][CH2][CH]3[CH]4[CH2][CH2][c]5[cH][c]([O][CH]6[O][CH]([C](=[O])[OH])[CH]([OH])[CH]([OH])[CH]6[OH])[cH][cH][c]5[CH]4[CH2][CH2][C]23[CH3])[O][CH]([CH2][OH])[CH]([OH])[CH]1[OH]
2811,[CH3][C]12[CH2][CH2][CH]3[c]4[cH][cH][c]([O][CH]5[O][CH]([C](=[O])[OH])[CH]([OH])[CH]([OH])[CH]5[OH])[cH][c]4[CH2][CH2][CH]3[CH]1[CH2][CH2][CH]2[OH]
2812,[CH3][CH]1[NH][c]2[nH][c](=[NH])[n][c]([OH])[c]2[N]2[CH2][N]([c]3[cH][cH][c]([CH2][CH]([OH])[CH]([OH])[CH]([OH])[CH2][O][CH]4[O][CH]([CH2][O][P](=[O])([OH])[O][CH]([CH2][CH2][C](=[O])[OH])[C](=[O])[OH])[CH]([OH])[CH]4[OH])[cH][cH]3)[CH]([CH3])[CH]12
2813,[O]=[C]([OH])[CH]([CH2][c]1[cH][cH][c]([OH])[cH][cH]1)[N]([OH])[OH]
2814,[CH3][O][c]1[cH][cH][c]([CH]([OH])[CH]([CH2][OH])[c]2[cH][cH][c]([O][CH3])[c]([O][CH3])[cH]2)[cH][c]1[O][CH3]
2815,[CH3][O][c]1[cH][cH][c]([CH]=[O])[cH][c]1[O][CH3]
2816,[CH3][O][c]1[cH][cH][c]([CH]([OH])[CH2][OH])[cH][c]1[O][CH3]
2817,[CH3][C]([OH])=[N][CH]1[CH]([O][P](=[O])([OH])[O][P](=[O])([OH])[O][CH2][CH]2[O][CH]([n]3[cH][cH][c]([OH])[n][c]3=[O])[CH]([OH])[CH]2[OH])[O][CH]([CH2][O][S](=[O])(=[O])[OH])[CH]([O][S](=[O])(=[O])[OH])[CH]1[OH]
2818,[CH3][C]([OH])=[N][CH]1[CH]([O][P](=[O])([OH])[O][P](=[O])([OH])[O][CH2][CH]2[O][CH]([n]3[cH][cH][c]([OH])[n][c]3=[O])[CH]([OH])[CH]2[OH])[O][CH]([CH2][OH])[CH]([O][S](=[O])(=[O])[OH])[CH]1[OH]
2819,[O]=[C]([OH])[CH2][c]1[cH][n]([CH]2[O][CH]([CH2][O][P](=[O])([OH])[OH])[CH]([OH])[CH]2[OH])[cH][n]1
2820,[O]=[C]([OH])[CH2][c]1[cH][n]([CH]2[O][CH]([CH2][OH])[CH]([OH])[CH]2[OH])[cH][n]1
2821,[CH3][CH]([CH3])[CH2][CH2][CH2][CH]([CH3])[CH]1[CH2][CH2][CH]2[C]3=[CH][CH2][CH]4[CH]([CH3])[C](=[O])[CH2][CH2][C]4([CH3])[CH]3[CH2][CH2][C]21[CH3]
2822,[CH3][CH]([CH3])[CH2][CH2][CH2][CH]([CH3])[CH]1[CH2][CH2][CH]2[C]3=[CH][CH2][CH]4[C]([CH3])([CH2][CH2][CH]([OH])[C]4([CH3])[C](=[O])[OH])[CH]3[CH2][CH2][C]21[CH3]
2823,[CH3][CH]([CH2][CH2][C]([OH])=[N][CH2][C](=[O])[OH])[CH]1[CH2][CH2][CH]2[CH]3[CH2][CH2][CH]4[CH2][CH]([OH])[CH2][CH2][C]4([CH3])[CH]3[CH2][CH]([OH])[C]12[CH3]
2824,[CH2]=[C]([CH2][C](=[O])[C](=[O])[OH])[C](=[O])[OH]
2825,[OH][CH2][CH2][C]#[C][c]1[cH][cH][c](-[c]2[cH][cH][cH][s]2)[s]1
2826,[CH3][C](=[O])[O][CH2][CH2][C]#[C][c]1[cH][cH][c](-[c]2[cH][cH][cH][s]2)[s]1
2827,[O]=[C]([O][CH2][CH]1[O][CH]([O][C](=[O])[c]2[cH][c]([OH])[c]([OH])[c]([OH])[cH]2)[CH]([O][C](=[O])[c]2[cH][c]([OH])[c]([OH])[c]([OH])[cH]2)[CH]([O][C](=[O])[c]2[cH][c]([OH])[c]([OH])[c]([OH])[cH]2)[CH]1[OH])[c]1[cH][c]([OH])[c]([OH])[c]([OH])[cH]1
2828,[O]=[C]([O][CH2][CH]1[O][CH]([O][C](=[O])[c]2[cH][c]([OH])[c]([OH])[c]([OH])[cH]2)[CH]([O][C](=[O])[c]2[cH][c]([OH])[c]([OH])[c]([OH])[cH]2)[CH]([O][C](=[O])[c]2[cH][c]([OH])[c]([OH])[c]([OH])[cH]2)[CH]1[O][C](=[O])[c]1[cH][c]([OH])[c]([OH])[c]([OH])[cH]1)[c]1[cH][c]([OH])[c]([OH])[c]([OH])[cH]1
2829,[CH3][CH]([CH3])[CH2][CH2][CH2][CH]([CH3])[CH]1[CH2][CH2][CH]2[C]3=[CH][CH2][CH]4[C]([CH3])([CH2][OH])[CH]([OH])[CH2][CH2][C]4([CH3])[CH]3[CH2][CH2][C]21[CH3]
2830,[CH3][CH]([CH3])[CH2][CH2][CH2][CH]([CH3])[CH]1[CH2][CH2][CH]2[C]3=[CH][CH2][CH]4[C]([CH3])([CH3])[CH]([OH])[CH2][CH2][C]4([CH3])[CH]3[CH2][CH2][C]21[CH3]
2831,[CH3][O][c]1[cH][c]2[o][c](-[c]3[cH][cH][c]([OH])[c]([OH])[cH]3)[c]([O][CH3])[c](=[O])[c]2[c]([OH])[c]1[OH]
2832,[CH3][O][c]1[cH][c]2[o][c](-[c]3[cH][cH][c]([OH])[c]([OH])[cH]3)[c]([O][CH3])[c](=[O])[c]2[c]([OH])[c]1[O][CH3]
2833,[CH3][CH]([CH]=[O])[CH2][CH2][CH2][CH]([CH3])[CH]1[CH2][CH2][CH]2[CH]3[CH]([OH])[CH2][CH]4[CH2][CH]([OH])[CH2][CH2][C]4([CH3])[CH]3[CH2][CH2][C]12[CH3]
2834,[CH3][CH]([CH2][CH2][CH2][CH]([CH3])[CH]1[CH2][CH2][CH]2[CH]3[CH]([OH])[CH2][CH]4[CH2][CH]([OH])[CH2][CH2][C]4([CH3])[CH]3[CH2][CH2][C]12[CH3])[C](=[O])[OH]
2835,[CH3][CH]([CH2][CH2][CH2][CH]([CH3])[CH]1[CH2][CH2][CH]2[CH]3[CH]([OH])[CH2][CH]4[CH2][CH]([OH])[CH2][CH2][C]4([CH3])[CH]3[CH2][CH2][C]12[CH3])[C](=[O])[S][CH2][CH2][N]=[C]([OH])[CH2][CH2][N]=[C]([OH])[CH]([OH])[C]([CH3])([CH3])[CH2][O][P](=[O])([OH])[O][P](=[O])([OH])[O][CH2][CH]1[O][CH]([n]2[cH][n][c]3[c]([NH2])[n][cH][n][c]32)[CH]([OH])[CH]1[O][P](=[O])([OH])[OH]
2836,[CH3][C]1=[CH][C](=[O])[O][CH]1[CH2][C](=[O])[OH]
2837,[CH3][C]1([CH2][C](=[O])[OH])[CH]=[CH][C](=[O])[O]1
2838,[O]=[C]([OH])[CH]1[O][CH]([O][CH]2[CH]([OH])[CH]([CH2][O][S](=[O])(=[O])[OH])[O][CH]([OH])[CH]2[NH][S](=[O])(=[O])[OH])[CH]([OH])[CH]([OH])[CH]1[OH]
2839,[O]=[C]([OH])[CH]([OH])[CH]([OH])[CH]([OH])[CH2][OH]
2840,[CH3][CH2][CH2][CH2][CH2][C](=[O])[CH]=[CH][CH]=[CH][CH2][CH]=[CH][CH2][CH]=[CH][CH2][CH2][CH2][C](=[O])[OH]
2841,[CH3][CH2][CH2][CH2][CH2][CH]([OH])[CH]=[CH][CH]=[CH][CH2][CH]=[CH][CH2][CH]=[CH][CH2][CH2][CH2][C](=[O])[OH]
2842,[CH3][C]([CH3])=[CH][CH2][CH2][C]([CH3])=[CH][CH2][CH2][C]([CH3])=[CH][CH2][CH2][C]([CH3])=[CH][CH2][O][CH2][CH]([CH2][O][P](=[O])([OH])[OH])[O][CH2][CH]=[C]([CH3])[CH2][CH2][CH]=[C]([CH3])[CH2][CH2][CH]=[C]([CH3])[CH2][CH2][CH]=[C]([CH3])[CH3]
2843,[Cl][C]([Cl])=[C]([c]1[cH][cH][c]([Cl])[cH][cH]1)[c]1[cH][cH][c]([Cl])[cH][cH]1
2844,[Cl][c]1[cH][cH][c]([CH]([c]2[cH][cH][c]([Cl])[cH][cH]2)[C]([Cl])([Cl])[Cl])[cH][cH]1
2845,[CH3][N+]1([O-])[CH2][CH]=[C]([c]2[cH][cH][cH][cH][cH]2)[CH2][CH2]1
2846,[CH3][N]1[CH2][CH]=[C]([c]2[cH][cH][cH][cH][cH]2)[CH2][CH2]1
2847,[CH3][C](=[O])[O][CH2][CH]([OH])[C]#[C][c]1[cH][cH][c](-[c]2[cH][cH][cH][s]2)[s]1
2848,[CH3][C](=[O])[O][CH2][CH]([C]#[C][c]1[cH][cH][c](-[c]2[cH][cH][cH][s]2)[s]1)[O][C]([CH3])=[O]
2849,[CH3][C]([OH])=[N][CH]1[CH]([O][P](=[O])([OH])[O][P](=[O])([OH])[O][CH2][CH]2[O][CH]([n]3[cH][cH][c]([OH])[n][c]3=[O])[CH]([OH])[CH]2[OH])[O][CH]([CH3])[CH]([NH2])[CH]1[OH]
2850,[CH3][C]([OH])=[N][CH]1[CH]([O][P](=[O])([OH])[O][P](=[O])([OH])[O][CH2][CH]2[O][CH]([n]3[cH][cH][c]([OH])[n][c]3=[O])[CH]([OH])[CH]2[OH])[O][CH]([CH3])[C](=[O])[CH]1[OH]
2851,[CH3][C]([OH])=[N][CH]1[CH]([OH])[O][CH]([CH2][OH])[CH]([O][CH]2[O][CH]([CH2][OH])[CH]([OH])[CH]([O][CH]3[O][CH]([CH2][OH])[CH]([OH])[CH]([OH])[CH]3[OH])[CH]2[OH])[CH]1[OH]
2852,[CH3][C]([OH])=[N][CH]1[CH]([OH])[O][CH]([CH2][OH])[CH]([O][CH]2[O][CH]([CH2][O][C]3([C](=[O])[OH])[CH2][CH]([OH])[CH]([N]=[C]([CH3])[OH])[CH]([CH]([OH])[CH]([OH])[CH2][OH])[O]3)[CH]([OH])[CH]([OH])[CH]2[OH])[CH]1[OH]
2853,[CH3][CH]([O][P](=[O])([OH])[OH])[CH]([N]=[C]([OH])[CH2][CH2][CH2][CH2][CH2][CH2][S][S][CH2][CH2][S](=[O])(=[O])[OH])[C](=[O])[OH]
2854,[CH3][C]([CH3])=[CH][CH2][CH2][C]([CH3])=[CH][CH2][CH2][C]([CH3])=[CH][CH2][CH2][C]([CH3])=[CH][CH2][CH2][CH]([CH3])[CH2][CH2][O][c]1[cH][cH][c]2[c]([cH]1)[NH][c]1[cH][cH][cH][cH][c]1[NH]2
2855,[CH3][C]([CH3])=[CH][CH2][CH2][C]([CH3])=[CH][CH2][CH2][C]([CH3])=[CH][CH2][CH2][C]([CH3])=[CH][CH2][CH2][CH]([CH3])[CH2][CH2][O][c]1[cH][cH][c]2[n][c]3[cH][cH][cH][cH][c]3[n][c]2[cH]1
2856,[CH3][CH2][CH2][CH2][CH2][C](=[O])[CH]=[CH][CH]1[CH]([OH])[CH2][C](=[O])[CH]1[CH2][CH2][CH2][CH2][CH2][CH2][C](=[O])[OH]
2857,[CH3][CH2][CH2][CH2][CH2][CH]([OH])[CH]=[CH][CH]1[CH]([OH])[CH2][C](=[O])[CH]1[CH2][CH2][CH2][CH2][CH2][CH2][C](=[O])[OH]
2858,[CH3][CH2][CH2][CH2][CH2][C](=[O])[CH2][CH2][CH]1[CH]([OH])[CH2][C](=[O])[CH]1[CH2][CH]=[CH][CH2][CH2][CH2][C](=[O])[OH]
2859,[NH2][c]1[c]([C]([OH])=[N][CH]([CH2][C](=[O])[OH])[C](=[O])[OH])[n][cH][n]1[CH]1[O][CH]([CH2][O][P](=[O])([OH])[OH])[CH]([OH])[CH]1[OH]
2860,[CH3][c]1[n][cH][c]([C](=[O])[OH])[c]([CH2][OH])[c]1[OH]
2861,[CH3][C]([OH])=[N][CH]1[CH]([O][P](=[O])([OH])[O][P](=[O])([OH])[O][CH2][CH]2[O][CH]([n]3[cH][cH][c]([OH])[n][c]3=[O])[CH]([OH])[CH]2[OH])[O][CH]([CH2][OH])[CH]([OH])[CH]1[O][CH]([CH3])[C]([OH])=[N][CH]([CH3])[C]([OH])=[N][CH]([CH2][CH2][C]([OH])=[N][CH]([CH2][CH2][CH2][CH2][NH2])[C]([OH])=[N][CH]([CH3])[C]([OH])=[N][CH]([CH3])[C](=[O])[OH])[C](=[O])[OH]
2862,[CH3][CH]1[CH]2[CH]([CH2][CH]3[CH]4[CH2][CH]=[C]5[CH2][CH]([O][CH]6[O][CH]([CH2][OH])[CH]([OH])[CH]([OH])[CH]6[OH])[CH2][CH2][C]5([CH3])[CH]4[CH2][CH2][C]32[CH3])[O][C]12[CH2][CH2][C]([CH3])([CH2][OH])[O]2
2863,[CH3][CH]1[CH]2[CH]([CH2][CH]3[CH]4[CH2][CH]=[C]5[CH2][CH]([OH])[CH2][CH2][C]5([CH3])[CH]4[CH2][CH2][C]32[CH3])[O][C]12[CH2][CH2][C]([CH3])([CH2][OH])[O]2
2864,[CH3][O][c]1[cH][cH][c]2[c]([cH]1)[O][CH]([O][CH]1[O][CH]([CH2][OH])[CH]([OH])[CH]([OH])[CH]1[OH])[C](=[O])[N]2[OH]
2865,[CH3][O][c]1[cH][cH][c]2[c]([cH]1)[O][CH]([OH])[C](=[O])[N]2[OH]
2866,[CH3][C]([CH3])=[CH][CH2][CH2][C]([CH3])=[CH][CH2][CH2][C]([CH3])=[CH][CH2][CH2][C]([CH3])=[CH][CH2][CH2][C]([CH3])=[CH][CH2][CH2][C]([CH3])=[CH][CH2][CH2][C]([CH3])=[CH][CH2][CH2][C]([CH3])=[CH][CH2][CH2][C]([CH3])=[CH][CH2][CH2][C]([CH3])=[CH][CH2][CH2][C]([CH3])=[CH][CH2][O][P](=[O])([OH])[O][P](=[O])([OH])[O][CH]1[O][CH]([CH2][OH])[CH]([OH])[CH]([O][CH]2[O][CH]([CH3])[CH]([O][CH]3[O][CH]([CH2][OH])[CH]([OH])[CH]([O][CH]4[O][CH]([CH3])[CH]([OH])[CH2][CH]4[OH])[CH]3[OH])[CH]([OH])[CH]2[OH])[CH]1[OH]
2867,[CH3][CH]1[O][CH]([O][P](=[O])([OH])[O][P](=[O])([OH])[O][CH2][CH]2[O][CH]([n]3[cH][cH][c](=[NH])[n][c]3[OH])[CH]([OH])[CH]2[OH])[CH]([OH])[CH2][CH]1[OH]
2868,[CH3][C]([CH3])=[CH][CH2][CH2][C]([CH3])=[CH][CH2][CH2][C]([CH3])=[CH][CH2][CH2][C]([CH3])=[CH][CH2][CH2][C]([CH3])=[CH][CH2][CH2][C]([CH3])=[CH][CH2][CH2][C]([CH3])=[CH][CH2][CH2][C]([CH3])=[CH][CH2][CH2][C]([CH3])=[CH][CH2][CH2][C]([CH3])=[CH][CH2][CH2][C]([CH3])=[CH][CH2][O][P](=[O])([OH])[O][P](=[O])([OH])[O][CH]1[O][CH]([CH2][OH])[CH]([OH])[CH]([O][CH]2[O][CH]([CH3])[CH]([O][CH]3[O][CH]([CH2][OH])[CH]([OH])[CH]([OH])[CH]3[OH])[CH]([OH])[CH]2[OH])[CH]1[OH]
2869,[CH3][c]1[n][cH][c]2[c]([c]1[OH])[CH2][O][C]2=[O]
2870,[CH3][C](=[CH][CH]=[C]([OH])[C](=[O])[OH])[C](=[O])[CH2][CH2][CH]1[C](=[O])[CH2][CH2][C]2([CH3])[C](=[O])[CH2][CH2][CH]12
2871,[CH3][c]1[cH][cH][c]([OH])[c]([OH])[c]1[CH2][CH2][CH]1[C](=[O])[CH2][CH2][C]2([CH3])[C](=[O])[CH2][CH2][CH]12
2872,[NH2][CH]([CH2][c]1[cH][c]([C](=[O])[OH])[o][c](=[O])[cH]1)[C](=[O])[OH]
2873,[NH2][CH]([CH2][c]1[cH][cH][c]([C](=[O])[OH])[o][c]1=[O])[C](=[O])[OH]
2874,[CH3][CH2][C]1([CH3])[O][CH]1[CH2][CH2][C]([CH3])=[CH][CH2][CH2][C]([CH3])=[CH][C](=[O])[OH]
2875,[CH3][CH2][C]1([CH3])[O][CH]1[CH2][CH2][C]([CH3])=[CH][CH2][CH2][C]([CH3])=[CH][C](=[O])[O][CH3]
2876,[O]=[C]([OH])[CH2][C](=[O])[O][CH2][CH]1[O][CH]([O][c]2[cH][c]([OH])[c]3[c](=[O])[cH][c](-[c]4[cH][cH][c]([OH])[cH][cH]4)[o][c]3[cH]2)[CH]([O][CH]2[O][CH2][C]([OH])([CH2][OH])[CH]2[OH])[CH]([OH])[CH]1[OH]
2877,[O]=[c]1[cH][c]([O][CH]2[O][CH]([CH2][OH])[CH]([OH])[CH]([OH])[CH]2[O][CH]2[O][CH2][C]([OH])([CH2][OH])[CH]2[OH])[cH][c]2[o][c](-[c]3[cH][cH][c]([OH])[cH][cH]3)[cH][c]([OH])[c]1-2
2878,[CH3][C]([OH])=[N][CH]1[CH]([O][CH]2[CH]([O][CH]3[CH]([O][CH]4[CH]([OH])[O][CH]([CH2][OH])[CH]([OH])[CH]4[OH])[O][CH]([CH2][OH])[CH]([OH])[CH]3[OH])[O][CH]([CH2][OH])[CH]([OH])[CH]2[O][CH]2[O][CH]([CH2][OH])[CH]([OH])[CH]([OH])[CH]2[OH])[O][CH]([CH2][OH])[CH]([OH])[CH]1[OH]
2879,[OH][CH2][CH]1[O][CH]([O][CH]2[CH]([OH])[CH]([CH2][OH])[O][CH]([O][CH]3[CH]([O][CH]4[CH]([OH])[O][CH]([CH2][OH])[CH]([OH])[CH]4[OH])[O][CH]([CH2][OH])[CH]([OH])[CH]3[OH])[CH]2[OH])[CH]([OH])[CH]([OH])[CH]1[OH]
2880,[CH3][C]([CH3])([CH3])[NH][CH2][CH]([OH])[CH2][O][c]1[cH][cH][cH][c]2[c]1[CH2][CH2][CH2][C]2=[O]
2881,[CH3][C]([CH3])([CH3])[NH][CH2][CH]([OH])[CH2][O][c]1[cH][cH][cH][c]2[c]1[CH2][CH2][CH2][CH]2[OH]
2882,[CH3][c]1[n][cH][c]([CH2][n+]2[cH][cH][cH][c]([CH2][CH2][OH])[c]2[CH3])[c]([OH])[n]1
2883,[CH3][c]1[n][cH][c]([CH2][n+]2[cH][cH][cH][c]([CH2][CH2][OH])[c]2[CH3])[c](=[NH])[nH]1
2884,[CH3][C]([CH3])=[CH][CH2][CH2][CH]([CH3])[CH]1[CH2][CH2][CH]2[C]3=[CH][CH2][CH]4[CH2][CH]([OH])[CH2][CH2][C]4([CH3])[CH]3[CH2][CH2][C]21[CH3]
2885,[CH3][n]1[cH][n][c]([CH2][CH]=[O])[cH]1
2886,[CH3][n]1[cH][n][c]([CH2][CH2][NH2])[cH]1
2887,[CH3][C]12[CH2][CH2][CH]([OH])[CH2][C]1=[CH][CH2][CH]1[CH]2[CH2][CH2][C]2([CH3])[CH]1[CH2][CH2][C]2([OH])[C](=[O])[CH2][OH]
2888,[CH3][CH]([CH3])[CH2][CH2][CH2][C]([CH3])([OH])[C]1([OH])[CH2][CH2][CH]2[CH]3[CH2][CH]=[C]4[CH2][CH]([OH])[CH2][CH2][C]4([CH3])[CH]3[CH2][CH2][C]21[CH3]
2889,[CH3][C]12[CH2][CH2][CH]3[CH]([CH2][CH2][C]4=[CH][C](=[O])[CH2][CH2][C]43[CH3])[CH]1[CH2][CH]([OH])[C]2=[O]
2890,[CH3][C]12[CH2][CH2][CH]3[c]4[cH][cH][c]([OH])[cH][c]4[CH2][CH2][CH]3[CH]1[CH2][CH]([O][CH]1[O][CH]([C](=[O])[OH])[CH]([OH])[CH]([OH])[CH]1[OH])[CH]2[OH]
2891,[CH3][C](=[O])[CH2][CH2][CH]([NH2])[C](=[O])[OH]
2892,[cH]1[cH][c]2[c]([c]3[c]1[CH2][CH]1[c]4[cH][c]5[c]([cH][c]4[CH2][CH2][N]1[CH2]3)[O][CH2][O]5)[O][CH2][O]2
2893,[CH3][N+]12[CH2][CH2][c]3[cH][c]4[c]([cH][c]3[CH]1[CH2][c]1[cH][cH][c]3[c]([c]1[CH2]2)[O][CH2][O]3)[O][CH2][O]4
2894,[CH3][O][c]1[cH][c]2[c]([cH][c]1[OH])[CH]([CH2][c]1[cH][cH][c]([OH])[cH][cH]1)[NH][CH2][CH2]2
2895,[CH3][O][c]1[cH][c]2[c]([cH][c]1[OH])[CH]([CH2][c]1[cH][cH][c]([OH])[cH][cH]1)[N]([CH3])[CH2][CH2]2
2896,[CH3][O][c]1[cH][c]2[c]([cH][c]1[OH])[CH]([CH2][c]1[cH][cH][c]([OH])[cH][cH]1)[N]([CH3])[CH2][CH2]2
2897,[CH3][O][c]1[cH][c]2[c]([cH][c]1[OH])[CH]([CH2][c]1[cH][cH][c]([O][c]3[cH][c]([CH2][CH]4[c]5[cH][c]([OH])[c]([O][CH3])[cH][c]5[CH2][CH2][N]4[CH3])[cH][cH][c]3[OH])[cH][cH]1)[N]([CH3])[CH2][CH2]2
2898,[CH3][O][c]1[cH][cH][c]([CH2][CH]2[c]3[cH][c]([OH])[c]([O][CH3])[cH][c]3[CH2][CH2][N]2[CH3])[cH][c]1[OH]
2899,[CH3][O][C]1=[CH][C]23[CH2][CH2][N]([CH3])[CH]([CH2][c]4[cH][cH][c]([O][CH3])[c]([OH])[c]42)[C]3=[CH][C]1=[O]
2900,[CH3][O][C]1=[CH][C]23[CH2][CH2][N]([CH3])[CH]([CH2][c]4[cH][cH][c]([O][CH3])[c]([OH])[c]42)[C]3=[CH][CH]1[OH]
2901,[CH3][N]1[CH2][CH2][c]2[cH][c]3[c]([cH][c]2[C](=[O])[CH2][c]2[cH][cH][c]4[c]([c]2[CH2]1)[O][CH2][O]4)[O][CH2][O]3
2902,[CH3][N]1[CH2][c]2[c]([cH][cH][c]3[c]2[O][CH2][O]3)[CH2][C](=[O])[c]2[cH][c]3[c]([cH][c]2[CH2][CH]1[OH])[O][CH2][O]3
2903,[CH3][N]1[CH2][c]2[c]([cH][cH][c]3[c]2[O][CH2][O]3)-[c]2[cH][cH][c]3[cH][c]4[c]([cH][c]3[c]21)[O][CH2][O]4
2904,[CH3][N]1[CH2][c]2[c]3[c]([cH][c]([OH])[c]2-[c]2[cH][cH][c]4[cH][c]5[c]([cH][c]4[c]21)[O][CH2][O]5)[O][CH2][O]3
2905,[CH3][n+]1[cH][c]2[c]3[c]([cH][cH][c]2[c]2[cH][cH][c]4[cH][c]5[c]([cH][c]4[c]21)[O][CH2][O]5)[O][CH2][O]3
2906,[CH3][O][c]1[cH][c]2[c]([c]3[c]1-[c]1[cH][c]([OH])[c]4[cH][c]5[c]([cH][c]4[c]1[N]([CH3])[CH2]3)[O][CH2][O]5)[O][CH2][O]2
2907,[CH3][O][c]1[cH][c]2[c]([c]3[c]1-[c]1[cH][c]([O][CH3])[c]4[cH][c]5[c]([cH][c]4[c]1[N]([CH3])[CH2]3)[O][CH2][O]5)[O][CH2][O]2
2908,[CH3][O][c]1[cH][c]2[c]([c]3[c]1-[c]1[cH][cH][c]4[cH][c]5[c]([cH][c]4[c]1[N]([CH3])[CH2]3)[O][CH2][O]5)[O][CH2][O]2
2909,[CH3][O][c]1[cH][c]2[c]([c]3[cH][n+]([CH3])[c]4[c]5[cH][c]6[c]([cH][c]5[cH][cH][c]4[c]13)[O][CH2][O]6)[O][CH2][O]2
2910,[O]=[C]([c]1[cH][cH][cH][c]([OH])[cH]1)[c]1[c]([OH])[cH][c]([OH])[cH][c]1[OH]
2911,[cH]1[cH][cH][c]([CH2][CH]2[NH][CH2][CH2][c]3[cH][cH][cH][cH][c]32)[cH][cH]1
2912,[CH3][N]1[CH2][CH2][c]2[cH][cH][cH][cH][c]2[CH]1[CH2][c]1[cH][cH][cH][cH][cH]1
2913,[CH3][O][c]1[cH][c]2[c]([cH][c]1[OH])[CH]([CH2][c]1[cH][cH][c]([OH])[c]([OH])[cH]1)[NH][CH2][CH2]2
2914,[CH3][O][c]1[cH][c]([CH2][CH]2[NH][CH2][CH2][c]3[cH][c]([O][CH3])[c]([OH])[cH][c]32)[cH][cH][c]1[OH]
2915,[cH]1[cH][cH][c]2[c]([cH]1)[CH2][CH]1[c]3[cH][cH][cH][cH][c]3[CH2][CH2][N]1[CH2]2
2916,[CH3][N+]12[CH2][CH2][c]3[cH][cH][cH][cH][c]3[CH]1[CH2][c]1[cH][cH][cH][cH][c]1[CH2]2
2917,[CH3][O][C]1=[CH][C]23[CH2][CH2][N]([CH3])[CH]([CH2][c]4[cH][cH][c]([O][CH3])[c]([OH])[c]42)[C]3=[CH][CH]1[O][C]([CH3])=[O]
2918,[CH3][C]([CH3])=[CH][CH2][c]1[c]([OH])[cH][cH][c]2[c]1[O][CH]1[c]3[cH][cH][c]([OH])[cH][c]3[O][CH2][CH]21
2919,[CH3][C]([CH3])([OH])[CH2][CH2][c]1[c]([OH])[cH][cH][c]2[c]1[O][CH]1[c]3[cH][cH][c]([OH])[cH][c]3[O][CH2][CH]21
2920,[NH2][c]1[cH][n][cH][nH]1
2921,[NH2][c]1[nH][cH][n][c]1[C](=[O])[OH]
2922,[CH3][CH]([OH])[CH]([OH])[CH]1[CH2][N]=[c]2[nH][c](=[NH])[n][c]([OH])[c]2=[N]1
2923,[CH3][CH]([OH])[CH]([OH])[CH]1[CH2][N]=[C]2[NH][C](=[NH])[N]=[C]([OH])[C]2([OH])[NH]1
2924,[CH3][CH2][CH2][CH2][CH2][C](=[O])[S][CH2][CH2][N]=[C]([OH])[CH2][CH2][N]=[C]([OH])[CH]([OH])[C]([CH3])([CH3])[CH2][O][P](=[O])([OH])[O][P](=[O])([OH])[O][CH2][CH]1[O][CH]([n]2[cH][n][c]3[c]([NH2])[n][cH][n][c]32)[CH]([OH])[CH]1[O][P](=[O])([OH])[OH]
2925,[CH3][CH2][CH2][CH2][CH2][CH]=[CH][CH2][CH]=[CH][CH2][C](=[O])[S][CH2][CH2][N]=[C]([OH])[CH2][CH2][N]=[C]([OH])[CH]([OH])[C]([CH3])([CH3])[CH2][O][P](=[O])([OH])[O][P](=[O])([OH])[O][CH2][CH]1[O][CH]([n]2[cH][n][c]3[c]([NH2])[n][cH][n][c]32)[CH]([OH])[CH]1[O][P](=[O])([OH])[OH]
2926,[CH3][CH2][CH2][CH2][CH2][CH]=[CH][CH2][CH2][CH]=[CH][C](=[O])[S][CH2][CH2][N]=[C]([OH])[CH2][CH2][N]=[C]([OH])[CH]([OH])[C]([CH3])([CH3])[CH2][O][P](=[O])([OH])[O][P](=[O])([OH])[O][CH2][CH]1[O][CH]([n]2[cH][n][c]3[c]([NH2])[n][cH][n][c]32)[CH]([OH])[CH]1[O][P](=[O])([OH])[OH]
2927,[CH3][C]12[CH2][C](=[O])[CH]3[CH]([CH2][CH2][C]4=[CH][C](=[O])[CH2][CH2][C]43[CH3])[CH]1[CH2][CH2][C]2=[O]
2928,[CH3][O][c]1[cH][c]2[c]3[c]([O][CH3])[cH][c]4[c]([c]3[cH][n+]([CH3])[c]2[c]2[cH][c]3[c]([cH][c]12)[O][CH2][O]3)[O][CH2][O]4
2929,[CH3][O][C]1=[CH][CH]=[C]2[CH]3[CH2][c]4[cH][cH][c]([O][CH3])[c]5[c]4[C]2([CH2][CH2][N]3[CH3])[CH]1[O]5
2930,[CH3][SeH]
2931,[CH3][Se+]([CH3])[CH2][CH2][CH]([NH2])[C](=[O])[OH]
2932,[O]=[C]([OH])[CH2][CH2][CH]([N]=[C]([OH])[CH2][c]1[cH][cH][c]([OH])[cH][cH]1)[C](=[O])[OH]
2933,[O]=[C]([OH])[CH2][N]=[C]([OH])[CH2][c]1[cH][cH][c]([OH])[cH][cH]1
2934,[O]=[C]([OH])[CH]([OH])[CH]([OH])[CH]([OH])[CH2][OH]
2935,[CH3][C]([CH3])=[CH][CH2][CH2][C]([CH3])=[CH][CH2][CH2][C]([CH3])=[CH][CH2][CH2][C]([CH3])=[CH][CH]=[CH][CH]=[C]([CH3])[CH2][CH2][CH]=[C]([CH3])[CH2][CH2][CH]=[C]([CH3])[CH2][CH2][CH]=[C]([CH3])[CH3]
2936,[CH3][C]([CH3])=[CH][CH2][CH2][C]([CH3])=[CH][CH2][CH2][C]([CH3])=[CH][CH]=[CH][C]([CH3])=[CH][CH]=[CH][CH]=[C]([CH3])[CH2][CH2][CH]=[C]([CH3])[CH2][CH2][CH]=[C]([CH3])[CH2][CH2][CH]=[C]([CH3])[CH3]
2937,[CH3][CH]([CH3])[CH2][CH2][CH2][CH]([CH3])[CH]1[CH2][CH2][CH]2[CH]3[CH2][CH]=[C]4[CH2][CH2][CH2][CH2][C]4([CH3])[CH]3[CH2][CH2][C]12[CH3]
2938,[CH3][CH]([CH3])[CH2][CH2][CH2][CH]([CH3])[CH]1[CH2][CH2][CH]2[CH]3[CH2][CH]4[O][C]45[CH2][CH2][CH2][CH2][C]5([CH3])[CH]3[CH2][CH2][C]12[CH3]
2939,[CH3][CH]([CH3])[CH2][CH2][CH2][CH]([CH3])[CH]1[CH2][CH2][CH]2[CH]3[CH2][CH]4[O][C]45[CH2][CH2][CH2][CH2][C]5([CH3])[CH]3[CH2][CH2][C]12[CH3]
2940,[CH3][CH]([CH3])[CH2][CH2][CH2][CH]([CH3])[CH]1[CH2][CH2][CH]2[CH]3[CH2][CH]([OH])[C]4([OH])[CH2][CH2][CH2][CH2][C]4([CH3])[CH]3[CH2][CH2][C]12[CH3]
2941,[CH3][CH]([CH3])[CH2][CH2][CH2][CH]([CH3])[CH]1[CH2][CH2][CH]2[CH]3[CH2][CH]([OH])[C]4([OH])[CH2][CH]([OH])[CH2][CH2][C]4([CH3])[CH]3[CH2][CH2][C]12[CH3]
2942,[CH3][C]([CH3])=[CH][CH2][CH2][C]([CH3])=[CH][CH2][CH2][C]([CH3])=[CH][CH]=[CH][C]([CH3])=[CH][CH]=[CH][CH]=[C]([CH3])[CH]=[CH][CH]=[C]([CH3])[CH]=[CH][C]1=[C]([CH3])[CH2][CH2][CH2][C]1([CH3])[CH3]
2943,[CH3][CH]([CH2][OH])[CH2][CH2][CH2][CH]([CH3])[CH]1[CH2][CH2][CH]2[CH]3[CH]([OH])[CH2][CH]4[CH2][CH]([OH])[CH2][CH2][C]4([CH3])[CH]3[CH2][CH2][C]12[CH3]
2944,[CH3][CH]([CH3])[CH2][CH2][CH2][CH]([CH3])[CH]1[CH2][CH2][CH]2[CH]3[CH]([OH])[CH2][CH]4[CH2][CH]([OH])[CH2][CH2][C]4([CH3])[CH]3[CH2][CH2][C]12[CH3]
2945,[CH3][CH]([CH3])[CH2][CH2][CH2][CH]([CH3])[CH]1[CH2][CH2][CH]2[CH]3[CH]([OH])[CH2][CH]4[CH2][CH]([OH])[CH2][CH2][C]4([CH3])[CH]3[CH2][CH]([OH])[C]12[CH3]
2946,[CH3][C](=[CH][CH2][CH2][CH]([CH3])[CH]1[CH2][CH2][CH]2[CH]3[CH]([OH])[CH2][CH]4[CH2][CH]([OH])[CH2][CH2][C]4([CH3])[CH]3[CH2][CH2][C]12[CH3])[C](=[O])[S][CH2][CH2][N]=[C]([OH])[CH2][CH2][N]=[C]([OH])[CH]([OH])[C]([CH3])([CH3])[CH2][O][P](=[O])([OH])[O][P](=[O])([OH])[O][CH2][CH]1[O][CH]([n]2[cH][n][c]3[c]([NH2])[n][cH][n][c]32)[CH]([OH])[CH]1[O][P](=[O])([OH])[OH]
2947,[CH3][CH]([CH2][CH2][CH]([OH])[CH]([CH3])[C](=[O])[S][CH2][CH2][N]=[C]([OH])[CH2][CH2][N]=[C]([OH])[CH]([OH])[C]([CH3])([CH3])[CH2][O][P](=[O])([OH])[O][P](=[O])([OH])[O][CH2][CH]1[O][CH]([n]2[cH][n][c]3[c]([NH2])[n][cH][n][c]32)[CH]([OH])[CH]1[O][P](=[O])([OH])[OH])[CH]1[CH2][CH2][CH]2[CH]3[CH]([OH])[CH2][CH]4[CH2][CH]([OH])[CH2][CH2][C]4([CH3])[CH]3[CH2][CH2][C]12[CH3]
2948,[CH3][CH]([C](=[O])[CH2][CH2][CH]([CH3])[CH]1[CH2][CH2][CH]2[CH]3[CH]([OH])[CH2][CH]4[CH2][CH]([OH])[CH2][CH2][C]4([CH3])[CH]3[CH2][CH2][C]12[CH3])[C](=[O])[S][CH2][CH2][N]=[C]([OH])[CH2][CH2][N]=[C]([OH])[CH]([OH])[C]([CH3])([CH3])[CH2][O][P](=[O])([OH])[O][P](=[O])([OH])[O][CH2][CH]1[O][CH]([n]2[cH][n][c]3[c]([NH2])[n][cH][n][c]32)[CH]([OH])[CH]1[O][P](=[O])([OH])[OH]
2949,[CH3][CH]([CH2][CH2][CH]([OH])[CH]([CH3])[C](=[O])[S][CH2][CH2][N]=[C]([OH])[CH2][CH2][N]=[C]([OH])[CH]([OH])[C]([CH3])([CH3])[CH2][O][P](=[O])([OH])[O][P](=[O])([OH])[O][CH2][CH]1[O][CH]([n]2[cH][n][c]3[c]([NH2])[n][cH][n][c]32)[CH]([OH])[CH]1[O][P](=[O])([OH])[OH])[CH]1[CH2][CH2][CH]2[CH]3[CH]([OH])[CH2][CH]4[CH2][CH]([OH])[CH2][CH2][C]4([CH3])[CH]3[CH2][CH]([OH])[C]12[CH3]
2950,[CH3][C](=[CH][CH2][CH2][CH]([CH3])[CH]1[CH2][CH2][CH]2[CH]3[CH]([OH])[CH2][CH]4[CH2][CH]([OH])[CH2][CH2][C]4([CH3])[CH]3[CH2][CH]([OH])[C]12[CH3])[C](=[O])[S][CH2][CH2][N]=[C]([OH])[CH2][CH2][N]=[C]([OH])[CH]([OH])[C]([CH3])([CH3])[CH2][O][P](=[O])([OH])[O][P](=[O])([OH])[O][CH2][CH]1[O][CH]([n]2[cH][n][c]3[c]([NH2])[n][cH][n][c]32)[CH]([OH])[CH]1[O][P](=[O])([OH])[OH]
2951,[CH3][CH]([CH3])[CH2][CH2][CH2][CH]([CH3])[CH]1[CH2][CH2][CH]2[CH]3[CH]([OH])[CH2][CH]4[CH2][C](=[O])[CH2][CH2][C]4([CH3])[CH]3[CH2][CH2][C]12[CH3]
2952,[CH3][CH]([CH3])[CH2][CH2][CH2][CH]([CH3])[CH]1[CH2][CH2][CH]2[CH]3[CH]([OH])[CH2][CH]4[CH2][C](=[O])[CH2][CH2][C]4([CH3])[CH]3[CH2][CH]([OH])[C]12[CH3]
2953,[CH3][CH]([CH3])[CH2][CH2][CH2][CH]([CH3])[CH]1[CH2][CH2][CH]2[CH]3[CH]([OH])[CH2][C]4=[CH][C](=[O])[CH2][CH2][C]4([CH3])[CH]3[CH2][CH]([OH])[C]12[CH3]
2954,[CH3][CH]([CH3])[CH2][CH2][CH2][CH]([CH3])[CH]1[CH2][CH2][CH]2[CH]3[CH]([OH])[CH2][CH]4[CH2][C](=[O])[CH2][CH2][C]4([CH3])[CH]3[CH2][CH]([OH])[C]12[CH3]
2955,[CH3][C]12[CH2][CH2][CH]([OH])[CH2][CH]1[CH2][CH2][CH]1[CH]2[C](=[O])[CH2][C]2([CH3])[CH]1[CH2][CH2][C]2([OH])[C](=[O])[CH2][OH]
2956,[CH3][C]12[CH2][CH2][CH]([OH])[CH2][CH]1[CH2][CH2][CH]1[CH]2[C](=[O])[CH2][C]2([CH3])[CH]1[CH2][CH2][C]2([OH])[CH]([OH])[CH2][OH]
2957,[CH3][C]12[CH2][CH2][CH]([OH])[CH2][CH]1[CH2][CH2][CH]1[CH]2[CH]([OH])[CH2][C]2([CH3])[CH]1[CH2][CH2][C]2([OH])[C](=[O])[CH2][OH]
2958,[CH3][C]12[CH2][CH2][CH]([OH])[CH2][CH]1[CH2][CH2][CH]1[CH]2[CH]([OH])[CH2][C]2([CH3])[CH]1[CH2][CH2][C]2([OH])[CH]([OH])[CH2][OH]
2959,[CH3][C]12[CH2][CH]([OH])[CH]3[CH]([CH2][CH2][CH]4[CH2][CH]([OH])[CH2][CH2][C]43[CH3])[CH]1[CH2][CH2][CH]2[C](=[O])[CH2][OH]
2960,[CH3][C]12[CH2][C](=[O])[CH]3[CH]([CH2][CH2][CH]4[CH2][CH]([OH])[CH2][CH2][C]43[CH3])[CH]1[CH2][CH2][CH]2[C](=[O])[CH2][OH]
2961,[CH3][C]12[CH2][C](=[O])[CH]3[CH]([CH2][CH2][CH]4[CH2][C](=[O])[CH2][CH2][C]43[CH3])[CH]1[CH2][CH2][CH]2[C](=[O])[CH2][OH]
2962,[CH3][C]12[CH2][C](=[O])[CH]3[CH]([CH2][CH2][CH]4[CH2][CH]([OH])[CH2][CH2][C]43[CH3])[CH]1[CH2][CH2][CH]2[CH]([OH])[CH2][OH]
2963,[CH3][C](=[O])[CH]1[CH2][CH2][CH]2[CH]3[CH2][CH2][CH]4[CH2][CH]([OH])[CH2][CH2][C]4([CH3])[CH]3[CH2][CH2][C]12[CH3]
2964,[CH3][CH]([OH])[CH]1[CH2][CH2][CH]2[CH]3[CH2][CH2][CH]4[CH2][CH]([OH])[CH2][CH2][C]4([CH3])[CH]3[CH2][CH2][C]12[CH3]
2965,[CH3][C]1([CH3])[S][CH]2[CH]([N]=[C]([OH])[CH2][CH2][CH2][CH]([NH2])[C](=[O])[OH])[C](=[O])[N]2[CH]1[C](=[O])[OH]
2966,[CH3][CH]([CH3])[CH]([N]=[C]([OH])[CH]([CH2][SH])[N]=[C]([OH])[CH2][CH2][CH2][CH]([NH2])[C](=[O])[OH])[C](=[O])[OH]
2967,[O]=[C]([OH])[CH]([OH])[CH2][c]1[cH][n][cH][nH]1
2968,[CH3][O][c]1[cH][c]([CH]([OH])[CH2][OH])[cH][cH][c]1[OH]
2969,[O]=[C]([OH])[CH]([OH])[c]1[cH][cH][c]([OH])[c]([OH])[cH]1
2970,[O]=[C]1[CH]=[c]2[cH][cH][nH][c]2=[CH][C]1=[O]
2971,[CH3][O][c]1[cH][c]([CH]([OH])[C](=[O])[OH])[cH][cH][c]1[OH]
2972,[CH3][O][c]1[cH][c]([CH]([OH])[CH]=[O])[cH][cH][c]1[OH]
2973,[CH3][CH]1[O][CH]([O][P](=[O])([OH])[O][P](=[O])([OH])[O][CH2][CH]2[O][CH]([n]3[cH][cH][c]([OH])[n][c]3=[O])[CH]([OH])[CH]2[OH])[CH]([OH])[CH]([OH])[CH]1[OH]
2974,[CH3][CH]1[O][CH]([O][CH2][CH]2[O][CH]([O][c]3[c](-[c]4[cH][cH][c]([OH])[c]([OH])[cH]4)[o][c]4[cH][c]([OH])[cH][c]([OH])[c]4[c]3=[O])[CH]([OH])[CH]([OH])[CH]2[OH])[CH]([OH])[CH]([OH])[CH]1[OH]
2975,[OH][c]1[cH][c]([OH])[c]2[c]([cH]1)[O][CH]([c]1[cH][cH][c]([OH])[c]([OH])[cH]1)[CH2][CH]2[OH]
2976,[O]=[C]1[CH2][CH]([c]2[cH][c]([OH])[c]([OH])[c]([OH])[cH]2)[O][c]2[cH][c]([OH])[cH][c]([OH])[c]21
2977,[O]=[C]([OH])[CH2][c]1[cH][nH][c]2[cH][cH][c]([OH])[cH][c]12
2978,[CH3][O][c]1[cH][cH][c]2[nH][cH][c]([CH2][C](=[O])[OH])[c]2[cH]1
2979,[NH2][c]1[cH][cH][c]([OH])[cH][c]1[C](=[O])[CH2][CH]([NH2])[C](=[O])[OH]
2980,[O]=[C]([OH])[C](=[O])[CH2][CH2][c]1[c]([OH])[cH][c]([C](=[O])[OH])[n][c]1[OH]
2981,[NH2][CH]([CH2][C](=[O])[c]1[cH][c]([OH])[cH][cH][c]1[N]=[CH][OH])[C](=[O])[OH]
2982,[O]=[C]([OH])[c]1[cH][c](=[O])[c]2[cH][c]([OH])[cH][cH][c]2[nH]1
2983,[NH2][c]1[cH][cH][c]([OH])[cH][c]1[C](=[O])[CH2][C](=[O])[C](=[O])[OH]
2984,[O]=[c]1[c]([OH])[cH][nH][c]2[cH][cH][cH][cH][c]12
2985,[O]=[C]([OH])[CH2][CH2][c]1[c]([OH])[cH][c]([C](=[O])[OH])[n][c]1[OH]
2986,[O]=[CH][CH2][CH2][c]1[c]([OH])[cH][c]([C](=[O])[OH])[n][c]1[OH]
2987,[NH2][c]1[n][cH][n][c]2[c]1[n][cH][n]2[CH]1[O][CH]([CH2][O][P](=[O])([OH])[O][Se](=[O])(=[O])[OH])[CH]([O][P](=[O])([OH])[OH])[CH]1[OH]
2988,[NH2][c]1[n][cH][n][c]2[c]1[n][cH][n]2[CH]1[O][CH]([CH2][O][P](=[O])([OH])[O][Se](=[O])(=[O])[OH])[CH]([OH])[CH]1[OH]
2989,[CH3][Se][CH2][CH]([NH2])[C](=[O])[OH]
2990,[NH2][CH]([CH2][Se][Se][CH2][CH]([NH2])[C](=[O])[OH])[C](=[O])[OH]
2991,[NH2][c]1[n][cH][n][c]2[c]1[n][cH][n]2[CH]1[O][CH]([CH2][Se][CH2][CH2][CH]([NH2])[C](=[O])[OH])[CH]([OH])[CH]1[OH]
2992,[NH2][CH]([CH2][CH2][Se][Se][CH2][CH2][CH]([NH2])[C](=[O])[OH])[C](=[O])[OH]
2993,[NH2][CH]([CH2][CH2][O][P](=[O])([OH])[OH])[C](=[O])[OH]
2994,[CH3][C]1=[C]([CH2][CH2][C](=[O])[OH])[c]2[cH][c]3[nH][c]([cH][c]4[n][c]([cH][c]5[nH][c]([cH][c]1[n]2)[c]([CH2][CH2][C](=[O])[OH])[c]5[CH3])[C]([CH2][CH2][C](=[O])[OH])=[C]4[CH3])[c]([CH2][CH2][C](=[O])[OH])[c]3[CH3]
2995,[CH3][CH]=[C]1[C](=[CH][C]2=[N][C](=[CH][c]3[nH][c]([CH]=[C]4[NH][C](=[O])[C]([CH2][CH3])=[C]4[CH3])[c]([CH3])[c]3[CH2][CH2][C](=[O])[OH])[C]([CH2][CH2][C](=[O])[OH])=[C]2[CH3])[NH][C](=[O])[CH]1[CH3]
2996,[CH2]=[CH][C]1=[C]([CH3])[CH]([CH2][c]2[nH][c]([CH]=[C]3[N]=[C]([CH]=[C]4[NH][C](=[O])[CH]([CH3])[C]4=[CH][CH3])[C]([CH3])=[C]3[CH2][CH2][C](=[O])[OH])[c]([CH2][CH2][C](=[O])[OH])[c]2[CH3])[N]=[C]1[OH]
2997,[CH3][C]([CH3])=[CH][CH2][CH2][C]([CH3])=[CH][CH2][CH2][C]([CH3])=[CH][CH2][CH2][C]([CH3])=[CH][CH2][CH2][C]([CH3])=[CH][CH2][CH2][C]([CH3])=[CH][CH2][c]1[cH][cH][cH][cH][c]1[OH]
2998,[CH3][C]([CH3])=[CH][CH2][CH2][C]([CH3])=[CH][CH2][CH2][C]([CH3])=[CH][CH2][CH2][C]([CH3])=[CH][CH2][CH2][C]([CH3])=[CH][CH2][CH2][C]([CH3])=[CH][CH2][c]1[cH][cH][cH][c]([OH])[c]1[OH]
2999,[CH3][O][C]1=[CH][C](=[O])[CH]=[C]([CH2][CH]=[C]([CH3])[CH2][CH2][CH]=[C]([CH3])[CH2][CH2][CH]=[C]([CH3])[CH2][CH2][CH]=[C]([CH3])[CH2][CH2][CH]=[C]([CH3])[CH2][CH2][CH]=[C]([CH3])[CH3])[C]1=[O]