﻿substrate_ID,original_compound
0,[CH3][CH2][CH]=[O]
1,[CH3][CH]([OH])[CH2][OH]
2,[CH3][CH2][CH2][CH2][CH2][C](=[O])[CH]=[CH][CH]=[CH][CH2][CH2][CH2][CH2][CH2][CH2][CH2][C](=[O])[OH]
3,[CH3][CH2][CH2][CH2][CH2][CH]([OH])[CH]=[CH][CH]=[CH][CH2][CH2][CH2][CH2][CH2][CH2][CH2][C](=[O])[OH]
4,[CH3][CH2][CH2][CH2][CH2][CH]([CH]=[CH][CH]=[CH][CH2][CH2][CH2][CH2][CH2][CH2][CH2][C](=[O])[OH])[O][OH]
5,[O]=[CH][CH2][CH2][OH]
6,[OH][CH2][CH2][CH2][OH]
7,[O]=[C]([OH])[C]1=[N][CH2][CH2][CH2][CH2]1
8,[O]=[C]([OH])[CH]1[CH2][CH2][CH2][CH2][NH]1
9,[NH2][c]1[n][cH][n][c]2[c]1[n][cH][n]2[CH]1[O][CH]([CH2][OH])[CH]([O][P](=[O])([OH])[OH])[CH]1[OH]
10,[NH2][c]1[n][cH][n][c]2[c]1[n][cH][n]2[CH]1[O][CH]([CH2][OH])[CH]2[O][P](=[O])([OH])[O][CH]21
11,[O]=[c]1[n][c]([OH])[cH][cH][n]1[CH]1[O][CH]([CH2][OH])[CH]([O][P](=[O])([OH])[OH])[CH]1[OH]
12,[O]=[c]1[n][c]([OH])[cH][cH][n]1[CH]1[O][CH]([CH2][OH])[CH]2[O][P](=[O])([OH])[O][CH]21
13,[NH]=[c]1[cH][cH][n]([CH]2[O][CH]([CH2][OH])[CH]([O][P](=[O])([OH])[OH])[CH]2[OH])[c]([OH])[n]1
14,[NH]=[c]1[cH][cH][n]([CH]2[O][CH]([CH2][OH])[CH]3[O][P](=[O])([OH])[O][CH]32)[c]([OH])[n]1
15,[NH]=[c]1[n][c]([OH])[c]2[n][cH][n]([CH]3[O][CH]([CH2][OH])[CH]([O][P](=[O])([OH])[OH])[CH]3[OH])[c]2[nH]1
16,[NH]=[c]1[n][c]([OH])[c]2[n][cH][n]([CH]3[O][CH]([CH2][OH])[CH]4[O][P](=[O])([OH])[O][CH]43)[c]2[nH]1
17,[O]=[C]([OH])[C]1=[N][CH]([C](=[O])[OH])[CH2][CH]=[CH]1
18,[O]=[C]([OH])[c]1[cH][cH][cH][c]([C](=[O])[OH])[n]1
19,[CH3][CH2][CH2][CH2][CH2][CH2][CH2][CH2][CH2][CH2][CH2][CH2][CH2][CH2][CH2][C](=[O])[OH]
20,[CH3][CH2][CH2][CH2][CH2][CH2][CH2][CH2][CH2][CH2][CH2][CH2][CH2][CH2][CH2][C](=[O])[O][CH]([CH2][OH])[CH2][O][P](=[O])([OH])[O][CH2][CH2][NH2]
21,[CH3][CH2][CH2][CH2][CH2][CH2][CH2][CH2][CH2][CH2][CH2][CH2][CH2][CH2][CH2][C](=[O])[O][CH2][CH]([CH2][O][P](=[O])([OH])[O][CH2][CH2][NH2])[O][C](=[O])[CH2][CH2][CH2][CH2][CH2][CH2][CH2][CH2][CH2][CH2][CH2][CH2][CH2][CH2][CH3]
22,[CH3][CH2][CH2][CH2][CH2][CH2][CH2][CH2][CH2][CH2][CH2][CH2][CH2][CH2][CH2][CH2][CH2][C](=[O])[O][CH2][CH]([CH2][O][P](=[O])([OH])[O][CH2][CH2][NH2])[O][C](=[O])[CH2][CH2][CH2][CH2][CH2][CH2][CH2][CH2][CH2][CH2][CH2][CH2][CH2][CH2][CH2][CH2][CH3]
23,[CH3][CH2][CH2][CH2][CH2][CH2][CH2][CH2][CH2][CH2][CH2][CH2][CH2][CH2][CH2][CH2][CH2][C](=[O])[OH]
24,[CH3][CH2][CH2][CH2][CH2][CH2][CH2][CH2][CH2][CH2][CH2][CH2][CH2][CH2][CH2][CH2][CH2][C](=[O])[O][CH]([CH2][OH])[CH2][O][P](=[O])([OH])[O][CH2][CH2][NH2]
25,[CH3][CH2][CH2][CH2][CH2][CH2][CH2][CH2][CH2][CH2][CH2][CH2][CH2][CH2][CH2][C](=[O])[O][CH]([CH2][OH])[CH2][O][P](=[O])([OH])[O][CH2][CH]([OH])[CH2][OH]
26,[CH3][CH2][CH2][CH2][CH2][CH2][CH2][CH2][CH2][CH2][CH2][CH2][CH2][CH2][CH2][C](=[O])[O][CH2][CH]([CH2][O][P](=[O])([OH])[O][CH2][CH]([OH])[CH2][OH])[O][C](=[O])[CH2][CH2][CH2][CH2][CH2][CH2][CH2][CH2][CH2][CH2][CH2][CH2][CH2][CH2][CH3]
27,[CH3][CH2][CH2][CH2][CH2][CH2][CH2][CH2][CH2][CH2][CH2][CH2][CH2][CH2][CH2][CH2][CH2][C](=[O])[O][CH2][CH]([CH2][O][P](=[O])([OH])[O][CH2][CH]([OH])[CH2][OH])[O][C](=[O])[CH2][CH2][CH2][CH2][CH2][CH2][CH2][CH2][CH2][CH2][CH2][CH2][CH2][CH2][CH2][CH2][CH3]
28,[CH3][CH2][CH2][CH2][CH2][CH2][CH2][CH2][CH2][CH2][CH2][CH2][CH2][CH2][CH2][CH2][CH2][C](=[O])[O][CH]([CH2][OH])[CH2][O][P](=[O])([OH])[O][CH2][CH]([OH])[CH2][OH]
29,[CH3][C](=[O])[C](=[O])[OH]
30,[CH2]=[C]([NH2])[C](=[O])[OH]
31,[NH2][CH]([CH2][S](=[O])(=[O])[OH])[C](=[O])[OH]
32,[O]=[C]([OH])[C](=[O])[CH]([OH])[CH]([OH])[CH]([OH])[CH2][OH]
33,[O]=[C]([OH])[CH]([OH])[CH]([OH])[CH]([OH])[CH]([OH])[CH2][OH]
34,[O]=[C]([OH])[C](=[O])[CH]([OH])[CH]([OH])[CH]([OH])[CH2][O][P](=[O])([OH])[OH]
35,[CH3][CH]([CH3])[C](=[O])[C](=[O])[OH]
36,[CH3][C]([CH3])([CH2][OH])[C](=[O])[C](=[O])[OH]
37,[OH][CH2][CH]1[O][CH]([OH])[CH2][CH]([OH])[CH]1[OH]
38,[O]=[P]([OH])([OH])[O][CH2][CH]1[O][CH]([OH])[CH2][CH]([OH])[CH]1[OH]
39,[CH3][CH2][C](=[O])[C](=[O])[OH]
40,[CH3][CH2][CH]([OH])[C](=[O])[OH]
41,[CH3][c]1[n][cH][c]([CH2][O][P](=[O])([OH])[O][P](=[O])([OH])[OH])[c](=[NH])[nH]1
42,[CH3][c]1[n][cH][c]([CH2][O][P](=[O])([OH])[OH])[c](=[NH])[nH]1
43,[CH3][S][CH2][CH2][C](=[O])[C]([OH])=[CH][O][P](=[O])([OH])[OH]
44,[CH3][S][CH2][CH2][C](=[O])[C]([OH])=[CH][OH]
45,[CH3][C]([CH3])([CH2][O][P](=[O])([OH])[O][P](=[O])([OH])[O][CH2][CH]1[O][CH]([n]2[cH][n][c]3[c]([NH2])[n][cH][n][c]32)[CH]([OH])[CH]1[O][P](=[O])([OH])[OH])[CH]([OH])[C]([OH])=[N][CH2][CH2][C]([OH])=[N][CH2][CH2][S][C](=[O])[CH2][CH2][CH2][C](=[O])[OH]
46,[O]=[C]([OH])[CH2][CH2][CH2][C](=[O])[C](=[O])[OH]
47,[CH3][CH]([OH])[C](=[O])[OH]
48,[CH3][CH]([O][P](=[O])([OH])[OH])[C](=[O])[OH]
49,[O]=[C]([OH])[CH2][CH2][C](=[O])[C]1=[CH][CH]=[CH][CH]([OH])[CH]1[C](=[O])[OH]
50,[O]=[C]([OH])[CH2][CH2][C](=[O])[C](=[O])[OH]
51,[CH2]=[C]([O][CH]1[CH]=[CH][CH]=[C]([C](=[O])[OH])[CH]1[OH])[C](=[O])[OH]
52,[O]=[CH][CH2][c]1[cH][cH][c]([OH])[c]([OH])[cH]1
53,[O]=[C]([OH])[CH2][c]1[cH][cH][c]([OH])[c]([OH])[cH]1
54,[O]=[CH][CH]([OH])[c]1[cH][cH][c]([OH])[c]([OH])[cH]1
55,[OH][CH2][CH]([OH])[c]1[cH][cH][c]([OH])[c]([OH])[cH]1
56,[O]=[CH][C](=[CH][CH]=[C]([OH])[C](=[O])[OH])[CH2][C](=[O])[OH]
57,[O]=[C]([OH])[CH]([OH])[CH2][c]1[cH][cH][c]([OH])[cH][cH]1
58,[O]=[C]([OH])[C](=[O])[CH2][c]1[cH][cH][c]([OH])[cH][cH]1
59,[O]=[C]([OH])[CH2][c]1[cH][c]([OH])[cH][cH][c]1[OH]
60,[CH3][CH]([CH2][NH2])[C](=[O])[OH]
61,[CH3][CH]([CH]=[O])[C](=[O])[OH]
62,[NH2][CH]([CH2][CH2][C](=[O])[OH])[C](=[O])[OH]
63,[O]=[CH][CH2][C](=[O])[OH]
64,[NH2][CH]=[CH][C](=[O])[OH]
65,[CH3][C]([CH3])=[CH][CH2][CH2][C]([CH3])=[CH][CH2][CH2][C]([CH3])=[CH][CH2][CH2][C]([CH3])=[CH][CH2][CH2][C]([CH3])=[CH][CH2][CH2][C]([CH3])=[CH][CH2][c]1[cH][c]([C](=[O])[OH])[cH][c]([OH])[c]1[OH]
66,[CH3][O][c]1[cH][c]([C](=[O])[OH])[cH][c]([CH2][CH]=[C]([CH3])[CH2][CH2][CH]=[C]([CH3])[CH2][CH2][CH]=[C]([CH3])[CH2][CH2][CH]=[C]([CH3])[CH2][CH2][CH]=[C]([CH3])[CH2][CH2][CH]=[C]([CH3])[CH3])[c]1[OH]
67,[CH3][CH2][CH2][CH2][CH2][CH2][CH2][CH2][CH2][CH2][CH2][CH2][CH2][CH2][CH2][C](=[O])[CH]([NH2])[CH2][OH]
68,[CH3][CH2][CH2][CH2][CH2][CH2][CH2][CH2][CH2][CH2][CH2][CH2][CH2][CH2][CH2][CH]([OH])[CH]([NH2])[CH2][OH]
69,[NH2][C]([C](=[O])[OH])=[C]([CH]=[CH][CH]=[O])[C](=[O])[OH]
70,[NH2][c]1[c]([OH])[cH][cH][cH][c]1[C](=[O])[OH]
71,[O]=[C]([OH])[CH]=[CH][c]1[cH][cH][cH][c]([OH])[c]1[OH]
72,[O]=[C]([OH])[CH]=[CH][c]1[cH][cH][cH][c]([OH])[cH]1
73,[CH3][C]([CH3])([CH2][O][P](=[O])([OH])[O][P](=[O])([OH])[O][CH2][CH]1[O][CH]([n]2[cH][n][c]3[c]([NH2])[n][cH][n][c]32)[CH]([OH])[CH]1[O][P](=[O])([OH])[OH])[CH]([OH])[C]([OH])=[N][CH2][CH2][C]([OH])=[N][CH2][CH2][S][C](=[O])[CH2][C](=[O])[CH2][CH2][CH2][C](=[O])[OH]
74,[CH3][C]([CH3])([CH2][O][P](=[O])([OH])[O][P](=[O])([OH])[O][CH2][CH]1[O][CH]([n]2[cH][n][c]3[c]([NH2])[n][cH][n][c]32)[CH]([OH])[CH]1[O][P](=[O])([OH])[OH])[CH]([OH])[C]([OH])=[N][CH2][CH2][C]([OH])=[N][CH2][CH2][S][C](=[O])[CH2][CH]([OH])[CH2][CH2][CH2][C](=[O])[OH]
75,[O]=[C]([OH])[CH2][c]1[cH][cH][cH][c]([OH])[cH]1
76,[CH3][C]([CH3])([CH2][O][P](=[O])([OH])[O][P](=[O])([OH])[O][CH2][CH]1[O][CH]([n]2[cH][n][c]3[c]([NH2])[n][cH][n][c]32)[CH]([OH])[CH]1[O][P](=[O])([OH])[OH])[CH]([OH])[C]([OH])=[N][CH2][CH2][C]([OH])=[N][CH2][CH2][S][C](=[O])[CH2][CH2][OH]
77,[O]=[C]([OH])[CH2][CH2][OH]
78,[CH3][O][c]1[cH][cH][cH][c]([CH2][CH]=[C]([CH3])[CH2][CH2][CH]=[C]([CH3])[CH2][CH2][CH]=[C]([CH3])[CH2][CH2][CH]=[C]([CH3])[CH2][CH2][CH]=[C]([CH3])[CH2][CH2][CH]=[C]([CH3])[CH3])[c]1[OH]
79,[O]=[C]([OH])[CH2][CH2][c]1[cH][cH][cH][c]([OH])[cH]1
80,[O]=[C]([OH])[CH2][CH2][c]1[cH][cH][cH][c]([OH])[c]1[OH]
81,[NH2][CH2][CH2][C](=[O])[c]1[cH][cH][cH][c]([OH])[c]1[NH2]
82,[NH2][c]1[c]([OH])[cH][cH][cH][c]1[C](=[O])[CH2][CH]([NH2])[C](=[O])[OH]
83,[OH][OH]
84,[OH][c]1[cH][cH][n][c]2[c]([OH])[cH][cH][cH][c]12
85,[O]=[C]([OH])[CH]([OH])[C](=[O])[CH]([OH])[CH]([OH])[CH2][O][P](=[O])([OH])[OH]
86,[O]=[C]([OH])[CH]([OH])[C](=[O])[CH]([OH])[CH]([OH])[CH2][OH]
87,[CH3][CH]([CH3])[C](=[O])[S][CH2][CH2][CH]([SH])[CH2][CH2][CH2][CH2][C](=[NH])[OH]
88,[NH]=[C]([OH])[CH2][CH2][CH2][CH2][CH]1[CH2][CH2][S][S]1
89,[CH3][CH2][CH]([CH3])[C](=[O])[S][CH2][CH2][CH]([SH])[CH2][CH2][CH2][CH2][C](=[NH])[OH]
90,[CH3][CH2][CH]([CH3])[C](=[O])[C](=[O])[OH]
91,[CH3][c]1[cH][cH][cH][c]([CH]=[O])[cH]1
92,[CH3][c]1[cH][cH][cH][c]([CH2][OH])[cH]1
93,[CH3][c]1[cH][cH][cH][c]([C](=[O])[OH])[cH]1
94,[CH3][c]1[cH][cH][cH][c]([OH])[c]1[OH]
95,[CH3][C](=[O])[CH]=[CH][CH]=[C]([OH])[C](=[O])[OH]
96,[CH3][CH]([C](=[O])[OH])[C](=[O])[C](=[O])[OH]
97,[CH3][CH]([C](=[O])[OH])[CH]([OH])[C](=[O])[OH]
98,[CH3][CH]([CH3])[CH]=[O]
99,[CH3][CH2][CH]([CH3])[CH]=[O]
100,[CH3][O][c]1[cH][c]([CH2][CH]=[O])[cH][cH][c]1[OH]
101,[CH3][O][c]1[cH][c]([CH2][CH2][NH2])[cH][cH][c]1[OH]
102,[O]=[c]1[n][c]([OH])[cH][cH][n]1[CH]1[O][CH]([CH2][OH])[CH]([OH])[CH]1[OH]
103,[NH]=[c]1[cH][cH][n]([CH]2[O][CH]([CH2][OH])[CH]([OH])[CH]2[OH])[c]([OH])[n]1
104,[NH2][c]1[n][cH][n][c]2[c]1[n][cH][n]2[CH]1[O][CH]([CH2][OH])[CH]([OH])[CH]1[OH]
105,[NH]=[c]1[n][c]([OH])[c]2[n][cH][n]([CH]3[O][CH]([CH2][OH])[CH]([OH])[CH]3[OH])[c]2[nH]1
106,[O]=[CH][CH2][c]1[cH][cH][c]([OH])[c]([N+](=[O])[O-])[cH]1
107,[NH2][CH2][CH2][c]1[cH][cH][c]([OH])[c]([N+](=[O])[O-])[cH]1
108,[CH3][CH2][CH2][CH2][CH2][CH2][CH2][CH2][CH2][CH2][CH2][CH2][CH2][CH2][CH2][C](=[O])[CH2][C](=[O])[S][CH2][CH2][N]=[C]([OH])[CH2][CH2][N]=[C]([OH])[CH]([OH])[C]([CH3])([CH3])[CH2][O][P](=[O])([OH])[O][P](=[O])([OH])[O][CH2][CH]1[O][CH]([n]2[cH][n][c]3[c]([NH2])[n][cH][n][c]32)[CH]([OH])[CH]1[O][P](=[O])([OH])[OH]
109,[CH3][CH2][CH2][CH2][CH2][CH2][CH2][CH2][CH2][CH2][CH2][CH2][CH2][CH2][CH2][CH]([OH])[CH2][C](=[O])[S][CH2][CH2][N]=[C]([OH])[CH2][CH2][N]=[C]([OH])[CH]([OH])[C]([CH3])([CH3])[CH2][O][P](=[O])([OH])[O][P](=[O])([OH])[O][CH2][CH]1[O][CH]([n]2[cH][n][c]3[c]([NH2])[n][cH][n][c]32)[CH]([OH])[CH]1[O][P](=[O])([OH])[OH]
110,[CH3][C]([CH3])([CH2][O][P](=[O])([OH])[O][P](=[O])([OH])[O][CH2][CH]1[O][CH]([n]2[cH][n][c]3[c]([NH2])[n][cH][n][c]32)[CH]([OH])[CH]1[O][P](=[O])([OH])[OH])[CH]([OH])[C]([OH])=[N][CH2][CH2][C]([OH])=[N][CH2][CH2][S][C](=[O])[CH2][C](=[O])[OH]
111,[CH3][CH2][CH2][CH2][CH2][CH2][CH2][CH2][CH2][CH2][CH2][CH2][CH2][CH2][CH2][C](=[O])[S][CH2][CH2][N]=[C]([OH])[CH2][CH2][N]=[C]([OH])[CH]([OH])[C]([CH3])([CH3])[CH2][O][P](=[O])([OH])[O][P](=[O])([OH])[O][CH2][CH]1[O][CH]([n]2[cH][n][c]3[c]([NH2])[n][cH][n][c]32)[CH]([OH])[CH]1[O][P](=[O])([OH])[OH]
112,[CH3][C]([CH3])([CH2][O][P](=[O])([OH])[O][P](=[O])([OH])[O][CH2][CH]1[O][CH]([n]2[cH][n][c]3[c]([NH2])[n][cH][n][c]32)[CH]([OH])[CH]1[O][P](=[O])([OH])[OH])[CH]([OH])[C]([OH])=[N][CH2][CH2][C]([OH])=[N][CH2][CH2][S][C](=[O])[CH2][C](=[O])[CH2][CH2][C](=[O])[OH]
113,[O]=[C]([OH])[CH2][CH2][C](=[O])[OH]
114,[O]=[C]([OH])[CH2][CH2][C](=[O])[CH2][C](=[O])[OH]
115,[CH3][C]([CH3])([CH2][O][P](=[O])([OH])[O][P](=[O])([OH])[O][CH2][CH]1[O][CH]([n]2[cH][n][c]3[c]([NH2])[n][cH][n][c]32)[CH]([OH])[CH]1[O][P](=[O])([OH])[OH])[CH]([OH])[C]([OH])=[N][CH2][CH2][C]([OH])=[N][CH2][CH2][S][C](=[O])[CH2][CH2][C](=[O])[OH]
116,[CH3][C]([CH3])=[CH][CH2][CH2][C]([CH3])=[CH][CH2][CH2][C]([CH3])=[CH][CH2][CH2][C]([CH3])=[CH][CH2][CH2][C]([CH3])=[CH][CH2][CH2][C]([CH3])=[CH][CH2][c]1[cH][c]([C](=[O])[OH])[cH][cH][c]1[OH]
117,[CH3][C](=[O])[S][CH2][CH2][N]=[C]([OH])[CH2][CH2][N]=[C]([OH])[CH]([OH])[C]([CH3])([CH3])[CH2][O][P](=[O])([OH])[O][P](=[O])([OH])[O][CH2][CH]1[O][CH]([n]2[cH][n][c]3[c]([NH2])[n][cH][n][c]32)[CH]([OH])[CH]1[O][P](=[O])([OH])[OH]
118,[CH3][C]([CH3])([CH2][O][P](=[O])([OH])[O][P](=[O])([OH])[O][CH2][CH]1[O][CH]([n]2[cH][n][c]3[c]([NH2])[n][cH][n][c]32)[CH]([OH])[CH]1[O][P](=[O])([OH])[OH])[CH]([OH])[C]([OH])=[N][CH2][CH2][C]([OH])=[N][CH2][CH2][S][C](=[O])[CH2][c]1[cH][cH][cH][c]([OH])[cH]1
119,[NH2][CH]([CH2][S](=[O])[OH])[C](=[O])[OH]
120,[NH2][CH2][CH]([OH])[c]1[cH][cH][c]([OH])[c]([OH])[cH]1
121,[NH2][CH2][CH2][c]1[cH][cH][c]([OH])[c]([OH])[cH]1
122,[NH2][CH2][CH2][CH2][C](=[O])[OH]
123,[NH2][CH2][CH2][CH2][CH]=[O]
124,[O]=[C]([OH])[CH2][C](=[CH][CH]=[C]([OH])[C](=[O])[OH])[C](=[O])[OH]
125,[CH3][C]([CH3])([CH2][O][P](=[O])([OH])[O][P](=[O])([OH])[O][CH2][CH]1[O][CH]([n]2[cH][n][c]3[c]([NH2])[n][cH][n][c]32)[CH]([OH])[CH]1[O][P](=[O])([OH])[OH])[CH]([OH])[C]([OH])=[N][CH2][CH2][C]([OH])=[N][CH2][CH2][S][C](=[O])[CH]=[CH][c]1[cH][cH][c]([OH])[cH][cH]1
126,[O]=[C]([OH])[CH]=[CH][c]1[cH][cH][c]([OH])[cH][cH]1
127,[O]=[C]([OH])[CH2][C]1=[CH][CH2][C](=[O])[O]1
128,[O]=[C]([OH])[CH2][C]1([C](=[O])[OH])[CH]=[CH][C](=[O])[O]1
129,[O]=[C]([OH])[CH2][CH2][CH]([OH])[CH2][C](=[O])[C](=[O])[OH]
130,[O]=[CH][CH2][CH2][C](=[O])[OH]
131,[O]=[C]([OH])[CH2][c]1[cH][cH][c]([OH])[c]([N+](=[O])[O-])[cH]1
132,[CH3][C](=[O])[O][c]1[cH][cH][c]([OH])[cH][cH]1
133,[O]=[CH][CH2][c]1[cH][cH][c]([OH])[cH][cH]1
134,[CH3][C]([CH3])([CH2][O][P](=[O])([OH])[O][P](=[O])([OH])[O][CH2][CH]1[O][CH]([n]2[cH][n][c]3[c]([NH2])[n][cH][n][c]32)[CH]([OH])[CH]1[O][P](=[O])([OH])[OH])[CH]([OH])[C]([OH])=[N][CH2][CH2][C]([OH])=[N][CH2][CH2][S][C](=[O])[CH2][CH2][CH2][OH]
135,[CH2]=[CH][CH2][C](=[O])[S][CH2][CH2][N]=[C]([OH])[CH2][CH2][N]=[C]([OH])[CH]([OH])[C]([CH3])([CH3])[CH2][O][P](=[O])([OH])[O][P](=[O])([OH])[O][CH2][CH]1[O][CH]([n]2[cH][n][c]3[c]([NH2])[n][cH][n][c]32)[CH]([OH])[CH]1[O][P](=[O])([OH])[OH]
136,[O]=[C]([OH])[c]1[cH][cH][c]([OH])[cH][cH]1
137,[O]=[C]([OH])[c]1[cH][cH][c]([OH])[c]([OH])[cH]1
138,[CH3][C]([CH3])([CH2][O][P](=[O])([OH])[O][P](=[O])([OH])[O][CH2][CH]1[O][CH]([n]2[cH][n][c]3[c]([NH2])[n][cH][n][c]32)[CH]([OH])[CH]1[O][P](=[O])([OH])[OH])[CH]([OH])[C]([OH])=[N][CH2][CH2][C]([OH])=[N][CH2][CH2][S][C](=[O])[c]1[cH][cH][c]([OH])[cH][cH]1
139,[CH3][C]([CH3])([CH2][O][P](=[O])([OH])[O][P](=[O])([OH])[O][CH2][CH]1[O][CH]([n]2[cH][n][c]3[c]([NH2])[n][cH][n][c]32)[CH]([OH])[CH]1[O][P](=[O])([OH])[OH])[CH]([OH])[C]([OH])=[N][CH2][CH2][C]([OH])=[N][CH2][CH2][S][C](=[O])[c]1[cH][cH][cH][cH][cH]1
140,[NH2][CH]([CH2][CH]([OH])[C](=[O])[OH])[C](=[O])[OH]
141,[NH2][CH]([CH2][CH]([OH])[CH]=[O])[C](=[O])[OH]
142,[NH2][CH]([C](=[O])[OH])[CH]([OH])[CH2][OH]
143,[NH2][CH]([C](=[O])[OH])[CH]([OH])[CH2][O][P](=[O])([OH])[OH]
144,[CH3][CH]([CH3])[CH2][C](=[O])[S][CH2][CH2][CH]([SH])[CH2][CH2][CH2][CH2][C](=[NH])[OH]
145,[CH3][CH]([CH3])[CH2][C](=[O])[C](=[O])[OH]
146,[CH3][c]1[cH][cH][c]([CH]=[O])[cH][cH]1
147,[CH3][c]1[cH][cH][c]([CH2][OH])[cH][cH]1
148,[CH3][c]1[cH][cH][c]([C](=[O])[OH])[cH][cH]1
149,[CH3][C]([CH]=[O])=[CH][CH]=[C]([OH])[C](=[O])[OH]
150,[CH3][c]1[cH][cH][c]([OH])[c]([OH])[cH]1
151,[CH2]=[CH][CH]=[C]([OH])[C](=[O])[OH]
152,[O]=[C]([OH])[CH]=[CH][CH2][C](=[O])[C](=[O])[OH]
153,[CH3][CH]([CH]=[CH][C](=[O])[C](=[O])[OH])[C](=[O])[OH]
154,[CH3][C](=[CH][CH]=[C]([OH])[C](=[O])[OH])[C](=[O])[OH]
155,[CH3][C]([CH3])([CH2][O][P](=[O])([OH])[O][P](=[O])([OH])[O][CH2][CH]1[O][CH]([n]2[cH][n][c]3[c]([NH2])[n][cH][n][c]32)[CH]([OH])[CH]1[O][P](=[O])([OH])[OH])[CH]([OH])[C]([OH])=[N][CH2][CH2][C]([OH])=[N][CH2][CH2][S][C](=[O])[CH2][c]1[cH][cH][c]([OH])[cH][cH]1
156,[NH]=[C]([OH])[NH][CH2][CH]([F])[C](=[O])[OH]
157,[OH][C]1=[N][CH2][CH]([F])[C]([OH])=[N]1
158,[O]=[C]([OH])[CH]([OH])[CH]([OH])[CH]([OH])[C](=[O])[CH2][OH]
159,[NH2][c]1[n][cH][nH][c]2[n][cH][n][c]1-2
160,[CH3][CH]([OH])[CH]([OH])[CH]([OH])[CH]=[O]
161,[CH3][CH]1[O][CH]([n]2[cH][n][c]3[c]([NH2])[n][cH][n][c]32)[CH]([OH])[CH]1[OH]
162,[OH][c]1[n][cH][c]([F])[c]([OH])[n]1
163,[O]=[c]1[n][c]([OH])[c]([F])[cH][n]1[CH]1[O][CH]([CH2][O][P](=[O])([OH])[OH])[CH]([OH])[CH]1[OH]
164,[O]=[P]([OH])([OH])[O][CH2][CH]1[O][CH]([O][P](=[O])([OH])[O][P](=[O])([OH])[OH])[CH]([OH])[CH]1[OH]
165,[O]=[CH][CH2][c]1[cH][nH][c]2[cH][cH][c]([OH])[cH][c]12
166,[NH2][CH2][CH2][c]1[cH][nH][c]2[cH][cH][c]([OH])[cH][c]12
167,[O]=[c]1[cH][cH][nH][c]2[cH][cH][c]([OH])[cH][c]12
168,[NH2][CH2][CH2][C](=[O])[c]1[cH][c]([OH])[cH][cH][c]1[NH2]
169,[NH]=[c]1[n][c]([OH])[c]2[c]([nH]1)[NH][CH2][CH]([C](=[O])[OH])[NH]2
170,[O]=[P]([OH])([OH])[O][P](=[O])([OH])[O][P](=[O])([OH])[OH]
171,[CH3][CH]=[O]
172,[NH]=[c]1[n][c]([OH])[c]2[c]([nH]1)[NH][CH2][C]([CH]([OH])[CH]([OH])[CH2][O][P](=[O])([OH])[O][P](=[O])([OH])[O][P](=[O])([OH])[OH])=[N]2
173,[OH][c]1[cH][cH][c]([OH])[n][cH]1
174,[O]=[C]([OH])[c]1[cH][cH][c]([OH])[n][cH]1
175,[SH][c]1[n][cH][n][c]2[nH][cH][n][c]12
176,[O]=[P]([OH])([OH])[O][CH2][CH]1[O][CH]([n]2[cH][n][c]3[c]([SH])[n][cH][n][c]32)[CH]([OH])[CH]1[OH]
177,[O]=[P]([OH])([OH])[O][CH2][CH]1[O][CH]([OH])[CH]([OH])[CH]([OH])[CH]1[OH]
178,[OH][CH2][c]1[cH][cH][cH][cH][c]1[OH]
179,[O]=[P]([OH])([OH])[O][CH2][CH]1[O][CH]([O][c]2[cH][cH][cH][cH][c]2[CH2][OH])[CH]([OH])[CH]([OH])[CH]1[OH]
180,[O]=[P]([OH])([OH])[O][CH2][CH]1[O][CH]([n]2[cH][n][c]3[c]([SH])[n][c]([OH])[n][c]32)[CH]([OH])[CH]1[OH]
181,[NH]=[c]1[n][c]([SH])[c]2[n][cH][n]([CH]3[O][CH]([CH2][O][P](=[O])([OH])[OH])[CH]([OH])[CH]3[OH])[c]2[nH]1
182,[NH]=[C]([OH])[CH2][CH2][CH]([NH2])[C](=[O])[OH]
183,[O]=[CH][CH2][CH2][CH2][CH2][CH2][C](=[O])[OH]
184,[NH2][CH]([CH2][SH])[C](=[O])[OH]
185,[O]=[C]([OH])[CH2][CH2][CH2][CH2][CH2][CH2][SH]
186,[NH2][CH]([CH2][OH])[C](=[O])[OH]
187,[CH3][CH]([OH])[CH]([NH2])[C](=[O])[OH]
188,[CH3][CH]([OH])[CH]([N]=[C]([OH])[CH2][CH2][CH2][CH2][CH2][CH2][SH])[C](=[O])[OH]
189,[O]=[CH][CH]([OH])[CH]([OH])[CH]([OH])[CH2][O][P](=[O])([OH])[OH]
190,[O]=[C]([CH2][OH])[CH]([OH])[CH]([OH])[CH2][O][P](=[O])([OH])[OH]
191,[NH2][CH]([CH2][c]1[cH][n][cH][nH]1)[C](=[O])[OH]
192,[NH2][CH2][CH2][CH2][C]([OH])=[N][CH]([CH2][c]1[cH][n][cH][nH]1)[C](=[O])[OH]
193,[CH3][C](=[O])[OH]
194,[CH3][C]([OH])=[N][CH2][CH2][CH2][C](=[O])[OH]
195,[CH3][C](=[O])[CH2][C](=[O])[S][CH2][CH2][N]=[C]([OH])[CH2][CH2][N]=[C]([OH])[CH]([OH])[C]([CH3])([CH3])[CH2][O][P](=[O])([OH])[O][P](=[O])([OH])[O][CH2][CH]1[O][CH]([n]2[cH][n][c]3[c]([NH2])[n][cH][n][c]32)[CH]([OH])[CH]1[O][P](=[O])([OH])[OH]
196,[CH3][C](=[O])[CH2][C](=[O])[OH]
197,[CH3][C](=[O])[CH2][NH2]
198,[CH3][C](=[O])[CH]=[O]
199,[CH3][c]1[cH][n]([CH]2[CH2][CH]([OH])[CH]([CH2][O][P](=[O])([OH])[O][P](=[O])([OH])[OH])[O]2)[c](=[O])[n][c]1[OH]
200,[CH3][C]([CH3])=[CH][CH2][CH2][C]([CH3])=[CH][CH2][CH2][C]([CH3])=[CH][CH2][CH2][C]([CH3])=[CH][CH2][CH2][C]([CH3])=[CH][CH2][CH2][C]([CH3])=[CH][CH2][CH2][C]([CH3])=[CH][CH2][CH2][C]([CH3])=[CH][CH2][CH2][C]([CH3])=[CH][CH2][CH2][C]([CH3])=[CH][CH2][CH2][C]([CH3])=[CH][CH2][O][P](=[O])([OH])[O][P](=[O])([OH])[O][CH]1[O][CH]([CH2][OH])[CH]([O][CH]2[O][CH]([C](=[O])[OH])[CH]([O][CH]3[O][CH]([CH3])[CH]([N]=[C]([CH3])[OH])[CH]([OH])[CH]3[OH])[CH]([OH])[CH]2[N]=[C]([CH3])[OH])[CH]([OH])[CH]1[N]=[C]([CH3])[OH]
201,[CH3][C]([CH3])=[CH][CH2][CH2][C]([CH3])=[CH][CH2][CH2][C]([CH3])=[CH][CH2][CH2][C]([CH3])=[CH][CH2][CH2][C]([CH3])=[CH][CH2][CH2][C]([CH3])=[CH][CH2][CH2][C]([CH3])=[CH][CH2][CH2][C]([CH3])=[CH][CH2][CH2][C]([CH3])=[CH][CH2][CH2][C]([CH3])=[CH][CH2][CH2][C]([CH3])=[CH][CH2][O][P](=[O])([OH])[O][P](=[O])([OH])[O][CH]1[O][CH]([CH2][OH])[CH]([O][CH]2[O][CH]([C](=[O])[OH])[CH]([OH])[CH]([OH])[CH]2[N]=[C]([CH3])[OH])[CH]([OH])[CH]1[N]=[C]([CH3])[OH]
202,[CH3][C]([OH])=[N][CH]1[CH]([CH3])[O][CH]([O][P](=[O])([OH])[O][P](=[O])([OH])[O][CH2][CH]2[O][CH]([n]3[cH][c]([CH3])[c]([OH])[n][c]3=[O])[CH2][CH]2[OH])[CH]([OH])[CH]1[OH]
203,[NH2][CH]([CH2][CH2][CH2][CH]=[O])[C](=[O])[OH]
204,[NH2][CH]([CH2][CH2][CH2][C](=[O])[OH])[C](=[O])[OH]
205,[NH2][c]1[n][cH][n][c]2[c]1[n][cH][n]2[CH]1[O][CH]([CH2][O][P](=[O])([OH])[O][S](=[O])(=[O])[OH])[CH]([O][P](=[O])([OH])[OH])[CH]1[OH]
206,[NH2][c]1[n][cH][n][c]2[c]1[n][cH][n]2[CH]1[O][CH]([CH2][O][P](=[O])([OH])[O][S](=[O])(=[O])[OH])[CH]([OH])[CH]1[OH]
207,[O]=[C]([OH])[C](=[O])[CH2][S](=[O])(=[O])[OH]
208,[OH][CH2][CH]1[O][CH]([O][CH]2[O][CH]([CH2][OH])[CH]([OH])[CH]([OH])[CH]2[OH])[CH]([OH])[CH]([OH])[CH]1[OH]
209,[OH][CH2][CH]1[O][CH]([OH])[CH]([OH])[CH]([OH])[CH]1[OH]
210,[OH][CH2][CH]1[O][CH]([OH])[CH]([OH])[CH]([OH])[CH]1[OH]
211,[OH][c]1[cH][cH][c]([OH])[cH][cH]1
212,[O]=[P]([OH])([OH])[O][CH2][CH]1[O][CH]([O][c]2[cH][cH][c]([OH])[cH][cH]2)[CH]([OH])[CH]([OH])[CH]1[OH]
213,[OH][CH2][CH]1[O][C]([OH])([CH2][OH])[CH]([OH])[CH]1[OH]
214,[O]=[P]([OH])([OH])[O][CH2][CH]1[O][C]([OH])([CH2][OH])[CH]([OH])[CH]1[OH]
215,[OH][CH2][CH]([OH])[CH]([OH])[CH]([OH])[CH2][OH]
216,[O]=[C]([CH2][OH])[CH]([OH])[CH]([OH])[CH2][OH]
217,[CH3][C](=[O])[CH]([CH3])[C](=[O])[S][CH2][CH2][N]=[C]([OH])[CH2][CH2][N]=[C]([OH])[CH]([OH])[C]([CH3])([CH3])[CH2][O][P](=[O])([OH])[O][P](=[O])([OH])[O][CH2][CH]1[O][CH]([n]2[cH][n][c]3[c]([NH2])[n][cH][n][c]32)[CH]([OH])[CH]1[O][P](=[O])([OH])[OH]
218,[CH3][CH2][C](=[O])[S][CH2][CH2][N]=[C]([OH])[CH2][CH2][N]=[C]([OH])[CH]([OH])[C]([CH3])([CH3])[CH2][O][P](=[O])([OH])[O][P](=[O])([OH])[O][CH2][CH]1[O][CH]([n]2[cH][n][c]3[c]([NH2])[n][cH][n][c]32)[CH]([OH])[CH]1[O][P](=[O])([OH])[OH]
219,[CH3][CH2][CH2][C](=[O])[CH2][C](=[O])[S][CH2][CH2][N]=[C]([OH])[CH2][CH2][N]=[C]([OH])[CH]([OH])[C]([CH3])([CH3])[CH2][O][P](=[O])([OH])[O][P](=[O])([OH])[O][CH2][CH]1[O][CH]([n]2[cH][n][c]3[c]([NH2])[n][cH][n][c]32)[CH]([OH])[CH]1[O][P](=[O])([OH])[OH]
220,[CH3][CH2][CH2][C](=[O])[S][CH2][CH2][N]=[C]([OH])[CH2][CH2][N]=[C]([OH])[CH]([OH])[C]([CH3])([CH3])[CH2][O][P](=[O])([OH])[O][P](=[O])([OH])[O][CH2][CH]1[O][CH]([n]2[cH][n][c]3[c]([NH2])[n][cH][n][c]32)[CH]([OH])[CH]1[O][P](=[O])([OH])[OH]
221,[CH3][CH2][CH2][CH2][CH2][CH2][CH2][C](=[O])[CH2][C](=[O])[S][CH2][CH2][N]=[C]([OH])[CH2][CH2][N]=[C]([OH])[CH]([OH])[C]([CH3])([CH3])[CH2][O][P](=[O])([OH])[O][P](=[O])([OH])[O][CH2][CH]1[O][CH]([n]2[cH][n][c]3[c]([NH2])[n][cH][n][c]32)[CH]([OH])[CH]1[O][P](=[O])([OH])[OH]
222,[CH3][CH2][CH2][CH2][CH2][CH2][CH2][C](=[O])[S][CH2][CH2][N]=[C]([OH])[CH2][CH2][N]=[C]([OH])[CH]([OH])[C]([CH3])([CH3])[CH2][O][P](=[O])([OH])[O][P](=[O])([OH])[O][CH2][CH]1[O][CH]([n]2[cH][n][c]3[c]([NH2])[n][cH][n][c]32)[CH]([OH])[CH]1[O][P](=[O])([OH])[OH]
223,[CH3][CH2][CH2][CH2][CH2][CH2][CH2][CH2][CH2][C](=[O])[CH2][C](=[O])[S][CH2][CH2][N]=[C]([OH])[CH2][CH2][N]=[C]([OH])[CH]([OH])[C]([CH3])([CH3])[CH2][O][P](=[O])([OH])[O][P](=[O])([OH])[O][CH2][CH]1[O][CH]([n]2[cH][n][c]3[c]([NH2])[n][cH][n][c]32)[CH]([OH])[CH]1[O][P](=[O])([OH])[OH]
224,[CH3][CH2][CH2][CH2][CH2][CH2][CH2][CH2][CH2][C](=[O])[S][CH2][CH2][N]=[C]([OH])[CH2][CH2][N]=[C]([OH])[CH]([OH])[C]([CH3])([CH3])[CH2][O][P](=[O])([OH])[O][P](=[O])([OH])[O][CH2][CH]1[O][CH]([n]2[cH][n][c]3[c]([NH2])[n][cH][n][c]32)[CH]([OH])[CH]1[O][P](=[O])([OH])[OH]
225,[CH3][CH2][CH2][CH2][CH2][CH2][CH2][CH2][CH2][CH2][CH2][C](=[O])[CH2][C](=[O])[S][CH2][CH2][N]=[C]([OH])[CH2][CH2][N]=[C]([OH])[CH]([OH])[C]([CH3])([CH3])[CH2][O][P](=[O])([OH])[O][P](=[O])([OH])[O][CH2][CH]1[O][CH]([n]2[cH][n][c]3[c]([NH2])[n][cH][n][c]32)[CH]([OH])[CH]1[O][P](=[O])([OH])[OH]
226,[CH3][CH2][CH2][CH2][CH2][CH2][CH2][CH2][CH2][CH2][CH2][C](=[O])[S][CH2][CH2][N]=[C]([OH])[CH2][CH2][N]=[C]([OH])[CH]([OH])[C]([CH3])([CH3])[CH2][O][P](=[O])([OH])[O][P](=[O])([OH])[O][CH2][CH]1[O][CH]([n]2[cH][n][c]3[c]([NH2])[n][cH][n][c]32)[CH]([OH])[CH]1[O][P](=[O])([OH])[OH]
227,[CH3][CH2][CH2][CH2][CH2][CH2][CH2][CH2][CH2][CH2][CH2][CH2][CH2][C](=[O])[CH2][C](=[O])[S][CH2][CH2][N]=[C]([OH])[CH2][CH2][N]=[C]([OH])[CH]([OH])[C]([CH3])([CH3])[CH2][O][P](=[O])([OH])[O][P](=[O])([OH])[O][CH2][CH]1[O][CH]([n]2[cH][n][c]3[c]([NH2])[n][cH][n][c]32)[CH]([OH])[CH]1[O][P](=[O])([OH])[OH]
228,[CH3][CH2][CH2][CH2][CH2][CH2][CH2][CH2][CH2][CH2][CH2][CH2][CH2][C](=[O])[S][CH2][CH2][N]=[C]([OH])[CH2][CH2][N]=[C]([OH])[CH]([OH])[C]([CH3])([CH3])[CH2][O][P](=[O])([OH])[O][P](=[O])([OH])[O][CH2][CH]1[O][CH]([n]2[cH][n][c]3[c]([NH2])[n][cH][n][c]32)[CH]([OH])[CH]1[O][P](=[O])([OH])[OH]
229,[CH3][C](=[O])[CH]([CH3])[OH]
230,[CH3][C]([OH])=[N][c]1[cH][cH][cH][cH][c]1[C](=[O])[OH]
231,[NH2][c]1[cH][cH][cH][cH][c]1[C](=[O])[OH]
232,[CH3][CH2][C]([OH])([C]([CH3])=[O])[C](=[O])[OH]
233,[CH3][c]1[n][cH][c]([CH2][n+]2[cH][s][c]([CH2][CH2][O][P](=[O])([OH])[O][P](=[O])([OH])[OH])[c]2[CH3])[c](=[NH])[nH]1
234,[CH3][c]1[n][cH][c]([CH2][n+]2[c]([CH]([CH3])[OH])[s][c]([CH2][CH2][O][P](=[O])([OH])[O][P](=[O])([OH])[OH])[c]2[CH3])[c](=[NH])[nH]1
235,[CH3][C]1=[C]2[N]=[C]([CH]=[C]3[N]=[C]([C]([CH3])=[C]4[NH][C]([CH3])([CH]5[N]=[C]1[C]([CH3])([CH2][CH2][C]([OH])=[N][CH2][CH]([CH3])[O][P](=[O])([OH])[OH])[CH]5[CH2][C](=[NH])[OH])[C]([CH3])([CH2][C](=[NH])[OH])[CH]4[CH2][CH2][C](=[NH])[OH])[C]([CH3])([CH2][C](=[NH])[OH])[CH]3[CH2][CH2][C](=[NH])[OH])[C]([CH3])([CH3])[CH]2[CH2][CH2][C](=[NH])[OH]
236,[NH2][C]1([C](=[O])[OH])[CH2][CH2]1
237,[CH3][CH2][OH]
238,[CH3][S][CH2][CH2][C](=[O])[C](=[O])[OH]
239,[C-]#[O+]
240,[CH3][S][CH2][CH2][C](=[O])[OH]
241,[CH3][C]([OH])=[N][CH]1[CH]([O][P](=[O])([OH])[OH])[O][CH]([CH2][OH])[CH]([OH])[CH]1[OH]
242,[CH3][C]([OH])=[N][CH]1[CH]([OH])[O][CH]([CH2][OH])[CH]([OH])[CH]1[OH]
243,[CH3][C]([OH])=[N][CH]1[CH]([OH])[O][CH]([CH2][O][P](=[O])([OH])[OH])[CH]([OH])[CH]1[OH]
244,[CH2]=[C]([O][P](=[O])([OH])[OH])[C](=[O])[OH]
245,[CH3][C]([OH])=[N][CH]1[CH]([OH])[O][CH]([CH2][OH])[CH]([OH])[CH]1[OH]
246,[CH3][C]([OH])=[N][CH]([CH]=[O])[CH]([OH])[CH]([OH])[CH]([OH])[CH2][OH]
247,[CH3][C]([OH])=[N][CH]1[CH]([OH])[O][CH]([CH2][O][P](=[O])([OH])[OH])[CH]([OH])[CH]1[OH]
248,[NH2][CH]1[CH]([OH])[O][CH]([CH2][O][P](=[O])([OH])[OH])[CH]([OH])[CH]1[OH]
249,[CH3][C]([CH3])=[CH][CH2][CH2][C]([CH3])=[CH][CH2][CH2][C]([CH3])=[CH][CH2][CH2][C]([CH3])=[CH][CH2][CH2][C]([CH3])=[CH][CH2][CH2][C]([CH3])=[CH][CH2][CH2][C]([CH3])=[CH][CH2][CH2][C]([CH3])=[CH][CH2][CH2][C]([CH3])=[CH][CH2][CH2][C]([CH3])=[CH][CH2][CH2][C]([CH3])=[CH][CH2][O][P](=[O])([OH])[O][P](=[O])([OH])[O][CH]1[O][CH]([CH2][OH])[CH]([OH])[CH]([OH])[CH]1[N]=[C]([CH3])[OH]
250,[CH3][C]([CH3])=[CH][CH2][CH2][C]([CH3])=[CH][CH2][CH2][C]([CH3])=[CH][CH2][CH2][C]([CH3])=[CH][CH2][CH2][C]([CH3])=[CH][CH2][CH2][C]([CH3])=[CH][CH2][CH2][C]([CH3])=[CH][CH2][CH2][C]([CH3])=[CH][CH2][CH2][C]([CH3])=[CH][CH2][CH2][C]([CH3])=[CH][CH2][CH2][C]([CH3])=[CH][CH2][O][P](=[O])([OH])[OH]
251,[CH3][C]([OH])=[N][CH]1[CH]([O][P](=[O])([OH])[O][P](=[O])([OH])[O][CH2][CH]2[O][CH]([n]3[cH][cH][c]([OH])[n][c]3=[O])[CH]([OH])[CH]2[OH])[O][CH]([CH2][OH])[CH]([OH])[CH]1[OH]
252,[CH3][C]([OH])=[N][CH]([CH2][CH2][C](=[O])[O][P](=[O])([OH])[OH])[C](=[O])[OH]
253,[CH3][C]([OH])=[N][CH]([CH2][CH2][C](=[O])[OH])[C](=[O])[OH]
254,[CH3][N+]([CH3])([CH3])[CH2][CH2][OH]
255,[CH3][C](=[O])[O][CH2][CH2][N+]([CH3])([CH3])[CH3]
256,[CH3][CH]([CH3])[CH2][CH2][OH]
257,[CH3][C](=[O])[O][CH2][CH2][CH]([CH3])[CH3]
258,[CH3][CH]([CH3])[CH2][OH]
259,[CH3][C](=[O])[O][CH2][CH]([CH3])[CH3]
260,[NH2][CH]([CH2][CH2][Se][CH2][CH]([NH2])[C](=[O])[OH])[C](=[O])[OH]
261,[CH3][C](=[O])[O][CH2][CH2][CH]([NH2])[C](=[O])[OH]
262,[NH2][CH]([CH2][SeH])[C](=[O])[OH]
263,[O]=[C]([OH])[CH2][C]([OH])([CH2][C](=[O])[OH])[C](=[O])[OH]
264,[O]=[C]([OH])[CH2][C](=[O])[C](=[O])[OH]
265,[CH3][C](=[O])[O][P](=[O])([OH])[OH]
266,[CH3][C](=[O])[C]([CH3])([OH])[C](=[O])[OH]
267,[CH3][CH]([OH])[C](=[O])[OH]
268,[CH3][C]([OH])=[N][CH]1[CH]([OH])[O][CH]([CH2][O][P](=[O])([OH])[OH])[CH]([OH])[CH]1[O][CH]([CH3])[C](=[O])[OH]
269,[CH3][C]([OH])=[N][CH]1[CH]([O][P](=[O])([OH])[O][P](=[O])([OH])[O][CH2][CH]2[O][CH]([n]3[cH][cH][c]([OH])[n][c]3=[O])[CH]([OH])[CH]2[OH])[O][CH]([C](=[O])[OH])[CH]([OH])[CH]1[OH]
270,[CH3][C]([OH])=[N][CH]([CH]=[O])[CH]([OH])[CH]([OH])[CH]([OH])[CH2][O][P](=[O])([OH])[OH]
271,[CH3][C]([OH])=[N][CH]1[CH]([OH])[O][CH]([CH2][OH])[CH]([OH])[CH]1[O][CH]([CH3])[C](=[O])[OH]
272,[CH3][C]([OH])=[N][CH]1[CH]([OH])[CH2][C]([O][P](=[O])([OH])[O][CH2][CH]2[O][CH]([n]3[cH][cH][c](=[NH])[n][c]3[OH])[CH]([OH])[CH]2[OH])([C](=[O])[OH])[O][CH]1[CH]([OH])[CH]([OH])[CH2][OH]
273,[CH3][C]([OH])=[N][CH]1[CH]([OH])[CH2][C]([OH])([C](=[O])[OH])[O][CH]1[CH]([OH])[CH]([OH])[CH2][OH]
274,[NH]=[c]1[cH][cH][n]([CH]2[O][CH]([CH2][O][P](=[O])([OH])[O][P](=[O])([OH])[O][P](=[O])([OH])[OH])[CH]([OH])[CH]2[OH])[c]([OH])[n]1
275,[CH3][CH]=[CH][C](=[O])[S][CH2][CH2][N]=[C]([OH])[CH2][CH2][N]=[C]([OH])[CH]([OH])[C]([CH3])([CH3])[CH2][O][P](=[O])([OH])[O][P](=[O])([OH])[O][CH2][CH]1[O][CH]([n]2[cH][n][c]3[c]([NH2])[n][cH][n][c]32)[CH]([OH])[CH]1[O][P](=[O])([OH])[OH]
276,[CH3][CH]=[C]([CH3])[C](=[O])[S][CH2][CH2][N]=[C]([OH])[CH2][CH2][N]=[C]([OH])[CH]([OH])[C]([CH3])([CH3])[CH2][O][P](=[O])([OH])[O][P](=[O])([OH])[O][CH2][CH]1[O][CH]([n]2[cH][n][c]3[c]([NH2])[n][cH][n][c]32)[CH]([OH])[CH]1[O][P](=[O])([OH])[OH]
277,[CH3][CH2][CH]([CH3])[C](=[O])[S][CH2][CH2][N]=[C]([OH])[CH2][CH2][N]=[C]([OH])[CH]([OH])[C]([CH3])([CH3])[CH2][O][P](=[O])([OH])[O][P](=[O])([OH])[O][CH2][CH]1[O][CH]([n]2[cH][n][c]3[c]([NH2])[n][cH][n][c]32)[CH]([OH])[CH]1[O][P](=[O])([OH])[OH]
278,[CH3][CH2][CH2][CH2][CH2][CH]=[CH][C](=[O])[S][CH2][CH2][N]=[C]([OH])[CH2][CH2][N]=[C]([OH])[CH]([OH])[C]([CH3])([CH3])[CH2][O][P](=[O])([OH])[O][P](=[O])([OH])[O][CH2][CH]1[O][CH]([n]2[cH][n][c]3[c]([NH2])[n][cH][n][c]32)[CH]([OH])[CH]1[O][P](=[O])([OH])[OH]
279,[CH3][CH2][CH2][CH2][CH2][CH2][CH2][CH]=[CH][C](=[O])[S][CH2][CH2][N]=[C]([OH])[CH2][CH2][N]=[C]([OH])[CH]([OH])[C]([CH3])([CH3])[CH2][O][P](=[O])([OH])[O][P](=[O])([OH])[O][CH2][CH]1[O][CH]([n]2[cH][n][c]3[c]([NH2])[n][cH][n][c]32)[CH]([OH])[CH]1[O][P](=[O])([OH])[OH]
280,[CH3][CH2][CH2][CH2][CH2][CH2][CH2][CH2][CH2][CH]=[CH][C](=[O])[S][CH2][CH2][N]=[C]([OH])[CH2][CH2][N]=[C]([OH])[CH]([OH])[C]([CH3])([CH3])[CH2][O][P](=[O])([OH])[O][P](=[O])([OH])[O][CH2][CH]1[O][CH]([n]2[cH][n][c]3[c]([NH2])[n][cH][n][c]32)[CH]([OH])[CH]1[O][P](=[O])([OH])[OH]
281,[CH3][CH2][CH2][CH2][CH2][CH2][CH2][CH2][CH2][CH2][CH2][CH]=[CH][C](=[O])[S][CH2][CH2][N]=[C]([OH])[CH2][CH2][N]=[C]([OH])[CH]([OH])[C]([CH3])([CH3])[CH2][O][P](=[O])([OH])[O][P](=[O])([OH])[O][CH2][CH]1[O][CH]([n]2[cH][n][c]3[c]([NH2])[n][cH][n][c]32)[CH]([OH])[CH]1[O][P](=[O])([OH])[OH]
282,[CH3][CH2][CH2][CH2][CH2][CH2][CH2][CH2][CH2][CH2][CH2][CH2][CH2][CH]=[CH][C](=[O])[S][CH2][CH2][N]=[C]([OH])[CH2][CH2][N]=[C]([OH])[CH]([OH])[C]([CH3])([CH3])[CH2][O][P](=[O])([OH])[O][P](=[O])([OH])[O][CH2][CH]1[O][CH]([n]2[cH][n][c]3[c]([NH2])[n][cH][n][c]32)[CH]([OH])[CH]1[O][P](=[O])([OH])[OH]
283,[CH2]=[C]([CH3])[C](=[O])[S][CH2][CH2][N]=[C]([OH])[CH2][CH2][N]=[C]([OH])[CH]([OH])[C]([CH3])([CH3])[CH2][O][P](=[O])([OH])[O][P](=[O])([OH])[O][CH2][CH]1[O][CH]([n]2[cH][n][c]3[c]([NH2])[n][cH][n][c]32)[CH]([OH])[CH]1[O][P](=[O])([OH])[OH]
284,[CH3][CH]([CH3])[C](=[O])[S][CH2][CH2][N]=[C]([OH])[CH2][CH2][N]=[C]([OH])[CH]([OH])[C]([CH3])([CH3])[CH2][O][P](=[O])([OH])[O][P](=[O])([OH])[O][CH2][CH]1[O][CH]([n]2[cH][n][c]3[c]([NH2])[n][cH][n][c]32)[CH]([OH])[CH]1[O][P](=[O])([OH])[OH]
285,[CH3][CH2][CH2][CH2][CH2][CH2][CH2][CH2][CH2][CH2][CH2][CH2][CH2][CH2][CH2][CH]=[CH][C](=[O])[S][CH2][CH2][N]=[C]([OH])[CH2][CH2][N]=[C]([OH])[CH]([OH])[C]([CH3])([CH3])[CH2][O][P](=[O])([OH])[O][P](=[O])([OH])[O][CH2][CH]1[O][CH]([n]2[cH][n][c]3[c]([NH2])[n][cH][n][c]32)[CH]([OH])[CH]1[O][P](=[O])([OH])[OH]
286,[CH3][CH2][CH2][CH2][CH2][CH2][CH2][CH2][CH2][CH2][CH2][CH2][CH2][CH2][CH2][CH2][CH2][C](=[O])[S][CH2][CH2][N]=[C]([OH])[CH2][CH2][N]=[C]([OH])[CH]([OH])[C]([CH3])([CH3])[CH2][O][P](=[O])([OH])[O][P](=[O])([OH])[O][CH2][CH]1[O][CH]([n]2[cH][n][c]3[c]([NH2])[n][cH][n][c]32)[CH]([OH])[CH]1[O][P](=[O])([OH])[OH]
287,[NH2][CH2][CH2][CH2][CH]([NH2])[C](=[O])[OH]
288,[CH3][C]([OH])=[N][CH]([CH2][CH2][CH2][NH2])[C](=[O])[OH]
289,[O]=[C]([OH])[CH]=[C]([CH2][C](=[O])[OH])[C](=[O])[OH]
290,[CH3][O][C](=[O])[C](=[CH][C](=[O])[OH])[CH2][C](=[O])[OH]
291,[O]=[C]([OH])[CH2][CH]([C](=[O])[OH])[CH]([OH])[C](=[O])[OH]
292,[O]=[C]([OH])[CH]=[C]([CH2][C](=[O])[OH])[C](=[O])[OH]
293,[CH3][C]([OH])=[N][CH]([CH2][CH2][CH]=[O])[C](=[O])[OH]
294,[CH3][c]1[cH][c]2[n][c]3[c]([OH])[n][c](=[O])[nH][c]3[n+]([CH2][CH]([OH])[CH]([OH])[CH]([OH])[CH2][O][P](=[O])([OH])[OH])[c]2[cH][c]1[CH3]
295,[CH3][c]1[cH][c]2[n][c]3[c]([OH])[n][c](=[O])[n][c]-3[n]([CH2][CH]([OH])[CH]([OH])[CH]([OH])[CH2][OH])[c]2[cH][c]1[CH3]
296,[CH3][S+]([CH2][CH2][CH]([NH2])[C](=[O])[OH])[CH2][CH]1[O][CH]([n]2[cH][n][c]3[c]([NH2])[n][cH][n][c]32)[CH]([OH])[CH]1[OH]
297,[CH3][S][CH2][CH]1[O][CH]([n]2[cH][n][c]3[c]([NH2])[n][cH][n][c]32)[CH]([OH])[CH]1[OH]
298,[CH3][C]([CH3])([CH2][O][P](=[O])([OH])[O][P](=[O])([OH])[O][CH2][CH]1[O][CH]([n]2[cH][n][c]3[c]([NH2])[n][cH][n][c]32)[CH]([OH])[CH]1[O][P](=[O])([OH])[OH])[CH]([OH])[C]([OH])=[N][CH2][CH2][C]([OH])=[N][CH2][CH2][SH]
299,[CH3][C]([CH3])([CH2][O][P](=[O])([OH])[OH])[CH]([OH])[C]([OH])=[N][CH2][CH2][C]([OH])=[N][CH2][CH2][SH]
300,[O]=[C]([OH])[CH]([OH])[CH2][O][P](=[O])([OH])[OH]
301,[O]=[C]([O][P](=[O])([OH])[OH])[CH]([OH])[CH2][O][P](=[O])([OH])[OH]
302,[CH3][C](=[O])[O][CH2][CH]([NH2])[C](=[O])[OH]
303,[NH2][CH]([CH2][S][S](=[O])(=[O])[OH])[C](=[O])[OH]
304,[O]=[S]([OH])([OH])=[S]
305,[CH3][C](=[O])[CH2][OH]
306,[CH3][C]([CH3])=[O]
307,[OH][CH2][CH]1[O][CH]([n]2[cH][n][c]3[c]([OH])[n][cH][n][c]32)[CH]([OH])[CH]1[OH]
308,[NH]=[c]1[cH][cH][n]([CH]2[CH2][CH]([OH])[CH]([CH2][O][P](=[O])([OH])[OH])[O]2)[c]([OH])[n]1
309,[NH]=[c]1[cH][cH][n]([CH]2[CH2][CH]([OH])[CH]([CH2][OH])[O]2)[c]([OH])[n]1
310,[CH3][C]([OH])=[N][CH]([CH2][CH2][CH2][CH]([NH2])[C](=[O])[OH])[C](=[O])[OH]
311,[CH3][C]([OH])=[N][CH]([CH2][CH2][CH2][C](=[O])[C](=[O])[OH])[C](=[O])[OH]
312,[NH2][c]1[n][cH][n][c]2[c]1[n][cH][n]2[CH]1[O][CH]([CH2][O][P](=[O])([OH])[O][P](=[O])([OH])[O][P](=[O])([OH])[O][P](=[O])([OH])[O][CH2][CH]2[O][CH]([n]3[cH][n][c]4[c]([NH2])[n][cH][n][c]43)[CH]([OH])[CH]2[OH])[CH]([OH])[CH]1[OH]
313,[NH2][c]1[n][cH][n][c]2[c]1[n][cH][n]2[CH]1[O][CH]([CH2][O][P](=[O])([OH])[O][P](=[O])([OH])[O][P](=[O])([OH])[OH])[CH]([OH])[CH]1[OH]
314,[NH2][c]1[n][cH][n][c]2[c]1[n][cH][n]2[CH]1[O][CH]([CH2][O][P](=[O])([OH])[O][P](=[O])([OH])[OH])[CH]([OH])[CH]1[OH]
315,[CH2]=[C]([O][CH]1[CH]=[C]([C](=[O])[OH])[CH]=[CH][CH]1[NH2])[C](=[O])[OH]
316,[NH2][c]1[cH][cH][c]([C](=[O])[OH])[cH][cH]1
317,[CH3][CH]([OH])[CH2][NH2]
318,[CH3][C]1=[C]2[N]=[C]([CH]=[C]3[N]=[C]([C]([CH3])=[C]4[NH][C]([CH3])([CH]5[N]=[C]1[C]([CH3])([CH2][CH2][C](=[O])[OH])[CH]5[CH2][C](=[NH])[OH])[C]([CH3])([CH2][C](=[NH])[OH])[CH]4[CH2][CH2][C](=[NH])[OH])[C]([CH3])([CH2][C](=[NH])[OH])[CH]3[CH2][CH2][C](=[NH])[OH])[C]([CH3])([CH3])[CH]2[CH2][CH2][C](=[NH])[OH]
319,[CH3][C]1=[C]2[N]=[C]([CH]=[C]3[N]=[C]([C]([CH3])=[C]4[NH][C]([CH3])([CH]5[N]=[C]1[C]([CH3])([CH2][CH2][C]([OH])=[N][CH2][CH]([CH3])[OH])[CH]5[CH2][C](=[NH])[OH])[C]([CH3])([CH2][C](=[NH])[OH])[CH]4[CH2][CH2][C](=[NH])[OH])[C]([CH3])([CH2][C](=[NH])[OH])[CH]3[CH2][CH2][C](=[NH])[OH])[C]([CH3])([CH3])[CH]2[CH2][CH2][C](=[NH])[OH]
320,[CH3][CH]([CH2][NH2])[O][P](=[O])([OH])[OH]
321,[CH2]=[C]([O][CH]1[CH]=[C]([C](=[O])[OH])[CH]=[CH][CH]1[OH])[C](=[O])[OH]
322,[CH3][C]1=[C]2[N]=[C]([CH]=[C]3[N]=[C]([C]([CH3])=[C]4[NH][C]([CH3])([CH]5[N]=[C]1[C]([CH3])([CH2][CH2][C](=[O])[OH])[CH]5[CH2][C](=[O])[OH])[C]([CH3])([CH2][C](=[NH])[OH])[CH]4[CH2][CH2][C](=[O])[OH])[C]([CH3])([CH2][C](=[NH])[OH])[CH]3[CH2][CH2][C](=[O])[OH])[C]([CH3])([CH3])[CH]2[CH2][CH2][C](=[O])[OH]
323,[OH][c]1[n][cH][n][c]2[nH][cH][n][c]12
324,[NH2][c]1[n][cH][n][c]2[c]1[n][cH][n]2[CH]1[O][CH]2[CH2][O][P](=[O])([OH])[O][CH]2[CH]1[OH]
325,[NH2][c]1[n][cH][n][c]2[c]1[n][cH][n]2[CH]1[O][CH]([CH2][O][P](=[O])([OH])[OH])[CH]([OH])[CH]1[OH]
326,[O]=[P]([OH])([OH])[O][P](=[O])([OH])[OH]
327,[NH]=[c]1[n][c]([OH])[c]2[n][cH][n]([CH]3[O][CH]([CH2][O][P](=[O])([OH])[O][P](=[O])([OH])[O][P](=[O])([OH])[OH])[CH]([OH])[CH]3[OH])[c]2[nH]1
328,[NH]=[c]1[n][c]([OH])[c]2[n][cH][n]([CH]3[O][CH]([CH2][O][P](=[O])([OH])[O][P](=[O])([OH])[OH])[CH]([OH])[CH]3[OH])[c]2[nH]1
329,[O]=[P]([OH])([OH])[O][P](=[O])([OH])[O][P](=[O])([OH])[O][CH2][CH]1[O][CH]([n]2[cH][n][c]3[c]([OH])[n][cH][n][c]32)[CH]([OH])[CH]1[OH]
330,[O]=[P]([OH])([OH])[O][P](=[O])([OH])[O][CH2][CH]1[O][CH]([n]2[cH][n][c]3[c]([OH])[n][cH][n][c]32)[CH]([OH])[CH]1[OH]
331,[NH2][c]1[n][cH][n][c]2[c]1[n][cH][n]2[CH]1[CH2][CH]([OH])[CH]([CH2][O][P](=[O])([OH])[O][P](=[O])([OH])[O][P](=[O])([OH])[OH])[O]1
332,[NH2][c]1[n][cH][n][c]2[c]1[n][cH][n]2[CH]1[CH2][CH]([OH])[CH]([CH2][O][P](=[O])([OH])[OH])[O]1
333,[NH2][c]1[n][cH][n][c]2[c]1[n][cH][n]2[CH]1[CH2][CH]([OH])[CH]([CH2][O][P](=[O])([OH])[O][P](=[O])([OH])[OH])[O]1
334,[CH3][S+]([CH2][CH2][CH2][NH2])[CH2][CH]1[O][CH]([n]2[cH][n][c]3[c]([NH2])[n][cH][n][c]32)[CH]([OH])[CH]1[OH]
335,[NH]=[c]1[n][c]([OH])[c]2[n][cH][n]([CH]3[CH2][CH]([OH])[CH]([CH2][O][P](=[O])([OH])[O][P](=[O])([OH])[OH])[O]3)[c]2[nH]1
336,[NH]=[c]1[n][c]([OH])[c]2[n][cH][n]([CH]3[CH2][CH]([OH])[CH]([CH2][O][P](=[O])([OH])[O][P](=[O])([OH])[O][P](=[O])([OH])[OH])[O]3)[c]2[nH]1
337,[OH][CH2][CH]1[O][CH]([OH])[CH]([OH])[CH]1[OH]
338,[O]=[P]([OH])([OH])[O][CH]1[O][CH]([CH2][OH])[CH]([OH])[CH]([OH])[CH]1[OH]
339,[NH2][c]1[n][cH][n][c]2[c]1[n][cH][n]2[CH]1[O][CH]([CH2][O][P](=[O])([OH])[O][P](=[O])([OH])[O][CH]2[O][CH]([CH2][OH])[CH]([OH])[CH]([OH])[CH]2[OH])[CH]([OH])[CH]1[OH]
340,[O]=[P]([OH])([OH])[O][CH2][CH]1[O][CH]([OH])[CH]([OH])[CH]1[OH]
341,[NH2][c]1[n][cH][n][c]2[c]1[n][cH][n]2[CH]1[O][CH]([CH2][O][P](=[O])([OH])[O][P](=[O])([OH])[O][CH2][CH]2[O][CH]([OH])[CH]([OH])[CH]2[OH])[CH]([OH])[CH]1[OH]
342,[NH]=[C]([OH])[c]1[n][cH][n]([CH]2[O][CH]([CH2][O][P](=[O])([OH])[OH])[CH]([OH])[CH]2[OH])[c]1[NH2]
343,[NH]=[C]([OH])[c]1[n][cH][nH][c]1[NH2]
344,[NH2][CH]([CH2][CH2][SH])[C](=[O])[OH]
345,[NH2][c]1[n][cH][n][c]2[c]1[n][cH][n]2[CH]1[O][CH]([CH2][S][CH2][CH2][CH]([NH2])[C](=[O])[OH])[CH]([OH])[CH]1[OH]
346,[O]=[C]([OH])[CH]=[CH][C](=[O])[OH]
347,[O]=[C]([OH])[CH2][CH]([NH][c]1[n][cH][n][c]2[c]1[n][cH][n]2[CH]1[O][CH]([CH2][O][P](=[O])([OH])[OH])[CH]([OH])[CH]1[OH])[C](=[O])[OH]
348,[O]=[P]([OH])([OH])[O][CH2][CH]1[O][CH]([n]2[cH][n][c]3[c]([OH])[n][cH][n][c]32)[CH]([OH])[CH]1[OH]
349,[NH2][CH]([CH2][C](=[O])[OH])[C](=[O])[OH]
350,[NH2][CH2][CH2][P](=[O])([OH])[OH]
351,[CH3][CH]([NH2])[C](=[O])[OH]
352,[O]=[CH][CH2][P](=[O])([OH])[OH]
353,[O]=[P]([OH])([OH])[O][CH2][C]1([OH])[O][CH]([CH2][OH])[CH]([OH])[CH]1[OH]
354,[NH2][CH2][CH]([F])[C](=[O])[OH]
355,[NH]=[C]([OH])[NH][CH2][CH2][CH2][CH2][NH2]
356,[NH]=[C]([NH2])[NH][CH2][CH2][CH2][CH2][NH2]
357,[CH3][C]([OH])=[N][CH]1[CH2][O][CH]([CH2][OH])[CH]([OH])[CH]1[O][CH]([CH3])[C]([OH])=[N][CH]([CH3])[C]([OH])=[N][CH]([CH2][CH2][C](=[O])[OH])[C]([OH])=[N][CH]([CH2][CH2][CH2][CH]([NH2])[C](=[O])[OH])[C](=[O])[OH]
358,[CH3][C]([OH])=[N][C]1=[CH][O][CH]([CH2][OH])[CH]([O][CH]2[O][CH]([CH2][OH])[CH]([OH])[CH]([OH])[CH]2[N]=[C]([CH3])[OH])[CH]1[O][CH]([CH3])[C]([OH])=[N][CH]([CH3])[C]([OH])=[N][CH]([CH2][CH2][C](=[O])[OH])[C]([OH])=[N][CH]([CH2][CH2][CH2][CH]([NH2])[C](=[O])[OH])[C](=[O])[OH]
359,[CH3][CH]([NH2])[C](=[O])[OH]
360,[CH3][C]([OH])=[N][CH]1[CH]([O][CH]2[CH]3[CH2][O][CH]([O]3)[CH]([N]=[C]([CH3])[OH])[CH]2[O][CH]([CH3])[C]([OH])=[N][CH]([CH3])[C]([OH])=[N][CH]([CH2][CH2][C](=[O])[OH])[C]([OH])=[N][CH]([CH2][CH2][CH2][CH]([NH2])[C](=[O])[OH])[C]([OH])=[N][CH]([CH3])[C](=[O])[OH])[O][CH]([CH2][OH])[CH]([OH])[CH]1[OH]
361,[CH3][C]([OH])=[N][CH]1[CH2][O][CH]([CH2][OH])[CH]([OH])[CH]1[O][CH]([CH3])[C]([OH])=[N][CH]([CH3])[C]([OH])=[N][CH]([CH2][CH2][C](=[O])[OH])[C]([OH])=[N][CH]([CH2][CH2][CH2][CH]([NH2])[C](=[O])[OH])[C]([OH])=[N][CH]([CH3])[C](=[O])[OH]
362,[OH][CH]1[CH]([OH])[CH]([OH])[CH]([OH])[CH]([OH])[CH]1[OH]
363,[OH][CH2][CH]1[O][CH]([O][CH2][CH]2[O][CH]([O][C]3([CH2][OH])[O][CH]([CH2][OH])[CH]([OH])[CH]3[OH])[CH]([OH])[CH]([OH])[CH]2[OH])[CH]([OH])[CH]([OH])[CH]1[OH]
364,[OH][CH2][CH]1[O][CH]([O][C]2([CH2][OH])[O][CH]([CH2][OH])[CH]([OH])[CH]2[OH])[CH]([OH])[CH]([OH])[CH]1[OH]
365,[OH][CH2][CH]1[O][CH]([O][CH]2[CH]([OH])[CH]([OH])[CH]([OH])[CH]([OH])[CH]2[OH])[CH]([OH])[CH]([OH])[CH]1[OH]
366,[NH]=[C]([NH2])[OH]
367,[NH2][CH2][CH2][CH2][CH2][NH2]
368,[NH2][CH2][C](=[O])[OH]
369,[O]=[CH][C](=[O])[OH]
370,[NH2][CH2][CH]([CH2][CH2][CH]([NH2])[C](=[O])[OH])[O][P](=[O])([OH])[OH]
371,[NH2][CH]([CH2][CH2][S][CH2][CH]1[O][CH]([OH])[CH]([OH])[CH]1[OH])[C](=[O])[OH]
372,[CH3][C]([OH])=[N][CH]1[CH]([OH])[O][CH]([CH2][OH])[CH]([O][CH]2[O][CH]([CH2][OH])[CH]([OH])[CH]([OH])[CH]2[N]=[C]([CH3])[OH])[CH]1[OH]
373,[O]=[C]([OH])[CH2][CH2][CH]([OH])[C](=[O])[OH]
374,[NH2][c]1[cH][n][cH][n]1[CH]1[O][CH]([CH2][O][P](=[O])([OH])[OH])[CH]([OH])[CH]1[OH]
375,[O]=[CH][CH2][OH]
376,[CH3][c]1[n][cH][c]([CH2][OH])[c](=[NH])[nH]1
377,[CH3][S][CH2][CH2][CH]([NH2])[C](=[O])[OH]
378,[NH2][CH]([CH2][CH2][S][CH2][CH]([NH2])[C](=[O])[OH])[C](=[O])[OH]
379,[NH2][CH2][CH2][CH2][CH2][CH2][C](=[O])[OH]
380,[NH2][CH2][CH2][CH2][CH2][CH2][C]([OH])=[N][CH2][CH2][CH2][CH2][CH2][C](=[O])[OH]
381,[NH]=[c]1[n][c]([OH])[c]2[c]([nH]1)[NH][CH2][CH]([CH2][N]([CH]=[O])[c]1[cH][cH][c]([C](=[O])[NH][CH]([CH2][CH2][C](=[O])[OH])[C](=[O])[OH])[cH][cH]1)[NH]2
382,[NH2][C](=[O])[c]1[n][cH][n]([CH]2[O][CH]([CH2][O][P](=[O])([OH])[OH])[CH]([OH])[CH]2[OH])[c]1[N]=[CH][OH]
383,[NH]=[c]1[n][c]([OH])[c]2[c]([nH]1)[NH][CH2][CH]([CH2][NH][c]1[cH][cH][c]([C](=[O])[NH][CH]([CH2][CH2][C](=[O])[OH])[C](=[O])[OH])[cH][cH]1)[NH]2
384,[NH2][c]1[c]([C](=[O])[OH])[n][cH][n]1[CH]1[O][CH]([CH2][O][P](=[O])([OH])[OH])[CH]([OH])[CH]1[OH]
385,[O]=[C]([OH])[OH]
386,[O]=[C]([OH])[NH][c]1[cH][n][cH][n]1[CH]1[O][CH]([CH2][O][P](=[O])([OH])[OH])[CH]([OH])[CH]1[OH]
387,[O]=[C]([OH])[CH]=[C]([CH2][CH2][C](=[O])[OH])[C](=[O])[OH]
388,[NH]=[C]([OH])[CH2][CH2][CH2][CH2][CH]([SH])[CH2][CH2][SH]
389,[NH]=[C]([OH])[CH2][CH2][CH2][CH2][CH]([SH])[CH2][CH2][S][C](=[O])[CH2][CH2][C](=[O])[OH]
390,[CH3][CH]([NH2])[C]([OH])=[N][CH]([CH3])[C](=[O])[OH]
391,[NH2][CH2][C](=[O])[CH2][CH2][C](=[O])[OH]
392,[NH2][CH]([CH2][CH2][C](=[O])[OH])[C](=[O])[OH]
393,[CH3][c]1[n][cH][c]([CH2][O][P](=[O])([OH])[OH])[c]([CH]=[O])[c]1[OH]
394,[CH3][c]1[n][cH][c]([CH2][O][P](=[O])([OH])[OH])[c]([CH2][NH2])[c]1[OH]
395,[CH3][OH]
396,[CH2]=[O]
397,[O]=[CH][CH]([OH])[CH2][OH]
398,[OH][CH2][CH]([OH])[CH2][OH]
399,[O]=[CH][CH]([OH])[CH2][OH]
400,[CH3][CH]([CH3])[OH]
401,[CH3][CH]([OH])[CH]=[O]
402,[CH3][CH]([OH])[CH2][OH]
403,[CH3][CH]([OH])[CH]=[O]
404,[CH3][CH2][CH]([CH3])[CH2][OH]
405,[O]=[CH][CH2][c]1[cH][cH][cH][cH][cH]1
406,[OH][CH2][CH2][c]1[cH][cH][cH][cH][cH]1
407,[OH][CH2][CH2][c]1[cH][nH][c]2[cH][cH][cH][cH][c]12
408,[O]=[CH][CH2][c]1[cH][nH][c]2[cH][cH][cH][cH][c]12
409,[CH3][CH2][CH2][OH]
410,[CH3][CH2][CH2][CH]=[O]
411,[CH3][CH2][CH2][CH2][OH]
412,[O]=[C]([OH])[c]1[cH][c]([C](=[O])[OH])[c]2[c]([n]1)[c]([OH])[c]([OH])[c]1[cH][c]([C](=[O])[OH])[nH][c]12
413,[O]=[C]([OH])[c]1[cH][c]([C](=[O])[OH])[c]2[c]([n]1)[C](=[O])[C](=[O])[c]1[cH][c]([C](=[O])[OH])[nH][c]1-2
414,[O]=[CH][OH]
415,[CH3][CH2][CH2][CH2][CH2][CH2][CH2][CH2][CH2][CH2][C](=[O])[OH]
416,[CH3][CH2][CH2][CH2][CH2][CH2][CH2][CH2][CH2][CH2][CH]=[O]
417,[CH3][CH2][CH2][CH2][CH2][CH2][CH2][CH2][CH2][CH2][CH2][CH2][C](=[O])[OH]
418,[CH3][CH2][CH2][CH2][CH2][CH2][CH2][CH2][CH2][CH2][CH2][CH2][CH]=[O]
419,[CH3][CH2][CH2][CH2][CH2][CH2][CH2][CH2][CH2][CH2][CH2][CH2][CH2][CH2][CH2][CH]=[O]
420,[CH3][CH2][CH2][CH2][CH2][CH2][CH2][CH2][CH2][CH2][CH2][CH2][CH2][CH2][CH2][CH2][CH2][CH]=[O]
421,[O]=[C]([OH])[CH2][c]1[cH][cH][cH][cH][cH]1
422,[O]=[C]([OH])[CH2][c]1[cH][nH][c]2[cH][cH][cH][cH][c]12
423,[O]=[CH][CH2][c]1[cH][n][cH][nH]1
424,[O]=[C]([OH])[CH2][c]1[cH][n][cH][nH]1
425,[NH2][CH2][CH]=[O]
426,[O]=[CH][CH]([OH])[CH]1[O][C](=[O])[CH]([OH])[CH]1[OH]
427,[O]=[C]([OH])[CH]([OH])[CH]([OH])[CH]([OH])[CH]([OH])[C](=[O])[OH]
428,[CH3][CH2][CH2][CH2][C](=[O])[OH]
429,[CH3][CH2][CH2][CH2][CH]=[O]
430,[CH3][CH2][CH2][CH2][CH2][C](=[O])[OH]
431,[CH3][CH2][CH2][CH2][CH2][CH]=[O]
432,[CH3][CH2][CH2][CH2][CH2][CH2][C](=[O])[OH]
433,[CH3][CH2][CH2][CH2][CH2][CH2][CH]=[O]
434,[CH3][CH2][CH2][CH2][CH2][CH2][CH2][C](=[O])[OH]
435,[CH3][CH2][CH2][CH2][CH2][CH2][CH2][CH]=[O]
436,[CH3][CH2][CH2][CH2][CH2][CH2][CH2][CH2][CH]=[O]
437,[CH3][CH2][CH2][CH2][CH2][CH2][CH2][CH2][C](=[O])[OH]
438,[CH3][CH]([C](=[O])[OH])[C](=[O])[OH]
439,[CH3][CH]([CH]=[O])[C](=[O])[OH]
440,[O]=[C]([CH2][OH])[CH2][O][P](=[O])([OH])[OH]
441,[O]=[C]([CH2][OH])[CH2][OH]
442,[O]=[CH][CH]([OH])[CH]([OH])[CH]([OH])[CH]([OH])[CH2][O][P](=[O])([OH])[OH]
443,[O]=[C]([CH2][OH])[CH]([OH])[CH]([OH])[CH]([OH])[CH2][O][P](=[O])([OH])[OH]
444,[NH]=[C]([OH])[NH][CH]([OH])[C](=[O])[OH]
445,[NH]=[C]([OH])[NH][CH]([NH][C](=[NH])[OH])[C](=[O])[OH]
446,[NH]=[C]([OH])[NH][CH]1[N]=[C]([OH])[N]=[C]1[OH]
447,[O]=[C]=[O]
448,[NH3]
449,[NH]=[C]([OH])[NH][C](=[O])[OH]
450,[OH][CH2][CH]1[O][CH]([OH])[CH]([OH])[CH]([OH])[CH]1[OH]
451,[O]=[P]([OH])([OH])[O][CH2][CH]1[O][CH]([OH])[CH]([OH])[CH]([OH])[CH]1[OH]
452,[NH2][C](=[CH][CH]=[CH][C](=[O])[OH])[C](=[O])[OH]
453,[NH2][C](=[CH][CH]=[CH][CH]=[O])[C](=[O])[OH]
454,[CH3][CH]([NH2])[CH]([NH2])[CH2][CH2][CH2][CH2][CH2][C](=[O])[OH]
455,[CH3][S+]([CH2][CH2][C](=[O])[C](=[O])[OH])[CH2][CH]1[O][CH]([n]2[cH][n][c]3[c]([NH2])[n][cH][n][c]32)[CH]([OH])[CH]1[OH]
456,[CH3][CH]([NH2])[C](=[O])[CH2][CH2][CH2][CH2][CH2][C](=[O])[OH]
457,[NH]=[C]([NH2])[NH][CH2][CH2][CH2][C](=[O])[OH]
458,[NH]=[C]([OH])[CH2][CH2][CH2][NH][C](=[NH])[NH2]
459,[NH]=[C]([OH])[CH2][c]1[cH][cH][cH][cH][cH]1
460,[NH]=[C]([OH])[CH2][c]1[cH][nH][c]2[cH][cH][cH][cH][c]12
461,[CH3][C](=[NH])[OH]
462,[CH2]=[CH][C](=[O])[OH]
463,[CH2]=[CH][C](=[NH])[OH]
464,[CH3][C]([CH3])=[CH][CH2][CH2][C]([CH3])=[CH][CH2][CH2][C]([CH3])=[CH][CH2][CH2][C]([CH3])=[CH][CH2][CH2][C]([CH3])=[CH][CH2][CH2][C]([CH3])=[CH][CH2][CH2][C]([CH3])=[CH][CH2][CH2][C]([CH3])=[CH][CH2][c]1[cH][c]([OH])[c]2[cH][cH][cH][cH][c]2[c]1[OH]
465,[CH3][C]([CH3])=[CH][CH2][CH2][C]([CH3])=[CH][CH2][CH2][C]([CH3])=[CH][CH2][CH2][C]([CH3])=[CH][CH2][CH2][C]([CH3])=[CH][CH2][CH2][C]([CH3])=[CH][CH2][CH2][C]([CH3])=[CH][CH2][CH2][C]([CH3])=[CH][CH2][c]1[c]([CH3])[c]([OH])[c]2[cH][cH][cH][cH][c]2[c]1[OH]
466,[CH3][C]([CH3])=[CH][CH2][CH2][C]([CH3])=[CH][CH2][CH2][C]([CH3])=[CH][CH2][CH2][C]([CH3])=[CH][CH2][CH2][C]([CH3])=[CH][CH2][CH2][C]([CH3])=[CH][CH2][CH2][C]([CH3])=[CH][CH2][CH2][C]([CH3])=[CH][CH2][C]1=[CH][C](=[O])[c]2[cH][cH][cH][cH][c]2[C]1=[O]
467,[CH3][C]([CH3])=[CH][CH2][CH2][C]([CH3])=[CH][CH2][CH2][C]([CH3])=[CH][CH2][CH2][C]([CH3])=[CH][CH2][CH2][C]([CH3])=[CH][CH2][CH2][C]([CH3])=[CH][CH2][CH2][C]([CH3])=[CH][CH2][CH2][C]([CH3])=[CH][CH2][C]1=[C]([CH3])[C](=[O])[c]2[cH][cH][cH][cH][c]2[C]1=[O]
468,[NH2][CH]([CH2][SH])[C]([OH])=[N][CH2][C](=[O])[OH]
469,[O]=[C]([OH])[CH]1[CH2][CH2][CH2][NH]1
470,[O]=[C]([OH])[CH2][N]=[C]([OH])[CH]1[CH2][CH2][CH2][NH]1
471,[NH]=[C]([OH])[c]1[cH][cH][cH][n+]([CH]2[O][CH]([CH2][O][P](=[O])([OH])[O][P](=[O])([OH])[O][CH2][CH]3[O][CH]([n]4[cH][n][c]5[c]([NH2])[n][cH][n][c]54)[CH]([OH])[CH]3[OH])[CH]([OH])[CH]2[OH])[cH]1
472,[NH]=[C]([OH])[c]1[cH][cH][cH][n+]([CH]2[O][CH]([CH2][O][P](=[O])([OH])[OH])[CH]([OH])[CH]2[OH])[cH]1
473,[O]=[C]([OH])[c]1[cH][cH][cH][cH][c]1[NH][CH]1[O][CH]([CH2][O][P](=[O])([OH])[OH])[CH]([OH])[CH]1[OH]
474,[CH3][C]([CH]=[CH][CH]=[C]([CH3])[CH]=[CH][C]1=[C]([CH3])[CH2][CH]([OH])[CH2][C]1([CH3])[CH3])=[CH][CH]=[CH][CH]=[C]([CH3])[CH]=[CH][CH]=[C]([CH3])[CH]=[CH][C]12[O][C]1([CH3])[CH2][CH]([OH])[CH2][C]2([CH3])[CH3]
475,[CH3][C]([CH]=[CH][CH]=[C]([CH3])[CH]=[CH][C]12[O][C]1([CH3])[CH2][CH]([OH])[CH2][C]2([CH3])[CH3])=[CH][CH]=[CH][CH]=[C]([CH3])[CH]=[CH][CH]=[C]([CH3])[CH]=[CH][C]12[O][C]1([CH3])[CH2][CH]([OH])[CH2][C]2([CH3])[CH3]
476,[NH2][CH2][CH2][c]1[cH][n][cH][nH]1
477,[CH3][C](=[O])[CH]([NH2])[C](=[O])[OH]
478,[O]=[C]([CH2][O][P](=[O])([OH])[OH])[CH2][c]1[cH][n][cH][nH]1
479,[NH2][CH]([CH2][O][P](=[O])([OH])[OH])[CH2][c]1[cH][n][cH][nH]1
480,[NH2][CH2][CH2][CH2][CH2][C](=[O])[C](=[O])[OH]
481,[CH3][C]([CH3])([CH2][O][P](=[O])([OH])[O][P](=[O])([OH])[O][CH2][CH]1[O][CH]([n]2[cH][n][c]3[c]([NH2])[n][cH][n][c]32)[CH]([OH])[CH]1[O][P](=[O])([OH])[OH])[CH]([OH])[C]([OH])=[N][CH2][CH2][C]([OH])=[N][CH2][CH2][S][C](=[O])[CH2][CH2][CH2][CH2][CH2][C](=[O])[OH]
482,[NH2][c]1[n][cH][n][c]2[c]1[n][cH][n]2[CH]1[O][CH]([CH2][O][P](=[O])([OH])[O][P](=[O])([OH])[O][P](=[O])([OH])[O][P](=[O])([OH])[O][P](=[O])([OH])[O][CH2][CH]2[O][CH]([n]3[cH][n][c]4[c]([NH2])[n][cH][n][c]43)[CH]([OH])[CH]2[OH])[CH]([OH])[CH]1[OH]
483,[NH2][CH2][CH2][CH2][CH2][NH][CH2][CH2][CH2][NH2]
484,[NH2][CH2][CH2][C](=[O])[OH]
485,[O]=[C]([OH])[C]1=[N][CH]([C](=[O])[OH])[CH2][CH2][CH2]1
486,[CH3][C]([CH3])([CH2][O][P](=[O])([OH])[OH])[CH]([OH])[C]([OH])=[N][CH2][CH2][C]([OH])=[N][CH]([CH2][SH])[C](=[O])[OH]
487,[CH3][C]([CH3])([CH2][OH])[CH]([OH])[C]([OH])=[N][CH2][CH2][C]([OH])=[N][CH]([CH2][SH])[C](=[O])[OH]
488,[NH2][CH2][CH2][CH2][CH2][CH2][NH][CH2][CH2][CH2][NH2]
489,[NH2][CH2][CH2][CH2][CH2][CH2][NH2]
490,[NH2][CH2][CH2][CH2][CH2][C](=[O])[OH]
491,[NH]=[C]([OH])[CH2][CH2][CH2][CH2][NH2]
492,[CH3][C]([CH3])([CH2][OH])[CH]([OH])[C]([OH])=[N][CH2][CH2][C]([OH])=[N][CH2][CH2][SH]
493,[CH3][C]([CH3])([CH2][O][P](=[O])([OH])[O][P](=[O])([OH])[O][CH2][CH]1[O][CH]([n]2[cH][n][c]3[c]([NH2])[n][cH][n][c]32)[CH]([OH])[CH]1[OH])[CH]([OH])[C]([OH])=[N][CH2][CH2][C]([OH])=[N][CH2][CH2][SH]
494,[NH2][c]1[c]([OH])[n][c]([OH])[n][c]1[NH][CH2][CH]([OH])[CH]([OH])[CH]([OH])[CH2][O][P](=[O])([OH])[OH]
495,[NH2][c]1[c]([OH])[n][c]([OH])[n][c]1[NH][CH]1[O][CH]([CH2][O][P](=[O])([OH])[OH])[CH]([OH])[CH]1[OH]
496,[CH3][C]([OH])=[N][CH2][CH2][CH2][CH2][NH2]
497,[CH3][C]([OH])=[N][CH2][CH2][CH2][CH]=[O]
498,[O]=[CH][CH2][CH2][CH2][C](=[O])[OH]
499,[O]=[C]1[O][CH]([CH2][OH])[CH]([OH])[CH]1[OH]