﻿substrate_ID,original_compound
4000,[CH3][C](=[O])[C]1=[C]([OH])[CH]=[C]2[O][c]3[c]([C]([CH3])=[O])[c]([OH])[c]([CH3])[c]([OH])[c]3[C]2([CH3])[C]1=[O]
4001,[CH3][C](=[O])[C]1=[C]([OH])[CH]=[CH][C]([CH3])([c]2[c]([OH])[c]([CH3])[c]([OH])[c]([C]([CH3])=[O])[c]2[OH])[C]1=[O]
4002,[NH2][CH]([CH2][C]1=[CH][C]2=[C]([NH][CH]([C](=[O])[OH])[CH2][CH]2[C](=[O])[OH])[C](=[O])[C]1=[O])[C](=[O])[OH]
4003,[O]=[C]1[c]2[c]([OH])[cH][c]([OH])[cH][c]2[O][CH]([c]2[cH][cH][c]([OH])[c]([OH])[cH]2)[CH]1[OH]
4004,[O]=[c]1[cH][c](-[c]2[cH][cH][cH][cH][cH]2)[o][c]2[cH][cH][cH][cH][c]12
4005,[O]=[C]1[CH2][CH]([c]2[cH][cH][cH][c]([OH])[cH]2)[O][c]2[cH][cH][cH][cH][c]21
4006,[CH3][CH]([CH2][OH])[CH2][CH2][CH2][CH]([CH3])[CH]1[CH2][CH2][CH]2[CH]3[CH2][CH]=[C]4[CH2][CH]([OH])[CH2][CH2][C]4([CH3])[CH]3[CH2][CH2][C]12[CH3]
4007,[CH3][CH]([CH2][OH])[CH2][CH2][CH2][CH]([CH3])[CH]1[CH2][CH2][CH]2[CH]3[CH]([OH])[CH]=[C]4[CH2][CH]([OH])[CH2][CH2][C]4([CH3])[CH]3[CH2][CH2][C]12[CH3]
4008,[CH3][CH]=[C]1[CH2][CH]([CH3])[C]([CH3])([OH])[C](=[O])[O][CH2][C]2=[CH][CH2][N+]3([O-])[CH2][CH2][CH]([O][C]1=[O])[CH]23
4009,[CH3][CH]=[C]1[CH2][CH]([CH3])[C]([CH3])([OH])[C](=[O])[O][CH2][C]2=[CH][CH2][N]3[CH2][CH2][CH]([O][C]1=[O])[CH]23
4010,[CH3][CH]([CH2][CH2][CH]([OH])[CH]([CH3])[C](=[O])[S][CH2][CH2][N]=[C]([OH])[CH2][CH2][N]=[C]([OH])[CH]([OH])[C]([CH3])([CH3])[CH2][O][P](=[O])([OH])[O][P](=[O])([OH])[O][CH2][CH]1[O][CH]([n]2[cH][n][c]3[c]([NH2])[n][cH][n][c]32)[CH]([OH])[CH]1[O][P](=[O])([OH])[OH])[CH]1[CH2][CH2][CH]2[CH]3[CH]([OH])[CH2][CH]4[CH2][CH]([OH])[CH2][CH2][C]4([CH3])[CH]3[CH2][CH]([OH])[C]12[CH3]
4011,[CH3][CH]([CH2][CH2][CH2][CH]([CH3])[CH]1[CH2][CH2][CH]2[CH]3[CH]([OH])[CH2][CH]4[CH2][CH]([OH])[CH2][CH2][C]4([CH3])[CH]3[CH2][CH]([OH])[C]12[CH3])[C](=[O])[S][CH2][CH2][N]=[C]([OH])[CH2][CH2][N]=[C]([OH])[CH]([OH])[C]([CH3])([CH3])[CH2][O][P](=[O])([OH])[O][P](=[O])([OH])[O][CH2][CH]1[O][CH]([n]2[cH][n][c]3[c]([NH2])[n][cH][n][c]32)[CH]([OH])[CH]1[O][P](=[O])([OH])[OH]
4012,[O]=[c]1[c](-[c]2[cH][cH][cH][cH][cH]2)[cH][o][c]2[cH][c]([OH])[cH][cH][c]12
4013,[CH3][O][c]1[cH][cH][c]2[c](=[O])[c](-[c]3[cH][cH][cH][cH][cH]3)[cH][o][c]2[cH]1
4014,[CH3][C](=[O])[O][CH2][C]1=[C]([C](=[O])[OH])[N]2[C](=[O])[CH]([N]=[C]([OH])[CH2][CH2][CH2][C](=[O])[OH])[CH]2[S][CH2]1
4015,[CH3][C](=[O])[O][CH2][C]1=[C]([C](=[O])[OH])[N]2[C](=[O])[CH]([NH2])[CH]2[S][CH2]1
4016,[OH][C]1=[N][c]2[cH][cH][cH][cH][c]2[CH2]1
4017,[O]=[C]([OH])[CH]1[O][CH]([O][CH]2[CH]([C](=[O])[OH])[O][CH]([OH])[CH]([OH])[CH]2[OH])[CH]([OH])[CH]([OH])[CH]1[OH]
4018,[NH2][CH2][CH2][CH2][CH2][N]=[C]([OH])[CH2][CH2][CH]([NH2])[C](=[O])[OH]
4019,[OH][C]1=[N][c]2[cH][cH][cH][cH][c]2[CH]1[OH]
4020,[OH][C]1=[N][c]2[cH][cH][cH][cH][c]2[O][CH]1[OH]
4021,[O]=[C]1[CH]([OH])[O][c]2[cH][cH][cH][cH][c]2[N]1[OH]
4022,[O]=[C]1[CH]([O][CH]2[O][CH]([CH2][OH])[CH]([OH])[CH]([OH])[CH]2[OH])[O][c]2[cH][cH][cH][cH][c]2[N]1[OH]
4023,[CH3][CH]([CH3])[CH]([CH3])[CH2][CH2][CH]([CH3])[CH]1[CH2][CH2][CH]2[CH]3[CH2][CH]=[C]4[CH2][CH]([OH])[CH2][CH2][C]4([CH3])[CH]3[CH2][CH2][C]12[CH3]
4024,[CH3][CH]([CH3])[CH]([CH3])[CH2][CH2][CH]([CH3])[CH]1[CH2][CH2][CH]2[CH]3[CH2][CH2][C]4=[CH][CH]([OH])[CH2][CH2][C]4([CH3])[CH]3[CH2][CH2][C]12[CH3]
4025,[CH3][CH]([CH3])[CH]([CH3])[CH2][CH2][CH]([CH3])[CH]1[CH2][CH2][CH]2[CH]3[CH2][CH2][C]4=[CH][C](=[O])[CH2][CH2][C]4([CH3])[CH]3[CH2][CH2][C]12[CH3]
4026,[CH3][CH]([CH3])[CH]([CH3])[CH2][CH2][CH]([CH3])[CH]1[CH2][CH2][CH]2[CH]3[CH2][CH2][CH]4[CH2][C](=[O])[CH2][CH2][C]4([CH3])[CH]3[CH2][CH2][C]12[CH3]
4027,[CH3][CH]([CH3])[CH]([CH3])[CH2][CH2][CH]([CH3])[CH]1[CH2][CH2][CH]2[CH]3[CH2][C](=[O])[CH]4[CH2][CH]([OH])[CH2][CH2][C]4([CH3])[CH]3[CH2][CH2][C]12[CH3]
4028,[CH3][CH]([CH3])[CH]([CH3])[CH2][CH]([OH])[CH]([CH3])[CH]1[CH2][CH2][CH]2[CH]3[CH2][C](=[O])[CH]4[CH2][CH]([OH])[CH2][CH2][C]4([CH3])[CH]3[CH2][CH2][C]12[CH3]
4029,[CH3][CH]([CH3])[CH]([CH3])[CH]([OH])[CH]([OH])[CH]([CH3])[CH]1[CH2][CH2][CH]2[CH]3[CH2][C](=[O])[CH]4[CH2][CH]([OH])[CH2][CH2][C]4([CH3])[CH]3[CH2][CH2][C]12[CH3]
4030,[CH3][CH]([CH3])[CH]([CH3])[CH]([OH])[CH]([OH])[CH]([CH3])[CH]1[CH2][CH2][CH]2[CH]3[CH2][C](=[O])[CH]4[CH2][C](=[O])[CH2][CH2][C]4([CH3])[CH]3[CH2][CH2][C]12[CH3]
4031,[CH3][CH]([CH3])[CH]([CH3])[CH2][CH]([OH])[CH]([CH3])[CH]1[CH2][CH2][CH]2[CH]3[CH2][CH]=[C]4[CH2][CH]([OH])[CH2][CH2][C]4([CH3])[CH]3[CH2][CH2][C]12[CH3]
4032,[CH3][CH]([CH3])[CH]([CH3])[CH2][CH]([OH])[CH]([CH3])[CH]1[CH2][CH2][CH]2[CH]3[CH2][CH2][C]4=[CH][C](=[O])[CH2][CH2][C]4([CH3])[CH]3[CH2][CH2][C]12[CH3]
4033,[CH3][CH]([CH3])[CH]([CH3])[CH2][CH]([OH])[CH]([CH3])[CH]1[CH2][CH2][CH]2[CH]3[CH2][CH2][CH]4[CH2][C](=[O])[CH2][CH2][C]4([CH3])[CH]3[CH2][CH2][C]12[CH3]
4034,[CH3][CH]([CH3])[CH]([CH3])[CH2][CH]([OH])[CH]([CH3])[CH]1[CH2][CH2][CH]2[CH]3[CH2][CH2][CH]4[CH2][CH]([OH])[CH2][CH2][C]4([CH3])[CH]3[CH2][CH2][C]12[CH3]
4035,[CH3][CH]([CH3])[CH]([CH3])[CH]([OH])[CH]([OH])[CH]([CH3])[CH]1[CH2][CH2][CH]2[CH]3[CH2][CH2][CH]4[CH2][CH]([OH])[CH2][CH2][C]4([CH3])[CH]3[CH2][CH2][C]12[CH3]
4036,[CH3][CH]([CH3])[CH]([CH3])[CH]([OH])[CH]([OH])[CH]([CH3])[CH]1[CH2][CH2][CH]2[CH]3[CH2][CH2][CH]4[CH2][C](=[O])[CH2][CH2][C]4([CH3])[CH]3[CH2][CH2][C]12[CH3]
4037,[CH3][CH]([CH3])[CH]([CH3])[CH]([OH])[CH]([OH])[CH]([CH3])[CH]1[CH2][CH2][CH]2[CH]3[CH2][CH2][CH]4[CH2][CH]([OH])[CH]([OH])[CH2][C]4([CH3])[CH]3[CH2][CH2][C]12[CH3]
4038,[CH3][CH]([CH3])[CH]([CH3])[CH]([OH])[CH]([OH])[CH]([CH3])[CH]1[CH2][CH2][CH]2[CH]3[CH2][CH]([OH])[CH]4[CH2][CH]([OH])[CH]([OH])[CH2][C]4([CH3])[CH]3[CH2][CH2][C]12[CH3]
4039,[CH3][CH]([CH3])[CH]([CH3])[CH]([OH])[CH]([OH])[CH]([CH3])[CH]1[CH2][CH2][CH]2[CH]3[CH2][C](=[O])[CH]4[CH2][CH]([OH])[CH]([OH])[CH2][C]4([CH3])[CH]3[CH2][CH2][C]12[CH3]
4040,[CH3][CH]([CH3])[CH]([CH3])[CH2][CH2][CH]([CH3])[CH]1[CH2][CH2][CH]2[CH]3[CH2][CH2][CH]4[CH2][CH]([OH])[CH2][CH2][C]4([CH3])[CH]3[CH2][CH2][C]12[CH3]
4041,[CH3][CH]([CH3])[CH]([CH3])[CH]([OH])[CH]([OH])[CH]([CH3])[CH]1[CH2][CH2][CH]2[CH]3[CH2][CH2][CH]4[CH2][CH]([OH])[CH2][CH2][C]4([CH3])[CH]3[CH2][CH2][C]12[CH3]
4042,[CH3][CH]([CH3])[CH]([CH3])[CH]([OH])[CH]([OH])[CH]([CH3])[CH]1[CH2][CH2][CH]2[CH]3[CH2][C](=[O])[CH]4[CH2][CH]([OH])[CH2][CH2][C]4([CH3])[CH]3[CH2][CH2][C]12[CH3]
4043,[CH3][CH]([CH3])[CH]([CH3])[CH2][CH2][CH]([CH3])[CH]1[CH2][CH2][CH]2[CH]3[CH2][CH]([OH])[CH]4[CH2][CH]([OH])[CH2][CH2][C]4([CH3])[CH]3[CH2][CH2][C]12[CH3]
4044,[CH3][CH]=[C]([CH2][CH2][CH]([CH3])[CH]1[CH2][CH2][CH]2[C]3=[CH][CH]=[C]4[CH2][CH]([OH])[CH2][CH2][C]4([CH3])[CH]3[CH2][CH2][C]21[CH3])[CH]([CH3])[CH3]
4045,[CH3][CH]=[C]([CH2][CH2][CH]([CH3])[CH]1[CH2][CH2][CH]2[CH]3[CH2][CH]=[C]4[CH2][CH]([OH])[CH2][CH2][C]4([CH3])[CH]3[CH2][CH2][C]12[CH3])[CH]([CH3])[CH3]
4046,[CH3][CH2][CH]([CH2][CH2][CH]([CH3])[CH]1[CH2][CH2][CH]2[CH]3[CH2][CH]=[C]4[CH2][CH]([OH])[CH2][CH2][C]4([CH3])[CH]3[CH2][CH2][C]12[CH3])[CH]([CH3])[CH3]
4047,[CH3][CH2][CH]([CH]=[CH][CH]([CH3])[CH]1[CH2][CH2][CH]2[CH]3[CH2][CH]=[C]4[CH2][CH]([OH])[CH2][CH2][C]4([CH3])[CH]3[CH2][CH2][C]12[CH3])[CH]([CH3])[CH3]
4048,[CH2]=[C]([CH2][CH2][CH]([CH3])[CH]1[CH2][CH2][CH]2[C]3=[CH][CH]=[C]4[CH2][CH]([OH])[CH2][CH2][C]4([CH3])[CH]3[CH2][CH2][C]21[CH3])[CH]([CH3])[CH3]
4049,[CH3][C]([CH3])=[CH][CH2][CH2][CH]([CH3])[CH]1[CH2][CH2][CH]2[C]3=[C]([CH2][CH2][C]21[CH3])[C]1([CH3])[CH2][CH2][C](=[O])[CH]([CH3])[CH]1[CH2][CH2]3
4050,[CH3][C]([CH3])=[CH][CH2][CH2][CH]([CH3])[CH]1[CH2][CH2][CH]2[C]3=[C]([CH2][CH2][C]21[CH3])[C]1([CH3])[CH2][CH2][CH]([OH])[C]([CH3])([C](=[O])[OH])[CH]1[CH2][CH2]3
4051,[CH3][C]([CH3])=[CH][CH2][CH2][CH]([CH3])[CH]1[CH2][CH2][CH]2[C]3=[C]([CH2][CH2][C]21[CH3])[C]1([CH3])[CH2][CH2][CH]([OH])[CH]([CH3])[CH]1[CH2][CH2]3
4052,[CH3][CH]([CH3])[CH2][CH2][CH2][CH]([CH3])[CH]1[CH2][CH2][CH]2[C]3=[C]([CH2][CH2][C]21[CH3])[C]1([CH3])[CH2][CH2][CH]([OH])[C]([CH3])([CH3])[CH]1[CH2][CH2]3
4053,[CH2]=[C]([CH2][CH2][CH]([CH3])[CH]1[CH2][CH2][CH]2[C]3=[CH][CH]=[C]4[CH2][CH]([OH])[CH2][CH2][C]4([CH3])[CH]3[CH2][CH2][C]21[CH3])[CH]([CH3])[CH3]
4054,[CH3][C]([CH3])=[CH][CH2][CH2][C]([CH3])=[CH][CH2][CH2][C]([CH3])=[CH][CH]=[CH][C]([CH3])=[CH][CH]=[CH][CH]=[C]([CH3])[CH]=[CH][CH]=[C]([CH3])[CH2][CH2][CH]=[C]([CH3])[CH2][CH2][CH]=[C]([CH3])[CH3]
4055,[CH3][CH2][CH]1[CH]2[CH2][CH]3[CH]4[N]([CH3])[c]5[cH][cH][cH][cH][c]5[C]45[CH2][CH]([CH]2[CH]5[O][C]([CH3])=[O])[N]3[CH]1[OH]
4056,[CH3][NH][CH2][CH2][CH2][C](=[O])[c]1[cH][cH][c]([OH])[n][c]1[OH]
4057,[OH][c]1[cH][cH][cH][c]([OH])[n]1
4058,[CH3][NH][CH2][CH2][CH2][C](=[O])[OH]
4059,[CH3][C]([CH]=[CH][CH]=[C]([CH3])[CH]=[CH][CH]=[C]([CH3])[CH2][CH2][CH2][C]([CH3])([CH3])[OH])=[CH][CH]=[CH][CH]=[C]([CH3])[CH]=[CH][CH]=[C]([CH3])[CH]=[CH][C]1=[C]([CH3])[CH2][CH2][CH2][C]1([CH3])[CH3]
4060,[CH3][C]([CH]=[CH][CH]=[C]([CH3])[CH]=[CH][CH]=[C]([CH3])[CH]=[CH][CH2][C]([CH3])([CH3])[OH])=[CH][CH]=[CH][CH]=[C]([CH3])[CH]=[CH][CH]=[C]([CH3])[CH]=[CH][C]1=[C]([CH3])[CH2][CH2][CH2][C]1([CH3])[CH3]
4061,[CH3][C]([CH3])=[CH][CH2][CH2][C]([CH3])=[CH][CH]=[CH][C]([CH3])=[CH][CH]=[CH][C]([CH3])=[CH][CH]=[CH][CH]=[C]([CH3])[CH]=[CH][CH]=[C]([CH3])[CH]=[CH][CH]=[C]([CH3])[CH2][CH2][CH2][C]([CH3])([CH3])[OH]
4062,[CH3][C]([CH3])=[CH][CH2][CH2][C]([CH3])=[CH][CH]=[CH][C]([CH3])=[CH][CH]=[CH][C]([CH3])=[CH][CH]=[CH][CH]=[C]([CH3])[CH]=[CH][CH]=[C]([CH3])[CH]=[CH][CH]=[C]([CH3])[CH]=[CH][CH2][C]([CH3])([CH3])[OH]
4063,[CH3][O][C]([CH3])([CH3])[CH2][CH]=[CH][C]([CH3])=[CH][CH]=[CH][C]([CH3])=[CH][CH]=[CH][C]([CH3])=[CH][CH]=[CH][CH]=[C]([CH3])[CH]=[CH][CH]=[C]([CH3])[CH]=[CH][CH]=[C]([CH3])[CH2][CH2][CH]=[C]([CH3])[CH3]
4064,[CH3][O][C]([CH3])([CH3])[CH2][CH]=[CH][C]([CH3])=[CH][CH]=[CH][C]([CH3])=[CH][CH]=[CH][C]([CH3])=[CH][CH]=[CH][CH]=[C]([CH3])[CH]=[CH][CH]=[C]([CH3])[CH]=[CH][CH]=[C]([CH3])[CH2][CH2][CH2][C]([CH3])([CH3])[OH]
4065,[CH3][O][C]([CH3])([CH3])[CH2][CH]=[CH][C]([CH3])=[CH][CH]=[CH][C]([CH3])=[CH][CH]=[CH][C]([CH3])=[CH][CH]=[CH][CH]=[C]([CH3])[CH]=[CH][CH]=[C]([CH3])[CH]=[CH][CH]=[C]([CH3])[CH]=[CH][CH2][C]([CH3])([CH3])[OH]
4066,[CH3][O][C]([CH3])([CH3])[CH2][CH]=[CH][C]([CH3])=[CH][CH]=[CH][C]([CH3])=[CH][CH]=[CH][C]([CH3])=[CH][CH]=[CH][CH]=[C]([CH3])[CH]=[CH][CH]=[C]([CH3])[CH]=[CH][CH]=[C]([CH3])[CH]=[CH][CH2][C]([CH3])([CH3])[O][CH3]
4067,[CH3][O][C]([CH3])([CH3])[CH2][CH]=[CH][C]([CH3])=[CH][CH]=[CH][C]([CH3])=[CH][CH]=[CH][C]([CH3])=[CH][CH]=[CH][CH]=[C]([CH3])[CH]=[CH][CH]=[C]([CH3])[CH]=[CH][CH]=[C]([CH3])[CH]=[CH][C](=[O])[C]([CH3])([CH3])[O][CH3]
4068,[CH3][O][C]([CH3])([CH3])[C](=[O])[CH]=[CH][C]([CH3])=[CH][CH]=[CH][C]([CH3])=[CH][CH]=[CH][C]([CH3])=[CH][CH]=[CH][CH]=[C]([CH3])[CH]=[CH][CH]=[C]([CH3])[CH]=[CH][CH]=[C]([CH3])[CH]=[CH][C](=[O])[C]([CH3])([CH3])[O][CH3]
4069,[CH3][O][C]([CH3])([CH3])[CH2][CH2][CH2][C]([CH3])=[CH][CH]=[CH][C]([CH3])=[CH][CH]=[CH][C]([CH3])=[CH][CH]=[CH][CH]=[C]([CH3])[CH]=[CH][CH]=[C]([CH3])[CH]=[CH][CH]=[C]([CH3])[CH2][CH2][CH]=[C]([CH3])[CH3]
4070,[CH3][O][C]([CH3])([CH3])[CH2][CH2][CH2][C]([CH3])=[CH][CH]=[CH][C]([CH3])=[CH][CH]=[CH][C]([CH3])=[CH][CH]=[CH][CH]=[C]([CH3])[CH]=[CH][CH]=[C]([CH3])[CH]=[CH][CH]=[C]([CH3])[CH2][CH2][CH2][C]([CH3])([CH3])[OH]
4071,[CH3][O][C]([CH3])([CH3])[CH2][CH2][CH2][C]([CH3])=[CH][CH]=[CH][C]([CH3])=[CH][CH]=[CH][C]([CH3])=[CH][CH]=[CH][CH]=[C]([CH3])[CH]=[CH][CH]=[C]([CH3])[CH]=[CH][CH]=[C]([CH3])[CH2][CH2][CH2][C]([CH3])([CH3])[O][CH3]
4072,[CH3][C]([CH3])=[CH][CH2][CH2][C]([CH3])=[CH][CH2][CH2][C]([CH3])=[CH][CH]=[CH][C]([CH3])=[CH][CH]=[CH][CH]=[C]([CH3])[CH]=[CH][CH]=[C]([CH3])[CH]=[CH][CH]=[C]([CH3])[CH2][CH2][CH2][C]([CH3])([CH3])[OH]
4073,[CH3][O][C]([CH3])([CH3])[CH2][CH2][CH2][C]([CH3])=[CH][CH]=[CH][C]([CH3])=[CH][CH]=[CH][C]([CH3])=[CH][CH]=[CH][CH]=[C]([CH3])[CH]=[CH][CH]=[C]([CH3])[CH2][CH2][CH]=[C]([CH3])[CH2][CH2][CH]=[C]([CH3])[CH3]
4074,[CH3][C]([CH3])=[CH][CH2][CH2][C]([CH3])=[CH][CH2][CH2][C]([CH3])=[CH][CH]=[CH][C]([CH3])=[CH][CH]=[CH][CH]=[C]([CH3])[CH]=[CH][CH]=[C]([CH3])[CH]=[CH][CH]=[C]([CH3])[CH]=[CH][CH2][C]([CH3])([CH3])[OH]
4075,[CH3][O][C]([CH3])([CH3])[CH2][CH]=[CH][C]([CH3])=[CH][CH]=[CH][C]([CH3])=[CH][CH]=[CH][C]([CH3])=[CH][CH]=[CH][CH]=[C]([CH3])[CH]=[CH][CH]=[C]([CH3])[CH2][CH2][CH]=[C]([CH3])[CH2][CH2][CH]=[C]([CH3])[CH3]
4076,[CH3][O][C]([CH3])([CH3])[CH2][CH]=[CH][C]([CH3])=[CH][CH]=[CH][C]([CH3])=[CH][CH]=[CH][C]([CH3])=[CH][CH]=[CH][CH]=[C]([CH3])[CH]=[CH][CH]=[C]([CH3])[CH2][CH2][CH]=[C]([CH3])[CH2][CH2][CH2][C]([CH3])([CH3])[OH]
4077,[CH3][O][C]([CH3])([CH3])[C](=[O])[CH]=[CH][C]([CH3])=[CH][CH]=[CH][C]([CH3])=[CH][CH]=[CH][C]([CH3])=[CH][CH]=[CH][CH]=[C]([CH3])[CH]=[CH][CH]=[C]([CH3])[CH2][CH2][CH]=[C]([CH3])[CH2][CH2][CH]=[C]([CH3])[CH3]
4078,[CH3][O][C]([CH3])([CH3])[C](=[O])[CH]=[CH][C]([CH3])=[CH][CH]=[CH][C]([CH3])=[CH][CH]=[CH][C]([CH3])=[CH][CH]=[CH][CH]=[C]([CH3])[CH]=[CH][CH]=[C]([CH3])[CH2][CH2][CH]=[C]([CH3])[CH2][CH2][CH2][C]([CH3])([CH3])[OH]
4079,[CH3][C]([CH]=[CH][CH]=[C]([CH3])[CH]=[CH][CH]=[C]([CH3])[CH2][CH2][CH2][CH]([CH3])[CH3])=[CH][CH]=[CH][CH]=[C]([CH3])[CH]=[CH][CH]=[C]([CH3])[CH]=[CH][C]1=[C]([CH3])[CH2][CH2][CH2][C]1([CH3])[CH3]
4080,[CH3][C]([CH3])=[CH][CH2][CH2][C]([CH3])=[CH][CH]=[CH][C]([CH3])=[CH][CH]=[CH][C]([CH3])=[CH][CH]=[CH][CH]=[C]([CH3])[CH]=[CH][CH]=[C]([CH3])[CH]=[CH][c]1[c]([CH3])[cH][cH][c]([CH3])[c]1[CH3]
4081,[CH3][C]([CH]=[CH][CH]=[C]([CH3])[CH]=[CH][CH]=[C]([CH3])[CH2][CH2][CH2][CH]([CH3])[CH3])=[CH][CH]=[CH][CH]=[C]([CH3])[CH]=[CH][CH]=[C]([CH3])[CH]=[CH][c]1[c]([CH3])[cH][cH][c]([CH3])[c]1[CH3]
4082,[CH3][C]([CH]=[CH][CH]=[C]([CH3])[CH]=[CH][CH]=[C]([CH3])[CH2][CH2][CH2][C]([CH3])([CH3])[OH])=[CH][CH]=[CH][CH]=[C]([CH3])[CH]=[CH][CH]=[C]([CH3])[CH]=[CH][c]1[c]([CH3])[cH][cH][c]([CH3])[c]1[CH3]
4083,[CH3][C]([CH]=[CH][CH]=[C]([CH3])[CH]=[CH][CH]=[C]([CH3])[CH]=[CH][CH]([OH])[C]([CH3])([CH3])[OH])=[CH][CH]=[CH][CH]=[C]([CH3])[CH]=[CH][CH]=[C]([CH3])[CH]=[CH][C]1=[C]([CH3])[CH2][CH]([OH])[CH2][C]1([CH3])[CH3]
4084,[CH3][C]([CH]=[CH][CH]=[C]([CH3])[CH]=[CH][CH]=[C]([CH3])[CH]=[CH][CH]([OH])[C]([CH3])([CH3])[OH])=[CH][CH]=[CH][CH]=[C]([CH3])[CH]=[CH][CH]=[C]([CH3])[CH]=[CH][C]1=[C]([CH3])[C](=[O])[CH]([OH])[CH2][C]1([CH3])[CH3]
4085,[CH3][C]([CH]=[CH][CH]=[C]([CH3])[CH]=[CH][CH]=[C]([CH3])[CH]=[CH][CH]([OH])[C]([CH3])([CH3])[OH])=[CH][CH]=[CH][CH]=[C]([CH3])[CH]=[CH][CH]=[C]([CH3])[CH]=[CH][C]1=[C]([CH3])[CH]([OH])[CH]([OH])[CH2][C]1([CH3])[CH3]
4086,[CH3][C]([CH]=[CH][CH]=[C]([CH3])[CH]=[CH][CH]=[C]([CH3])[CH]=[CH][CH]([OH])[C]([CH3])([CH3])[OH])=[CH][CH]=[CH][CH]=[C]([CH3])[CH]=[CH][CH]=[C]([CH3])[CH]=[CH][C]1=[C]([CH3])[CH2][CH2][CH2][C]1([CH3])[CH3]
4087,[CH3][C]([CH]=[CH][CH]=[C]([CH3])[CH]=[CH][c]1[c]([CH3])[cH][cH][c]([CH3])[c]1[CH3])=[CH][CH]=[CH][CH]=[C]([CH3])[CH]=[CH][CH]=[C]([CH3])[CH]=[CH][c]1[c]([CH3])[cH][cH][c]([CH3])[c]1[CH3]
4088,[CH3][C]([CH]=[CH][CH]=[C]([CH3])[CH]=[CH][C]1=[C]([CH3])[CH2][CH]([OH])[CH2][C]1([CH3])[CH3])=[CH][CH]=[CH][CH]=[C]([CH3])[CH]=[CH][CH]=[C]([CH3])[CH]=[CH][C]1=[C]([CH3])[C](=[O])[CH2][CH2][C]1([CH3])[CH3]
4089,[CH3][C]([CH]=[CH][CH]=[C]([CH3])[CH]=[CH][C]1=[C]([CH3])[CH2][CH2][CH2][C]1([CH3])[CH3])=[CH][CH]=[CH][CH]=[C]([CH3])[CH]=[CH][CH]=[C]([CH3])[CH]=[CH][C]1=[C]([CH3])[C](=[O])[CH]([OH])[CH2][C]1([CH3])[CH3]
4090,[CH3][C]([CH]=[CH][CH]=[C]([CH3])[CH]=[CH][C]1=[C]([CH3])[C](=[O])[CH2][CH2][C]1([CH3])[CH3])=[CH][CH]=[CH][CH]=[C]([CH3])[CH]=[CH][CH]=[C]([CH3])[CH]=[CH][C]1=[C]([CH3])[C](=[O])[CH2][CH2][C]1([CH3])[CH3]
4091,[CH3][C]([CH]=[CH][CH]=[C]([CH3])[CH]=[CH][C]1=[C]([CH3])[C](=[O])[CH2][CH2][C]1([CH3])[CH3])=[CH][CH]=[CH][CH]=[C]([CH3])[CH]=[CH][CH]=[C]([CH3])[CH]=[CH][C]1=[C]([CH3])[C](=[O])[CH]([OH])[CH2][C]1([CH3])[CH3]
4092,[CH3][C]([CH]=[CH][CH]=[C]([CH3])[CH]=[CH][C]1=[C]([CH3])[CH2][CH]([OH])[CH2][C]1([CH3])[CH3])=[CH][CH]=[CH][CH]=[C]([CH3])[CH]=[CH][CH]=[C]([CH3])[CH]=[CH][C]1=[C]([CH3])[C](=[O])[CH]([OH])[CH2][C]1([CH3])[CH3]
4093,[CH3][C]([CH]=[CH][CH]=[C]([CH3])[CH]=[CH][C]1=[C]([CH3])[C](=[O])[CH]([OH])[CH2][C]1([CH3])[CH3])=[CH][CH]=[CH][CH]=[C]([CH3])[CH]=[CH][CH]=[C]([CH3])[CH]=[CH][C]1=[C]([CH3])[C](=[O])[CH]([OH])[CH2][C]1([CH3])[CH3]
4094,[CH3][C]([CH]=[CH][CH]=[C]([CH3])[CH]=[CH][C]1=[C]([CH3])[CH2][CH]([O][CH]2[O][CH]([CH2][OH])[CH]([OH])[CH]([OH])[CH]2[OH])[CH2][C]1([CH3])[CH3])=[CH][CH]=[CH][CH]=[C]([CH3])[CH]=[CH][CH]=[C]([CH3])[CH]=[CH][C]1=[C]([CH3])[CH2][CH]([O][CH]2[O][CH]([CH2][OH])[CH]([OH])[CH]([OH])[CH]2[OH])[CH2][C]1([CH3])[CH3]
4095,[CH3][C]([CH]=[CH][C]1([OH])[C]([CH3])=[CH][C](=[O])[CH2][C]1([CH3])[CH3])=[CH][C](=[O])[O][CH]1[O][CH]([CH2][OH])[CH]([OH])[CH]([OH])[CH]1[OH]
4096,[CH3][C]([CH]=[CH][C]1([OH])[C]2([CH3])[CH2][O][C]1([CH3])[CH2][C](=[O])[CH2]2)=[CH][C](=[O])[OH]
4097,[CH3][C]([CH]=[CH][C]1([OH])[C]2([CH3])[CH2][O][C]1([CH3])[CH2][CH]([OH])[CH2]2)=[CH][C](=[O])[OH]
4098,[CH3][CH2][CH2][CH2][CH2][CH2][CH2][CH2][CH]([OH])[CH]([CH2][CH2][CH2][CH2][CH2][CH2][CH2][C](=[O])[OH])[O][P](=[O])([OH])[OH]
4099,[CH3][CH2][CH2][CH2][CH2][CH2][CH2][CH2][CH]([OH])[CH]([OH])[CH2][CH2][CH2][CH2][CH2][CH2][CH2][C](=[O])[OH]
4100,[O]=[P]([OH])([OH])[O][CH]1[CH]([OH])[CH]([O][P](=[O])([OH])[OH])[CH]([O][P](=[O])([OH])[OH])[CH]([O][P](=[O])([OH])[OH])[CH]1[O][P](=[O])([OH])[OH]
4101,[cH]1[cH][cH][c]([CH]2[O][CH]2[c]2[cH][cH][cH][cH][cH]2)[cH][cH]1
4102,[OH][CH]([c]1[cH][cH][cH][cH][cH]1)[CH]([OH])[c]1[cH][cH][cH][cH][cH]1
4103,[NH]=[C]([OH])[N]=[C]([OH])[CH2][C](=[O])[OH]
4104,[CH2]=[C]([CH3])[CH]1[CH2][CH2][CH]([CH3])[CH]2[CH2][CH2][C]([CH3])=[CH][CH]12
4105,[CH2]=[CH][C]([CH3])([OH])[CH2][CH2][CH]=[C]([CH3])[CH3]
4106,[CH2]=[CH][C]([CH3])([OH])[CH2][CH2][CH]=[C]([CH3])[CH3]
4107,[O]=[C]([OH])[CH]([OH])[CH2][S](=[O])(=[O])[OH]
4108,[CH3][c]1[cH][c]2[n][c]3[c]([OH])[n][c](=[O])[nH][c]3[n+]([CH2][CH]([OH])[CH]([OH])[CH]3[CH2][O][P](=[O])([OH])[O]3)[c]2[cH][c]1[CH3]
4109,[OH][N]=[CH][CH2][c]1[cH][cH][cH][cH][cH]1
4110,[N]#[C][CH2][c]1[cH][cH][cH][cH][cH]1
4111,[CH3][C]1=[CH][CH2][CH2][CH]([CH3])[CH]=[CH][CH]([C]([CH3])([CH3])[OH])[CH2][CH2]1
4112,[CH2]=[C]1[CH]=[CH][CH]([CH]([CH3])[CH3])[CH2][CH2][C]([CH3])=[CH][CH2][CH2]1
4113,[CH2]=[C]([CH3])[CH]1[CH2][CH]=[C]([CH3])[CH2][CH2][CH]=[C]([CH3])[CH2][CH2]1
4114,[CH3][C]([CH3])=[CH][CH2][CH2][C]([CH3])=[CH][CH2][CH2][C]([CH3])=[CH][CH]=[CH][CH]=[C]([CH3])[CH2][CH2][CH]=[C]([CH3])[CH2][CH2][CH]=[C]([CH3])[CH3]
4115,[CH3][C]([CH3])=[CH][CH]=[CH][C]([CH3])=[CH][CH]=[CH][C]([CH3])=[CH][CH]=[CH][CH]=[C]([CH3])[CH]=[CH][CH]=[C]([CH3])[CH2][CH2][CH]=[C]([CH3])[CH3]
4116,[CH3][C]([CH3])=[CH][CH2][CH2][C]([CH3])=[CH][CH]=[CH][C]([CH3])=[CH][CH]=[CH][CH]=[C]([CH3])[CH]=[CH][CH]=[C]([CH3])[CH]=[CH][CH]=[C]([CH3])[C](=[O])[OH]
4117,[O]=[C]([OH])[C](=[O])[CH]=[CH][c]1[cH][cH][cH][cH][c]1[C](=[O])[OH]
4118,[CH3][C]([CH3])=[CH][CH2][CH2][C]([CH3])=[CH][CH2][CH2][C]([CH3])=[CH][CH2][CH2][C]([CH3])=[CH][CH2][CH2][C]([CH3])=[CH][CH2][CH2][C]([CH3])=[CH][CH2][CH2][C]([CH3])=[CH][CH2][CH2][C]([CH3])=[CH][CH2][CH2][C]([CH3])=[CH][CH2][CH2][C]([CH3])=[CH][CH2][CH2][C]([CH3])=[CH][CH2][O][P](=[O])([OH])[O][CH]1[O][CH2][CH]([N]=[CH][OH])[CH]([OH])[CH]1[OH]
4119,[CH3][C]([CH3])=[CH][CH2][CH2][C]([CH3])=[CH][CH2][CH2][C]([CH3])=[CH][CH2][CH2][C]([CH3])=[CH][CH2][CH2][C]([CH3])=[CH][CH2][CH2][C]([CH3])=[CH][CH2][CH2][C]([CH3])=[CH][CH2][CH2][C]([CH3])=[CH][CH2][CH2][C]([CH3])=[CH][CH2][CH2][C]([CH3])=[CH][CH2][CH2][C]([CH3])=[CH][CH2][O][P](=[O])([OH])[O][CH]1[O][CH2][CH]([NH2])[CH]([OH])[CH]1[OH]
4120,[OH][CH]1[CH]([Cl])[CH]([Cl])[CH]([Cl])[CH]([Cl])[CH]1[Cl]
4121,[OH][CH]1[CH]([Cl])[CH]([Cl])[CH]([OH])[CH]([Cl])[CH]1[Cl]
4122,[O]=[P]([OH])([OH])[O][CH]1[O][CH]([CH2][OH])[CH]([OH])[CH]([OH])[CH]1[OH]
4123,[OH][CH2][CH]1[O][CH]([OH])[CH]([OH])[CH]([OH])[CH]1[OH]
4124,[NH]=[c]1[n][c]([OH])[c]2[n][cH][n]([CH]3[O][CH]([CH2][O][P](=[O])([OH])[O][P](=[O])([OH])[O][CH]4[O][CH]([CH2][OH])[CH]([OH])[CH]([OH])[CH]4[OH])[CH]([OH])[CH]3[OH])[c]2[nH]1
4125,[O]=[S](=[O])([OH])[c]1[cH][cH][c]2[c]([OH])[c]([OH])[cH][cH][c]2[cH]1
4126,[O]=[S](=[O])([OH])[c]1[cH][cH][c]2[c]([S](=[O])(=[O])[OH])[cH][cH][cH][c]2[cH]1
4127,[O]=[S](=[O])([OH])[c]1[cH][cH][c]2[cH][c]([S](=[O])(=[O])[OH])[cH][cH][c]2[cH]1
4128,[O]=[C]([OH])[C](=[O])[CH]=[CH][c]1[cH][c]([S](=[O])(=[O])[OH])[cH][cH][c]1[OH]
4129,[O]=[C]([OH])[c]1[cH][c]([S](=[O])(=[O])[OH])[cH][cH][c]1[OH]
4130,[cH]1[cH][cH][c]2[cH][c]3[cH][cH][cH][cH][c]3[cH][c]2[cH]1
4131,[OH][CH]1[c]2[cH][cH][cH][cH][c]2[CH]([OH])[c]2[cH][cH][cH][cH][c]21
4132,[OH][c]1[c]2[cH][cH][cH][cH][c]2[c]([OH])[c]2[cH][cH][cH][cH][c]12
4133,[O]=[C]1[c]2[cH][cH][cH][cH][c]2[C](=[O])[c]2[cH][cH][cH][cH][c]21
4134,[O]=[C]([OH])[CH]=[c]1[cH][cH][cH][cH][c]1=[CH][C](=[O])[C](=[O])[OH]
4135,[O]=[C]([OH])[c]1[cH][c]2[cH][cH][cH][cH][c]2[cH][c]1[OH]
4136,[O]=[C]([OH])[C](=[O])[CH]=[CH][c]1[cH][c]2[cH][cH][cH][cH][c]2[cH][c]1[OH]
4137,[OH][B]([OH])[OH]
4138,[OH][B]([OH])[c]1[cH][cH][cH][cH][cH]1
4139,[O]=[S](=[O])([OH])[c]1[cH][cH][cH][c]2[cH][cH][cH][cH][c]12
4140,[O]=[S](=[O])([OH])[c]1[cH][cH][c]2[cH][cH][cH][cH][c]2[cH]1
4141,[OH][c]1[cH][cH][c]2[cH][c]3[cH][cH][cH][cH][c]3[cH][c]2[c]1[OH]
4142,[O]=[C]([OH])[CH]=[CH][c]1[cH][c]2[cH][cH][cH][cH][c]2[cH][c]1[C](=[O])[OH]
4143,[O]=[C]([OH])[CH]1[CH]=[CH][CH]=[CH][CH]1[C](=[O])[OH]
4144,[OH][CH]1[CH]=[CH][c]2[cH][c]3[cH][cH][cH][cH][c]3[cH][c]2[CH]1[OH]
4145,[OH][c]1[cH][c]2[cH][cH][cH][cH][c]2[c]2[cH][cH][cH][cH][c]12
4146,[O]=[C]1[CH2][CH]([c]2[cH][cH][c]([OH])[cH][cH]2)[O][c]2[cH][c]([OH])[c]([OH])[cH][c]21
4147,[O]=[c]1[cH][c](-[c]2[cH][cH][c]([OH])[cH][cH]2)[o][c]2[cH][c]([OH])[cH][cH][c]12
4148,[O]=[C]1[c]2[cH][c]([OH])[c]([OH])[cH][c]2[O][CH]([OH])[CH]1[c]1[cH][cH][c]([OH])[cH][cH]1
4149,[O]=[c]1[c](-[c]2[cH][cH][c]([OH])[cH][cH]2)[cH][o][c]2[cH][c]([OH])[c]([OH])[cH][c]12
4150,[CH3][O][c]1[cH][c]2[c](=[O])[c](-[c]3[cH][cH][c]([OH])[cH][cH]3)[cH][o][c]2[cH][c]1[O][CH]1[O][CH]([CH2][OH])[CH]([OH])[CH]([OH])[CH]1[OH]
4151,[CH3][O][c]1[cH][c]2[c](=[O])[c](-[c]3[cH][cH][c]([OH])[cH][cH]3)[cH][o][c]2[cH][c]1[OH]
4152,[CH3][O][c]1[cH][c]2[c](=[O])[c](-[c]3[cH][cH][c]([OH])[cH][cH]3)[cH][o][c]2[cH][c]1[O][CH]1[O][CH]([CH2][O][C](=[O])[CH2][C](=[O])[OH])[CH]([OH])[CH]([OH])[CH]1[OH]
4153,[O]=[c]1[c](-[c]2[cH][cH][c]([OH])[cH][cH]2)[cH][o][c]2[cH][c]([O][CH]3[O][CH]([CH2][OH])[CH]([OH])[CH]([OH])[CH]3[OH])[cH][cH][c]12
4154,[O]=[C]([OH])[CH2][C](=[O])[O][CH2][CH]1[O][CH]([O][c]2[cH][cH][c]3[c](=[O])[c](-[c]4[cH][cH][c]([OH])[cH][cH]4)[cH][o][c]3[cH]2)[CH]([OH])[CH]([OH])[CH]1[OH]
4155,[CH3][O][c]1[cH][cH][c]([CH]2[C](=[O])[c]3[cH][cH][c]([OH])[cH][c]3[O][CH]2[OH])[cH][cH]1
4156,[CH3][O][c]1[cH][cH][c]2[c](=[O])[c](-[c]3[cH][cH][c]([OH])[cH][cH]3)[cH][o][c]2[cH]1
4157,[OH][c]1[cH][cH][c]2[c]([cH]1)[O][CH2][c]1[c]-2[o][c]2[cH][c]([OH])[cH][cH][c]12
4158,[O]=[C]([OH])[c]1[cH][cH][cH][cH][c]1[N+](=[O])[O-]
4159,[O]=[C]([OH])[c]1[cH][cH][cH][cH][c]1[NH][OH]
4160,[CH3][O][c]1[cH][cH][c](-[c]2[cH][o][c]3[cH][c]([O][CH]4[O][CH]([CH2][OH])[CH]([OH])[CH]([OH])[CH]4[OH])[cH][cH][c]3[c]2=[O])[cH][cH]1
4161,[CH3][O][c]1[cH][cH][c](-[c]2[cH][o][c]3[cH][c]([O][CH]4[O][CH]([CH2][O][C](=[O])[CH2][C](=[O])[OH])[CH]([OH])[CH]([OH])[CH]4[OH])[cH][cH][c]3[c]2=[O])[cH][cH]1
4162,[CH3][O][c]1[cH][c]([O][CH3])[c](-[c]2[cH][o][c]3[cH][c]([OH])[cH][cH][c]3[c]2=[O])[cH][c]1[O][CH3]
4163,[CH3][O][c]1[cH][c]2[c]([cH][c]1[O][CH3])[CH]1[C](=[O])[c]3[cH][cH][c]([OH])[cH][c]3[O][CH]1[CH2][O]2
4164,[CH3][O][c]1[cH][cH][c]([CH]2[CH2][O][c]3[cH][c]([OH])[cH][cH][c]3[CH]2[OH])[c]([OH])[cH]1
4165,[CH3][O][c]1[cH][cH][c]([CH]2[CH2][O][c]3[cH][c]([OH])[cH][cH][c]3[CH2]2)[c]([OH])[cH]1
4166,[CH3][O][c]1[cH][cH][c]2[c]([cH]1)[O][CH]1[c]3[cH][cH][c]([O][CH]4[O][CH]([CH2][OH])[CH]([OH])[CH]([OH])[CH]4[OH])[cH][c]3[O][CH2][CH]21
4167,[CH3][O][c]1[cH][cH][c]2[c]([cH]1)[O][CH]1[c]3[cH][cH][c]([O][CH]4[O][CH]([CH2][O][C](=[O])[CH2][C](=[O])[OH])[CH]([OH])[CH]([OH])[CH]4[OH])[cH][c]3[O][CH2][CH]21
4168,[O]=[c]1[c](-[c]2[cH][cH][c]3[c]([cH]2)[O][CH2][O]3)[cH][o][c]2[cH][c]([OH])[cH][cH][c]12
4169,[O]=[c]1[c](-[c]2[cH][c]3[c]([cH][c]2[OH])[O][CH2][O]3)[cH][o][c]2[cH][c]([OH])[cH][cH][c]12
4170,[O]=[C]1[c]2[cH][cH][c]([OH])[cH][c]2[O][CH2][CH]1[c]1[cH][c]2[c]([cH][c]1[OH])[O][CH2][O]2
4171,[OH][c]1[cH][cH][c]2[c]([cH]1)[O][CH2][CH]1[c]3[cH][c]4[c]([cH][c]3[O][CH]21)[O][CH2][O]4
4172,[OH][c]1[cH][cH][c]2[c]([cH]1)[O][CH2][C]1([OH])[c]3[cH][c]4[c]([cH][c]3[O][CH]21)[O][CH2][O]4
4173,[CH3][O][c]1[cH][cH][c]2[c]([cH]1)[O][CH2][C]1([OH])[c]3[cH][c]4[c]([cH][c]3[O][CH]21)[O][CH2][O]4
4174,[O]=[C]1[c]2[cH][cH][c]([OH])[cH][c]2[O][CH2][CH]1[c]1[cH][c]2[c]([cH][c]1[OH])[O][CH2][O]2
4175,[OH][c]1[cH][cH][c]2[c]([cH]1)[O][CH2][CH]1[c]3[cH][c]4[c]([cH][c]3[O][CH]21)[O][CH2][O]4
4176,[OH][CH2][CH]1[O][CH]([O][c]2[cH][cH][c]3[c]([cH]2)[O][CH2][CH]2[c]4[cH][c]5[c]([cH][c]4[O][CH]32)[O][CH2][O]5)[CH]([OH])[CH]([OH])[CH]1[OH]
4177,[O]=[C]([OH])[CH2][C](=[O])[O][CH2][CH]1[O][CH]([O][c]2[cH][cH][c]3[c]([cH]2)[O][CH2][CH]2[c]4[cH][c]5[c]([cH][c]4[O][CH]32)[O][CH2][O]5)[CH]([OH])[CH]([OH])[CH]1[OH]
4178,[O]=[C]([OH])[CH2][C](=[O])[O][CH2][CH]1[O][CH]([O][c]2[cH][c]([OH])[c]3[c](=[O])[c](-[c]4[cH][cH][c]([OH])[cH][cH]4)[cH][o][c]3[cH]2)[CH]([OH])[CH]([OH])[CH]1[OH]
4179,[CH3][C]1=[C]([CH2][CH2][C](=[O])[OH])[C]2=[N][C]1([CH3])[CH2][C]1=[C]([CH2][CH2][C](=[O])[OH])[C]([CH3])([CH2][C](=[O])[OH])[C](=[N]1)[CH]=[C]1[NH][C]([CH3])([CH]3[N]=[C]([CH]2[CH3])[C]([CH3])([CH2][CH2][C](=[O])[OH])[CH]3[CH2][C](=[O])[OH])[C]([CH3])([CH2][C](=[O])[OH])[CH]1[CH2][CH2][C](=[O])[OH]
4180,[CH3][O][c]1[cH][cH][c](-[c]2[cH][o][c]3[cH][c]([OH])[cH][c]([OH])[c]3[c]2=[O])[cH][c]1[OH]
4181,[OH][c]1[cH][c]([Br])[c]([OH])[c]([Br])[cH]1
4182,[NH]=[C]([OH])[c]1[cH][c]([Br])[c]([OH])[c]([Br])[cH]1
4183,[O]=[C]([OH])[CH2][C](=[O])[CH]=[C]([Br])[C](=[O])[OH]
4184,[CH3][CH]([CH3])[CH]([CH3])[CH]([OH])[CH]([OH])[CH]([CH3])[CH]1[CH2][CH2][CH]2[CH]3[CH2][CH]=[C]4[CH2][CH]([OH])[CH2][CH2][C]4([CH3])[CH]3[CH2][CH2][C]12[CH3]
4185,[CH3][CH]([CH3])[CH]([CH3])[CH]([OH])[CH]([OH])[CH]([CH3])[CH]1[CH2][CH2][CH]2[CH]3[CH2][CH2][C]4=[CH][C](=[O])[CH2][CH2][C]4([CH3])[CH]3[CH2][CH2][C]12[CH3]
4186,[CH3][CH]([CH3])[CH]([CH3])[CH2][CH]([OH])[CH]([CH3])[CH]1[CH2][CH2][CH]2[CH]3[CH2][CH2][CH]4[CH2][CH]([OH])[CH2][CH2][C]4([CH3])[CH]3[CH2][CH2][C]12[CH3]
4187,[NH2][c]1[cH][cH][c]([Cl])[cH][cH]1
4188,[NH2][c]1[cH][cH][c]([Cl])[cH][c]1[Cl]
4189,[O]=[C]([OH])[CH]([OH])[CH2][c]1[cH][cH][cH][cH][cH]1
4190,[CH3][C]([CH3])([CH2][O][P](=[O])([OH])[O][P](=[O])([OH])[O][CH2][CH]1[O][CH]([n]2[cH][n][c]3[c]([NH2])[n][cH][n][c]32)[CH]([OH])[CH]1[O][P](=[O])([OH])[OH])[CH]([OH])[C]([OH])=[N][CH2][CH2][C]([OH])=[N][CH2][CH2][S][C](=[O])[CH]([OH])[CH2][c]1[cH][cH][cH][cH][cH]1
4191,[CH3][CH]([CH2][CH2][CH2][O][S](=[O])(=[O])[OH])[CH]1[CH2][CH2][CH]2[CH]3[CH]([OH])[CH2][CH]4[CH2][CH]([OH])[CH2][CH2][C]4([CH3])[CH]3[CH2][CH]([OH])[C]12[CH3]
4192,[CH3][CH]([CH2][CH2][CH2][OH])[CH]1[CH2][CH2][CH]2[CH]3[CH]([OH])[CH2][CH]4[CH2][CH]([OH])[CH2][CH2][C]4([CH3])[CH]3[CH2][CH]([OH])[C]12[CH3]
4193,[CH3][CH]([CH2][CH2][CH]([OH])[CH]([CH2][OH])[CH2][O][S](=[O])(=[O])[OH])[CH]1[CH2][CH2][CH]2[CH]3[CH]([OH])[CH2][CH]4[CH2][CH]([OH])[CH2][CH2][C]4([CH3])[CH]3[CH2][CH]([OH])[C]12[CH3]
4194,[CH3][CH]([CH2][CH2][CH]([OH])[CH]([CH2][OH])[CH2][OH])[CH]1[CH2][CH2][CH]2[CH]3[CH]([OH])[CH2][CH]4[CH2][CH]([OH])[CH2][CH2][C]4([CH3])[CH]3[CH2][CH]([OH])[C]12[CH3]
4195,[O]=[C]1[c]2[cH][cH][cH][cH][c]2[C]2=[CH][CH]=[CH][CH]([OH])[C]12[OH]
4196,[O]=[C]([OH])[c]1[cH][cH][cH][cH][c]1-[c]1[cH][cH][cH][c]([OH])[c]1[OH]
4197,[O]=[C]([OH])[C]([OH])=[CH][CH]=[CH][C](=[O])[c]1[cH][cH][cH][cH][c]1[C](=[O])[OH]
4198,[O]=[CH][CH]=[CH][C]([Cl])=[C]([OH])[C](=[O])[OH]
4199,[O]=[C]([OH])[CH]1[CH2][CH2]1
4200,[CH3][C]([CH3])([CH2][O][P](=[O])([OH])[O][P](=[O])([OH])[O][CH2][CH]1[O][CH]([n]2[cH][n][c]3[c]([NH2])[n][cH][n][c]32)[CH]([OH])[CH]1[O][P](=[O])([OH])[OH])[CH]([OH])[C]([OH])=[N][CH2][CH2][C]([OH])=[N][CH2][CH2][S][C](=[O])[CH]1[CH2][CH2]1
4201,[CH3][C]1=[C]2[CH2][CH2][CH]([CH3])[C]23[CH2][CH2][CH]([CH2]3)[C]1([CH3])[CH3]
4202,[CH3][C](=[O])[CH2][CH]([OH])[CH2][C](=[O])[OH]
4203,[CH3][C](=[O])[CH2][CH]([OH])[CH2][C](=[O])[S][CH2][CH2][N]=[C]([OH])[CH2][CH2][N]=[C]([OH])[CH]([OH])[C]([CH3])([CH3])[CH2][O][P](=[O])([OH])[O][P](=[O])([OH])[O][CH2][CH]1[O][CH]([n]2[cH][n][c]3[c]([NH2])[n][cH][n][c]32)[CH]([OH])[CH]1[O][P](=[O])([OH])[OH]
4204,[NH]=[C]([SH])[c]1[cH][cH][cH][cH][cH]1
4205,[NH2][C](=[S]=[O])[c]1[cH][cH][cH][cH][cH]1
4206,[NH]=[C]([c]1[cH][cH][cH][cH][cH]1)[S](=[O])[OH]
4207,[CH3][C]([CH]=[CH][CH]=[C]([CH3])[CH]=[CH][CH]=[C]([CH3])[CH]=[CH][CH]([OH])[C]([CH3])([CH3])[OH])=[CH][CH]=[CH][CH]=[C]([CH3])[CH]=[CH][CH]=[C]([CH3])[CH]=[CH][CH]=[C]([CH3])[CH]=[CH][CH]([OH])[C]([CH3])([CH3])[OH]
4208,[CH3][O][C]([CH3])([CH3])[CH2][CH2][C](=[O])[C]([CH3])=[CH][CH]=[CH][C]([CH3])=[CH][CH]=[CH][C]([CH3])=[CH][CH]=[CH][CH]=[C]([CH3])[CH]=[CH][CH]=[C]([CH3])[CH]=[CH][CH]=[C]([CH3])[CH2][CH2][CH]=[C]([CH3])[CH3]
4209,[CH3][O][C]([CH3])([CH3])[CH2][CH2][C](=[O])[C]([CH3])=[CH][CH]=[CH][C]([CH3])=[CH][CH]=[CH][C]([CH3])=[CH][CH]=[CH][CH]=[C]([CH3])[CH]=[CH][CH]=[C]([CH3])[CH]=[CH][C]1=[C]([CH3])[CH2][CH2][CH2][C]1([CH3])[CH3]
4210,[CH3][O][C]([CH3])([CH3])[CH2][CH2][C](=[O])[C]([CH3])=[CH][CH]=[CH][C]([CH3])=[CH][CH]=[CH][C]([CH3])=[CH][CH]=[CH][CH]=[C]([CH3])[CH]=[CH][CH]=[C]([CH3])[CH]=[CH][c]1[cH][cH][c]([CH3])[c]([CH3])[c]1[CH3]
4211,[CH3][C]([CH]=[CH][CH]=[C]([CH3])[CH]=[CH][C]1=[C]([CH3])[CH2][CH2][CH2][C]1([CH3])[CH3])=[CH][CH]=[CH][CH]=[C]([CH3])[CH]=[CH][CH]=[C]([CH3])[CH2][CH2][C]1=[C]([CH3])[CH2][CH2][CH2][C]1([CH3])[CH3]
4212,[CH3][C]([CH]=[CH][CH]=[C]([CH3])[CH]=[CH][C]1=[C]([CH3])[CH2][CH2][CH2][C]1([CH3])[CH3])=[CH][CH]=[CH][CH]=[C]([CH3])[CH]=[CH][CH]=[C]([CH3])[CH]=[CH][c]1[c]([CH3])[cH][cH][c]([CH3])[c]1[CH3]
4213,[CH3][CH2][CH]=[CH][CH2][CH]=[CH][CH2][CH]=[CH][CH2][CH]=[CH][CH2][CH2][CH2][CH2][C](=[O])[OH]
4214,[CH3][CH2][CH]=[CH][CH2][CH]([CH]=[CH][CH]=[CH][CH2][CH2][CH2][CH2][CH2][CH2][CH2][C](=[O])[OH])[O][OH]
4215,[CH3][CH2][CH]=[CH][CH2][CH]=[CH][CH]=[CH][CH]([CH2][CH2][CH2][CH2][CH2][CH2][CH2][C](=[O])[OH])[O][OH]
4216,[CH3][CH2][CH]=[CH][CH2][CH]=[CH][CH]=[C]1[O][CH]1[CH2][CH2][CH2][CH2][CH2][CH2][CH2][C](=[O])[OH]
4217,[CH3][CH2][CH]=[CH][CH2][CH]1[CH]=[CH][C](=[O])[CH]1[CH2][CH2][CH2][CH2][CH2][CH2][CH2][C](=[O])[OH]
4218,[CH3][CH2][CH]=[CH][CH2][CH]=[CH][CH]=[CH][O][CH]=[CH][CH2][CH2][CH2][CH2][CH2][CH2][C](=[O])[OH]
4219,[CH3][CH2][CH]=[CH][CH2][CH]=[CH][CH2][CH]=[O]
4220,[O]=[CH][CH2][CH2][CH2][CH2][CH2][CH2][CH2][C](=[O])[OH]
4221,[O]=[CH][CH2][CH]=[CH][CH2][CH2][CH2][CH2][CH2][CH2][CH2][C](=[O])[OH]
4222,[CH3][CH2][CH]=[CH][CH2][CH]=[O]
4223,[CH3][CH2][CH]=[CH][CH]=[CH][O][CH]=[CH][CH]=[CH][CH2][CH2][CH2][CH2][CH2][CH2][CH2][C](=[O])[OH]
4224,[O]=[CH][CH]=[CH][CH2][CH2][CH2][CH2][CH2][CH2][CH2][CH2][C](=[O])[OH]
4225,[O]=[C]1[CH]=[CH][C](=[C]2[O][c]3[cH][c]([OH])[cH][c]([OH])[c]3[CH]=[C]2[O][CH]2[O][CH]([CH2][O+]=[C]([OH])[CH]=[CH][c]3[cH][cH][c]([OH])[c]([OH])[cH]3)[CH]([OH])[CH]([OH])[CH]2[OH])[CH]=[CH]1
4226,[OH][CH2][CH]1[O][CH]([O][c]2[cH][c]3[c]([O][CH]4[O][CH]([CH2][OH])[CH]([OH])[CH]([OH])[CH]4[OH])[cH][c]([OH])[cH][c]3[o+][c]2-[c]2[cH][cH][c]([OH])[cH][cH]2)[CH]([OH])[CH]([OH])[CH]1[OH]
4227,[OH][CH2][CH]1[O][CH]([O][CH]2[CH]([O][c]3[cH][c]4[c]([OH])[cH][c]([OH])[cH][c]4[o+][c]3-[c]3[cH][cH][c]([OH])[cH][cH]3)[O][CH]([CH2][OH])[CH]([OH])[CH]2[OH])[CH]([OH])[CH]([OH])[CH]1[OH]
4228,[OH][CH2][CH]1[O][CH]([O][CH]2[CH]([O][c]3[cH][c]4[c]([OH])[cH][c]([OH])[cH][c]4[o+][c]3-[c]3[cH][c]([OH])[c]([OH])[c]([OH])[cH]3)[O][CH]([CH2][OH])[CH]([OH])[CH]2[OH])[CH]([OH])[CH]([OH])[CH]1[OH]
4229,[O]=[C]1[CH]=[CH][C](=[C]2[O][c]3[cH][c]([OH])[cH][c]([O][CH]4[O][CH]([CH2][O+]=[C]([OH])[CH]=[CH][c]5[cH][cH][c]([OH])[cH][cH]5)[CH]([OH])[CH]([OH])[CH]4[OH])[c]3[CH]=[C]2[O][CH]2[O][CH]([CH2][OH])[CH]([OH])[CH]([OH])[CH]2[OH])[CH]=[CH]1
4230,[O]=[C]([CH]=[CH][c]1[cH][cH][c]([OH])[cH][cH]1)[O][CH2][CH]1[O][CH]([O][c]2[cH][c]([OH])[cH][c]3[o+][c](-[c]4[cH][cH][c]([OH])[c]([OH])[cH]4)[c]([O][CH]4[O][CH]([CH2][OH])[CH]([OH])[CH]([OH])[CH]4[OH])[cH][c]23)[CH]([OH])[CH]([OH])[CH]1[OH]
4231,[O]=[C]([CH]=[CH][c]1[cH][cH][c]([OH])[cH][cH]1)[O][CH2][CH]1[O][CH]([O][c]2[cH][c]([OH])[cH][c]3[o+][c](-[c]4[cH][c]([OH])[c]([OH])[c]([OH])[cH]4)[c]([O][CH]4[O][CH]([CH2][OH])[CH]([OH])[CH]([OH])[CH]4[OH])[cH][c]23)[CH]([OH])[CH]([OH])[CH]1[OH]
4232,[OH][CH2][CH]1[O][CH]([O][c]2[cH][c]3[c]([O][CH]4[O][CH]([CH2][OH])[CH]([OH])[CH]([OH])[CH]4[OH])[cH][c]([OH])[cH][c]3[o+][c]2-[c]2[cH][c]([OH])[c]([OH])[c]([OH])[cH]2)[CH]([OH])[CH]([OH])[CH]1[OH]
4233,[O]=[C]([OH])[CH2][C](=[O])[O][CH2][CH]1[O][CH]([O][c]2[cH][c]3[c]([OH])[cH][c]([OH])[cH][c]3[o+][c]2-[c]2[cH][cH][c]([OH])[cH][cH]2)[CH]([OH])[CH]([O][C](=[O])[CH2][C](=[O])[OH])[CH]1[OH]
4234,[O]=[C]([OH])[CH2][C](=[O])[O][CH2][CH]1[O][CH]([O][c]2[cH][c]3[c]([OH])[cH][c]([OH])[cH][c]3[o+][c]2-[c]2[cH][cH][c]([OH])[c]([OH])[cH]2)[CH]([OH])[CH]([O][C](=[O])[CH2][C](=[O])[OH])[CH]1[OH]
4235,[O]=[C]([OH])[CH2][C](=[O])[O][CH2][CH]1[O][CH]([O][c]2[cH][c]3[c]([OH])[cH][c]([OH])[cH][c]3[o+][c]2-[c]2[cH][cH][c]([OH])[c]([OH])[cH]2)[CH]([OH])[CH]([OH])[CH]1[OH]
4236,[O]=[C]([OH])[CH2][C](=[O])[O][CH2][CH]1[O][CH]([O][c]2[cH][c]3[c]([OH])[cH][c]([OH])[cH][c]3[o+][c]2-[c]2[cH][c]([OH])[c]([OH])[c]([OH])[cH]2)[CH]([OH])[CH]([O][C](=[O])[CH2][C](=[O])[OH])[CH]1[OH]
4237,[O]=[C]([OH])[CH2][C](=[O])[O][CH2][CH]1[O][CH]([O][c]2[cH][c]3[c]([OH])[cH][c]([OH])[cH][c]3[o+][c]2-[c]2[cH][c]([OH])[c]([OH])[c]([OH])[cH]2)[CH]([OH])[CH]([OH])[CH]1[OH]
4238,[CH3][CH2][CH]=[CH][CH2][CH]1[C](=[O])[CH2][CH2][CH]1[CH2][CH2][CH2][CH2][CH2][CH]=[CH][C](=[O])[S][CH2][CH2][N]=[C]([OH])[CH2][CH2][N]=[C]([OH])[CH]([OH])[C]([CH3])([CH3])[CH2][O][P](=[O])([OH])[O][P](=[O])([OH])[O][CH2][CH]1[O][CH]([n]2[cH][n][c]3[c]([NH2])[n][cH][n][c]32)[CH]([OH])[CH]1[O][P](=[O])([OH])[OH]
4239,[CH3][CH2][CH]=[CH][CH2][CH]1[C](=[O])[CH2][CH2][CH]1[CH2][CH2][CH2][CH2][CH2][CH]([OH])[CH2][C](=[O])[S][CH2][CH2][N]=[C]([OH])[CH2][CH2][N]=[C]([OH])[CH]([OH])[C]([CH3])([CH3])[CH2][O][P](=[O])([OH])[O][P](=[O])([OH])[O][CH2][CH]1[O][CH]([n]2[cH][n][c]3[c]([NH2])[n][cH][n][c]32)[CH]([OH])[CH]1[O][P](=[O])([OH])[OH]
4240,[CH3][CH2][CH]=[CH][CH2][CH]1[C](=[O])[CH2][CH2][CH]1[CH2][CH2][CH2][CH2][CH2][C](=[O])[CH2][C](=[O])[S][CH2][CH2][N]=[C]([OH])[CH2][CH2][N]=[C]([OH])[CH]([OH])[C]([CH3])([CH3])[CH2][O][P](=[O])([OH])[O][P](=[O])([OH])[O][CH2][CH]1[O][CH]([n]2[cH][n][c]3[c]([NH2])[n][cH][n][c]32)[CH]([OH])[CH]1[O][P](=[O])([OH])[OH]
4241,[CH3][CH2][CH]=[CH][CH2][CH]1[C](=[O])[CH2][CH2][CH]1[CH2][CH2][CH2][CH2][CH2][C](=[O])[S][CH2][CH2][N]=[C]([OH])[CH2][CH2][N]=[C]([OH])[CH]([OH])[C]([CH3])([CH3])[CH2][O][P](=[O])([OH])[O][P](=[O])([OH])[O][CH2][CH]1[O][CH]([n]2[cH][n][c]3[c]([NH2])[n][cH][n][c]32)[CH]([OH])[CH]1[O][P](=[O])([OH])[OH]
4242,[CH3][CH2][CH]=[CH][CH2][CH]1[C](=[O])[CH2][CH2][CH]1[CH2][CH2][CH2][CH]=[CH][C](=[O])[S][CH2][CH2][N]=[C]([OH])[CH2][CH2][N]=[C]([OH])[CH]([OH])[C]([CH3])([CH3])[CH2][O][P](=[O])([OH])[O][P](=[O])([OH])[O][CH2][CH]1[O][CH]([n]2[cH][n][c]3[c]([NH2])[n][cH][n][c]32)[CH]([OH])[CH]1[O][P](=[O])([OH])[OH]
4243,[CH3][CH2][CH]=[CH][CH2][CH]1[C](=[O])[CH2][CH2][CH]1[CH2][CH2][CH2][CH]([OH])[CH2][C](=[O])[S][CH2][CH2][N]=[C]([OH])[CH2][CH2][N]=[C]([OH])[CH]([OH])[C]([CH3])([CH3])[CH2][O][P](=[O])([OH])[O][P](=[O])([OH])[O][CH2][CH]1[O][CH]([n]2[cH][n][c]3[c]([NH2])[n][cH][n][c]32)[CH]([OH])[CH]1[O][P](=[O])([OH])[OH]
4244,[CH3][CH2][CH]=[CH][CH2][CH]1[C](=[O])[CH2][CH2][CH]1[CH2][CH2][CH2][C](=[O])[CH2][C](=[O])[S][CH2][CH2][N]=[C]([OH])[CH2][CH2][N]=[C]([OH])[CH]([OH])[C]([CH3])([CH3])[CH2][O][P](=[O])([OH])[O][P](=[O])([OH])[O][CH2][CH]1[O][CH]([n]2[cH][n][c]3[c]([NH2])[n][cH][n][c]32)[CH]([OH])[CH]1[O][P](=[O])([OH])[OH]
4245,[CH3][CH2][CH]=[CH][CH2][CH]1[C](=[O])[CH2][CH2][CH]1[CH2][CH2][CH2][C](=[O])[S][CH2][CH2][N]=[C]([OH])[CH2][CH2][N]=[C]([OH])[CH]([OH])[C]([CH3])([CH3])[CH2][O][P](=[O])([OH])[O][P](=[O])([OH])[O][CH2][CH]1[O][CH]([n]2[cH][n][c]3[c]([NH2])[n][cH][n][c]32)[CH]([OH])[CH]1[O][P](=[O])([OH])[OH]
4246,[CH3][CH2][CH]=[CH][CH2][CH]1[C](=[O])[CH2][CH2][CH]1[CH2][CH]=[CH][C](=[O])[S][CH2][CH2][N]=[C]([OH])[CH2][CH2][N]=[C]([OH])[CH]([OH])[C]([CH3])([CH3])[CH2][O][P](=[O])([OH])[O][P](=[O])([OH])[O][CH2][CH]1[O][CH]([n]2[cH][n][c]3[c]([NH2])[n][cH][n][c]32)[CH]([OH])[CH]1[O][P](=[O])([OH])[OH]
4247,[CH3][CH2][CH]=[CH][CH2][CH]1[C](=[O])[CH2][CH2][CH]1[CH2][CH]([OH])[CH2][C](=[O])[S][CH2][CH2][N]=[C]([OH])[CH2][CH2][N]=[C]([OH])[CH]([OH])[C]([CH3])([CH3])[CH2][O][P](=[O])([OH])[O][P](=[O])([OH])[O][CH2][CH]1[O][CH]([n]2[cH][n][c]3[c]([NH2])[n][cH][n][c]32)[CH]([OH])[CH]1[O][P](=[O])([OH])[OH]
4248,[CH3][CH2][CH]=[CH][CH2][CH]1[C](=[O])[CH2][CH2][CH]1[CH2][C](=[O])[CH2][C](=[O])[S][CH2][CH2][N]=[C]([OH])[CH2][CH2][N]=[C]([OH])[CH]([OH])[C]([CH3])([CH3])[CH2][O][P](=[O])([OH])[O][P](=[O])([OH])[O][CH2][CH]1[O][CH]([n]2[cH][n][c]3[c]([NH2])[n][cH][n][c]32)[CH]([OH])[CH]1[O][P](=[O])([OH])[OH]
4249,[CH3][CH2][CH]=[CH][CH2][CH]1[C](=[O])[CH2][CH2][CH]1[CH2][C](=[O])[S][CH2][CH2][N]=[C]([OH])[CH2][CH2][N]=[C]([OH])[CH]([OH])[C]([CH3])([CH3])[CH2][O][P](=[O])([OH])[O][P](=[O])([OH])[O][CH2][CH]1[O][CH]([n]2[cH][n][c]3[c]([NH2])[n][cH][n][c]32)[CH]([OH])[CH]1[O][P](=[O])([OH])[OH]
4250,[CH3][CH2][CH]=[CH][CH2][CH]1[C](=[O])[CH2][CH2][CH]1[CH2][C](=[O])[OH]
4251,[CH3][CH]1[O][CH]([O][CH2][CH]2[O][CH]([O][c]3[cH][c]4[c]([OH])[cH][c]([OH])[cH][c]4[o+][c]3-[c]3[cH][c]([OH])[c]([OH])[c]([OH])[cH]3)[CH]([OH])[CH]([OH])[CH]2[OH])[CH]([OH])[CH]([OH])[CH]1[OH]
4252,[O]=[C]([OH])[CH2][C](=[O])[O][CH2][CH]1[O][CH]([O][c]2[cH][c]([OH])[cH][c]3[o+][c](-[c]4[cH][cH][c]([OH])[c]([OH])[cH]4)[c]([O][CH]4[O][CH]([CH2][O][C](=[O])[CH]=[CH][c]5[cH][cH][c]([OH])[cH][cH]5)[CH]([OH])[CH]([OH])[CH]4[OH])[cH][c]23)[CH]([OH])[CH]([OH])[CH]1[OH]
4253,[OH][CH2][CH]1[O][CH]([O][c]2[cH][c]3[c]([O][CH]4[O][CH]([CH2][OH])[CH]([OH])[CH]([OH])[CH]4[OH])[cH][c]([OH])[cH][c]3[o+][c]2-[c]2[cH][c]([OH])[c]([OH])[c]([O][CH]3[O][CH]([CH2][OH])[CH]([OH])[CH]([OH])[CH]3[OH])[cH]2)[CH]([OH])[CH]([OH])[CH]1[OH]
4254,[O]=[C]([OH])[CH2][C](=[O])[O][CH2][CH]1[O][CH]([O][c]2[cH][c]3[c]([OH])[cH][c]([OH])[cH][c]3[o+][c]2-[c]2[cH][c]([OH])[c]([OH])[c]([O][CH]3[O][CH]([CH2][OH])[CH]([OH])[CH]([OH])[CH]3[OH])[cH]2)[CH]([OH])[CH]([OH])[CH]1[OH]
4255,[O]=[C]([OH])[CH2][C](=[O])[O][CH2][CH]1[O][CH]([O][c]2[cH][c]3[c]([OH])[cH][c]([OH])[cH][c]3[o+][c]2-[c]2[cH][c]([O][CH]3[O][CH]([CH2][OH])[CH]([OH])[CH]([OH])[CH]3[OH])[c]([OH])[c]([O][CH]3[O][CH]([CH2][OH])[CH]([OH])[CH]([OH])[CH]3[OH])[cH]2)[CH]([OH])[CH]([OH])[CH]1[OH]
4256,[CH3][n+]1[cH][n]([CH]2[O][CH]([CH2][OH])[CH]([OH])[CH]2[OH])[c]2[n][c]([OH])[n][c]([OH])[c]21
4257,[CH3][n]1[cH][n][c]2[n][c]([OH])[n][c]([OH])[c]21
4258,[CH3][n]1[cH][n][c]2[c]1[c]([OH])[n][c](=[O])[n]2[CH3]
4259,[CH3][n]1[c](=[O])[c]2[c]([n][cH][n]2[CH3])[n]([CH3])[c]1=[O]
4260,[CH3][n]1[c]([OH])[n][c]2[n][cH][n]([CH3])[c]2[c]1=[O]
4261,[O]=[C]([CH]=[CH][c]1[cH][cH][c]([OH])[c]([OH])[cH]1)[O][CH2][CH]1[O][CH]([O][c]2[cH][c]([OH])[cH][c]3[o+][c](-[c]4[cH][c]([OH])[c]([OH])[c]([O][CH]5[O][CH]([CH2][OH])[CH]([OH])[CH]([OH])[CH]5[OH])[cH]4)[c]([O][CH]4[O][CH]([CH2][OH])[CH]([OH])[CH]([OH])[CH]4[OH])[cH][c]23)[CH]([OH])[CH]([OH])[CH]1[OH]
4262,[O]=[C]([CH]=[CH][c]1[cH][cH][c]([OH])[c]([OH])[cH]1)[O][CH2][CH]1[O][CH]([O][c]2[cH][c]([OH])[cH][c]3[o+][c](-[c]4[cH][c]([OH])[c]([OH])[c]([OH])[cH]4)[c]([O][CH]4[O][CH]([CH2][OH])[CH]([OH])[CH]([OH])[CH]4[OH])[cH][c]23)[CH]([OH])[CH]([OH])[CH]1[OH]
4263,[O]=[c]1[cH][c]([OH])[cH][c]2[o][c](-[c]3[cH][c]([OH])[c]([OH])[c]([OH])[cH]3)[c]([O][CH]3[O][CH]([CH2][O+]=[C]([OH])[CH]=[CH][c]4[cH][cH][c]([OH])[c]([OH])[cH]4)[CH]([OH])[CH]([OH])[CH]3[OH])[cH][c]1-2
4264,[O]=[C]1[CH]=[CH][C](=[C]2[O][c]3[cH][c]([OH])[cH][c]([OH])[c]3[CH]=[C]2[O][CH]2[O][CH]([CH2][O+]=[C]([OH])[CH]=[CH][c]3[cH][cH][c]([OH])[cH][cH]3)[CH]([OH])[CH]([OH])[CH]2[OH])[CH]=[CH]1
4265,[O]=[c]1[cH][c]([OH])[cH][c]2[o][c](-[c]3[cH][c]([OH])[c]([OH])[c]([OH])[cH]3)[c]([O][CH]3[O][CH]([CH2][O+]=[C]([OH])[CH]=[CH][c]4[cH][cH][c]([OH])[cH][cH]4)[CH]([OH])[CH]([OH])[CH]3[OH])[cH][c]1-2
4266,[O]=[C]1[CH]=[CH][C](=[C]2[O][c]3[cH][c]([OH])[cH][c]([O][CH]4[O][CH]([CH2][O+]=[C]([OH])[CH]=[CH][c]5[cH][cH][c]([OH])[c]([OH])[cH]5)[CH]([OH])[CH]([OH])[CH]4[OH])[c]3[CH]=[C]2[O][CH]2[O][CH]([CH2][OH])[CH]([OH])[CH]([OH])[CH]2[OH])[CH]=[CH]1
4267,[O]=[C]([CH]=[CH][c]1[cH][cH][c]([OH])[c]([OH])[cH]1)[O][CH2][CH]1[O][CH]([O][c]2[cH][c]([OH])[cH][c]3[o+][c](-[c]4[cH][cH][c]([OH])[c]([OH])[cH]4)[c]([O][CH]4[O][CH]([CH2][OH])[CH]([OH])[CH]([OH])[CH]4[OH])[cH][c]23)[CH]([OH])[CH]([OH])[CH]1[OH]
4268,[O]=[C]([OH])[CH2][C](=[O])[O][CH2][CH]1[O][CH]([O][c]2[cH][c]3[c]([OH])[cH][c]([OH])[cH][c]3[o+][c]2-[c]2[cH][cH][c]([OH])[c]([OH])[cH]2)[CH]([O][CH]2[O][CH]([C](=[O])[OH])[CH]([OH])[CH]([OH])[CH]2[OH])[CH]([OH])[CH]1[OH]
4269,[CH3][CH2][CH]=[CH][CH2][CH]=[CH][CH2][CH]=[CH][CH2][CH]=[CH][CH2][CH2][CH2][CH2][C](=[O])[S][CH2][CH2][N]=[C]([OH])[CH2][CH2][N]=[C]([OH])[CH]([OH])[C]([CH3])([CH3])[CH2][O][P](=[O])([OH])[O][P](=[O])([OH])[O][CH2][CH]1[O][CH]([n]2[cH][n][c]3[c]([NH2])[n][cH][n][c]32)[CH]([OH])[CH]1[O][P](=[O])([OH])[OH]
4270,[CH3][CH2][CH]=[CH][CH2][CH]=[CH][CH2][CH]=[CH][CH2][CH]=[CH][CH2][CH]=[CH][CH2][CH]=[CH][CH2][CH2][CH]=[CH][C](=[O])[S][CH2][CH2][N]=[C]([OH])[CH2][CH2][N]=[C]([OH])[CH]([OH])[C]([CH3])([CH3])[CH2][O][P](=[O])([OH])[O][P](=[O])([OH])[O][CH2][CH]1[O][CH]([n]2[cH][n][c]3[c]([NH2])[n][cH][n][c]32)[CH]([OH])[CH]1[O][P](=[O])([OH])[OH]
4271,[CH3][CH2][CH]=[CH][CH2][CH]=[CH][CH2][CH]=[CH][CH2][CH]=[CH][CH2][CH]=[CH][CH2][CH]=[CH][CH2][CH2][CH]([OH])[CH2][C](=[O])[S][CH2][CH2][N]=[C]([OH])[CH2][CH2][N]=[C]([OH])[CH]([OH])[C]([CH3])([CH3])[CH2][O][P](=[O])([OH])[O][P](=[O])([OH])[O][CH2][CH]1[O][CH]([n]2[cH][n][c]3[c]([NH2])[n][cH][n][c]32)[CH]([OH])[CH]1[O][P](=[O])([OH])[OH]
4272,[CH3][CH2][CH]=[CH][CH2][CH]=[CH][CH2][CH]=[CH][CH2][CH]=[CH][CH2][CH]=[CH][CH2][CH]=[CH][CH2][CH2][C](=[O])[CH2][C](=[O])[S][CH2][CH2][N]=[C]([OH])[CH2][CH2][N]=[C]([OH])[CH]([OH])[C]([CH3])([CH3])[CH2][O][P](=[O])([OH])[O][P](=[O])([OH])[O][CH2][CH]1[O][CH]([n]2[cH][n][c]3[c]([NH2])[n][cH][n][c]32)[CH]([OH])[CH]1[O][P](=[O])([OH])[OH]
4273,[CH3][CH2][CH]=[CH][CH2][CH]=[CH][CH2][CH]=[CH][CH2][CH]=[CH][CH2][CH]=[CH][CH2][CH]=[CH][CH2][CH2][C](=[O])[S][CH2][CH2][N]=[C]([OH])[CH2][CH2][N]=[C]([OH])[CH]([OH])[C]([CH3])([CH3])[CH2][O][P](=[O])([OH])[O][P](=[O])([OH])[O][CH2][CH]1[O][CH]([n]2[cH][n][c]3[c]([NH2])[n][cH][n][c]32)[CH]([OH])[CH]1[O][P](=[O])([OH])[OH]
4274,[CH3][n]1[c]([OH])[n][c]2[nH][cH][n][c]2[c]1=[O]
4275,[CH3][n]1[c]([OH])[n][c]2[nH][c]([OH])[n][c]2[c]1=[O]
4276,[CH3][CH2][CH2][CH2][CH2][CH]=[CH][CH2][CH]=[CH][CH2][CH]=[CH][CH2][CH]=[CH][CH2][CH]=[CH][CH2][CH2][CH]([OH])[CH2][C](=[O])[S][CH2][CH2][N]=[C]([OH])[CH2][CH2][N]=[C]([OH])[CH]([OH])[C]([CH3])([CH3])[CH2][O][P](=[O])([OH])[O][P](=[O])([OH])[O][CH2][CH]1[O][CH]([n]2[cH][n][c]3[c]([NH2])[n][cH][n][c]32)[CH]([OH])[CH]1[O][P](=[O])([OH])[OH]
4277,[CH3][CH2][CH2][CH2][CH2][CH]=[CH][CH2][CH]=[CH][CH2][CH]=[CH][CH2][CH]=[CH][CH2][CH]=[CH][CH2][CH2][CH]=[CH][C](=[O])[S][CH2][CH2][N]=[C]([OH])[CH2][CH2][N]=[C]([OH])[CH]([OH])[C]([CH3])([CH3])[CH2][O][P](=[O])([OH])[O][P](=[O])([OH])[O][CH2][CH]1[O][CH]([n]2[cH][n][c]3[c]([NH2])[n][cH][n][c]32)[CH]([OH])[CH]1[O][P](=[O])([OH])[OH]
4278,[CH3][CH2][CH2][CH2][CH2][CH]=[CH][CH2][CH]=[CH][CH2][CH]=[CH][CH2][CH]=[CH][CH2][CH]=[CH][CH2][CH2][C](=[O])[CH2][C](=[O])[S][CH2][CH2][N]=[C]([OH])[CH2][CH2][N]=[C]([OH])[CH]([OH])[C]([CH3])([CH3])[CH2][O][P](=[O])([OH])[O][P](=[O])([OH])[O][CH2][CH]1[O][CH]([n]2[cH][n][c]3[c]([NH2])[n][cH][n][c]32)[CH]([OH])[CH]1[O][P](=[O])([OH])[OH]
4279,[CH3][CH2][CH2][CH2][CH2][CH]=[CH][CH2][CH]=[CH][CH2][CH]=[CH][CH2][CH]=[CH][CH2][CH]=[CH][CH2][CH2][C](=[O])[S][CH2][CH2][N]=[C]([OH])[CH2][CH2][N]=[C]([OH])[CH]([OH])[C]([CH3])([CH3])[CH2][O][P](=[O])([OH])[O][P](=[O])([OH])[O][CH2][CH]1[O][CH]([n]2[cH][n][c]3[c]([NH2])[n][cH][n][c]32)[CH]([OH])[CH]1[O][P](=[O])([OH])[OH]
4280,[CH3][n]1[c](=[O])[n][c]([OH])[c]2[n][cH][nH][c]21
4281,[CH3][n]1[c](=[O])[c]2[n][cH][nH][c]2[n]([CH3])[c]1=[O]
4282,[CH3][n]1[c]([OH])[n][c]2[n][c]([OH])[n]([CH3])[c]2[c]1=[O]
4283,[CH3][n]1[c]([OH])[n][c]2[c]1[c]([OH])[n][c](=[O])[n]2[CH3]
4284,[CH3][n]1[c]([OH])[n][c]2[n][c]([OH])[n][c]([OH])[c]21
4285,[CH3][N]=[C]([OH])[N]([CH3])[CH]1[N]=[C]([OH])[N]([CH3])[C]1=[O]
4286,[CH3][n]1[c](=[O])[c]2[c]([n][c]([OH])[n]2[CH3])[n]([CH3])[c]1=[O]
4287,[CH3][N]=[C]([OH])[NH][CH3]
4288,[CH3][NH][C](=[NH])[OH]
4289,[O]=[CH][CH]([CH2][CH2][C](=[O])[OH])[C](=[O])[OH]
4290,[O]=[C]([OH])[CH2][CH2][CH]([CH2][OH])[C](=[O])[OH]
4291,[O]=[C]([CH]=[CH][c]1[cH][cH][cH][cH][cH]1)[c]1[c]([OH])[cH][c]([OH])[cH][c]1[OH]
4292,[CH3][O][c]1[cH][c]([CH]=[CH][C](=[O])[c]2[c]([OH])[cH][c]([OH])[cH][c]2[OH])[cH][cH][c]1[OH]
4293,[O]=[C]1[CH2][CH]([c]2[cH][cH][cH][cH][cH]2)[O][c]2[cH][c]([OH])[cH][c]([OH])[c]21
4294,[CH3][O][c]1[cH][c]([CH]2[CH2][C](=[O])[c]3[c]([OH])[cH][c]([OH])[cH][c]3[O]2)[cH][cH][c]1[OH]
4295,[O]=[C]1[c]2[c]([OH])[cH][c]([OH])[cH][c]2[O][CH]([c]2[cH][cH][cH][cH][cH]2)[CH]1[OH]
4296,[O]=[C]([CH]=[CH][c]1[cH][cH][c]([OH])[c]([OH])[cH]1)[c]1[cH][cH][c]([OH])[cH][c]1[OH]
4297,[O]=[C]1[CH2][CH]([c]2[cH][cH][c]([OH])[c]([OH])[cH]2)[O][c]2[cH][c]([OH])[cH][cH][c]21
4298,[O]=[C]1[c]2[cH][cH][c]([OH])[cH][c]2[O][CH]([c]2[cH][cH][c]([OH])[cH][cH]2)[CH]1[OH]
4299,[O]=[C]1[c]2[cH][cH][c]([OH])[cH][c]2[O][CH]([c]2[cH][cH][c]([OH])[c]([OH])[cH]2)[CH]1[OH]
4300,[OH][c]1[cH][cH][c]([CH]2[O][c]3[cH][c]([OH])[cH][cH][c]3[CH]([OH])[CH]2[OH])[cH][cH]1
4301,[OH][c]1[cH][cH][c]2[c]([cH]1)[O][CH]([c]1[cH][cH][c]([OH])[c]([OH])[cH]1)[CH]([OH])[CH]2[OH]
4302,[O]=[C]1[C](=[CH][c]2[cH][c]([OH])[c]([OH])[c]([OH])[cH]2)[O][c]2[cH][c]([OH])[cH][c]([OH])[c]21
4303,[O]=[C]([CH]=[CH][c]1[cH][cH][c]([OH])[c]([OH])[cH]1)[c]1[c]([OH])[cH][c]([O][CH]2[O][CH]([CH2][OH])[CH]([OH])[CH]([OH])[CH]2[OH])[cH][c]1[OH]
4304,[O]=[C]([CH]=[CH][c]1[cH][cH][c]([OH])[cH][cH]1)[c]1[c]([OH])[cH][c]([O][CH]2[O][CH]([CH2][OH])[CH]([OH])[CH]([OH])[CH]2[OH])[cH][c]1[OH]
4305,[O]=[C]1[C](=[CH][c]2[cH][cH][c]([OH])[c]([OH])[cH]2)[O][c]2[cH][c]([O][CH]3[O][CH]([CH2][OH])[CH]([OH])[CH]([OH])[CH]3[OH])[cH][c]([OH])[c]21
4306,[O]=[C]1[C](=[CH][c]2[cH][c]([OH])[c]([OH])[c]([OH])[cH]2)[O][c]2[cH][c]([O][CH]3[O][CH]([CH2][OH])[CH]([OH])[CH]([OH])[CH]3[OH])[cH][c]([OH])[c]21
4307,[CH3][c]1[c]([N+](=[O])[O-])[cH][c]([NH][OH])[cH][c]1[N+](=[O])[O-]
4308,[CH3][c]1[c]([NH][OH])[cH][c]([NH][OH])[cH][c]1[N+](=[O])[O-]
4309,[CH3][c]1[c]([NH][OH])[cH][c]([NH2])[cH][c]1[N+](=[O])[O-]
4310,[CH3][c]1[c]([N+](=[O])[O-])[cH][c]([NH2])[cH][c]1[N+](=[O])[O-]
4311,[CH3][c]1[c]([N+](=[O])[O-])[cH][c]([N]=[N+]([O-])[c]2[cH][c]([N+](=[O])[O-])[c]([CH3])[c]([N+](=[O])[O-])[cH]2)[cH][c]1[N+](=[O])[O-]
4312,[CH3][O][c]1[cH][cH][c]([CH]2[CH2][C](=[O])[c]3[c]([OH])[cH][c]([O][CH]4[O][CH]([CH2][OH])[CH]([OH])[CH]([OH])[CH]4[OH])[cH][c]3[O]2)[cH][c]1[OH]
4313,[CH3][O][c]1[cH][cH][c]([CH]2[CH2][C](=[O])[c]3[c]([OH])[cH][c]([OH])[cH][c]3[O]2)[cH][c]1[OH]
4314,[CH3][O][c]1[cH][cH][c]([CH]2[CH2][C](=[O])[c]3[c]([OH])[cH][c]([O][CH]4[O][CH]([CH2][OH])[CH]([OH])[CH]([OH])[CH]4[O][CH]4[O][CH]([CH3])[CH]([OH])[CH]([OH])[CH]4[OH])[cH][c]3[O]2)[cH][c]1[OH]
4315,[CH3][CH]1[O][CH]([O][CH]2[CH]([O][c]3[cH][c]([OH])[c]([C](=[O])[CH]=[CH][c]4[cH][cH][c]([OH])[cH][cH]4)[c]([OH])[cH]3)[O][CH]([CH2][OH])[CH]([OH])[CH]2[OH])[CH]([OH])[CH]([OH])[CH]1[OH]
4316,[CH3][c]1[c]([NH2])[cH][c]([NH2])[cH][c]1[NH2]
4317,[CH3][c]1[c]([NH2])[cH][c]([N+](=[O])[O-])[cH][c]1[NH2]
4318,[CH3][c]1[c]([NH2])[cH][c]([NH2])[cH][c]1[NH][OH]
4319,[CH3][C]([OH])=[N][c]1[cH][c]([NH2])[c]([CH3])[c]([N+](=[O])[O-])[cH]1
4320,[CH3][c]1[c]([NH2])[cH][c]([NH2])[cH][c]1[N+](=[O])[O-]
4321,[CH3][c]1[c]([NH][OH])[cH][c]([N+](=[O])[O-])[cH][c]1[N+](=[O])[O-]
4322,[CH3][c]1[c]([N]=[N+]([O-])[c]2[cH][c]([N+](=[O])[O-])[cH][c]([N+](=[O])[O-])[c]2[CH3])[cH][c]([N+](=[O])[O-])[cH][c]1[N+](=[O])[O-]
4323,[CH3][c]1[c]([NH2])[cH][c]([N+](=[O])[O-])[cH][c]1[N+](=[O])[O-]
4324,[CH3][c]1[c]([NH2])[cH][c]([NH][OH])[c]([OH])[c]1[N+](=[O])[O-]
4325,[CH3][C]1=[N][CH2][CH]([OH])[CH]([C](=[O])[OH])[NH]1
4326,[CH3][C]([CH3])=[CH][CH2][NH][c]1[n][cH][n][c]2[c]1[n][cH][n]2[CH]1[O][CH]([CH2][O][P](=[O])([OH])[O][P](=[O])([OH])[O][P](=[O])([OH])[OH])[CH]([OH])[CH]1[OH]
4327,[CH3][C]([CH3])=[CH][CH2][NH][c]1[n][cH][n][c]2[c]1[n][cH][n]2[CH]1[O][CH]([CH2][O][P](=[O])([OH])[O][P](=[O])([OH])[OH])[CH]([OH])[CH]1[OH]
4328,[CH3][C](=[CH][CH2][NH][c]1[n][cH][n][c]2[c]1[n][cH][n]2[CH]1[O][CH]([CH2][O][P](=[O])([OH])[O][P](=[O])([OH])[O][P](=[O])([OH])[OH])[CH]([OH])[CH]1[OH])[CH2][OH]
4329,[CH3][C](=[CH][CH2][NH][c]1[n][cH][n][c]2[c]1[n][cH][n]2[CH]1[O][CH]([CH2][O][P](=[O])([OH])[O][P](=[O])([OH])[OH])[CH]([OH])[CH]1[OH])[CH2][OH]
4330,[CH3][C](=[CH][CH2][NH][c]1[n][cH][n][c]2[c]1[n][cH][n]2[CH]1[O][CH]([CH2][O][P](=[O])([OH])[OH])[CH]([OH])[CH]1[OH])[CH2][OH]
4331,[NH]=[c]1[n][c]([OH])[c]2[n][cH][n]([CH]3[O][CH]4[CH2][O][P](=[O])([OH])[O][CH]5[CH]([CH2][O][P](=[O])([OH])[O][CH]4[CH]3[OH])[O][CH]([n]3[cH][n][c]4[c]([OH])[n][c](=[NH])[nH][c]43)[CH]5[OH])[c]2[nH]1
4332,[CH3][CH]([CH2][OH])[CH2][CH2][NH][c]1[n][cH][n][c]2[c]1[n][cH][n]2[CH]1[O][CH]([CH2][O][P](=[O])([OH])[OH])[CH]([OH])[CH]1[OH]
4333,[CH3][C]([CH3])=[CH][CH2][NH][c]1[n][cH][n][c]2[c]1[n][cH][n]2[CH]1[O][CH]([CH2][OH])[CH]([OH])[CH]1[OH]
4334,[CH3][CH]([CH2][OH])[CH2][CH2][NH][c]1[n][cH][n][c]2[c]1[n][cH][n]2[CH]1[O][CH]([CH2][OH])[CH]([OH])[CH]1[OH]
4335,[CH3][C](=[CH][CH2][NH][c]1[n][cH][n][c]2[n][cH][n]([CH]3[O][CH]([CH2][OH])[CH]([OH])[CH]([OH])[CH]3[OH])[c]12)[CH2][OH]
4336,[CH3][CH]([CH2][CH2][NH][c]1[n][cH][nH][c]2[n][cH][n][c]1-2)[CH2][O][CH]1[O][CH]([CH2][OH])[CH]([OH])[CH]([OH])[CH]1[OH]
4337,[O]=[c]1[c]([OH])[c](-[c]2[cH][cH][cH][cH][cH]2)[o][c]2[cH][c]([OH])[cH][c]([OH])[c]12
4338,[CH3][C]([CH3])=[CH][CH2][CH2][CH]([CH3])[CH2][CH]=[O]
4339,[CH3][C]([CH3])=[CH][CH2][CH2][CH]([CH3])[CH2][CH2][OH]
4340,[CH3][C]([CH3])=[CH][CH2][CH2][CH]([CH3])[CH2][CH]=[O]
4341,[CH3][C]([CH3])=[CH][CH2][CH2][CH]([CH3])[CH2][CH2][OH]
4342,[CH3][C]([CH3])=[CH][CH2][CH2][C]([CH3])=[CH][C](=[O])[OH]
4343,[CH3][C]([CH3])=[CH][CH2][CH2][CH]([CH3])[CH2][C](=[O])[OH]
4344,[CH3][C]([CH3])=[CH][CH2][CH2][CH]([CH3])[CH2][C](=[O])[S][CH2][CH2][N]=[C]([OH])[CH2][CH2][N]=[C]([OH])[CH]([OH])[C]([CH3])([CH3])[CH2][O][P](=[O])([OH])[O][P](=[O])([OH])[O][CH2][CH]1[O][CH]([n]2[cH][n][c]3[c]([NH2])[n][cH][n][c]32)[CH]([OH])[CH]1[O][P](=[O])([OH])[OH]
4345,[CH3][C]([CH3])=[CH][CH2][CH2][C](=[O])[CH2][C](=[O])[S][CH2][CH2][N]=[C]([OH])[CH2][CH2][N]=[C]([OH])[CH]([OH])[C]([CH3])([CH3])[CH2][O][P](=[O])([OH])[O][P](=[O])([OH])[O][CH2][CH]1[O][CH]([n]2[cH][n][c]3[c]([NH2])[n][cH][n][c]32)[CH]([OH])[CH]1[O][P](=[O])([OH])[OH]
4346,[CH3][C]([CH3])=[CH][CH2][CH2][C](=[O])[S][CH2][CH2][N]=[C]([OH])[CH2][CH2][N]=[C]([OH])[CH]([OH])[C]([CH3])([CH3])[CH2][O][P](=[O])([OH])[O][P](=[O])([OH])[O][CH2][CH]1[O][CH]([n]2[cH][n][c]3[c]([NH2])[n][cH][n][c]32)[CH]([OH])[CH]1[O][P](=[O])([OH])[OH]
4347,[CH3][C]([CH3])=[CH][CH]=[CH][C](=[O])[S][CH2][CH2][N]=[C]([OH])[CH2][CH2][N]=[C]([OH])[CH]([OH])[C]([CH3])([CH3])[CH2][O][P](=[O])([OH])[O][P](=[O])([OH])[O][CH2][CH]1[O][CH]([n]2[cH][n][c]3[c]([NH2])[n][cH][n][c]32)[CH]([OH])[CH]1[O][P](=[O])([OH])[OH]
4348,[CH3][C]([CH3])=[CH][CH]([OH])[CH2][C](=[O])[S][CH2][CH2][N]=[C]([OH])[CH2][CH2][N]=[C]([OH])[CH]([OH])[C]([CH3])([CH3])[CH2][O][P](=[O])([OH])[O][P](=[O])([OH])[O][CH2][CH]1[O][CH]([n]2[cH][n][c]3[c]([NH2])[n][cH][n][c]32)[CH]([OH])[CH]1[O][P](=[O])([OH])[OH]
4349,[CH3][C]([CH3])=[CH][C](=[O])[CH2][C](=[O])[S][CH2][CH2][N]=[C]([OH])[CH2][CH2][N]=[C]([OH])[CH]([OH])[C]([CH3])([CH3])[CH2][O][P](=[O])([OH])[O][P](=[O])([OH])[O][CH2][CH]1[O][CH]([n]2[cH][n][c]3[c]([NH2])[n][cH][n][c]32)[CH]([OH])[CH]1[O][P](=[O])([OH])[OH]
4350,[CH3][C]([CH3])=[CH][CH2][CH2][C]([CH3])=[CH][C](=[O])[S][CH2][CH2][N]=[C]([OH])[CH2][CH2][N]=[C]([OH])[CH]([OH])[C]([CH3])([CH3])[CH2][O][P](=[O])([OH])[O][P](=[O])([OH])[O][CH2][CH]1[O][CH]([n]2[cH][n][c]3[c]([NH2])[n][cH][n][c]32)[CH]([OH])[CH]1[O][P](=[O])([OH])[OH]
4351,[O]=[C]([OH])[c]1[cH][cH][cH][cH][c]1[F]
4352,[O]=[C]([OH])[C]1([OH])[CH]=[CH][CH]=[CH][C]1([OH])[F]
4353,[O]=[C]([OH])[C]1([OH])[C]([F])=[CH][CH]=[CH][CH]1[OH]
4354,[F][c]1[cH][cH][cH][cH][cH]1
4355,[OH][CH]1[CH]=[CH][C]([F])=[CH][CH]1[OH]
4356,[OH][CH]1[CH]=[CH][CH]=[CH][C]1([OH])[F]
4357,[OH][c]1[cH][cH][c]([F])[cH][c]1[OH]
4358,[O]=[C]([OH])[c]1[cH][cH][cH][c]([F])[cH]1
4359,[O]=[C]([OH])[C]1([OH])[CH]=[CH][CH]=[C]([F])[CH]1[OH]
4360,[O]=[C]([OH])[C]1([OH])[CH]=[C]([F])[CH]=[CH][CH]1[OH]
4361,[O]=[C]([OH])[c]1[cH][cH][c]([F])[cH][cH]1
4362,[O]=[C]([OH])[C]1([OH])[CH]=[CH][C]([F])=[CH][CH]1[OH]
4363,[OH][c]1[cH][cH][cH][c]([F])[c]1[OH]
4364,[O]=[C]([OH])[CH]=[CH][CH]=[C]([F])[C](=[O])[OH]
4365,[O]=[C]([OH])[CH]=[CH][C]([F])=[CH][C](=[O])[OH]
4366,[O]=[C]([OH])[CH2][C]1([F])[CH]=[CH][C](=[O])[O]1
4367,[CH3][C]([CH3])([CH2][O][P](=[O])([OH])[O][P](=[O])([OH])[O][CH2][CH]1[O][CH]([n]2[cH][n][c]3[c]([NH2])[n][cH][n][c]32)[CH]([OH])[CH]1[O][P](=[O])([OH])[OH])[CH]([OH])[C]([OH])=[N][CH2][CH2][C]([OH])=[N][CH2][CH2][S][C](=[O])[c]1[cH][cH][c]([F])[cH][cH]1
4368,[NH2][CH]([CH2][CH2][CH2][CH2][NH][CH2][C](=[O])[CH]([OH])[CH]([OH])[CH]([OH])[CH2][OH])[C](=[O])[OH]
4369,[NH2][CH]([CH2][CH2][CH2][CH2][NH][CH2][C](=[O])[CH]([OH])[CH]([OH])[CH]([OH])[CH2][O][P](=[O])([OH])[OH])[C](=[O])[OH]
4370,[O]=[c]1[c]([O][CH]2[O][CH]([CH2][OH])[CH]([OH])[CH]([OH])[CH]2[O][CH]2[O][CH]([CH2][OH])[CH]([OH])[CH]([OH])[CH]2[OH])[c](-[c]2[cH][cH][c]([OH])[cH][cH]2)[o][c]2[cH][c]([OH])[cH][c]([OH])[c]12
4371,[O]=[C]1[CH2][CH]([c]2[cH][cH][c]([OH])[cH][cH]2)[O][c]2[c]1[c]([OH])[cH][c]([OH])[c]2[CH]1[O][CH]([CH2][OH])[CH]([OH])[CH]([OH])[CH]1[OH]
4372,[CH3][CH]([CH3])[CH2][CH2][CH2][CH]([CH3])[CH]1[CH2][CH2][C]2([OH])[C]3=[CH][C](=[O])[CH]4[CH2][C](=[O])[CH2][CH2][C]4([CH3])[CH]3[CH2][CH2][C]12[CH3]
4373,[CH3][CH]([CH3])[CH2][CH2][CH2][CH]([CH3])[CH]1[CH2][CH2][C]2([OH])[C]3=[CH][C](=[O])[CH]4[CH2][CH]([OH])[CH2][CH2][C]4([CH3])[CH]3[CH2][CH2][C]12[CH3]
4374,[CH3][CH]([CH]([OH])[CH2][CH2][C]([CH3])([CH3])[OH])[CH]1[CH2][CH2][C]2([OH])[C]3=[CH][C](=[O])[CH]4[CH2][CH]([OH])[CH]([OH])[CH2][C]4([CH3])[CH]3[CH2][CH2][C]12[CH3]
4375,[CH3][C]([CH3])=[CH][CH2][CH2][C]([CH3])=[CH][CH2][CH2][C]([CH3])=[CH][C](=[O])[OH]
4376,[CH3][O][C](=[O])[CH]=[C]([CH3])[CH2][CH2][CH]=[C]([CH3])[CH2][CH2][CH]=[C]([CH3])[CH3]
4377,[CH3][O][C](=[O])[CH]=[C]([CH3])[CH2][CH2][CH]=[C]([CH3])[CH2][CH2][CH]1[O][C]1([CH3])[CH3]
4378,[CH3][C](=[CH][C](=[O])[OH])[CH2][CH2][CH]=[C]([CH3])[CH2][CH2][CH]1[O][C]1([CH3])[CH3]
4379,[CH3][C](=[CH][C](=[O])[OH])[CH2][CH2][CH]=[C]([CH3])[CH2][CH2][CH]([OH])[C]([CH3])([CH3])[OH]
4380,[CH3][O][C](=[O])[CH]=[C]([CH3])[CH2][CH2][CH]=[C]([CH3])[CH2][CH2][CH]([OH])[C]([CH3])([CH3])[OH]
4381,[CH3][O][C](=[O])[CH]=[C]([CH3])[CH2][CH2][CH]=[C]([CH3])[CH2][CH2][CH]([O][P](=[O])([OH])[OH])[C]([CH3])([CH3])[OH]
4382,[OH][CH2][CH]1[O][CH]([S][C]([CH2][c]2[cH][nH][c]3[cH][cH][cH][cH][c]23)=[N][OH])[CH]([OH])[CH]([OH])[CH]1[OH]
4383,[NH2][CH]([CH2][S][C]([CH2][c]1[cH][nH][c]2[cH][cH][cH][cH][c]12)=[N][OH])[C](=[O])[OH]
4384,[CH3][C](=[O])[O][CH]1[C](=[O])[C]2([CH3])[CH]([OH])[CH2][CH]3[O][CH2][C]3([O][C]([CH3])=[O])[CH]2[CH]([O][C](=[O])[c]2[cH][cH][cH][cH][cH]2)[C]2([OH])[CH2][CH]([O][C](=[O])[CH2][CH]([NH2])[c]3[cH][cH][cH][cH][cH]3)[C]([CH3])=[C]1[C]2([CH3])[CH3]
4385,[CH3][C]([CH3])([CH2][O][P](=[O])([OH])[O][P](=[O])([OH])[O][CH2][CH]1[O][CH]([n]2[cH][n][c]3[c]([NH2])[n][cH][n][c]32)[CH]([OH])[CH]1[O][P](=[O])([OH])[OH])[CH]([OH])[C]([OH])=[N][CH2][CH2][C]([OH])=[N][CH2][CH2][S][C](=[O])[CH2][CH]([NH2])[c]1[cH][cH][cH][cH][cH]1
4386,[CH3][C](=[O])[O][CH]1[C](=[O])[C]2([CH3])[CH]([OH])[CH2][CH]3[O][CH2][C]3([O][C]([CH3])=[O])[CH]2[CH]([O][C](=[O])[c]2[cH][cH][cH][cH][cH]2)[C]2([OH])[CH2][CH]([O][C](=[O])[CH]([OH])[CH]([NH2])[c]3[cH][cH][cH][cH][cH]3)[C]([CH3])=[C]1[C]2([CH3])[CH3]
4387,[CH3][CH2][CH2][CH2][CH2][CH2][CH2][CH2][CH]=[CH][CH2][CH2][CH2][CH2][CH2][CH2][CH2][C](=[O])[S][CH2][CH2][N]=[C]([OH])[CH2][CH2][N]=[C]([OH])[CH]([OH])[C]([CH3])([CH3])[CH2][O][P](=[O])([OH])[O][P](=[O])([OH])[O][CH2][CH]1[O][CH]([n]2[cH][n][c]3[c]([NH2])[n][cH][n][c]32)[CH]([OH])[CH]1[O][P](=[O])([OH])[OH]
4388,[CH3][CH2][CH]=[CH][CH2][CH]=[CH][CH2][CH]=[CH][CH2][CH]=[CH][CH2][CH]=[CH][CH2][CH2][CH2][C](=[O])[S][CH2][CH2][N]=[C]([OH])[CH2][CH2][N]=[C]([OH])[CH]([OH])[C]([CH3])([CH3])[CH2][O][P](=[O])([OH])[O][P](=[O])([OH])[O][CH2][CH]1[O][CH]([n]2[cH][n][c]3[c]([NH2])[n][cH][n][c]32)[CH]([OH])[CH]1[O][P](=[O])([OH])[OH]
4389,[CH3][CH2][CH]=[CH][CH2][CH]=[CH][CH2][CH]=[CH][CH2][CH]=[CH][CH2][CH]=[CH][CH2][CH]=[CH][CH2][CH2][C](=[O])[OH]
4390,[CH3][CH2][CH2][CH2][CH2][CH]=[CH][CH2][CH]=[CH][CH2][CH]=[CH][CH2][CH2][CH2][CH2][CH2][CH2][C](=[O])[S][CH2][CH2][N]=[C]([OH])[CH2][CH2][N]=[C]([OH])[CH]([OH])[C]([CH3])([CH3])[CH2][O][P](=[O])([OH])[O][P](=[O])([OH])[O][CH2][CH]1[O][CH]([n]2[cH][n][c]3[c]([NH2])[n][cH][n][c]32)[CH]([OH])[CH]1[O][P](=[O])([OH])[OH]
4391,[CH3][CH2][CH2][CH2][CH2][CH2][CH2][CH2][CH2][CH2][CH2][CH2][CH2][CH2][CH2][CH2][CH2][CH2][CH2][CH2][CH2][C](=[O])[OH]
4392,[CH3][CH2][CH2][CH2][CH2][CH2][CH2][CH2][CH2][CH2][CH2][CH2][CH2][CH2][CH2][CH2][CH2][CH2][CH2][CH2][CH2][CH2][CH2][C](=[O])[S][CH2][CH2][N]=[C]([OH])[CH2][CH2][N]=[C]([OH])[CH]([OH])[C]([CH3])([CH3])[CH2][O][P](=[O])([OH])[O][P](=[O])([OH])[O][CH2][CH]1[O][CH]([n]2[cH][n][c]3[c]([NH2])[n][cH][n][c]32)[CH]([OH])[CH]1[O][P](=[O])([OH])[OH]
4393,[CH3][CH2][CH2][CH2][CH2][CH2][CH2][CH2][CH2][CH2][CH2][CH2][CH2][CH2][CH2][CH2][CH2][CH2][CH2][CH2][CH2][CH2][CH2][C](=[O])[OH]
4394,[CH3][CH2][CH]=[CH][CH2][CH]=[CH][CH2][CH]=[CH][CH2][CH]=[CH][CH2][CH]=[CH][CH2][CH2][CH2][CH2][CH2][C](=[O])[OH]
4395,[CH3][CH2][CH]=[CH][CH2][CH]=[CH][CH2][CH]=[CH][CH2][CH]=[CH][CH2][CH]=[CH][CH2][CH2][CH2][CH2][CH2][C](=[O])[S][CH2][CH2][N]=[C]([OH])[CH2][CH2][N]=[C]([OH])[CH]([OH])[C]([CH3])([CH3])[CH2][O][P](=[O])([OH])[O][P](=[O])([OH])[O][CH2][CH]1[O][CH]([n]2[cH][n][c]3[c]([NH2])[n][cH][n][c]32)[CH]([OH])[CH]1[O][P](=[O])([OH])[OH]
4396,[CH3][CH2][CH2][CH2][CH2][CH]=[CH][CH2][CH]=[CH][CH2][CH]=[CH][CH2][CH]=[CH][CH2][CH2][CH2][CH2][CH2][C](=[O])[OH]
4397,[CH3][CH2][CH2][CH2][CH2][CH]=[CH][CH2][CH]=[CH][CH2][CH]=[CH][CH2][CH]=[CH][CH2][CH2][CH2][CH2][CH2][C](=[O])[S][CH2][CH2][N]=[C]([OH])[CH2][CH2][N]=[C]([OH])[CH]([OH])[C]([CH3])([CH3])[CH2][O][P](=[O])([OH])[O][P](=[O])([OH])[O][CH2][CH]1[O][CH]([n]2[cH][n][c]3[c]([NH2])[n][cH][n][c]32)[CH]([OH])[CH]1[O][P](=[O])([OH])[OH]
4398,[OH][CH2][CH]1[O][CH2][CH]([OH])[CH]([OH])[CH]1[OH]
4399,[CH3][CH]([OH])[CH]([NH2])[C](=[O])[OH]
4400,[CH3][CH]([OH])[CH]([NH2])[C](=[O])[OH]
4401,[CH2]=[CH][C](=[CH2])[CH3]
4402,[CH2]=[CH][c]1[c]([CH3])[c]2[cH][c]3[n][c]([c]4[c]([C](=[O])[O][CH3])[c](=[O])[c-]5[c]([CH3])[c]([cH][c]6[nH][c]([cH][c]1[nH]2)[c]([CH2][OH])[c]6[CH2][CH3])[n][c]45)[CH]([CH2][CH2][C](=[O])[OH])[CH]3[CH3]
4403,[CH3][C]([CH3])([OH])[CH]1[CH2][c]2[cH][c]3[cH][cH][c](=[O])[o][c]3[cH][c]2[O]1
4404,[O]=[c]1[cH][cH][c]2[cH][c]3[cH][cH][o][c]3[cH][c]2[o]1
4405,[O]=[C]([OH])[CH2][CH2][CH2][CH2][C](=[O])[C](=[O])[OH]
4406,[O]=[C]([OH])[CH2][CH2][CH2][CH2][CH2][C](=[O])[C](=[O])[OH]
4407,[O]=[C]([OH])[CH2][CH2][CH2][CH2][CH]([C](=[O])[OH])[CH]([OH])[C](=[O])[OH]
4408,[CH3][CH2][CH2][CH2][CH2][OH]
4409,[CH3][CH]1[O][CH]([n]2[cH][c]([F])[c](=[NH])[n][c]2[OH])[CH]([OH])[CH]1[OH]
4410,[CH3][CH2][CH2][CH2][CH2][O][C]([OH])=[N][c]1[n][c](=[O])[n]([CH]2[O][CH]([CH3])[CH]([OH])[CH]2[OH])[cH][c]1[F]
4411,[CH3][CH]1[O][CH]([n]2[cH][c]([F])[c]([OH])[n][c]2=[O])[CH]([OH])[CH]1[OH]
4412,[CH3][CH]1[O][CH]([O][P](=[O])([OH])[OH])[CH]([OH])[CH]1[OH]
4413,[O]=[CH][CH2][CH2][CH]=[O]
4414,[O]=[c]1[n][c]([OH])[c]([F])[cH][n]1[CH]1[CH2][CH2][CH2][O]1
4415,[O]=[c]1[n][c]([OH])[c]([F])[cH][n]1[CH]1[O][CH]([CH2][OH])[CH]([OH])[CH]1[OH]
4416,[O]=[c]1[n][c]([OH])[c]([F])[cH][n]1[CH]1[CH2][CH]([OH])[CH]([CH2][O][P](=[O])([OH])[OH])[O]1
4417,[O]=[c]1[n][c]([OH])[c]([F])[cH][n]1[CH]1[CH2][CH]([OH])[CH]([CH2][OH])[O]1
4418,[CH3][n]1[cH][n][c]([N+](=[O])[O-])[cH]1
4419,[CH3][n]1[cH][n][c]([N+](=[O])[O-])[c]1[S][c]1[n][cH][n][c]2[nH][cH][n][c]12
4420,[OH][c]1[n][c]([SH])[c]2[n][c]([OH])[nH][c]2[n]1
4421,[CH3][S][c]1[n][cH][n][c]2[c]1[n][cH][n]2[CH]1[O][CH]([CH2][O][P](=[O])([OH])[OH])[CH]([OH])[CH]1[OH]
4422,[O]=[P]([OH])([OH])[O][P](=[O])([OH])[O][CH2][CH]1[O][CH]([n]2[cH][n][c]3[c]([SH])[n][cH][n][c]32)[CH]([OH])[CH]1[OH]
4423,[O]=[P]([OH])([OH])[O][P](=[O])([OH])[O][P](=[O])([OH])[O][CH2][CH]1[O][CH]([n]2[cH][n][c]3[c]([SH])[n][cH][n][c]32)[CH]([OH])[CH]1[OH]
4424,[CH3][S][c]1[n][c](=[NH])[nH][c]2[c]1[n][cH][n]2[CH]1[O][CH]([CH2][O][P](=[O])([OH])[OH])[CH]([OH])[CH]1[OH]
4425,[OH][CH]1[CH2][O][CH]([OH])[CH]([OH])[CH]1[OH]
4426,[OH][CH2][CH]1[O][CH]([OH])[CH]([OH])[CH]1[OH]
4427,[CH3][C]([OH])=[N][NH][C](=[O])[c]1[cH][cH][n][cH][cH]1
4428,[NH2][NH][C](=[O])[c]1[cH][cH][n][cH][cH]1
4429,[O]=[C]([OH])[c]1[cH][cH][n][cH][cH]1
4430,[CH3][C]([OH])=[N][NH2]
4431,[CH3][C]([OH])=[N][N]=[C]([CH3])[OH]
4432,[O]=[C]([OH])[CH2][NH][C](=[O])[c]1[cH][cH][n][cH][cH]1
4433,[CH3][C](=[N][N]=[C]([OH])[c]1[cH][cH][n][cH][cH]1)[C](=[O])[OH]
4434,[O]=[C]([OH])[CH2][CH2][C](=[N][N]=[C]([OH])[c]1[cH][cH][n][cH][cH]1)[C](=[O])[OH]
4435,[CH3][CH2][c]1[c]2[c]([n][c]3[cH][cH][c]([OH])[cH][c]13)-[c]1[cH][c]3[c]([c](=[O])[n]1[CH2]2)[CH2][O][C](=[O])[C]3([OH])[CH2][CH3]
4436,[O]=[C]([OH])[N]1[CH2][CH2][CH]([N]2[CH2][CH2][CH2][CH2][CH2]2)[CH2][CH2]1
4437,[CH3][CH2][c]1[c]2[c]([n][c]3[cH][cH][c]([O][C](=[O])[N]4[CH2][CH2][CH]([N]5[CH2][CH2][CH2][CH2][CH2]5)[CH2][CH2]4)[cH][c]13)-[c]1[cH][c]3[c]([c](=[O])[n]1[CH2]2)[CH2][O][C](=[O])[C]3([OH])[CH2][CH3]
4438,[O]=[CH][CH2][CH2][CH2][CH]=[O]
4439,[CH3][CH2][c]1[c]2[c]([n][c]3[cH][cH][c]([O][C](=[O])[N]4[CH2][CH2][CH]([NH2])[CH2][CH2]4)[cH][c]13)-[c]1[cH][c]3[c]([c](=[O])[n]1[CH2]2)[CH2][O][C](=[O])[C]3([OH])[CH2][CH3]
4440,[NH2][CH]1[CH2][CH2][N]([C](=[O])[OH])[CH2][CH2]1
4441,[CH3][CH2][c]1[c]2[c]([n][c]3[cH][cH][c]([O][CH]4[O][CH]([C](=[O])[OH])[CH]([OH])[CH]([OH])[CH]4[OH])[cH][c]13)-[c]1[cH][c]3[c]([c](=[O])[n]1[CH2]2)[CH2][O][C](=[O])[C]3([OH])[CH2][CH3]
4442,[CH3][O][c]1[cH][cH][c]2[c]3[c]1[O][CH]1[CH]([O][CH]4[O][CH]([C](=[O])[OH])[CH]([OH])[CH]([OH])[CH]4[OH])[CH]=[CH][CH]4[CH]([CH2]2)[N]([CH3])[CH2][CH2][C]341
4443,[CH3][N]1[CH2][CH2][C]23[c]4[c]5[cH][cH][c]([O][CH]6[O][CH]([C](=[O])[OH])[CH]([OH])[CH]([OH])[CH]6[OH])[c]4[O][CH]2[CH]([OH])[CH]=[CH][CH]3[CH]1[CH2]5
4444,[CH3][N]1[CH2][CH2][C]23[c]4[c]5[cH][cH][c]([OH])[c]4[O][CH]2[CH]([O][CH]2[O][CH]([C](=[O])[OH])[CH]([OH])[CH]([OH])[CH]2[OH])[CH]=[CH][CH]3[CH]1[CH2]5
4445,[CH3][O][c]1[cH][cH][c]2[c]3[c]1[O][CH]1[CH]([OH])[CH]=[CH][CH]4[CH]([CH2]2)[NH][CH2][CH2][C]341
4446,[OH][c]1[cH][cH][c]2[c]3[c]1[O][CH]1[CH]([OH])[CH]=[CH][CH]4[CH]([CH2]2)[NH][CH2][CH2][C]341
4447,[CH3][CH2][C](=[C]([c]1[cH][cH][cH][cH][cH]1)[c]1[cH][cH][c]([O][CH2][CH2][N]([CH3])[CH3])[cH][cH]1)[c]1[cH][cH][cH][cH][cH]1
4448,[CH3][CH2][C](=[C]([c]1[cH][cH][cH][cH][cH]1)[c]1[cH][cH][c]([O][CH2][CH2][N+]([CH3])([CH3])[O-])[cH][cH]1)[c]1[cH][cH][cH][cH][cH]1
4449,[CH3][CH2][C](=[C]([c]1[cH][cH][c]([OH])[cH][cH]1)[c]1[cH][cH][c]([O][CH2][CH2][N]([CH3])[CH3])[cH][cH]1)[c]1[cH][cH][cH][cH][cH]1
4450,[CH3][CH2][C](=[C]([c]1[cH][cH][cH][cH][cH]1)[c]1[cH][cH][c]([O][CH2][CH2][NH][CH3])[cH][cH]1)[c]1[cH][cH][cH][cH][cH]1
4451,[CH3][CH2][C](=[C]([c]1[cH][cH][c]([OH])[cH][cH]1)[c]1[cH][cH][c]([O][CH2][CH2][NH][CH3])[cH][cH]1)[c]1[cH][cH][cH][cH][cH]1
4452,[CH3][CH]([OH])[C](=[C]([c]1[cH][cH][cH][cH][cH]1)[c]1[cH][cH][c]([O][CH2][CH2][N]([CH3])[CH3])[cH][cH]1)[c]1[cH][cH][cH][cH][cH]1
4453,[CH3][CH2][CH2][CH2][CH2][CH]=[CH][CH2][CH]=[CH][CH2][CH2][CH2][CH2][CH2][CH2][CH2][CH2][CH2][CH2][CH2][C](=[O])[OH]
4454,[CH3][CH2][CH2][CH2][CH2][CH]=[CH][CH2][CH]=[CH][CH2][CH2][CH2][CH2][CH2][CH2][CH2][CH2][CH2][CH2][CH2][C](=[O])[S][CH2][CH2][N]=[C]([OH])[CH2][CH2][N]=[C]([OH])[CH]([OH])[C]([CH3])([CH3])[CH2][O][P](=[O])([OH])[O][P](=[O])([OH])[O][CH2][CH]1[O][CH]([n]2[cH][n][c]3[c]([NH2])[n][cH][n][c]32)[CH]([OH])[CH]1[O][P](=[O])([OH])[OH]
4455,[CH3][NH][CH2][CH2][O][c]1[cH][cH][c]([C](=[C]([c]2[cH][cH][cH][cH][cH]2)[CH]([CH3])[OH])[c]2[cH][cH][cH][cH][cH]2)[cH][cH]1
4456,[O]=[P]1([N]([CH2][CH2][Cl])[CH2][CH2][Cl])[NH][CH2][CH2][CH2][O]1
4457,[O]=[P]1([N]([CH2][CH2][Cl])[CH2][CH2][Cl])[NH][CH]([OH])[CH2][CH2][O]1
4458,[O]=[P]1([N]([CH2][CH2][Cl])[CH2][CH2][Cl])[N]=[C]([OH])[CH2][CH2][O]1
4459,[NH2][P](=[O])([O][CH2][CH2][CH]=[O])[N]([CH2][CH2][Cl])[CH2][CH2][Cl]
4460,[NH2][P](=[O])([OH])[N]([CH2][CH2][Cl])[CH2][CH2][Cl]
4461,[NH2][CH]([CH2][CH2][C]([OH])=[N][CH]([CH2][S][CH]1[CH2][CH2][O][P](=[O])([N]([CH2][CH2][Cl])[CH2][CH2][Cl])[NH]1)[C]([OH])=[N][CH2][C](=[O])[OH])[C](=[O])[OH]
4462,[NH2][P](=[O])([O][CH2][CH2][CH2][OH])[N]([CH2][CH2][Cl])[CH2][CH2][Cl]
4463,[NH2][P](=[O])([O][CH2][CH2][C](=[O])[OH])[N]([CH2][CH2][Cl])[CH2][CH2][Cl]
4464,[O]=[P]1([NH][CH2][CH2][Cl])[O][CH2][CH2][CH2][N]1[CH2][CH2][Cl]
4465,[O]=[P]1([NH][CH2][CH2][Cl])[O][CH2][CH2][CH]([OH])[N]1[CH2][CH2][Cl]
4466,[O]=[CH][CH2][CH2][O][P](=[O])([NH][CH2][CH2][Cl])[NH][CH2][CH2][Cl]
4467,[O]=[P]([OH])([NH][CH2][CH2][Cl])[NH][CH2][CH2][Cl]
4468,[O]=[P]([NH][CH2][CH2][Cl])([NH][CH2][CH2][Cl])[O][CH2][CH2][CH2][OH]
4469,[O]=[C]1[CH2][CH2][O][P](=[O])([NH][CH2][CH2][Cl])[N]1[CH2][CH2][Cl]
4470,[NH]=[C]([OH])[O][CH2][CH]([CH2][O][C](=[NH])[OH])[c]1[cH][cH][c]([OH])[cH][cH]1
4471,[NH]=[C]([OH])[O][CH2][CH]([CH2][O][C](=[NH])[OH])[c]1[cH][cH][cH][cH][cH]1
4472,[NH]=[C]([OH])[O][CH2][C]([OH])([CH2][O][C](=[NH])[OH])[c]1[cH][cH][cH][cH][cH]1
4473,[NH]=[C]([OH])[O][CH2][CH]([CH2][OH])[c]1[cH][cH][cH][cH][cH]1
4474,[NH]=[C]([OH])[O][CH2][CH]([CH]=[O])[c]1[cH][cH][cH][cH][cH]1
4475,[NH]=[C]([OH])[O][CH2][CH]([C](=[O])[OH])[c]1[cH][cH][cH][cH][cH]1
4476,[CH2]=[C]([CH]=[O])[c]1[cH][cH][cH][cH][cH]1
4477,[OH][C]1=[N][CH]([OH])[CH]([c]2[cH][cH][cH][cH][cH]2)[CH2][O]1
4478,[O]=[C]1[N]=[C]([OH])[CH]([c]2[cH][cH][cH][cH][cH]2)[CH2][O]1
4479,[NH]=[C]([OH])[N]1[c]2[cH][cH][cH][cH][c]2[CH]=[CH][c]2[cH][cH][cH][cH][c]21
4480,[NH]=[C]([OH])[N]1[c]2[cH][cH][cH][cH][c]2[CH]2[O][CH]2[c]2[cH][cH][cH][cH][c]21
4481,[NH]=[C]([OH])[N]1[c]2[cH][cH][cH][cH][c]2[CH]=[CH][c]2[cH][cH][c]([OH])[cH][c]21
4482,[NH]=[C]([OH])[N]1[c]2[cH][cH][cH][cH][c]2[CH]([OH])[CH]([OH])[c]2[cH][cH][cH][cH][c]21
4483,[NH]=[C]([OH])[n]1[c]2[cH][c](=[O])[c](=[O])[cH][c]-2[cH][cH][c]2[cH][cH][cH][cH][c]21
4484,[NH]=[C]([OH])[N]1[c]2[cH][cH][cH][cH][c]2[CH]=[CH][c]2[cH][c]([OH])[c]([OH])[cH][c]21
4485,[O]=[c]1[cH][cH][c]2[n][c]3[cH][cH][cH][cH][c]3[cH][cH][c]-2[cH]1
4486,[OH][c]1[cH][cH][c]2[c]([cH]1)[CH]=[CH][c]1[cH][cH][cH][cH][c]1[NH]2
4487,[NH]=[C]([OH])[N]1[c]2[cH][cH][cH][cH][c]2[CH2][C](=[O])[c]2[cH][cH][cH][cH][c]21
4488,[NH]=[C]([OH])[N]1[c]2[cH][cH][cH][cH][c]2[CH2][CH]([OH])[c]2[cH][cH][cH][cH][c]21
4489,[CH2]=[CH][CH2][CH]([CH2][CH2][CH3])[C](=[O])[OH]
4490,[CH3][CH2][CH2][CH]([CH2][CH2][CH3])[C](=[O])[OH]
4491,[CH3][CH2][CH2][CH]([CH2][CH]([CH3])[OH])[C](=[O])[OH]
4492,[CH3][CH2][CH2][CH]([CH2][CH2][CH2][OH])[C](=[O])[OH]
4493,[CH3][CH2][CH2][CH]([C](=[O])[OH])[CH]([OH])[CH2][CH3]
4494,[CH2]=[CH][CH]=[C]([CH2][CH2][CH3])[C](=[O])[OH]
4495,[CH3][CH2][CH2][CH]([CH2][C]([CH3])=[O])[C](=[O])[OH]
4496,[CH3][CH2][CH2][CH]([C](=[O])[OH])[C](=[O])[CH2][CH3]
4497,[CH3][CH2][CH]=[C]([CH2][CH2][CH3])[C](=[O])[OH]
4498,[CH3][CH]=[CH][CH]([CH2][CH2][CH3])[C](=[O])[OH]
4499,[NH2][CH]([CH2][CH2][C]([OH])=[N][CH]([CH2][SH])[C]([OH])=[N][CH2][C]([OH])=[N][CH2][CH2][CH2][CH2][CH2][NH][CH2][CH2][CH2][N]=[C]([OH])[CH2][N]=[C]([OH])[CH]([CH2][SH])[N]=[C]([OH])[CH2][CH2][CH]([NH2])[C](=[O])[OH])[C](=[O])[OH]