﻿substrate_ID,original_compound
3000,[CH3][O][C]1=[CH][C](=[O])[C]([CH3])=[C]([CH2][CH]=[C]([CH3])[CH2][CH2][CH]=[C]([CH3])[CH2][CH2][CH]=[C]([CH3])[CH2][CH2][CH]=[C]([CH3])[CH2][CH2][CH]=[C]([CH3])[CH2][CH2][CH]=[C]([CH3])[CH3])[C]1=[O]
3001,[CH3][C](=[CH][CH2][c]1[cH][c]([OH])[c]2[cH][cH][cH][cH][c]2[c]1[OH])[CH2][CH2][CH2][CH]([CH3])[CH2][CH2][CH2][CH]([CH3])[CH2][CH2][CH2][CH]([CH3])[CH3]
3002,[CH3][n]1[cH][n][c]([CH2][C](=[O])[OH])[cH]1
3003,[O]=[c]1[cH][cH][c]2[cH][cH][cH][cH][c]2[o]1
3004,[CH3][C]([CH3])=[CH][CH2][CH2][C]([CH3])=[CH][CH2][CH2][C]([CH3])=[CH][CH2][CH2][C]([CH3])=[CH][CH2][CH2][C]([CH3])=[CH][CH2][CH2][C]([CH3])=[CH][CH2][CH2][C]([CH3])=[CH][CH2][CH2][C]([CH3])=[CH][CH2][CH2][C]([CH3])=[CH][CH2][CH2][C]([CH3])=[CH][CH2][CH2][C]([CH3])=[CH][CH2][O][P](=[O])([OH])[O][P](=[O])([OH])[O][CH]1[O][CH]([CH2][OH])[CH]([O][CH]2[O][CH]([CH2][OH])[CH]([OH])[CH]([OH])[CH]2[N]=[C]([CH3])[OH])[CH]([O][CH]([CH3])[C]([OH])=[N][CH]([CH3])[C]([OH])=[N][CH]([CH2][CH2][C]([OH])=[N][CH]([CH2][CH2][CH2][CH]([NH2])[C](=[O])[OH])[C]([OH])=[N][CH]([CH3])[C]([OH])=[N][CH]([CH3])[C](=[O])[OH])[C](=[O])[OH])[CH]1[N]=[C]([CH3])[OH]
3005,[CH3][O][c]1[c](-[c]2[cH][cH][c]([OH])[cH][cH]2)[o][c]2[cH][c]([OH])[cH][c]([OH])[c]2[c]1=[O]
3006,[O]=[C]1[c]2[c]([OH])[cH][c]([OH])[cH][c]2[O][CH]([c]2[cH][c]([OH])[c]([OH])[c]([OH])[cH]2)[CH]1[OH]
3007,[OH][c]1[cH][c]([OH])[c]2[c]([cH]1)[O][CH]([c]1[cH][c]([OH])[c]([OH])[c]([OH])[cH]1)[CH]([OH])[CH]2[OH]
3008,[CH3][CH2][CH2][CH2][CH2][CH]=[CH][CH2][CH]=[CH][CH]=[CH][CH]=[CH][CH]([S][CH2][CH]([NH2])[C]([OH])=[N][CH2][C](=[O])[OH])[CH]([OH])[CH2][CH2][CH2][C](=[O])[OH]
3009,[CH3][CH2][CH2][CH2][CH2][CH]([OH])[CH]=[CH][CH]1[CH]([OH])[CH2][C](=[O])[CH]1[CH2][C](=[O])[CH2][CH2][CH2][CH2][C](=[O])[OH]
3010,[CH3][CH2][CH2][O][C](=[O])[CH]=[CH][c]1[cH][cH][cH][cH][cH]1
3011,[OH][CH]1[CH2][S][S][CH2][CH]1[OH]
3012,[OH][CH]([CH2][SH])[CH]([OH])[CH2][SH]
3013,[CH3][C]([OH])([CH2][CH]([NH2])[C](=[O])[OH])[C](=[O])[OH]
3014,[CH3][CH]([CH2][CH]([NH2])[C](=[O])[OH])[C](=[O])[OH]
3015,[OH][CH2][CH]1[O][CH]([O][CH2][CH2][c]2[cH][cH][c]([OH])[cH][cH]2)[CH]([OH])[CH]([OH])[CH]1[OH]
3016,[NH2][CH2][CH]([OH])[CH2][OH]
3017,[CH3][N]1[CH2][C]([CH2][OH])=[CH][CH]2[c]3[cH][cH][cH][c]4[nH][cH][c]([c]34)[CH2][CH]21
3018,[CH2]=[C]1[CH2][C]23[CH2][CH2][CH]4[C]([CH3])([CH3])[CH2][CH2][CH2][C]4([CH3])[CH]2[CH2][CH2][CH]1[CH2]3
3019,[CH2]=[C]1[CH2][C]23[CH2][C]1([OH])[CH2][CH2][CH]2[C]1([CH3])[CH2][CH2][CH2][C]([CH3])([C](=[O])[OH])[CH]1[CH]3[C](=[O])[OH]
3020,[O]=[CH][CH2][CH2][CH2][CH2][C](=[O])[OH]
3021,[O]=[C]([OH])[CH2][CH2][CH2][CH2][C](=[O])[OH]
3022,[CH]#[C][CH2][CH]=[O]
3023,[CH]#[C][CH2][CH2][OH]
3024,[CH3][O][c]1[cH][cH][c]2[c]3[c]1[O][CH]1[C](=[O])[CH]=[CH][CH]4[CH]([CH2]2)[N]([CH3])[CH2][CH2][C]314
3025,[CH3][O][c]1[cH][cH][c]2[c]3[c]1[O][CH]1[C](=[O])[CH2][CH]=[C]4[CH]([CH2]2)[N]([CH3])[CH2][CH2][C]431
3026,[cH]1[cH][n][cH][c]([CH]2[CH2][CH2][CH2][CH2][NH]2)[cH]1
3027,[CH3][C](=[O])[CH2][CH]1[CH2][CH2][CH2][CH2][NH]1
3028,[O]=[C]([CH2][CH]1[CH2][CH2][CH2][CH2][NH]1)[CH2][CH]1[CH2][CH2][CH2][CH2][NH]1
3029,[O]=[C]([OH])[C](=[O])[CH]=[CH][c]1[cH][cH][cH][cH][c]1[OH]
3030,[OH][CH2][CH]1[O][CH]([O][CH]2[CH]([CH2][OH])[O][CH]([O][CH]3[CH]([CH2][OH])[O][CH]([O][CH]4[CH]([CH2][OH])[O][CH]([O][CH]5[CH]([CH2][OH])[O][CH]([O][CH]6[CH]([CH2][OH])[O][CH]([O][CH]7[CH]([CH2][OH])[O][CH]([OH])[CH]([OH])[CH]7[OH])[CH]([OH])[CH]6[OH])[CH]([OH])[CH]5[OH])[CH]([OH])[CH]4[OH])[CH]([OH])[CH]3[OH])[CH]([OH])[CH]2[OH])[CH]([OH])[CH]([OH])[CH]1[OH]
3031,[OH][CH2][CH]1[O][CH]([O][CH]2[CH]([CH2][OH])[O][CH]([O][CH]3[CH]([CH2][OH])[O][CH]([O][CH]4[CH]([CH2][OH])[O][CH]([O][CH]5[CH]([CH2][OH])[O][CH]([O][CH]6[CH]([CH2][OH])[O][CH]([OH])[CH]([OH])[CH]6[OH])[CH]([OH])[CH]5[OH])[CH]([OH])[CH]4[OH])[CH]([OH])[CH]3[OH])[CH]([OH])[CH]2[OH])[CH]([OH])[CH]([OH])[CH]1[OH]
3032,[O]=[C]([OH])[c]1[cH][cH][c]([C](=[O])[OH])[cH][cH]1
3033,[CH3][C]12[CH2][C]3=[C]([CH2][CH2][C](=[O])[OH])[C]([CH3])([CH2][C](=[O])[OH])[C](=[N]3)[CH]=[C]3[NH][C]([CH3])([CH]4[N]=[C]([CH]=[C]([NH]1)[C]([CH2][CH2][C](=[O])[OH])=[C]2[CH2][C](=[O])[OH])[C]([CH3])([CH2][CH2][C](=[O])[OH])[CH]4[CH2][C](=[O])[OH])[C]([CH3])([CH2][C](=[O])[OH])[CH]3[CH2][CH2][C](=[O])[OH]
3034,[CH3][C]1=[C]2[N]=[C]([CH2][C]3([CH3])[N]=[C]([C]([CH2][CH2][C](=[O])[OH])=[C]3[CH3])[CH]([CH3])[C]3=[N][CH]([CH]([CH2][C](=[O])[OH])[C]3([CH3])[CH2][CH2][C](=[O])[OH])[C]3([CH3])[N]=[C]1[CH]([CH2][CH2][C](=[O])[OH])[C]3([CH3])[CH2][C](=[O])[OH])[CH]([CH2][CH2][C](=[O])[OH])[C]2([CH3])[CH2][C](=[O])[OH]
3035,[OH][c]1[n][cH][cH][c]2[cH][cH][cH][cH][c]12
3036,[cH]1[cH][cH][c]2[cH][n][cH][cH][c]2[cH]1
3037,[OH][c]1[cH][cH][c]2[cH][cH][cH][cH][c]2[n]1
3038,[cH]1[cH][cH][c]2[n][cH][cH][cH][c]2[cH]1
3039,[O]=[C]([OH])[CH2][C](=[O])[CH]=[C]([Cl])[C](=[O])[OH]
3040,[OH][c]1[cH][c]([OH])[c]([OH])[c]([Cl])[cH]1
3041,[O]=[c]1[cH][cH][nH][c]2[cH][cH][cH][cH][c]12
3042,[CH3][c]1[nH][c]2[cH][cH][cH][cH][c]2[c](=[O])[c]1[OH]
3043,[O]=[S](=[O])([OH])[c]1[cH][cH][cH][c]([OH])[c]1[OH]
3044,[NH2][c]1[cH][cH][cH][cH][c]1[S](=[O])(=[O])[OH]
3045,[OH][c]1[cH][cH][c]2[c]([n]1)[CH]=[CH][CH]([OH])[CH]2[OH]
3046,[OH][c]1[cH][cH][c]2[cH][cH][cH][c]([OH])[c]2[n]1
3047,[O]=[C]([OH])[C](=[O])[CH2][PH](=[O])[OH]
3048,[CH2]=[C]([O][P](=[O])([OH])[C](=[O])[OH])[C](=[O])[OH]
3049,[CH3][C]([OH])=[N][CH]1[CH]([OH])[O][CH]([CH2][OH])[CH]([OH])[CH]1[O][CH]1[O][CH]([CH2][OH])[CH]([OH])[CH]([OH])[CH]1[OH]
3050,[CH3][C]([OH])=[N][CH]1[CH]([O][CH]2[CH]([OH])[CH]([CH2][OH])[O][CH]([O][CH]3[CH]([CH2][OH])[O][CH]([OH])[CH]([OH])[CH]3[OH])[CH]2[OH])[O][CH]([CH2][OH])[CH]([OH])[CH]1[O][CH]1[O][CH]([CH2][OH])[CH]([OH])[CH]([OH])[CH]1[OH]
3051,[NH]=[C]([OH])[NH][CH2][OH]
3052,[NH]=[C]([OH])[NH][CH2][NH][C](=[NH])[OH]
3053,[NH]=[C]([OH])[NH][CH2][NH][C](=[O])[OH]
3054,[NH]=[C]([OH])[NH][CH2][NH2]
3055,[CH3][C](=[O])[C]1=[CH][CH2][CH]2[CH]3[CH2][CH]=[C]4[CH2][CH]([OH])[CH2][CH2][C]4([CH3])[CH]3[CH2][CH2][C]12[CH3]
3056,[CH3][C](=[O])[CH]1[CH]([OH])[CH2][CH]2[CH]3[CH2][CH]=[C]4[CH2][CH]([OH])[CH2][CH2][C]4([CH3])[CH]3[CH2][CH2][C]21[CH3]
3057,[O]=[C]([OH])[c]1[cH][c]([OH])[n][c]2[cH][cH][cH][cH][c]12
3058,[O]=[C]([OH])[c]1[cH][cH][n][c]2[cH][cH][cH][cH][c]12
3059,[CH3][CH2][CH2][CH2][CH2][CH]=[CH][CH2][CH]=[CH][CH]=[CH][CH]=[CH][CH]([S][CH2][CH]([N]=[C]([OH])[CH2][CH2][CH]([NH2])[C](=[O])[OH])[C](=[O])[OH])[CH]([OH])[CH2][CH2][CH2][C](=[O])[OH]
3060,[CH3][O][c]1[cH][c]2[c]([cH][c]1[OH])[CH]([CH2][c]1[cH][cH][c]([O][c]3[cH][c]([CH2][CH]4[c]5[cH][c]([OH])[c]([O][CH3])[cH][c]5[CH2][CH2][N]4[CH3])[cH][cH][c]3[OH])[cH][cH]1)[NH][CH2][CH2]2
3061,[CH3][O][c]1[cH][cH][c]([CH2][CH]2[NH][CH2][CH2][c]3[cH][c]([O][CH3])[c]([OH])[cH][c]32)[cH][c]1[OH]
3062,[CH3][O][c]1[cH][c]2[c]([cH][c]1[OH])[CH]([CH2][c]1[cH][cH][c]([O][c]3[cH][c]([CH2][CH]4[c]5[cH][c]([OH])[c]([O][CH3])[cH][c]5[CH2][CH2][N]4[CH3])[cH][cH][c]3[OH])[cH][cH]1)[N]([CH3])[CH2][CH2]2
3063,[CH3][O][c]1[cH][cH][c]([CH2][CH]2[NH][CH2][CH2][c]3[cH][c]([O][CH3])[c]([OH])[cH][c]32)[cH][c]1[OH]
3064,[CH3][C]1=[C]2[N]=[C]([CH]=[C]3[N]=[C]([C]([CH3])=[C]4[NH][C]([CH3])([CH]5[N]=[C]1[C]([CH3])([CH2][CH2][C](=[O])[OH])[CH]5[CH2][C](=[O])[OH])[C]([CH3])([CH2][C](=[NH])[OH])[CH]4[CH2][CH2][C](=[O])[OH])[C]([CH3])([CH2][C](=[NH])[OH])[CH]3[CH2][CH2][C](=[O])[OH])[C]([CH3])([CH3])[CH]2[CH2][CH2][C](=[O])[OH]
3065,[CH3][C]1([CH3])[S][CH]2[CH]([N]=[C]([OH])[CH2][CH2][CH2][CH]([NH2])[C](=[O])[OH])[C](=[O])[N]2[CH]1[C](=[O])[OH]
3066,[CH3][C]1=[C]([C](=[O])[OH])[N]2[C](=[O])[CH]([N]=[C]([OH])[CH2][CH2][CH2][CH]([NH2])[C](=[O])[OH])[CH]2[S][CH2]1
3067,[NH]=[C]([OH])[O][CH2][C]1=[C]([C](=[O])[OH])[N]2[C](=[O])[CH]([N]=[C]([OH])[CH2][CH2][CH2][CH]([NH2])[C](=[O])[OH])[CH]2[S][CH2]1
3068,[CH3][CH]([CH3])[c]1[cH][cH][c]([CH]=[O])[cH][cH]1
3069,[CH3][CH]([CH3])[c]1[cH][cH][c]([CH2][OH])[cH][cH]1
3070,[OH][CH2][CH]=[CH][Cl]
3071,[O]=[CH][CH]=[CH][Cl]
3072,[O]=[CH][CH]=[CH][Cl]
3073,[OH][CH2][CH]=[CH][Cl]
3074,[CH3][CH]([CH3])[c]1[cH][cH][c]([C](=[O])[OH])[cH][cH]1
3075,[O]=[CH][CH]=[C]([OH])[CH]=[CH][C](=[O])[OH]
3076,[O]=[C]([OH])[CH]=[CH][Cl]
3077,[O]=[C]([OH])[CH]=[CH][Cl]
3078,[OH][CH]1[CH]=[CH][CH]=[C]([c]2[cH][cH][cH][cH][cH]2)[CH]1[OH]
3079,[CH3][CH]([CH3])[c]1[cH][cH][c]([C](=[O])[OH])[c]([OH])[c]1[OH]
3080,[CH3][CH]([CH3])[C]1=[CH][CH]=[C]([C](=[O])[OH])[CH]([OH])[CH]1[OH]
3081,[OH][c]1[cH][cH][cH][c](-[c]2[cH][cH][c]([Cl])[cH][cH]2)[c]1[OH]
3082,[OH][CH]1[CH]=[CH][CH]=[C]([c]2[cH][cH][c]([Cl])[cH][cH]2)[CH]1[OH]
3083,[OH][c]1[cH][c]([Cl])[c]([OH])[cH][c]1[Cl]
3084,[OH][CH]1[CH]=[C]([Cl])[CH]([OH])[CH]=[C]1[Cl]
3085,[O]=[C]([OH])[C]([OH])=[CH][CH]=[CH][C](=[O])[c]1[cH][cH][c]([Cl])[cH][cH]1
3086,[CH3][CH]([CH3])[C](=[O])[CH]=[CH][C]([C](=[O])[OH])=[C]([OH])[C](=[O])[OH]
3087,[OH][c]1[cH][cH][cH][c]([OH])[cH]1
3088,[O]=[C]([OH])[CH]([c]1[cH][cH][c]([Cl])[cH][cH]1)[c]1[cH][cH][c]([Cl])[cH][cH]1
3089,[OH][CH2][CH]([c]1[cH][cH][c]([Cl])[cH][cH]1)[c]1[cH][cH][c]([Cl])[cH][cH]1
3090,[O]=[CH][c]1[cH][cH][c]([Cl])[cH][cH]1
3091,[Cl][CH]=[C]([c]1[cH][cH][c]([Cl])[cH][cH]1)[c]1[cH][cH][c]([Cl])[cH][cH]1
3092,[Cl][CH2][CH]([c]1[cH][cH][c]([Cl])[cH][cH]1)[c]1[cH][cH][c]([Cl])[cH][cH]1
3093,[O]=[C]([OH])[C]([OH])=[C]([Cl])[CH]=[CH][C](=[O])[C](=[C]([Cl])[Cl])[c]1[cH][cH][c]([Cl])[cH][cH]1
3094,[OH][c]1[c]([Cl])[cH][cH][c]([C](=[C]([Cl])[Cl])[c]2[cH][cH][c]([Cl])[cH][cH]2)[c]1[OH]
3095,[O]=[C]([OH])[C]([OH])=[C]([Cl])[CH]=[CH][C](=[O])[CH]([c]1[cH][cH][c]([Cl])[cH][cH]1)[C]([Cl])([Cl])[Cl]
3096,[OH][c]1[c]([Cl])[cH][cH][c]([CH]([c]2[cH][cH][c]([Cl])[cH][cH]2)[C]([Cl])([Cl])[Cl])[c]1[OH]
3097,[CH3][CH2][O][P](=[S])([O][CH2][CH3])[O][c]1[cH][cH][c]([N+](=[O])[O-])[cH][cH]1
3098,[CH3][CH2][O][P](=[O])([O][CH2][CH3])[O][c]1[cH][cH][c]([N+](=[O])[O-])[cH][cH]1
3099,[OH][CH]1[C]([Cl])=[CH][CH]=[C]([CH]([c]2[cH][cH][c]([Cl])[cH][cH]2)[C]([Cl])([Cl])[Cl])[CH]1[OH]
3100,[Cl][c]1[cH][cH][c](-[c]2[cH][cH][cH][cH][cH]2)[cH][cH]1
3101,[cH]1[cH][cH][c](-[c]2[cH][cH][cH][cH][cH]2)[cH][cH]1
3102,[CH3][c]1[cH][cH][c]([CH]([CH3])[CH3])[cH][cH]1
3103,[OH][c]1[cH][cH][c]([OH])[c]([Cl])[cH]1
3104,[CH3][CH2][CH]1[O][C](=[O])[CH]([CH3])[CH]([OH])[CH]([CH3])[CH]([OH])[CH]([CH3])[CH2][CH]([CH3])[C](=[O])[CH]([CH3])[CH]([OH])[CH]1[CH3]
3105,[CH3][CH2][CH]1[O][C](=[O])[CH]([CH3])[CH]([OH])[CH]([CH3])[CH]([OH])[C]([CH3])([OH])[CH2][CH]([CH3])[C](=[O])[CH]([CH3])[CH]([OH])[CH]1[CH3]
3106,[O]=[CH][c]1[cH][cH][c]([S](=[O])(=[O])[OH])[cH][cH]1
3107,[O]=[S](=[O])([OH])[c]1[cH][cH][c]([CH2][OH])[cH][cH]1
3108,[CH3][C]([CH3])([CH2][O][P](=[O])([OH])[O][P](=[O])([OH])[O][CH2][CH]1[O][CH]([n]2[cH][n][c]3[c]([NH2])[n][cH][n][c]32)[CH]([OH])[CH]1[O][P](=[O])([OH])[OH])[CH]([OH])[C]([OH])=[N][CH2][CH2][C]([OH])=[N][CH2][CH2][S][C](=[O])[c]1[cH][cH][c]([Cl])[cH][c]1[Cl]
3109,[O]=[C]([OH])[c]1[cH][cH][c]([N]=[N][c]2[cH][cH][c]([S](=[O])(=[O])[OH])[cH][cH]2)[cH][cH]1
3110,[NH2][c]1[cH][cH][c]([S](=[O])(=[O])[OH])[cH][cH]1
3111,[O]=[C]([OH])[CH]=[CH][C](=[CH][C](=[O])[OH])[S](=[O])(=[O])[OH]
3112,[O]=[S](=[O])([OH])[c]1[cH][cH][c]([OH])[c]([OH])[cH]1
3113,[CH3][c]1[cH][cH][c]([S](=[O])(=[O])[OH])[cH][cH]1
3114,[OH][CH2][CH2][Cl]
3115,[Cl][CH2][CH2][Cl]
3116,[O]=[CH][CH2][Cl]
3117,[O]=[C]([OH])[CH2][Cl]
3118,[CH3][C]([CH]=[CH][C](=[O])[OH])=[CH][C](=[O])[OH]
3119,[NH]=[C]([OH])[O][CH2][C]1=[C]([C](=[O])[OH])[N]2[C](=[O])[C]([OH])([N]=[C]([OH])[CH2][CH2][CH2][CH]([NH2])[C](=[O])[OH])[CH]2[S][CH2]1
3120,[CH3][O][C]1([N]=[C]([OH])[CH2][CH2][CH2][CH]([NH2])[C](=[O])[OH])[C](=[O])[N]2[C]([C](=[O])[OH])=[C]([CH2][O][C](=[NH])[OH])[CH2][S][CH]21
3121,[CH3][C]([OH])=[N][CH]([CH2][S][CH]=[O])[C]([OH])=[N][CH]1[CH]([O][CH]2[CH]([OH])[CH]([OH])[CH]([OH])[CH]([OH])[CH]2[OH])[O][CH]([CH2][OH])[CH]([OH])[CH]1[OH]
3122,[CH3][C]([OH])=[N][CH]([CH2][SH])[C]([OH])=[N][CH]1[CH]([O][CH]2[CH]([OH])[CH]([OH])[CH]([OH])[CH]([OH])[CH]2[OH])[O][CH]([CH2][OH])[CH]([OH])[CH]1[OH]
3123,[OH][c]1[cH][cH][c]2[s][c]3[cH][cH][cH][cH][c]3[c]2[c]1[OH]
3124,[OH][CH]1[CH]=[CH][c]2[s][c]3[cH][cH][cH][cH][c]3[c]2[CH]1[OH]
3125,[CH3][C]([CH3])([CH2][O][P](=[O])([OH])[O][P](=[O])([OH])[O][CH2][CH]1[O][CH]([n]2[cH][n][c]3[c]([NH2])[n][cH][n][c]32)[CH]([OH])[CH]1[O][P](=[O])([OH])[OH])[CH]([OH])[C]([OH])=[N][CH2][CH2][C]([OH])=[N][CH2][CH2][S][C](=[O])[CH]=[CH][CH2][CH2][CH2][C](=[O])[OH]
3126,[CH3][c]1[cH][c]2[c]([OH])[c]([OH])[cH][cH][c]2[n][c]1[OH]
3127,[CH3][c]1[cH][c]2[c]([n][c]1[OH])[CH]=[CH][CH]([OH])[CH]2[OH]
3128,[CH3][CH2][c]1[cH][cH][cH][c]([OH])[c]1[OH]
3129,[CH3][CH2][C]1=[CH][CH]=[CH][CH]([OH])[CH]1[OH]
3130,[CH3][C]1=[CH][CH]=[CH][CH]([OH])[C]1([OH])[C](=[O])[OH]
3131,[O]=[C]1[CH2][CH]([C](=[O])[OH])[CH2][CH2][CH]1[OH]
3132,[O]=[C]([OH])[CH]1[CH2][CH2][CH]([OH])[CH]([OH])[CH2]1
3133,[NH]=[C]([CH2][c]1[cH][nH][c]2[cH][cH][cH][cH][c]12)[C](=[O])[OH]
3134,[CH3][CH2][CH]=[CH][CH2][CH2][CH2][CH2][CH2][CH2][CH2][CH2][CH2][C](=[O])[S][CH2][CH2][N]=[C]([OH])[CH2][CH2][N]=[C]([OH])[CH]([OH])[C]([CH3])([CH3])[CH2][O][P](=[O])([OH])[O][P](=[O])([OH])[O][CH2][CH]1[O][CH]([n]2[cH][n][c]3[c]([NH2])[n][cH][n][c]32)[CH]([OH])[CH]1[O][P](=[O])([OH])[OH]
3135,[CH3][CH2][CH]=[CH][CH2][CH2][CH2][CH2][CH2][CH2][CH2][CH2][CH2][C](=[O])[S][CH2][CH2][N]=[C]([OH])[CH2][CH2][N]=[C]([OH])[CH]([OH])[C]([CH3])([CH3])[CH2][O][P](=[O])([OH])[O][P](=[O])([OH])[O][CH2][CH]1[O][CH]([n]2[cH][n][c]3[c]([NH2])[n][cH][n][c]32)[CH]([OH])[CH]1[O][P](=[O])([OH])[OH]
3136,[CH3][C]1([CH3])[O][CH]2[CH2][C](=[O])[O][CH2][C]23[CH]1[CH2][C](=[O])[C]1([CH3])[CH]3[CH2][CH2][C]([CH3])([CH]([O][CH]2[O][CH]([CH2][OH])[CH]([OH])[CH]([OH])[CH]2[OH])[c]2[cH][cH][o][cH]2)[C]12[O][CH]2[C](=[O])[OH]
3137,[O]=[P]([OH])([OH])[O][CH2][CH]([CH2][OH])[O][CH]1[O][CH]([CH2][OH])[CH]([OH])[CH]([OH])[CH]1[OH]
3138,[CH3][CH]([CH3])[CH2][CH2][CH2][CH]([CH3])[CH2][CH2][CH2][CH]([CH3])[CH2][CH2][C](=[O])[CH]([CH3])[C](=[O])[S][CH2][CH2][N]=[C]([OH])[CH2][CH2][N]=[C]([OH])[CH]([OH])[C]([CH3])([CH3])[CH2][O][P](=[O])([OH])[O][P](=[O])([OH])[O][CH2][CH]1[O][CH]([n]2[cH][n][c]3[c]([NH2])[n][cH][n][c]32)[CH]([OH])[CH]1[O][P](=[O])([OH])[OH]
3139,[CH3][CH]([CH3])[CH2][CH2][CH2][CH]([CH3])[CH2][CH2][CH2][CH]([CH3])[CH2][CH2][C](=[O])[S][CH2][CH2][N]=[C]([OH])[CH2][CH2][N]=[C]([OH])[CH]([OH])[C]([CH3])([CH3])[CH2][O][P](=[O])([OH])[O][P](=[O])([OH])[O][CH2][CH]1[O][CH]([n]2[cH][n][c]3[c]([NH2])[n][cH][n][c]32)[CH]([OH])[CH]1[O][P](=[O])([OH])[OH]
3140,[CH3][CH]([CH3])[CH2][C](=[O])[c]1[c]([OH])[cH][c]([OH])[cH][c]1[OH]
3141,[CH3][NH][CH2][CH2][CH2][CH]=[O]
3142,[O]=[C]([CH]([OH])[CH2][OH])[CH]([OH])[CH]([OH])[CH2][O][P](=[O])([OH])[OH]
3143,[CH3][CH2][O][P](=[S])([O][CH2][CH3])[O][c]1[cH][cH][c]([NH2])[cH][cH]1
3144,[CH3][c]1[cH][cH][cH][cH][c]1[CH]=[O]
3145,[CH3][c]1[cH][cH][cH][cH][c]1[CH2][OH]
3146,[OH][CH]1[c]2[cH][cH][cH][cH][c]2-[c]2[cH][cH][cH][cH][c]21
3147,[O]=[C]1[c]2[cH][cH][cH][cH][c]2-[c]2[cH][cH][cH][cH][c]21
3148,[CH2]1[CH2][O]1
3149,[CH3][CH]([OH])[c]1[cH][cH][cH][cH][cH]1
3150,[CH3][C](=[O])[c]1[cH][cH][cH][cH][cH]1
3151,[OH][C]1=[N][CH2][CH2][CH2][CH2][CH2]1
3152,[NH2][CH2][CH2][CH]([OH])[CH]([C](=[O])[OH])[N]1[CH2][CH2][C]1=[O]
3153,[NH]=[C]([NH2])[NH][CH2][CH2][CH]([OH])[CH]([C](=[O])[OH])[N]1[CH2][CH2][C]1=[O]
3154,[CH2]=[CH][C]#[N]
3155,[CH2]=[CH][C](=[O])[CH]=[CH][CH]=[C]([OH])[C](=[O])[OH]
3156,[NH2][c]1[cH][cH][cH][cH][c]1[C](=[O])[CH]=[CH][CH]=[C]([OH])[C](=[O])[OH]
3157,[CH3][CH2][C](=[O])[CH]=[CH][CH]=[C]([OH])[C](=[O])[OH]
3158,[Cl][CH]=[CH][CH2][Cl]
3159,[Cl][CH]=[CH][CH2][Cl]
3160,[OH][CH]1[CH]=[C]([Cl])[CH]([Cl])[CH]=[C]1[Cl]
3161,[Cl][C]1=[CH][CH]([Cl])[C]([Cl])=[CH][CH]1[Cl]
3162,[CH3][CH]([C](=[O])[OH])[C](=[O])[S][CH2][CH2][N]=[C]([OH])[CH2][CH2][N]=[C]([OH])[CH]([OH])[C]([CH3])([CH3])[CH2][O][P](=[O])([OH])[O][P](=[O])([OH])[O][CH2][CH]1[O][CH]([n]2[cH][n][c]3[c]([NH2])[n][cH][n][c]32)[CH]([OH])[CH]1[O][P](=[O])([OH])[OH]
3163,[O]=[C]([OH])[c]1[cH][cH][c]([OH])[cH][c]1[C](=[O])[OH]
3164,[Cl][c]1[cH][cH][c]([CH2][c]2[cH][cH][c]([Cl])[cH][cH]2)[cH][cH]1
3165,[CH3][CH]([CH3])[C](=[O])[CH]=[CH][CH]=[C]([OH])[C](=[O])[OH]
3166,[CH]#[CH]
3167,[OH][CH2][CH2][NH][CH2][CH2][OH]
3168,[OH][CH2][CH2][N]([CH2][CH2][OH])[CH2][CH2][OH]
3169,[Cl][c]1[cH][cH][c]([CH]([c]2[cH][cH][c]([Cl])[cH][cH]2)[CH]([Cl])[Cl])[cH][cH]1
3170,[CH2]=[C]([c]1[cH][cH][c]([Cl])[cH][cH]1)[c]1[cH][cH][c]([Cl])[cH][cH]1
3171,[Cl][C]1=[CH][CH]([Cl])[CH]([Cl])[CH]([Cl])[CH]1[Cl]
3172,[O]=[C]1[CH]=[CH][C](=[O])[C]([OH])=[CH]1
3173,[OH][c]1[cH][c]([OH])[c]([Cl])[cH][c]1[OH]
3174,[O]=[C]([OH])[CH]=[C]1[CH]=[C]([Cl])[C](=[O])[O]1
3175,[O]=[C]([OH])[C]([Cl])=[CH][CH]=[C]([Cl])[C](=[O])[OH]
3176,[O]=[C]([OH])[CH2][C]1([S](=[O])(=[O])[OH])[CH]=[CH][C](=[O])[O]1
3177,[OH][c]1[c]([Cl])[cH][cH][c]([Cl])[c]1[OH]
3178,[OH][CH]1[C]([Cl])=[CH][CH]=[C]([Cl])[CH]1[OH]
3179,[O]=[N][c]1[cH][cH][cH][cH][cH]1
3180,[O]=[N+]([O-])[c]1[cH][cH][cH][cH][cH]1
3181,[OH][c]1[cH][c]([Cl])[c]([OH])[c]([Cl])[c]1[Cl]
3182,[OH][c]1[cH][c]([Cl])[c]([OH])[c]([Cl])[cH]1
3183,[CH2]=[CH][c]1[cH][cH][cH][c]([OH])[c]1[OH]
3184,[O]=[CH][C]([Cl])=[CH][CH]=[C]([OH])[C](=[O])[OH]
3185,[O]=[C]([OH])[C]([OH])=[CH][CH]=[C]1[CH2][c]2[cH][cH][cH][cH][c]2[C]1=[O]
3186,[OH][c]1[cH][cH][c]2[c]([c]1[OH])-[c]1[cH][cH][cH][cH][c]1[CH2]2
3187,[OH][c]1[cH][cH][cH][cH][c]1[O][c]1[cH][cH][cH][c]([OH])[c]1[OH]
3188,[O]=[C]([CH]=[CH][CH]=[C]([OH])[C](=[O])[OH])[O][c]1[cH][cH][cH][cH][c]1[OH]
3189,[cH]1[cH][cH][c]2[c]([cH]1)[nH][c]1[cH][cH][cH][cH][c]12
3190,[NH2][c]1[cH][cH][cH][cH][c]1-[c]1[cH][cH][cH][c]([OH])[c]1[OH]
3191,[O]=[C]([OH])[CH2][O][c]1[cH][c]([Cl])[c]([Cl])[cH][c]1[Cl]
3192,[OH][c]1[cH][c]([Cl])[c]([Cl])[cH][c]1[Cl]
3193,[O]=[C]([OH])[CH2][O][c]1[cH][cH][c]([Cl])[cH][c]1[Cl]
3194,[CH3][CH2][O][P]([OH])(=[S])[O][CH2][CH3]
3195,[cH]1[cH][cH][c]2[c]([cH]1)[CH2][c]1[cH][cH][cH][cH][c]1-2
3196,[OH][CH]1[CH]=[CH][C]2=[C]([c]3[cH][cH][cH][cH][c]3[CH2]2)[CH]1[OH]
3197,[CH2]=[CH][c]1[cH][cH][cH][cH][cH]1
3198,[CH3][CH2][c]1[cH][cH][cH][cH][cH]1
3199,[O]=[C]([CH2][OH])[c]1[cH][cH][cH][cH][cH]1
3200,[CH3][c]1[cH][cH][cH][cH][c]1[C](=[O])[OH]
3201,[Cl][c]1[cH][cH][c]([Cl])[cH][cH]1
3202,[O]=[C]1[CH2][CH]([OH])[c]2[cH][cH][cH][cH][c]21
3203,[cH]1[cH][cH][c]2[c]([cH]1)[o][c]1[cH][cH][cH][cH][c]12
3204,[OH][c]1[cH][cH][cH][cH][c]1-[c]1[cH][cH][cH][c]([OH])[c]1[OH]
3205,[O]=[C]1[C]2=[C]([c]3[cH][cH][cH][cH][c]31)[CH]([OH])[CH]([OH])[CH]=[CH]2
3206,[O]=[C]1[CH2][c]2[cH][cH][cH][cH][c]2[CH2]1
3207,[OH][c]1[cH][cH][c]([Cl])[cH][cH]1
3208,[CH3][c]1[cH][cH][cH][cH][c]1[CH3]
3209,[CH2]=[CH2]
3210,[O]=[C]1[CH]=[C]([Cl])[C](=[O])[CH]=[C]1[OH]
3211,[O]=[C]1[CH]=[C]([Cl])[C](=[O])[CH]=[C]1[Cl]
3212,[OH][c]1[c]([Cl])[cH][cH][cH][c]1[Cl]
3213,[O]=[C]1[CH]=[C]([Cl])[C](=[O])[C]([Cl])=[CH]1
3214,[OH][c]1[c]([Cl])[cH][c]([Cl])[cH][c]1[Cl]
3215,[O]=[C]([OH])[CH2][c]1[cH][cH][cH][cH][c]1[OH]
3216,[O]=[C]([OH])[c]1[cH][cH][c]([Cl])[cH][c]1[Cl]
3217,[CH3][C]([CH3])([CH2][O][P](=[O])([OH])[O][P](=[O])([OH])[O][CH2][CH]1[O][CH]([n]2[cH][n][c]3[c]([NH2])[n][cH][n][c]32)[CH]([OH])[CH]1[O][P](=[O])([OH])[OH])[CH]([OH])[C]([OH])=[N][CH2][CH2][C]([OH])=[N][CH2][CH2][S][C](=[O])[CH2][C](=[O])[c]1[cH][cH][cH][cH][cH]1
3218,[O]=[C]([OH])[CH2][C](=[O])[c]1[cH][cH][cH][cH][cH]1
3219,[O]=[C]1[CH2][CH2][C]2([O]1)[O][C](=[O])[c]1[cH][cH][cH][cH][c]12
3220,[CH3][c]1[c]2[c]([c]([OH])[c]3[c]([OH])[cH][cH][c]([Cl])[c]13)[C](=[O])[C]1([OH])[C](=[O])[C]([C](=[NH])[OH])=[C]([OH])[C](=[O])[CH]1[CH2]2
3221,[CH3][c]1[c]2[c]([c]([OH])[c]3[c]([OH])[cH][cH][cH][c]13)[C](=[O])[C]1([OH])[C](=[O])[C]([C](=[NH])[OH])=[C]([OH])[C](=[O])[CH]1[CH2]2
3222,[CH3][c]1[c]2[cH][cH][cH][c]([OH])[c]2[c]([OH])[c]2[c]([OH])[c]3[c]([OH])[c]([C](=[NH])[OH])[c]([OH])[c]([OH])[c]3[cH][c]12
3223,[CH3][c]1[c]2[cH][cH][cH][c]([OH])[c]2[c]([OH])[c]2[c]([OH])[c]3[c]([OH])[c]([C](=[NH])[OH])[c]([OH])[cH][c]3[cH][c]12
3224,[NH]=[C]([NH2])[NH][CH2][CH2][CH2][CH]([NH][CH2][CH2][C](=[O])[OH])[C](=[O])[OH]
3225,[NH]=[C]([NH2])[NH][CH2][CH2][CH2][CH]([C](=[O])[OH])[N]1[CH2][CH2][C]1=[O]
3226,[NH2][CH2][CH2][CH]1[O][CH]2[CH2][C](=[O])[N]2[CH]1[C](=[O])[OH]
3227,[NH2][CH2][CH]=[C]1[O][CH]2[CH2][C](=[O])[N]2[CH]1[C](=[O])[OH]
3228,[O]=[CH][CH]=[C]1[O][CH]2[CH2][C](=[O])[N]2[CH]1[C](=[O])[OH]
3229,[O]=[C]([OH])[CH]1[C](=[CH][CH2][OH])[O][CH]2[CH2][C](=[O])[N]21
3230,[Cl][c]1[cH][cH][c]([Cl])[c]([Cl])[cH]1
3231,[OH][c]1[cH][c]([Cl])[cH][cH][c]1[Cl]
3232,[CH3][CH2][O][P](=[O])([OH])[O][CH2][CH3]
3233,[O]=[C]([OH])[CH2][O][c]1[cH][cH][c]([Cl])[cH][cH]1
3234,[CH3][CH]([OH])[c]1[cH][cH][cH][cH][cH]1
3235,[CH2]=[CH][Cl]
3236,[Cl][CH]=[C]([Cl])[Cl]
3237,[Cl][C]([Cl])=[C]([Cl])[Cl]
3238,[Cl][CH]=[CH][Cl]
3239,[Cl][CH]=[CH][Cl]
3240,[CH3][C](=[O])[CH]=[CH][C](=[O])[OH]
3241,[CH2]=[C]1[CH]=[CH][C](=[O])[O]1
3242,[O]=[C]([OH])[CH]=[C]1[CH]=[C]([Cl])[C](=[O])[O]1
3243,[CH3][c]1[cH][n]([CH]2[CH2][CH]([OH])[CH]([CH2][O][P](=[O])([OH])[O][P](=[O])([OH])[O][CH]3[CH2][C](=[O])[C](=[O])[CH]([CH3])[O]3)[O]2)[c](=[O])[n][c]1[OH]
3244,[CH3][CH2][CH]1[O][C](=[O])[CH]([CH3])[CH]([O][CH]2[CH2][C]([CH3])([OH])[CH]([OH])[CH]([CH3])[O]2)[CH]([CH3])[CH]([O][CH]2[O][CH]([CH3])[CH2][CH]([N]([CH3])[CH3])[CH]2[OH])[C]([CH3])([OH])[CH2][CH]([CH3])[C](=[O])[CH]([CH3])[CH]([OH])[C]1([CH3])[OH]
3245,[CH3][CH2][CH]1[O][C](=[O])[CH]([CH3])[CH]([O][CH]2[CH2][C]([CH3])([O][CH3])[CH]([OH])[CH]([CH3])[O]2)[CH]([CH3])[CH]([O][CH]2[O][CH]([CH3])[CH2][CH]([N]([CH3])[CH3])[CH]2[OH])[C]([CH3])([OH])[CH2][CH]([CH3])[C](=[O])[CH]([CH3])[CH]([OH])[C]1([CH3])[OH]
3246,[CH3][CH2][CH]1[O][C](=[O])[CH]([CH3])[CH]([O][CH]2[CH2][C]([CH3])([O][CH3])[CH]([OH])[CH]([CH3])[O]2)[CH]([CH3])[CH]([O][CH]2[O][CH]([CH3])[CH2][CH]([N]([CH3])[CH3])[CH]2[OH])[C]([CH3])([OH])[CH2][CH]([CH3])[C](=[O])[CH]([CH3])[CH]([OH])[CH]1[CH3]
3247,[CH3][CH2][CH]1[O][C](=[O])[CH]([CH3])[CH]([O][CH]2[CH2][C]([CH3])([OH])[CH]([OH])[CH]([CH3])[O]2)[CH]([CH3])[CH]([O][CH]2[O][CH]([CH3])[CH2][CH]([N]([CH3])[CH3])[CH]2[OH])[C]([CH3])([OH])[CH2][CH]([CH3])[C](=[O])[CH]([CH3])[CH]([OH])[CH]1[CH3]
3248,[CH3][c]1[cH][n]([CH]2[CH2][CH]([OH])[CH]([CH2][O][P](=[O])([OH])[O][P](=[O])([OH])[O][CH]3[CH2][CH]([OH])[C](=[O])[CH]([CH3])[O]3)[O]2)[c](=[O])[n][c]1[OH]
3249,[CH3][CH2][CH]1[O][C](=[O])[CH]([CH3])[CH]([O][CH]2[CH2][C]([CH3])([OH])[CH]([OH])[CH]([CH3])[O]2)[CH]([CH3])[CH]([OH])[C]([CH3])([OH])[CH2][CH]([CH3])[C](=[O])[CH]([CH3])[CH]([OH])[CH]1[CH3]
3250,[CH3][c]1[cH][n]([CH]2[CH2][CH]([OH])[CH]([CH2][O][P](=[O])([OH])[O][P](=[O])([OH])[O][CH]3[CH2][C]([CH3])([OH])[CH]([OH])[CH]([CH3])[O]3)[O]2)[c](=[O])[n][c]1[OH]
3251,[CH3][c]1[cH][n]([CH]2[CH2][CH]([OH])[CH]([CH2][O][P](=[O])([OH])[O][P](=[O])([OH])[O][CH]3[O][CH]([CH3])[CH2][CH]([N]([CH3])[CH3])[CH]3[OH])[O]2)[c](=[O])[n][c]1[OH]
3252,[Cl][CH]1[CH]=[CH][CH]([Cl])[CH]([Cl])[CH]1[Cl]
3253,[Cl][CH]1[CH]([Cl])[CH]([Cl])[CH]([Cl])[CH]([Cl])[CH]1[Cl]
3254,[Cl][CH]1[CH]=[CH][CH]=[CH][CH]1[Cl]
3255,[Cl][c]1[cH][cH][cH][cH][cH]1
3256,[O]=[CH][CH]1[CH2][c]2[cH][cH][cH][cH][c]2[C]1=[O]
3257,[OH][c]1[cH][cH][c]2[c]([c]1[OH])[CH2][c]1[cH][cH][cH][cH][c]1-2
3258,[O]=[C]1[c]2[cH][cH][cH][cH][c]2-[c]2[c]([OH])[cH][cH][cH][c]21
3259,[O]=[CH][CH]1[C](=[O])[CH2][c]2[cH][cH][cH][cH][c]21
3260,[O]=[C]1[CH2][CH2][C](=[O])[CH2][CH2]1
3261,[NH]=[C]([NH2])[NH][CH]1[CH]([OH])[CH]([NH2])[CH]([OH])[CH]([OH])[CH]1[O][P](=[O])([OH])[OH]
3262,[CH3][C]([CH3])=[CH][CH2][CH2][C]([CH3])=[CH][CH2][CH2][C]([CH3])=[CH][CH2][CH2][C]([CH3])=[CH][CH2][O][P](=[O])([OH])[O][P](=[O])([OH])[OH]
3263,[OH][c]1[n][c]([OH])[n][c]([OH])[n]1
3264,[NH]=[C]([OH])[NH][C](=[NH])[OH]
3265,[CH3][CH]([CH3])[N]=[c]1[nH][c]([Cl])[n][c](=[NH])[nH]1
3266,[CH3][C]([CH3])=[CH][CH2][CH2][C]([CH3])=[CH][CH2][CH2][C]([CH3])=[CH][CH2][CH2][C]([CH3])=[CH][CH2][CH2][C]([CH3])=[CH][CH2][CH2][C]([CH3])=[CH][CH2][CH2][C]([CH3])=[CH][CH2][CH2][C]([CH3])=[CH][CH2][CH2][C]([CH3])=[CH][CH2][CH2][C]([CH3])=[CH][CH2][CH2][C]([CH3])=[CH][CH2][O][P](=[O])([OH])[O][P](=[O])([OH])[O][CH]1[O][CH]([CH2][OH])[CH]([O][CH]2[O][CH]([CH2][OH])[CH]([OH])[CH]([OH])[CH]2[N]=[C]([CH3])[OH])[CH]([OH])[CH]1[N]=[C]([CH3])[OH]
3267,[CH3][CH2][N]=[c]1[nH][c]([Cl])[n][c](=[NH])[nH]1
3268,[NH]=[c]1[n][c]([Cl])[nH][c](=[NH])[nH]1
3269,[NH]=[c]1[n][c]([Cl])[n][c]([OH])[nH]1
3270,[CH3][CH2][N]=[c]1[nH][c]([OH])[n][c](=[NH])[nH]1
3271,[CH3][C]([CH3])([CH2][O][P](=[O])([OH])[O][P](=[O])([OH])[O][CH2][CH]1[O][CH]([n]2[cH][n][c]3[c]([NH2])[n][cH][n][c]32)[CH]([OH])[CH]1[O][P](=[O])([OH])[OH])[CH]([OH])[C]([OH])=[N][CH2][CH2][C]([OH])=[N][CH2][CH2][S][C](=[O])[CH]([CH2][C](=[O])[OH])[C](=[O])[c]1[cH][cH][cH][cH][cH]1
3272,[CH3][CH]([OH])[CH2][C](=[O])[S][CH2][CH2][N]=[C]([OH])[CH2][CH2][N]=[C]([OH])[CH]([OH])[C]([CH3])([CH3])[CH2][O][P](=[O])([OH])[O][P](=[O])([OH])[O][CH2][CH]1[O][CH]([n]2[cH][n][c]3[c]([NH2])[n][cH][n][c]32)[CH]([OH])[CH]1[O][P](=[O])([OH])[OH]
3273,[CH3][C]([CH3])([CH2][O][P](=[O])([OH])[O][P](=[O])([OH])[O][CH2][CH]1[O][CH]([n]2[cH][n][c]3[c]([NH2])[n][cH][n][c]32)[CH]([OH])[CH]1[O][P](=[O])([OH])[OH])[CH]([OH])[C]([OH])=[N][CH2][CH2][C]([OH])=[N][CH2][CH2][S][C](=[O])[CH]1[CH2][CH2][CH2][CH2][C]1=[O]
3274,[CH3][C]([CH3])([CH2][O][P](=[O])([OH])[O][P](=[O])([OH])[O][CH2][CH]1[O][CH]([n]2[cH][n][c]3[c]([NH2])[n][cH][n][c]32)[CH]([OH])[CH]1[O][P](=[O])([OH])[OH])[CH]([OH])[C]([OH])=[N][CH2][CH2][C]([OH])=[N][CH2][CH2][S][C](=[O])[CH]1[CH2][CH2][CH2][CH2][CH]1[OH]
3275,[CH3][C]([CH3])([CH2][O][P](=[O])([OH])[O][P](=[O])([OH])[O][CH2][CH]1[O][CH]([n]2[cH][n][c]3[c]([NH2])[n][cH][n][c]32)[CH]([OH])[CH]1[O][P](=[O])([OH])[OH])[CH]([OH])[C]([OH])=[N][CH2][CH2][C]([OH])=[N][CH2][CH2][S][C](=[O])[CH]1[C](=[O])[CH2][CH2][CH2][CH]1[OH]
3276,[CH3][C]([CH3])([CH2][O][P](=[O])([OH])[O][P](=[O])([OH])[O][CH2][CH]1[O][CH]([n]2[cH][n][c]3[c]([NH2])[n][cH][n][c]32)[CH]([OH])[CH]1[O][P](=[O])([OH])[OH])[CH]([OH])[C]([OH])=[N][CH2][CH2][C]([OH])=[N][CH2][CH2][S][C](=[O])[CH]1[CH]([OH])[CH2][CH2][CH2][CH]1[OH]
3277,[NH]=[C]([OH])[c]1[cH][cH][cH][cH][cH]1
3278,[N]#[C][c]1[cH][cH][cH][cH][cH]1
3279,[CH3][C]([CH3])([CH2][O][P](=[O])([OH])[O][P](=[O])([OH])[O][CH2][CH]1[O][CH]([n]2[cH][n][c]3[c]([NH2])[n][cH][n][c]32)[CH]([OH])[CH]1[O][P](=[O])([OH])[OH])[CH]([OH])[C]([OH])=[N][CH2][CH2][C]([OH])=[N][CH2][CH2][S][C](=[O])[C]1=[CH][CH2][CH2][CH2][CH2]1
3280,[CH3][C]([CH3])([CH2][O][P](=[O])([OH])[O][P](=[O])([OH])[O][CH2][CH]1[O][CH]([n]2[cH][n][c]3[c]([NH2])[n][cH][n][c]32)[CH]([OH])[CH]1[O][P](=[O])([OH])[OH])[CH]([OH])[C]([OH])=[N][CH2][CH2][C]([OH])=[N][CH2][CH2][S][C](=[O])[CH]1[CH]=[CH][CH2][CH]=[CH]1
3281,[CH3][C]([CH3])([CH2][O][P](=[O])([OH])[O][P](=[O])([OH])[O][CH2][CH]1[O][CH]([n]2[cH][n][c]3[c]([NH2])[n][cH][n][c]32)[CH]([OH])[CH]1[O][P](=[O])([OH])[OH])[CH]([OH])[C]([OH])=[N][CH2][CH2][C]([OH])=[N][CH2][CH2][S][C](=[O])[C]1=[CH][CH2][CH]=[CH][CH2]1
3282,[CH3][O][C]1=[C]([OH])[C](=[O])[C]([CH3])=[C]([CH2][CH]=[C]([CH3])[CH2][CH2][CH]=[C]([CH3])[CH2][CH2][CH]=[C]([CH3])[CH2][CH2][CH]=[C]([CH3])[CH2][CH2][CH]=[C]([CH3])[CH2][CH2][CH]=[C]([CH3])[CH2][CH2][CH]=[C]([CH3])[CH2][CH2][CH]=[C]([CH3])[CH3])[C]1=[O]
3283,[CH3][C]([CH3])([CH2][O][P](=[O])([OH])[O][P](=[O])([OH])[O][CH2][CH]1[O][CH]([n]2[cH][n][c]3[c]([NH2])[n][cH][n][c]32)[CH]([OH])[CH]1[O][P](=[O])([OH])[OH])[CH]([OH])[C]([OH])=[N][CH2][CH2][C]([OH])=[N][CH2][CH2][S][C](=[O])[CH]1[CH2][CH2][CH2][CH2][CH2]1
3284,[O]=[C]([OH])[CH]1[CH2][CH2][CH2][CH2][CH2]1
3285,[CH3][C]([CH3])=[CH][CH2][CH2][C]([CH3])=[CH][CH2][CH2][C]([CH3])=[CH][CH2][CH2][C]([CH3])=[CH][CH2][CH2][C]([CH3])=[CH][CH2][CH2][C]([CH3])=[CH][CH2][CH2][C]([CH3])=[CH][CH2][CH2][C]([CH3])=[CH][CH2][CH2][C]([CH3])=[CH][CH2][CH2][C]([CH3])=[CH][CH2][CH2][C]([CH3])=[CH][CH2][OH]
3286,[CH3][C]([CH3])=[CH][CH2][CH2][C]([CH3])=[CH][CH2][CH2][C]([CH3])=[CH][CH2][CH2][C]([CH3])=[CH][CH2][CH2][C]([CH3])=[CH][CH2][CH2][C]([CH3])=[CH][CH2][CH2][C]([CH3])=[CH][CH2][CH2][C]([CH3])=[CH][CH2][CH2][C]([CH3])=[CH][CH2][CH2][C]([CH3])=[CH][CH2][CH2][C]([CH3])=[CH][CH2][O][P](=[O])([OH])[O][P](=[O])([OH])[OH]
3287,[CH3][C]([CH3])=[CH][CH2][CH2][CH]([CH3])[CH]1[CH2][CH]=[C]2[C]3=[C]([CH2][CH2][C]21[CH3])[C]1([CH3])[CH2][CH2][CH]([OH])[C]([CH3])([CH3])[CH]1[CH2][CH2]3
3288,[CH3][C]([CH3])=[CH][CH2][CH2][CH]([CH3])[CH]1[CH2][CH2][CH]2[C]3=[C]([CH2][CH2][C]21[CH3])[C]1([CH3])[CH2][CH2][CH]([OH])[C]([CH3])([CH3])[CH]1[CH2][CH2]3
3289,[O]=[P]([OH])([OH])[O][CH2][CH]([OH])[CH]1[O][CH]([O][P](=[O])([OH])[OH])[CH]([OH])[CH]([OH])[CH]1[OH]
3290,[O]=[CH][c]1[cH][cH][c]2[cH][cH][cH][cH][c]2[c]1[OH]
3291,[O]=[C]([OH])[C]1([OH])[CH]=[CH][c]2[cH][cH][c]3[cH][cH][cH][cH][c]3[c]2[O]1
3292,[cH]1[cH][cH][c]2[c]([cH]1)[cH][cH][c]1[cH][cH][cH][cH][c]12
3293,[cH]1[cH][cH][c]2[c]([cH]1)-[c]1[cH][cH][cH][cH][c]1[CH]1[O][CH]21
3294,[CH]1=[CH][CH]2[O][CH]2[c]2[cH][cH][c]3[cH][cH][cH][cH][c]3[c]21
3295,[OH][c]1[cH][cH][cH][c]2[c]1[cH][cH][c]1[cH][cH][cH][cH][c]12
3296,[OH][CH]1[c]2[cH][cH][cH][cH][c]2-[c]2[cH][cH][cH][cH][c]2[CH]1[OH]
3297,[NH2][c]1[n][cH][n][c]2[c]1[n][cH][n]2[CH]1[O][CH]([CH2][O][P](=[O])([OH])[O][P](=[O])([OH])[O][P](=[O])([OH])[OH])[C](=[O])[CH]1[OH]
3298,[CH3][C]([OH])=[N][CH]([CH2][c]1[cH][cH][c]([OH])[cH][cH]1)[C]([OH])=[N][CH]1[CH]([CH2][OH])[O][CH]([n]2[cH][n][c]3[c]([N]([CH3])[CH3])[n][cH][n][c]32)[CH]1[OH]
3299,[CH3][O][c]1[cH][cH][c]([CH2][CH]([N]=[C]([CH3])[OH])[C]([OH])=[N][CH]2[CH]([CH2][OH])[O][CH]([n]3[cH][n][c]4[c]([N]([CH3])[CH3])[n][cH][n][c]43)[CH]2[OH])[cH][cH]1
3300,[CH3][C](=[O])[CH2][CH2][CH]=[C]([CH3])[CH3]
3301,[CH3][C]([CH3])=[CH][CH2][CH2][CH]([CH3])[OH]
3302,[NH2][CH]([C](=[O])[OH])[C](=[O])[CH2][O][P](=[O])([OH])[OH]
3303,[O]=[C]1[CH2][O][CH]([CH2][OH])[CH]([OH])[CH]1[OH]
3304,[OH][CH2][CH]1[O][CH2][CH]([OH])[CH]([OH])[CH]1[OH]
3305,[CH3][c]1[cH][n]([CH]2[CH2][CH]([OH])[CH]([CH2][O][P](=[O])([OH])[O][P](=[O])([OH])[O][CH]3[O][CH]([CH3])[CH]([OH])[CH]([OH])[CH]3[OH])[O]2)[c](=[O])[n][c]1[OH]
3306,[CH3][C](=[O])[CH2][S][CH2][CH2][S](=[O])(=[O])[OH]
3307,[CH3][CH]([OH])[CH2][S][CH2][CH2][S](=[O])(=[O])[OH]
3308,[CH3][CH]([OH])[CH2][S][CH2][CH2][S](=[O])(=[O])[OH]
3309,[CH3][CH]([CH3])[CH2][CH2][CH2][CH]([CH3])[CH]1[CH2][CH2][CH]2[C]3=[CH][CH2][CH]4[CH]([CH3])[CH]([OH])[CH2][CH2][C]4([CH3])[CH]3[CH2][CH2][C]21[CH3]
3310,[NH2][c]1[n][cH][n][c]2[c]1[n][cH][n]2[CH]1[O][CH]([C](=[O])[OH])[CH]([OH])[CH]1[OH]
3311,[NH2][c]1[n][cH][n][c]2[c]1[n][cH][n]2[CH]1[O][CH]([CH]=[O])[CH]([OH])[CH]1[OH]
3312,[CH3][CH]([CH2][OH])[CH2][CH2][NH][c]1[n][cH][nH][c]2[n][cH][n][c]1-2
3313,[CH3][C]([CH3])=[CH][CH]=[O]
3314,[CH3][N]([CH3])[c]1[cH][cH][c]([N]=[N][c]2[cH][cH][cH][cH][cH]2)[cH][cH]1
3315,[CH3][N]([CH3])[c]1[cH][cH][c]([NH2])[cH][cH]1
3316,[CH3][C]([OH])=[N][CH]([CH2][S][S][CH2][CH]([N]=[C]([CH3])[OH])[C]([OH])=[N][CH]1[CH]([O][CH]2[CH]([OH])[CH]([OH])[CH]([OH])[CH]([OH])[CH]2[OH])[O][CH]([CH2][OH])[CH]([OH])[CH]1[OH])[C]([OH])=[N][CH]1[CH]([O][CH]2[CH]([OH])[CH]([OH])[CH]([OH])[CH]([OH])[CH]2[OH])[O][CH]([CH2][OH])[CH]([OH])[CH]1[OH]
3317,[CH3][CH]([CH3])[CH2][CH2][CH2][CH]([CH3])[CH2][CH2][CH2][CH]([CH3])[CH2][CH2][CH2][CH]([CH3])[CH]([OH])[C](=[O])[S][CH2][CH2][N]=[C]([OH])[CH2][CH2][N]=[C]([OH])[CH]([OH])[C]([CH3])([CH3])[CH2][O][P](=[O])([OH])[O][P](=[O])([OH])[O][CH2][CH]1[O][CH]([n]2[cH][n][c]3[c]([NH2])[n][cH][n][c]32)[CH]([OH])[CH]1[O][P](=[O])([OH])[OH]
3318,[CH2]=[CH][CH]1[CH2][N]2[CH2][CH2][CH]1[CH2][CH]2[CH]([OH])[c]1[cH][cH][n][c]2[cH][cH][c]([O][CH3])[cH][c]12
3319,[CH2]=[CH][C]1([OH])[CH2][N]2[CH2][CH2][CH]1[CH2][CH]2[CH]([OH])[c]1[cH][cH][n][c]2[cH][cH][c]([O][CH3])[cH][c]12
3320,[OH][N]=[CH][CH2][c]1[cH][cH][c]([OH])[cH][cH]1
3321,[CH3][CH]([CH3])[CH2][CH2][CH2][CH]([CH3])[CH]1[CH2][CH2][CH]2[C]3=[CH][CH2][CH]4[C]([CH3])([CH]=[O])[CH]([OH])[CH2][CH2][C]4([CH3])[CH]3[CH2][CH2][C]21[CH3]
3322,[CH3][N+]([CH3])([CH3])[CH2][CH]([OH])[OH]
3323,[CH3][CH2][CH2][CH2][CH2][C]#[C][CH2][CH]=[CH][CH2][CH2][CH2][CH2][CH2][CH2][CH2][C](=[O])[OH]
3324,[CH3][C]([CH3])([CH2][O][P](=[O])([OH])[O][P](=[O])([OH])[O][CH2][CH]1[O][CH]([n]2[cH][n][c]3[c]([NH2])[n][cH][n][c]32)[CH]([OH])[CH]1[O][P](=[O])([OH])[OH])[CH]([OH])[C]([OH])=[N][CH2][CH2][C]([OH])=[N][CH2][CH2][S][C](=[O])[c]1[cH][cH][cH][s]1
3325,[CH3][C]([CH3])([CH2][O][P](=[O])([OH])[O][P](=[O])([OH])[O][CH2][CH]1[O][CH]([n]2[cH][n][c]3[c]([NH2])[n][cH][n][c]32)[CH]([OH])[CH]1[O][P](=[O])([OH])[OH])[CH]([OH])[C]([OH])=[N][CH2][CH2][C]([OH])=[N][CH2][CH2][S][C](=[O])[c]1[cH][cH][c]([OH])[s]1
3326,[CH3][As]([OH])[OH]
3327,[CH3][As](=[O])([OH])[OH]
3328,[CH2]=[CH][CH]1[CH]([O][CH]2[O][CH]([CH2][OH])[CH]([OH])[CH]([OH])[CH]2[OH])[O][CH]=[C]([C](=[O])[O][CH3])[CH]1[CH2][CH]1[NH][CH2][CH2][c]2[cH][c]([OH])[c]([OH])[cH][c]21
3329,[CH2]=[CH][CH]1[CH]([O][CH]2[O][CH]([CH2][OH])[CH]([OH])[CH]([OH])[CH]2[OH])[O][CH]=[C]([C](=[O])[O][CH3])[CH]1[CH2][CH]1[NH][CH2][CH2][c]2[cH][c]([OH])[c]([OH])[cH][c]21
3330,[CH3][O][c]1[c]([Cl])[cH][c]([Cl])[cH][c]1[Cl]
3331,[CH3][As]([CH3])(=[O])[OH]
3332,[CH3][NH][CH]1[CH2][CH]2[O][C]([CH3])([CH]1[OH])[n]1[c]3[cH][cH][cH][cH][c]3[c]3[c]4[c]([c]5[c]6[cH][cH][cH][cH][c]6[n]2[c]5[c]31)[C]([OH])=[N][CH2]4
3333,[CH3][NH][CH]1[CH2][CH]2[O][C]([CH3])([CH]1[O][CH3])[n]1[c]3[cH][cH][cH][cH][c]3[c]3[c]4[c]([c]5[c]6[cH][cH][cH][cH][c]6[n]2[c]5[c]31)[C]([OH])=[N][CH2]4
3334,[NH2][CH]([C](=[O])[OH])[CH]([OH])[C](=[O])[OH]
3335,[CH3][CH2][CH]=[CH][CH2][CH]1[C](=[O])[CH2][CH2][CH]1[CH2][C](=[O])[OH]
3336,[CH3][CH2][CH]=[CH][CH2][CH]1[C](=[O])[CH2][CH2][CH]1[CH2][C](=[O])[O][CH3]
3337,[CH2]=[C]([CH3])[CH]([CH3])[CH2][CH2][CH]([CH3])[CH]1[CH2][CH2][C]2([CH3])[CH]3[CH2][CH2][CH]4[C]([CH3])([CH3])[CH]([OH])[CH2][CH2][C]45[CH2][C]35[CH2][CH2][C]12[CH3]
3338,[CH3][CH]1[CH2][O]1
3339,[CH3][CH]1[CH2][O]1
3340,[CH3][O][C](=[O])[CH2][C](=[CH][C](=[O])[OH])[C](=[O])[OH]
3341,[CH3][C]1=[CH][CH2][CH]2[CH2][CH]1[C]2([CH3])[CH3]
3342,[CH2]=[C]1[CH2][CH2][CH]2[CH2][CH]1[C]2([CH3])[CH3]
3343,[O]=[C]([OH])[CH]([CH2][O][P](=[O])([OH])[OH])[O][CH]1[O][CH]([CH2][OH])[CH]([OH])[CH]([OH])[CH]1[OH]
3344,[OH][CH]=[N][CH]1[CH2][CH2][CH2][CH2][CH2]1
3345,[CH]#[N+][CH]1[CH2][CH2][CH2][CH2][CH2]1
3346,[CH3][O][c]1[cH][c]([CH]([OH])[CH2][C](=[O])[S][CH2][CH2][N]=[C]([OH])[CH2][CH2][N]=[C]([OH])[CH]([OH])[C]([CH3])([CH3])[CH2][O][P](=[O])([OH])[O][P](=[O])([OH])[O][CH2][CH]2[O][CH]([n]3[cH][n][c]4[c]([NH2])[n][cH][n][c]43)[CH]([OH])[CH]2[O][P](=[O])([OH])[OH])[cH][cH][c]1[OH]
3347,[CH2]=[C]([CH2][CH2][CH]([CH3])[CH]1[CH2][CH2][CH]2[C]3=[CH][CH2][CH]4[CH]([CH3])[CH]([OH])[CH2][CH2][C]4([CH3])[CH]3[CH2][CH2][C]21[CH3])[CH]([CH3])[CH3]
3348,[CH3][CH]=[C]([CH2][CH2][CH]([CH3])[CH]1[CH2][CH2][CH]2[C]3=[CH][CH2][CH]4[CH]([CH3])[CH]([OH])[CH2][CH2][C]4([CH3])[CH]3[CH2][CH2][C]21[CH3])[CH]([CH3])[CH3]
3349,[O]=[C]([OH])[CH]([OH])[c]1[cH][cH][c]([OH])[cH][cH]1
3350,[O]=[C]1[CH]=[CH][C]([OH])=[N]1
3351,[NH]=[C]([OH])[CH]([OH])[c]1[cH][cH][cH][cH][cH]1
3352,[CH2]=[C]([CH3])[CH]1[CH2][CH2][C]2([CH3])[O][CH]2[CH2]1
3353,[CH2]=[C]([CH3])[CH]1[CH2][CH2][C]([CH3])([OH])[CH]([OH])[CH2]1
3354,[O]=[C]([OH])[CH]([CH2][S](=[O])(=[O])[OH])[O][P](=[O])([OH])[OH]
3355,[O]=[C]([OH])[CH]([OH])[CH2][S](=[O])(=[O])[OH]
3356,[OH][CH2][CH]([CH2][OH])[O][CH]1[O][CH]([CH2][OH])[CH]([OH])[CH]([OH])[CH]1[OH]
3357,[O]=[P]([OH])([OH])[O][CH]1[CH]([O][P](=[O])([OH])[OH])[CH]([O][P](=[O])([OH])[OH])[CH]([O][P](=[O])([OH])[O][P](=[O])([OH])[OH])[CH]([O][P](=[O])([OH])[OH])[CH]1[O][P](=[O])([OH])[OH]
3358,[O]=[P]([OH])([OH])[O][CH]1[CH]([OH])[CH]([OH])[CH]([O][P](=[O])([OH])[OH])[CH]([O][P](=[O])([OH])[OH])[CH]1[O][P](=[O])([OH])[OH]
3359,[CH3][C]1([CH2][C](=[O])[OH])[c]2[cH][c]3[n][c]([cH][c]4[nH][c]([cH][c]5[nH][c]([cH][c]([n]2)[CH]1[CH2][CH2][C](=[O])[OH])[c]([CH2][C](=[O])[OH])[c]5[CH2][CH2][C](=[O])[OH])[c]([CH2][CH2][C](=[O])[OH])[c]4[CH2][C](=[O])[OH])[C]([CH3])([CH2][C](=[O])[OH])[CH]3[CH2][CH2][C](=[O])[OH]
3360,[CH3][c]1[c]2[n][c]([cH][c]3[n][c]([cH][c]4[nH][c]([cH][c]5[nH][c]1[c]([CH2][C](=[O])[OH])[c]5[CH2][CH2][C](=[O])[OH])[c]([CH2][CH2][C](=[O])[OH])[c]4[CH2][C](=[O])[OH])[CH]([CH2][CH2][C](=[O])[OH])[C]3([CH3])[CH2][C](=[O])[OH])[CH]([CH2][CH2][C](=[O])[OH])[C]2([CH3])[CH2][C](=[O])[OH]
3361,[CH2]=[CH][C]1=[C]([CH3])[C](=[O])[NH][C]1=[CH][c]1[nH][c]([CH]=[C]2[N]=[C]([CH2][CH]3[N]=[C]([OH])[C]([CH]=[CH2])=[C]3[CH3])[C]([CH3])=[C]2[CH2][CH2][C](=[O])[OH])[c]([CH2][CH2][C](=[O])[OH])[c]1[CH3]
3362,[O]=[C]([OH])[CH]1[O][CH]([n]2[cH][n][c]3[c]([OH])[n][cH][n][c]32)[CH]([OH])[CH]1[OH]
3363,[CH2]=[CH][CH]1[CH]=[N+]2[CH2][CH2][c]3[c]([nH][c]4[cH][cH][cH][cH][c]34)[CH]2[CH2][CH]1[C](=[CH][OH])[C](=[O])[O][CH3]
3364,[CH3][CH]=[C]1[CH2][N]2[CH]3[CH2][CH]1[CH]([CH]=[O])[CH]2[CH2][c]1[c]3[nH][c]2[cH][cH][cH][cH][c]12
3365,[CH3][CH]=[C]1[CH2][N]2[CH]3[CH2][CH]1[C]([CH]=[O])([C](=[O])[O][CH3])[CH]2[CH2][c]1[c]3[nH][c]2[cH][cH][cH][cH][c]12
3366,[CH3][CH]=[C]1[CH2][N]2[CH]3[CH2][CH]1[CH]([CH]=[O])[CH]2[CH2][c]1[c]3[nH][c]2[cH][cH][cH][cH][c]12
3367,[CH3][CH]=[C]1[CH2][N]2[CH]3[CH2][CH]1[CH]([CH2][OH])[CH]2[CH2][c]1[c]3[nH][c]2[cH][cH][cH][cH][c]12
3368,[CH3][CH]=[C]1[CH2][N]2[CH]3[CH2][CH]1[CH]([CH2][OH])[CH]2[CH2][c]1[c]3[nH][c]2[cH][cH][c]([OH])[cH][c]12
3369,[CH3][CH]1[CH2][CH2][CH]2[C]([C](=[O])[OH])=[CH][O][CH]([O][CH]3[O][CH]([CH2][OH])[CH]([OH])[CH]([OH])[CH]3[OH])[CH]12
3370,[CH2]=[CH][CH]1[CH]([O][CH]2[O][CH]([CH2][OH])[CH]([OH])[CH]([OH])[CH]2[OH])[O][CH]=[C]([C](=[O])[OH])[CH]1[CH2][CH]=[O]
3371,[NH2][CH2][C](=[O])[CH2][O][P](=[O])([OH])[OH]
3372,[CH3][O][C](=[O])[C]1=[CH][O][CH]([CH3])[C]2=[CH][N]3[CH2][CH2][c]4[c]([nH][c]5[cH][cH][cH][cH][c]45)[CH]3[CH2][CH]12
3373,[CH3][O][C](=[O])[C]1=[CH][O][CH]([CH3])[CH]2[CH2][N]3[CH2][CH2][c]4[c]([nH][c]5[cH][cH][cH][cH][c]45)[CH]3[CH2][CH]12
3374,[CH3][O][C](=[O])[C]1=[CH][O][CH]([CH3])[CH]2[CH2][N]3[CH2][CH2][c]4[c]([nH][c]5[cH][cH][cH][cH][c]45)[CH]3[CH2][CH]12
3375,[CH3][O][C](=[O])[C]1=[CH][O][CH]([CH3])[CH]2[CH2][n]3[cH][cH][c]4[c]5[cH][cH][cH][cH][c]5[n][c]-4[c]3[CH2][CH]12
3376,[CH3][CH]=[C]1[CH2][N]2[CH2][CH2][c]3[c]([nH][c]4[cH][cH][cH][cH][c]34)[C]([CH2][OH])([C](=[O])[O][CH3])[CH]1[CH2][CH2]2
3377,[CH3][CH2][C]12[CH]=[CH][CH2][N]3[CH2][CH2][C]4([C](=[C]([C](=[O])[O][CH3])[CH2]1)[NH][c]1[cH][cH][cH][cH][c]14)[CH]32
3378,[CH3][CH2][C]1=[CH][CH]2[CH2][N]3[CH2][CH2][c]4[c]([nH][c]5[cH][cH][cH][cH][c]45)[C]([C](=[O])[O][CH3])([CH2]2)[CH]13
3379,[CH3][CH2][C]12[CH]=[CH][CH2][N]3[CH2][CH2][C]4([C](=[C]([C](=[O])[O][CH3])[CH2]1)[NH][c]1[cH][c]([OH])[cH][cH][c]14)[CH]32
3380,[CH3][CH2][C]12[CH]=[CH][CH2][N]3[CH2][CH2][C]4([C](=[C]([C](=[O])[O][CH3])[CH2]1)[NH][c]1[cH][c]([O][CH3])[cH][cH][c]14)[CH]32
3381,[CH3][CH2][C]1=[CH][CH]2[CH2][N]([CH2][CH2][c]3[c]([nH][c]4[cH][cH][cH][cH][c]34)[C]([C](=[O])[O][CH3])([c]3[cH][c]4[c]([cH][c]3[O][CH3])[N]([CH3])[CH]3[C]([OH])([C](=[O])[O][CH3])[CH]([O][C]([CH3])=[O])[C]5([CH2][CH3])[CH]=[CH][CH2][N]6[CH2][CH2][C]43[CH]65)[CH2]2)[CH2]1
3382,[CH3][CH2][C]1([OH])[CH2][CH]2[CH2][N]([CH2][CH2][c]3[c]([nH][c]4[cH][cH][cH][cH][c]34)[C]([C](=[O])[O][CH3])([c]3[cH][c]4[c]([cH][c]3[O][CH3])[N]([CH3])[CH]3[C]([OH])([C](=[O])[O][CH3])[CH]([O][C]([CH3])=[O])[C]5([CH2][CH3])[CH]=[CH][CH2][N]6[CH2][CH2][C]43[CH]65)[CH2]2)[CH2]1
3383,[CH3][CH2][C]12[CH2][C]([C](=[O])[O][CH3])=[C]3[NH][c]4[cH][cH][cH][cH][c]4[C]34[CH2][CH2][N]([CH2][CH]3[O][CH]31)[CH]42
3384,[CH3][O][C](=[O])[C]1=[C]2[NH][c]3[cH][cH][cH][cH][c]3[C]23[CH2][CH2][N]2[CH2][CH2][CH2][C]([CH]([CH3])[OH])([CH2]1)[CH]23
3385,[CH3][O][C](=[O])[C]1=[C]2[NH][c]3[cH][cH][cH][cH][c]3[C]23[CH2][CH2][N]2[CH2][CH2][CH2][C]([CH]([CH3])[O][C]([CH3])=[O])([CH2]1)[CH]23
3386,[CH3][O][C](=[O])[C]1=[CH][O][CH]([CH3])[C]2=[CH][N]3[CH2][CH2][c]4[c]([nH][c]5[cH][cH][cH][cH][c]45)[CH]3[CH2][CH]12
3387,[CH3][O][C](=[O])[C]1=[CH][O][CH]([CH3])[CH]2[CH2][N]3[CH2][CH2][c]4[c]([nH][c]5[cH][cH][cH][cH][c]45)[CH]3[CH2][CH]12
3388,[CH3][CH]=[C]1[CH2][N]2[CH]3[CH2][CH]1[CH]1[CH]2[CH2][C]2([C]3=[N][c]3[cH][cH][cH][cH][c]32)[CH]1[O][C]([CH3])=[O]
3389,[CH3][CH]=[C]1[CH]2[CH2][CH]3[CH]4[NH][c]5[cH][cH][cH][cH][c]5[C]45[CH2][CH]([CH]2[CH]5[O][C]([CH3])=[O])[N]3[CH]1[OH]
3390,[CH3][CH2][CH]1[CH]2[CH2][CH]3[CH]4[NH][c]5[cH][cH][cH][cH][c]5[C]45[CH2][CH]([CH]2[CH]5[O][C]([CH3])=[O])[N]3[CH]1[OH]
3391,[CH3][CH2][CH]1[CH]2[CH2][CH]3[CH]4[NH][c]5[cH][cH][cH][cH][c]5[C]45[CH2][CH]([CH]2[CH]5[OH])[N]3[CH]1[OH]
3392,[CH3][CH2][CH]1[CH]2[CH2][CH]3[CH]4[N]([CH3])[c]5[cH][cH][cH][cH][c]5[C]45[CH2][CH]([CH]2[CH]5[OH])[N]3[CH]1[OH]
3393,[CH3][CH2][CH]1[CH2][N]2[CH2][CH2][c]3[cH][c]([O][CH3])[c]([O][CH3])[cH][c]3[CH]2[CH2][CH]1[CH2][CH]=[O]
3394,[CH3][CH2][CH]1[CH2][N]2[CH2][CH2][c]3[cH][c]([O][CH3])[c]([O][CH3])[cH][c]3[CH]2[CH2][CH]1[CH2][CH]1[NH][CH2][CH2][c]2[c]1[nH][c]1[cH][cH][cH][cH][c]21
3395,[CH3][CH2][CH]1[CH2][N]2[CH2][CH2][c]3[c]([cH][c]([O][CH3])[c]([O][CH3])[c]3[OH])[CH]2[CH2][CH]1[CH2][CH2][OH]
3396,[CH3][C]1=[CH][CH2][CH]2[C]([C](=[O])[OH])=[CH][O][CH]([O][CH]3[O][CH]([CH2][OH])[CH]([OH])[CH]([OH])[CH]3[OH])[CH]12
3397,[CH3][C]([CH3])=[CH][CH2][CH2][C]([CH3])=[CH][CH2][CH2][C]([CH3])=[CH][CH2][CH2][C]([CH3])=[CH][CH2][CH2][C]([CH3])=[CH][CH2][CH2][C]([CH3])=[CH][CH2][CH2][C]([CH3])=[CH][CH2][CH2][C]([CH3])=[CH][CH2][CH2][C]([CH3])=[CH][CH2][CH2][C]([CH3])=[CH][CH2][CH2][C]([CH3])=[CH][CH2][O][P](=[O])([OH])[O][P](=[O])([OH])[O][CH]1[O][CH]([CH2][OH])[CH]([O][CH]2[O][CH]([CH2][OH])[CH]([OH])[CH]([OH])[CH]2[OH])[CH]([OH])[CH]1[N]=[C]([CH3])[OH]
3398,[OH][CH2][CH]1[O][CH]([O][c]2[cH][nH][c]3[cH][cH][cH][cH][c]23)[CH]([OH])[CH]([OH])[CH]1[OH]
3399,[NH]=[C]([OH])[NH][CH]1[N]=[C]([OH])[N]=[C]1[OH]
3400,[CH2]=[C]([CH3])[CH]1[CH2][CH]=[C]([CH3])[C](=[O])[CH2]1
3401,[CH3][NH2]
3402,[CH3][C](=[O])[CH]1[CH2][CH2][CH]2[CH]3[CH2][CH2][CH]4[CH2][CH]([OH])[CH2][CH2][C]4([CH3])[CH]3[CH2][CH2][C]12[CH3]
3403,[CH3][CH2][C]1=[C]([CH3])[CH]([CH2][C]2=[N][C](=[CH][c]3[nH][c]([CH2][CH]4[N]=[C]([OH])[C]([CH3])=[C]4[CH2][CH3])[c]([CH3])[c]3[CH2][CH2][C](=[O])[OH])[C]([CH2][CH2][C](=[O])[OH])=[C]2[CH3])[N]=[C]1[OH]
3404,[CH3][CH2][C]1=[C]([CH3])[CH]([CH2][c]2[nH][c]([CH2][c]3[nH][c]([CH2][CH]4[N]=[C]([OH])[C]([CH3])=[C]4[CH2][CH3])[c]([CH3])[c]3[CH2][CH2][C](=[O])[OH])[c]([CH2][CH2][C](=[O])[OH])[c]2[CH3])[N]=[C]1[OH]
3405,[CH3][CH2][CH]1[C]([OH])=[N][CH]([CH2][C]2=[N][C](=[CH][c]3[nH][c]([CH2][CH]4[N]=[C]([OH])[CH]([CH3])[CH]4[CH2][CH3])[c]([CH3])[c]3[CH2][CH2][C](=[O])[OH])[C]([CH2][CH2][C](=[O])[OH])=[C]2[CH3])[CH]1[CH3]
3406,[CH3][CH2][CH]1[C]([OH])=[N][CH]([CH2][c]2[nH][c]([CH2][c]3[nH][c]([CH2][CH]4[N]=[C]([OH])[CH]([CH3])[CH]4[CH2][CH3])[c]([CH3])[c]3[CH2][CH2][C](=[O])[OH])[c]([CH2][CH2][C](=[O])[OH])[c]2[CH3])[CH]1[CH3]
3407,[CH2]=[CH][C]1=[C]([CH3])[c]2[cH][c]3[n][c]([c]4[c]([C](=[O])[O][CH3])[c]([OH])[c]5[c]([CH3])[c]([cH][c]6[nH][c]([cH][c]1[n]2)[c]([CH3])[c]6[CH]=[CH2])[nH][c]45)[CH]([CH2][CH2][C](=[O])[O][CH2][CH]=[C]([CH3])[CH2][CH2][CH2][CH]([CH3])[CH2][CH2][CH2][CH]([CH3])[CH2][CH2][CH2][CH]([CH3])[CH3])[CH]3[CH3]
3408,[CH2]=[C]1[CH2][C]23[CH2][CH2][CH]4[C]([CH3])([CH2][OH])[CH2][CH2][CH2][C]4([CH3])[CH]2[CH2][CH2][CH]1[CH2]3
3409,[CH2]=[C]1[CH2][C]23[CH2][CH2][CH]4[C]([CH3])([CH]=[O])[CH2][CH2][CH2][C]4([CH3])[CH]2[CH2][CH2][CH]1[CH2]3
3410,[CH2]=[C]1[CH2][C]23[CH2][CH2][CH]4[C]([CH3])([C](=[O])[OH])[CH2][CH2][CH2][C]4([CH3])[CH]2[CH2][CH2][CH]1[CH2]3
3411,[CH2]=[C]1[CH2][C]23[CH2][CH]1[CH2][CH2][CH]2[C]1([CH3])[CH2][CH2][CH2][C]([CH3])([C](=[O])[OH])[CH]1[CH2][CH]3[OH]
3412,[CH2]=[C]1[CH2][C]23[CH2][CH]1[CH2][CH2][CH]2[C]1([CH3])[CH2][CH2][CH2][C]([CH3])([C](=[O])[OH])[CH]1[CH]3[CH]=[O]
3413,[CH2]=[C]1[CH2][C]23[CH2][CH]1[CH2][CH2][CH]2[C]1([CH3])[CH2][CH2][CH2][C]([CH3])([C](=[O])[OH])[CH]1[CH]([OH])[CH]3[OH]
3414,[CH2]=[C]1[CH2][C]23[CH2][CH]1[CH2][CH2][CH]2[C]1([CH3])[CH2][CH2][CH2][C]([CH3])([C](=[O])[OH])[CH]1[CH]3[C](=[O])[OH]
3415,[CH2]=[C]1[CH2][CH2][CH]2[C]([CH3])([CH3])[CH2][CH2][CH2][C]2([CH3])[CH]1[CH2][CH2][C]([CH3])=[CH][CH2][O][P](=[O])([OH])[O][P](=[O])([OH])[OH]
3416,[CH2]=[CH][C]1([CH3])[CH]=[C]2[CH2][CH2][CH]3[C]([CH3])([CH3])[CH2][CH2][CH2][C]3([CH3])[CH]2[CH2][CH2]1
3417,[CH3][CH]([CH3])[C]1=[CH][C]2=[CH][CH2][CH]3[C]([CH3])([CH3])[CH2][CH2][CH2][C]3([CH3])[CH]2[CH2][CH2]1
3418,[CH3][CH]([CH3])[C]1=[CH][CH2][CH]2[C](=[CH]1)[CH2][CH2][CH]1[C]([CH3])([CH3])[CH2][CH2][CH2][C]21[CH3]
3419,[CH3][C]([CH3])=[C]1[CH]=[C]2[CH2][CH2][CH]3[C]([CH3])([CH3])[CH2][CH2][CH2][C]3([CH3])[CH]2[CH2][CH2]1
3420,[CH3][CH]([CH3])[C]1=[CH][C]2=[C]([CH2][CH2]1)[C]1([CH3])[CH2][CH2][CH2][C]([CH3])([CH3])[CH]1[CH2][CH2]2
3421,[CH3][C]1=[CH][CH2][CH2][C]2([CH3])[CH2][CH2][C]3=[C]([CH3])[CH2][CH2][CH]([CH2][CH]12)[C]3([CH3])[CH3]
3422,[CH2]=[C]1[CH]([OH])[CH2][CH2][C]2([CH3])[CH2][CH2][C]3=[C]([CH3])[CH2][CH2][CH]([CH2][CH]12)[C]3([CH3])[CH3]
3423,[CH2]=[C]1[CH]([O][C]([CH3])=[O])[CH2][CH2][C]2([CH3])[CH2][CH2][C]3=[C]([CH3])[CH2][CH2][CH]([CH2][CH]12)[C]3([CH3])[CH3]
3424,[CH2]=[C]1[CH]([OH])[CH2][CH2][C]2([CH3])[CH2][CH2][C]3=[C]([CH3])[CH]([OH])[CH2][CH]([CH2][CH]12)[C]3([CH3])[CH3]
3425,[CH2]=[C]1[CH]([O][C]([CH3])=[O])[CH2][CH2][C]2([CH3])[CH2][CH]([OH])[C]3=[C]([CH3])[CH2][CH2][CH]([CH2][CH]12)[C]3([CH3])[CH3]
3426,[CH3][C](=[O])[O][C]12[CH2][O][CH]1[CH2][CH]([OH])[C]1([CH3])[C](=[O])[CH]([OH])[C]3=[C]([CH3])[CH]([OH])[CH2][C]([OH])([CH]([O][C](=[O])[c]4[cH][cH][cH][cH][cH]4)[CH]21)[C]3([CH3])[CH3]
3427,[CH3][C](=[O])[O][C]12[CH2][O][CH]1[CH2][CH]([OH])[C]1([CH3])[C](=[O])[CH]([OH])[C]3=[C]([CH3])[CH]([OH])[CH2][C]([OH])([CH]([OH])[CH]21)[C]3([CH3])[CH3]
3428,[CH3][C](=[O])[O][CH]1[C](=[O])[C]2([CH3])[CH]([OH])[CH2][CH]3[O][CH2][C]3([O][C]([CH3])=[O])[CH]2[CH]([O][C](=[O])[c]2[cH][cH][cH][cH][cH]2)[C]2([OH])[CH2][CH]([OH])[C]([CH3])=[C]1[C]2([CH3])[CH3]
3429,[CH2]=[C]1[CH2][CH2][CH]2[C]([CH3])([CH3])[CH2][CH2][CH2][C]2([CH3])[CH]1[CH2][CH2][C]([CH3])=[CH][CH2][O][P](=[O])([OH])[O][P](=[O])([OH])[OH]
3430,[CH2]=[C]1[CH2][C]23[CH2][CH]1[CH2][CH2][CH]2[C]1([CH2][OH])[CH2][CH2][CH2][C]([CH3])([C](=[O])[OH])[CH]1[CH]3[C](=[O])[OH]
3431,[CH2]=[C]1[CH2][C]23[CH2][CH]1[CH2][CH2][CH]2[C]1([CH]=[O])[CH2][CH2][CH2][C]([CH3])([C](=[O])[OH])[CH]1[CH]3[C](=[O])[OH]
3432,[CH2]=[C]1[CH2][C]23[CH2][CH]1[CH2][CH2][CH]2[C]1([CH]=[O])[CH2][CH2][CH]([OH])[C]([CH3])([C](=[O])[OH])[CH]1[CH]3[C](=[O])[OH]
3433,[CH2]=[C]1[CH2][C]23[CH2][CH]1[CH2][CH2][CH]2[C]1([CH2][OH])[CH2][CH2][CH]([OH])[C]([CH3])([C](=[O])[OH])[CH]1[CH]3[C](=[O])[OH]
3434,[CH2]=[C]1[CH2][C]23[CH2][CH]1[CH2][CH2][CH]2[C]12[CH2][CH2][CH]([OH])[C]([CH3])([C](=[O])[O]1)[CH]2[CH]3[C](=[O])[OH]
3435,[CH2]=[C]1[CH2][C]23[CH2][CH]1[CH2][CH2][CH]2[C]12[CH2][CH2][CH2][C]([CH3])([C](=[O])[O]1)[CH]2[CH]3[C](=[O])[OH]
3436,[CH2]=[C]1[CH2][C]23[CH2][CH]1[CH2][CH2][CH]2[C]12[CH2][CH]([OH])[CH2][C]([CH3])([C](=[O])[O]1)[CH]2[CH]3[C](=[O])[OH]
3437,[CH2]=[C]1[CH2][C]23[CH2][CH]1[CH2][CH2][CH]2[C]12[CH2][CH]([OH])[CH]([OH])[C]([CH3])([C](=[O])[O]1)[CH]2[CH]3[C](=[O])[OH]
3438,[CH2]=[C]1[CH2][C]23[CH2][CH]1[CH2][CH2][CH]2[C]1=[CH][C](=[O])[CH]([OH])[C]([CH3])([C](=[O])[OH])[CH]1[CH]3[C](=[O])[OH]
3439,[CH2]=[C]1[CH2][C]23[CH2][CH]1[CH2][CH2][CH]2[C]1=[CH][C](=[O])[CH2][C]([CH3])([C](=[O])[OH])[CH]1[CH]3[C](=[O])[OH]
3440,[CH2]=[C]1[CH2][C]23[CH2][C]1([OH])[CH2][CH2][CH]2[C]1=[CH][C](=[O])[CH2][C]([CH3])([C](=[O])[OH])[CH]1[CH]3[C](=[O])[OH]
3441,[CH2]=[C]1[CH2][C]23[CH2][C]1([OH])[CH2][CH2][CH]2[C]1=[CH][C](=[O])[CH]([OH])[C]([CH3])([C](=[O])[OH])[CH]1[CH]3[C](=[O])[OH]
3442,[CH2]=[C]1[CH2][C]23[CH2][C]1([OH])[CH2][CH2][CH]2[C]12[CH2][CH]=[CH][C]([CH3])([C](=[O])[O]1)[CH]2[CH]3[C](=[O])[OH]
3443,[CH2]=[C]1[CH2][C]23[CH2][CH]1[CH2][CH2][CH]2[C]12[CH2][CH]=[CH][C]([CH3])([C](=[O])[O]1)[CH]2[CH]3[C](=[O])[OH]
3444,[CH3][CH]([CH3])[C]1=[CH][C]2=[CH][CH2][CH]3[C]([CH3])([CH2][OH])[CH2][CH2][CH2][C]3([CH3])[CH]2[CH2][CH2]1
3445,[CH3][CH]([CH3])[C]1=[CH][CH2][CH]2[C](=[CH]1)[CH2][CH2][CH]1[C]([CH3])([CH2][OH])[CH2][CH2][CH2][C]21[CH3]
3446,[CH3][C]([CH3])=[C]1[CH]=[C]2[CH2][CH2][CH]3[C]([CH3])([CH2][OH])[CH2][CH2][CH2][C]3([CH3])[CH]2[CH2][CH2]1
3447,[CH3][CH]([CH3])[C]1=[CH][C]2=[CH][CH2][CH]3[C]([CH3])([CH]=[O])[CH2][CH2][CH2][C]3([CH3])[CH]2[CH2][CH2]1
3448,[CH3][CH]([CH3])[C]1=[CH][CH2][CH]2[C](=[CH]1)[CH2][CH2][CH]1[C]([CH3])([CH]=[O])[CH2][CH2][CH2][C]21[CH3]
3449,[CH3][C]([CH3])=[C]1[CH]=[C]2[CH2][CH2][CH]3[C]([CH3])([CH]=[O])[CH2][CH2][CH2][C]3([CH3])[CH]2[CH2][CH2]1
3450,[CH3][CH]([CH3])[C]1=[CH][C]2=[CH][CH2][CH]3[C]([CH3])([C](=[O])[OH])[CH2][CH2][CH2][C]3([CH3])[CH]2[CH2][CH2]1
3451,[CH2]=[C]([CH3])[CH]1[CH2][CH]=[C]([C](=[O])[OH])[CH2][CH2]1
3452,[CH2]=[C]([CH3])[CH]1[CH2][CH]=[C]([CH]=[O])[CH2][CH2]1
3453,[CH2]=[C]([CH3])[CH]1[CH2][CH]=[C]([C](=[O])[S][CH2][CH2][N]=[C]([OH])[CH2][CH2][N]=[C]([OH])[CH]([OH])[C]([CH3])([CH3])[CH2][O][P](=[O])([OH])[O][P](=[O])([OH])[O][CH2][CH]2[O][CH]([n]3[cH][n][c]4[c]([NH2])[n][cH][n][c]43)[CH]([OH])[CH]2[O][P](=[O])([OH])[OH])[CH2][CH2]1
3454,[CH2]=[C]([CH3])[CH]1[CH2][CH2][CH]([C](=[O])[S][CH2][CH2][N]=[C]([OH])[CH2][CH2][N]=[C]([OH])[CH]([OH])[C]([CH3])([CH3])[CH2][O][P](=[O])([OH])[O][P](=[O])([OH])[O][CH2][CH]2[O][CH]([n]3[cH][n][c]4[c]([NH2])[n][cH][n][c]43)[CH]([OH])[CH]2[O][P](=[O])([OH])[OH])[CH]([OH])[CH2]1
3455,[CH2]=[C]([CH3])[CH]1[CH2][CH2][CH]([C](=[O])[S][CH2][CH2][N]=[C]([OH])[CH2][CH2][N]=[C]([OH])[CH]([OH])[C]([CH3])([CH3])[CH2][O][P](=[O])([OH])[O][P](=[O])([OH])[O][CH2][CH]2[O][CH]([n]3[cH][n][c]4[c]([NH2])[n][cH][n][c]43)[CH]([OH])[CH]2[O][P](=[O])([OH])[OH])[C](=[O])[CH2]1
3456,[CH2]=[C]([CH3])[CH]([CH2][CH2][CH2][C](=[O])[S][CH2][CH2][N]=[C]([OH])[CH2][CH2][N]=[C]([OH])[CH]([OH])[C]([CH3])([CH3])[CH2][O][P](=[O])([OH])[O][P](=[O])([OH])[O][CH2][CH]1[O][CH]([n]2[cH][n][c]3[c]([NH2])[n][cH][n][c]32)[CH]([OH])[CH]1[O][P](=[O])([OH])[OH])[CH2][C](=[O])[OH]
3457,[CH2]=[C]([CH3])[CH]1[CH2][CH2][CH]([CH3])[C](=[O])[CH2]1
3458,[CH2]=[C]([CH3])[CH]1[CH2][CH2][CH]([CH3])[C](=[O])[CH2]1
3459,[CH2]=[C]([CH3])[CH]1[CH2][CH]=[C]([CH3])[C](=[O])[CH2]1
3460,[CH2]=[C]([CH3])[CH]1[CH2][CH]=[C]([CH3])[CH]([OH])[CH2]1
3461,[CH2]=[C]([CH3])[CH]1[CH2][CH]=[C]([CH3])[CH]([OH])[CH2]1
3462,[CH2]=[C]([CH3])[CH]1[CH2][CH2][CH]([CH3])[CH]([OH])[CH2]1
3463,[CH2]=[C]([CH3])[CH]1[CH2][CH2][CH]([CH3])[CH]([OH])[CH2]1
3464,[CH2]=[C]([CH3])[CH]1[CH2][CH2][CH]([CH3])[CH]([OH])[CH2]1
3465,[CH2]=[C]([CH3])[CH]1[CH2][CH2][CH]([CH3])[CH]([OH])[CH2]1
3466,[CH2]=[C]([CH3])[CH]1[CH2][CH2][CH]([CH3])[C](=[O])[CH2]1
3467,[CH2]=[C]([CH3])[CH]1[CH2][CH2][CH]([CH3])[CH]([OH])[CH2]1
3468,[CH2]=[C]([CH3])[CH]1[CH2][CH2][CH]([CH3])[C](=[O])[CH2]1
3469,[CH2]=[C]([CH3])[CH]1[CH2][CH2][CH]([CH3])[CH]([OH])[CH2]1
3470,[CH2]=[C]([CH3])[CH]1[CH2][CH2][CH]([CH3])[CH]([OH])[CH2]1
3471,[CH2]=[C]([CH3])[CH]1[CH2][CH2][CH]([CH3])[CH]([OH])[CH2]1
3472,[CH2]=[C]([CH3])[CH]1[CH2][CH2][CH]([CH3])[O][C](=[O])[CH2]1
3473,[CH2]=[C]([CH3])[CH]1[CH2][CH2][CH]([CH3])[O][C](=[O])[CH2]1
3474,[CH2]=[C]([CH3])[CH]1[CH2][CH2][CH]([CH3])[C](=[O])[O][CH2]1
3475,[CH2]=[C]([CH3])[CH]1[CH2][CH2][CH]([CH3])[C](=[O])[O][CH2]1
3476,[CH2]=[C]([CH3])[CH]([CH2][CH2][CH]([CH3])[OH])[CH2][C](=[O])[OH]
3477,[CH2]=[C]([CH3])[CH]([CH2][OH])[CH2][CH2][CH]([CH3])[C](=[O])[OH]
3478,[CH2]=[C]([CH3])[CH]([CH2][CH2][CH]([CH3])[OH])[CH2][C](=[O])[OH]
3479,[CH2]=[C]([CH3])[CH]([CH2][OH])[CH2][CH2][CH]([CH3])[C](=[O])[OH]
3480,[CH2]=[C]([CH3])[CH]([CH2][CH2][C]([CH3])=[O])[CH2][C](=[O])[OH]
3481,[CH2]=[C]([CH3])[CH]([CH2][CH2][C]([CH3])=[O])[CH2][C](=[O])[OH]
3482,[CH2]=[C]([CH3])[CH]([CH2][CH2][C]([CH3])=[O])[CH2][C](=[O])[S][CH2][CH2][N]=[C]([OH])[CH2][CH2][N]=[C]([OH])[CH]([OH])[C]([CH3])([CH3])[CH2][O][P](=[O])([OH])[O][P](=[O])([OH])[O][CH2][CH]1[O][CH]([n]2[cH][n][c]3[c]([NH2])[n][cH][n][c]32)[CH]([OH])[CH]1[O][P](=[O])([OH])[OH]
3483,[CH2]=[C]([CH3])[CH]1[CH2][CH2][C]([CH3])([OH])[C](=[O])[CH2]1
3484,[CH2]=[C]([CH3])[CH]1[CH2][CH2][C]([CH3])([OH])[O][C](=[O])[CH2]1
3485,[CH3][C]1([CH3])[CH]2[CH2][CH]=[C]([CH]=[O])[CH]1[CH2]2
3486,[CH3][C]1([CH3])[CH]2[CH2][CH]=[C]([CH2][OH])[CH]1[CH2]2
3487,[CH3][C]1([CH3])[CH]2[CH2][CH]=[C]([C](=[O])[OH])[CH]1[CH2]2
3488,[CH2]=[C]1[C](=[O])[CH2][CH]2[CH2][CH]1[C]2([CH3])[CH3]
3489,[CH2]=[C]1[CH]([OH])[CH2][CH]2[CH2][CH]1[C]2([CH3])[CH3]
3490,[CH2]=[C]([CH2][CH]=[C]([CH3])[C](=[O])[OH])[CH]([CH3])[CH3]
3491,[CH2]=[C]([CH2][CH]=[C]([CH3])[CH]=[O])[CH]([CH3])[CH3]
3492,[CH2]=[C]([CH2][CH]=[C]([CH3])[C](=[O])[OH])[CH]([CH3])[CH3]
3493,[CH2]=[C]([CH2][CH]=[C]([CH3])[C](=[O])[S][CH2][CH2][N]=[C]([OH])[CH2][CH2][N]=[C]([OH])[CH]([OH])[C]([CH3])([CH3])[CH2][O][P](=[O])([OH])[O][P](=[O])([OH])[O][CH2][CH]1[O][CH]([n]2[cH][n][c]3[c]([NH2])[n][cH][n][c]32)[CH]([OH])[CH]1[O][P](=[O])([OH])[OH])[CH]([CH3])[CH3]
3494,[CH2]=[C]([CH2][CH]=[C]([CH3])[C](=[O])[S][CH2][CH2][N]=[C]([OH])[CH2][CH2][N]=[C]([OH])[CH]([OH])[C]([CH3])([CH3])[CH2][O][P](=[O])([OH])[O][P](=[O])([OH])[O][CH2][CH]1[O][CH]([n]2[cH][n][c]3[c]([NH2])[n][cH][n][c]32)[CH]([OH])[CH]1[O][P](=[O])([OH])[OH])[CH]([CH3])[CH3]
3495,[CH2]=[C]([CH2][CH]([OH])[CH]([CH3])[C](=[O])[S][CH2][CH2][N]=[C]([OH])[CH2][CH2][N]=[C]([OH])[CH]([OH])[C]([CH3])([CH3])[CH2][O][P](=[O])([OH])[O][P](=[O])([OH])[O][CH2][CH]1[O][CH]([n]2[cH][n][c]3[c]([NH2])[n][cH][n][c]32)[CH]([OH])[CH]1[O][P](=[O])([OH])[OH])[CH]([CH3])[CH3]
3496,[CH2]=[C]([CH2][C](=[O])[CH]([CH3])[C](=[O])[S][CH2][CH2][N]=[C]([OH])[CH2][CH2][N]=[C]([OH])[CH]([OH])[C]([CH3])([CH3])[CH2][O][P](=[O])([OH])[O][P](=[O])([OH])[O][CH2][CH]1[O][CH]([n]2[cH][n][c]3[c]([NH2])[n][cH][n][c]32)[CH]([OH])[CH]1[O][P](=[O])([OH])[OH])[CH]([CH3])[CH3]
3497,[CH2]=[C]([CH2][C](=[O])[S][CH2][CH2][N]=[C]([OH])[CH2][CH2][N]=[C]([OH])[CH]([OH])[C]([CH3])([CH3])[CH2][O][P](=[O])([OH])[O][P](=[O])([OH])[O][CH2][CH]1[O][CH]([n]2[cH][n][c]3[c]([NH2])[n][cH][n][c]32)[CH]([OH])[CH]1[O][P](=[O])([OH])[OH])[CH]([CH3])[CH3]
3498,[CH2]=[C]([CH2][C](=[O])[OH])[CH]([CH3])[CH3]
3499,[CH2]=[C]([CH3])[CH]1[CH2][CH2][CH]([CH3])[CH2][C]1=[O]