﻿substrate_ID,original_compound
7000,[CH3][S][CH2][CH2][CH2][CH2][CH2][CH]([NH][OH])[C](=[O])[OH]
7001,[CH3][S][CH2][CH2][CH2][CH2][CH2][CH]([C](=[O])[OH])[N]([OH])[OH]
7002,[CH3][S][CH2][CH2][CH2][CH2][CH2][CH2][CH]([NH][OH])[C](=[O])[OH]
7003,[CH3][S][CH2][CH2][CH2][CH2][CH2][CH2][CH]([C](=[O])[OH])[N]([OH])[OH]
7004,[CH3][CH]([OH])[CH]([OH])[CH]1[CH2][NH][c]2[nH][c](=[NH])[n][c]([OH])[c]2[NH]1
7005,[CH3][C]12[CH2][C](=[O])[CH]([CH2][C]1=[O])[C]2([CH3])[CH3]
7006,[CH3][C]12[CH2][CH]([OH])[CH]([CH2][C]1=[O])[C]2([CH3])[CH3]
7007,[CH3][CH]1[C](=[O])[CH2][C]2([CH]([CH3])[CH3])[CH2][CH]12
7008,[CH3][CH]1[CH]([OH])[CH2][C]2([CH]([CH3])[CH3])[CH2][CH]12
7009,[CH]1=[CH][CH2][NH][CH]=[CH]1
7010,[CH3][N]1[CH2][CH2][CH2][CH]1[CH]1[CH]=[CH][CH2][N]=[CH]1
7011,[OH][c]1[cH][c](-[c]2[cH][c]([OH])[c]([OH])[n][c]2[OH])[c]([OH])[n][c]1[OH]
7012,[O]=[C]1[N]=[C]([OH])[C](=[C]2[CH]=[C]([OH])[C](=[O])[N]=[C]2[OH])[CH]=[C]1[OH]
7013,[NH]=[C]([NH2])[NH][CH2][CH2][CH2][CH2][CH]([NH2])[C](=[O])[OH]
7014,[NH2][CH2][CH2][CH2][CH]([NH2])[C]([OH])=[N][CH2][CH2][CH2][CH2][CH]([NH2])[C](=[O])[OH]
7015,[OH][CH]([OH])[c]1[cH][cH][cH][o]1
7016,[OH][c]1[cH][cH][c]([CH]2[CH2][O][c]3[cH][c]([OH])[cH][cH][c]3[CH]2[OH])[cH][cH]1
7017,[OH][c]1[cH][cH][c]([CH]2[CH2][O][c]3[cH][c]([OH])[cH][cH][c]3[CH2]2)[cH][cH]1
7018,[NH]=[c]1[cH][cH][n]([CH]2[O][CH]([CH2][O][P](=[O])([OH])[O][P](=[O])([OH])[O][CH2][CH]([OH])[CH]([OH])[C](=[O])[CH2][OH])[CH]([OH])[CH]2[OH])[c]([OH])[n]1
7019,[NH]=[c]1[cH][cH][n]([CH]2[O][CH]([CH2][O][P](=[O])([OH])[O][P](=[O])([OH])[O][CH2][CH]([OH])[CH]([OH])[CH]([OH])[CH2][OH])[CH]([OH])[CH]2[OH])[c]([OH])[n]1
7020,[NH2][c]1[cH][cH][c]([C](=[O])[OH])[cH][c]1[OH]
7021,[NH2][C](=[CH][CH]=[C]([CH]=[O])[C](=[O])[OH])[C](=[O])[OH]
7022,[CH3][C]1([CH3])[O][C]2([CH3])[CH2][CH2][CH]1[CH2][CH]2[OH]
7023,[O]=[C]([OH])[c]1[cH][cH][c]([C](=[O])[OH])[n][cH]1
7024,[OH][c]1[cH][cH][cH][cH][c]1-[c]1[cH][cH][cH][cH][c]1[OH]
7025,[CH3][CH2][CH2][c]1[cH][cH][cH][cH][c]1[OH]
7026,[CH3][CH2][CH2][c]1[cH][cH][cH][c]([OH])[c]1[OH]
7027,[CH3][CH]([CH3])[c]1[cH][cH][cH][cH][c]1[OH]
7028,[CH3][CH]([CH3])[c]1[cH][cH][cH][c]([OH])[c]1[OH]
7029,[NH2][CH]1[CH2][CH]([NH2])[CH]([O][CH]2[O][CH]([CH2][OH])[CH]([OH])[CH]([OH])[CH]2[OH])[CH]([OH])[CH]1[O][CH]1[O][CH]([CH2][OH])[CH]([OH])[CH]([OH])[CH]1[NH2]
7030,[OH][c]1[cH][cH][cH][c](-[c]2[cH][cH][cH][c]([OH])[c]2[OH])[c]1[OH]
7031,[CH3][CH]([CH3])[CH2][CH2][CH2][CH]([CH3])[CH]1[CH2][CH2][CH]2[CH]3[C](=[O])[CH]=[C]4[CH2][CH]([OH])[CH2][CH2][C]4([CH3])[CH]3[CH2][CH2][C]12[CH3]
7032,[CH3][NH][CH]1[CH]([OH])[CH]([O][CH]2[CH]([NH2])[CH2][CH]([NH2])[CH]([O][CH]3[O][CH]([CH2][OH])[CH]([OH])[CH]([OH])[CH]3[NH2])[CH]2[OH])[O][CH2][C]1([CH3])[OH]
7033,[CH3][NH][CH]1[CH]([OH])[CH]([O][CH]2[CH]([NH2])[CH2][CH]([NH2])[CH]([O][CH]3[O][CH]([CH]([CH3])[OH])[CH]([OH])[CH]([OH])[CH]3[NH2])[CH]2[OH])[O][CH2][C]1([CH3])[OH]
7034,[CH3][NH][CH]1[CH]([OH])[CH]([O][CH]2[CH]([NH2])[CH2][CH]([NH2])[CH]([O][CH]3[O][CH]([CH2][NH2])[CH]([OH])[CH]([O][P](=[O])([OH])[OH])[CH]3[NH2])[CH]2[OH])[O][CH2][C]1([CH3])[OH]
7035,[CH3][NH][CH]1[CH]([OH])[CH]([O][CH]2[CH]([NH2])[CH2][CH]([NH2])[CH]([O][CH]3[O][CH]([CH]([CH3])[NH2])[CH2][CH2][CH]3[NH2])[CH]2[OH])[O][CH2][C]1([CH3])[OH]
7036,[CH3][NH][CH]([CH3])[CH]1[CH2][CH2][CH]([NH2])[CH]([O][CH]2[CH]([NH2])[CH2][CH]([NH2])[CH]([O][CH]3[O][CH2][C]([CH3])([OH])[CH]([NH][CH3])[CH]3[OH])[CH]2[OH])[O]1
7037,[CH2]=[CH][CH2][CH2][CH2][CH2][CH2][CH2][CH2][CH2][CH2][CH2][CH2][CH2][CH2][CH2][CH2][CH2][CH3]
7038,[CH2]=[CH][CH2][CH2][CH2][CH2][CH2][CH2][CH2][CH2][CH2][CH2][CH2][CH2][CH2][CH2][CH3]
7039,[CH3][CH2][CH]=[CH][CH2][CH]=[CH][CH2][CH]=[CH][CH2][CH]=[CH][CH2][CH2][C](=[O])[CH]([CH2][CH]=[CH][CH2][CH]=[CH][CH2][CH]=[CH][CH2][CH]=[CH][CH2][CH3])[C](=[O])[S][CH2][CH2][N]=[C]([OH])[CH2][CH2][N]=[C]([OH])[CH]([OH])[C]([CH3])([CH3])[CH2][O][P](=[O])([OH])[O][P](=[O])([OH])[O][CH2][CH]1[O][CH]([n]2[cH][n][c]3[c]([NH2])[n][cH][n][c]32)[CH]([OH])[CH]1[O][P](=[O])([OH])[OH]
7040,[CH3][CH2][CH]=[CH][CH2][CH]=[CH][CH2][CH]=[CH][CH2][CH]=[CH][CH2][CH2][C](=[O])[S][CH2][CH2][N]=[C]([OH])[CH2][CH2][N]=[C]([OH])[CH]([OH])[C]([CH3])([CH3])[CH2][O][P](=[O])([OH])[O][P](=[O])([OH])[O][CH2][CH]1[O][CH]([n]2[cH][n][c]3[c]([NH2])[n][cH][n][c]32)[CH]([OH])[CH]1[O][P](=[O])([OH])[OH]
7041,[CH3][CH2][CH]=[CH][CH2][CH]=[CH][CH2][CH]=[CH][CH2][CH]=[CH][CH2][CH]=[CH][CH2][CH2][CH]=[CH][CH2][CH]=[CH][CH2][CH]=[CH][CH2][CH]=[CH][CH2][CH3]
7042,[CH3][CH2][CH]=[CH][CH2][CH]=[CH][CH2][CH]=[CH][CH2][CH]=[CH][CH2][CH2][CH]([OH])[CH]([CH2][CH]=[CH][CH2][CH]=[CH][CH2][CH]=[CH][CH2][CH]=[CH][CH2][CH3])[C](=[O])[S][CH2][CH2][N]=[C]([OH])[CH2][CH2][N]=[C]([OH])[CH]([OH])[C]([CH3])([CH3])[CH2][O][P](=[O])([OH])[O][P](=[O])([OH])[O][CH2][CH]1[O][CH]([n]2[cH][n][c]3[c]([NH2])[n][cH][n][c]32)[CH]([OH])[CH]1[O][P](=[O])([OH])[OH]
7043,[CH3][CH2][CH]=[CH][CH2][CH]=[CH][CH2][CH]=[CH][CH2][CH]=[CH][CH2][CH2][C](=[O])[CH]([CH2][CH]=[CH][CH2][CH]=[CH][CH2][CH]=[CH][CH2][CH]=[CH][CH2][CH3])[C](=[O])[OH]
7044,[CH3][CH2][CH]=[CH][CH2][CH]=[CH][CH2][CH]=[CH][CH2][CH]=[CH][CH2][CH2][C](=[O])[CH2][CH2][CH]=[CH][CH2][CH]=[CH][CH2][CH]=[CH][CH2][CH]=[CH][CH2][CH3]
7045,[CH2]=[CH][CH2][CH2][CH2][CH2][CH2][CH2][CH2][CH2][CH2][CH2][CH2][CH2][CH3]
7046,[CH2]=[CH][CH2][CH2][CH2][CH2][CH2][CH]=[CH][CH2][CH2][CH2][CH2][CH2][CH2][CH2][CH3]
7047,[CH2]=[CH][CH2][CH2][CH2][CH2][CH2][CH]=[CH][CH2][CH]=[CH][CH2][CH2][CH2][CH2][CH3]
7048,[CH2]=[CH][CH2][CH2][CH2][CH2][CH2][CH]=[CH][CH2][CH]=[CH][CH2][CH]=[CH][CH2][CH3]
7049,[CH3][C]([OH])=[N][CH]1[CH]([O][P](=[O])([OH])[O][P](=[O])([OH])[O][CH2][CH]2[O][CH]([n]3[cH][cH][c]([OH])[n][c]3=[O])[CH]([OH])[CH]2[OH])[O][CH]([CH2][OH])[CH]([OH])[CH]1[OH]
7050,[CH3][C]([CH3])=[CH][CH2][CH2][C]([CH3])=[CH][CH2][CH2][C]([CH3])=[CH][CH2][CH2][C]([CH3])=[CH][CH2][CH2][C]([CH3])=[CH][CH2][CH2][C]([CH3])=[CH][CH2][CH2][C]([CH3])=[CH][CH2][CH2][C]([CH3])=[CH][CH2][CH2][C]([CH3])=[CH][CH2][CH2][C]([CH3])=[CH][CH2][CH2][C]([CH3])=[CH][CH2][O][P](=[O])([OH])[O][P](=[O])([OH])[O][CH]1[O][CH]([CH3])[CH]([N]=[C]([CH3])[OH])[CH]([O][CH]2[O][CH]([CH2][OH])[CH]([O][CH]3[O][CH]([CH2][OH])[CH]([OH])[CH]([OH])[CH]3[N]=[C]([CH3])[OH])[CH]([OH])[CH]2[N]=[C]([CH3])[OH])[CH]1[N]=[C]([CH3])[OH]
7051,[CH3][C]([CH3])=[CH][CH2][CH2][C]([CH3])=[CH][CH2][CH2][C]([CH3])=[CH][CH2][CH2][C]([CH3])=[CH][CH2][CH2][C]([CH3])=[CH][CH2][CH2][C]([CH3])=[CH][CH2][CH2][C]([CH3])=[CH][CH2][CH2][C]([CH3])=[CH][CH2][CH2][C]([CH3])=[CH][CH2][CH2][C]([CH3])=[CH][CH2][CH2][C]([CH3])=[CH][CH2][O][P](=[O])([OH])[O][P](=[O])([OH])[O][CH]1[O][CH]([CH3])[CH]([N]=[C]([CH3])[OH])[CH]([O][CH]2[O][CH]([CH2][OH])[CH]([O][CH]3[O][CH]([CH2][OH])[CH]([O][CH]4[O][CH]([CH2][OH])[CH]([O][CH]5[O][CH]([CH2][OH])[CH]([O][CH]6[O][CH]([CH2][OH])[CH]([OH])[CH]([OH])[CH]6[N]=[C]([CH3])[OH])[CH]([OH])[CH]5[N]=[C]([CH3])[OH])[CH]([OH])[CH]4[N]=[C]([CH3])[OH])[CH]([OH])[CH]3[N]=[C]([CH3])[OH])[CH]([OH])[CH]2[N]=[C]([CH3])[OH])[CH]1[N]=[C]([CH3])[OH]
7052,[CH3][C]([CH3])=[CH][CH2][CH2][C]([CH3])=[CH][CH2][CH2][C]([CH3])=[CH][CH2][CH2][C]([CH3])=[CH][CH2][CH2][C]([CH3])=[CH][CH2][CH2][C]([CH3])=[CH][CH2][CH2][C]([CH3])=[CH][CH2][CH2][C]([CH3])=[CH][CH2][CH2][C]([CH3])=[CH][CH2][CH2][C]([CH3])=[CH][CH2][CH2][C]([CH3])=[CH][CH2][O][P](=[O])([OH])[O][P](=[O])([OH])[O][CH]1[O][CH]([CH3])[CH]([N]=[C]([CH3])[OH])[CH]([O][CH]2[O][CH]([CH2][OH])[CH]([O][CH]3[O][CH]([CH2][OH])[CH]([O][CH]4[O][CH]([CH2][OH])[CH]([O][CH]5[O][CH]([CH2][OH])[CH]([O][CH]6[O][CH]([CH2][OH])[CH]([OH])[CH]([OH])[CH]6[N]=[C]([CH3])[OH])[CH]([OH])[CH]5[N]=[C]([CH3])[OH])[CH]([O][CH]5[O][CH]([CH2][OH])[CH]([OH])[CH]([OH])[CH]5[OH])[CH]4[N]=[C]([CH3])[OH])[CH]([OH])[CH]3[N]=[C]([CH3])[OH])[CH]([OH])[CH]2[N]=[C]([CH3])[OH])[CH]1[N]=[C]([CH3])[OH]
7053,[CH2]=[CH][C]([CH3])([CH]=[CH][CH]([CH3])[CH2][CH2][CH]=[C]([CH3])[CH2][CH2][CH]([CH3])[C](=[CH2])[CH3])[CH2][CH2][CH]=[C]([CH3])[CH2][CH2][CH]=[C]([CH3])[CH3]
7054,[CH3][CH2][CH2][CH2][CH2][CH3]
7055,[CH3][CH2][CH2][CH2][CH2][CH2][CH2][CH2][CH]=[CH][CH2][CH2][CH2][CH2][CH2][CH2][CH2][CH2][CH2][CH2][CH2][CH2][CH3]
7056,[CH3][CH2][CH2][CH2][CH2][CH2][CH2][CH2][CH]=[CH][CH2][CH2][CH2][CH2][CH2][CH2][CH2][CH2][CH2][CH2][CH2][CH2][CH2][CH]=[O]
7057,[CH3][CH2][CH2][CH2][CH2][CH2][CH2][CH2][CH]=[CH][CH2][CH2][CH2][CH2][CH2][CH2][CH2][CH2][CH2][CH2][CH2][CH2][CH2][C](=[O])[S][CH2][CH2][N]=[C]([OH])[CH2][CH2][N]=[C]([OH])[CH]([OH])[C]([CH3])([CH3])[CH2][O][P](=[O])([OH])[O][P](=[O])([OH])[O][CH2][CH]1[O][CH]([n]2[cH][n][c]3[c]([NH2])[n][cH][n][c]32)[CH]([OH])[CH]1[O][P](=[O])([OH])[OH]
7058,[CH3][CH2][CH2][CH2][CH2][CH2][CH2][CH2][CH]=[CH][CH2][CH2][CH2][CH2][CH2][CH2][CH2][CH2][CH2][CH2][CH2][CH2][CH2][C](=[O])[OH]
7059,[CH3][CH2][CH2][CH2][CH2][CH2][CH2][CH2][CH2][CH2][CH2][CH2][CH2][CH2][CH2][CH2][CH2][CH2][CH2][CH2][CH2][CH2][CH2][C](=[O])[CH2][C](=[O])[S][CH2][CH2][N]=[C]([OH])[CH2][CH2][N]=[C]([OH])[CH]([OH])[C]([CH3])([CH3])[CH2][O][P](=[O])([OH])[O][P](=[O])([OH])[O][CH2][CH]1[O][CH]([n]2[cH][n][c]3[c]([NH2])[n][cH][n][c]32)[CH]([OH])[CH]1[O][P](=[O])([OH])[OH]
7060,[CH3][CH2][CH2][CH2][CH2][CH2][CH2][CH2][CH2][CH2][CH2][CH2][CH2][CH2][CH2][CH2][CH2][CH]([OH])[CH2][C](=[O])[S][CH2][CH2][N]=[C]([OH])[CH2][CH2][N]=[C]([OH])[CH]([OH])[C]([CH3])([CH3])[CH2][O][P](=[O])([OH])[O][P](=[O])([OH])[O][CH2][CH]1[O][CH]([n]2[cH][n][c]3[c]([NH2])[n][cH][n][c]32)[CH]([OH])[CH]1[O][P](=[O])([OH])[OH]
7061,[CH3][CH2][CH2][CH2][CH2][CH2][CH2][CH2][CH2][CH2][CH2][CH2][CH2][CH2][CH2][CH2][CH2][CH2][CH2][CH2][CH2][CH]([OH])[CH2][C](=[O])[S][CH2][CH2][N]=[C]([OH])[CH2][CH2][N]=[C]([OH])[CH]([OH])[C]([CH3])([CH3])[CH2][O][P](=[O])([OH])[O][P](=[O])([OH])[O][CH2][CH]1[O][CH]([n]2[cH][n][c]3[c]([NH2])[n][cH][n][c]32)[CH]([OH])[CH]1[O][P](=[O])([OH])[OH]
7062,[CH3][CH2][CH2][CH2][CH2][CH2][CH2][CH2][CH2][CH2][CH2][CH2][CH2][CH2][CH2][CH2][CH2][CH2][CH2][CH2][CH2][CH2][CH2][CH]([OH])[CH2][C](=[O])[S][CH2][CH2][N]=[C]([OH])[CH2][CH2][N]=[C]([OH])[CH]([OH])[C]([CH3])([CH3])[CH2][O][P](=[O])([OH])[O][P](=[O])([OH])[O][CH2][CH]1[O][CH]([n]2[cH][n][c]3[c]([NH2])[n][cH][n][c]32)[CH]([OH])[CH]1[O][P](=[O])([OH])[OH]
7063,[CH3][CH2][CH2][CH2][CH2][CH2][CH2][CH2][CH2][CH2][CH2][CH2][CH2][CH2][CH2][CH2][CH2][CH]=[CH][C](=[O])[S][CH2][CH2][N]=[C]([OH])[CH2][CH2][N]=[C]([OH])[CH]([OH])[C]([CH3])([CH3])[CH2][O][P](=[O])([OH])[O][P](=[O])([OH])[O][CH2][CH]1[O][CH]([n]2[cH][n][c]3[c]([NH2])[n][cH][n][c]32)[CH]([OH])[CH]1[O][P](=[O])([OH])[OH]
7064,[CH3][CH2][CH2][CH2][CH2][CH2][CH2][CH2][CH2][CH2][CH2][CH2][CH2][CH2][CH2][CH2][CH2][CH2][CH2][CH2][CH2][CH]=[CH][C](=[O])[S][CH2][CH2][N]=[C]([OH])[CH2][CH2][N]=[C]([OH])[CH]([OH])[C]([CH3])([CH3])[CH2][O][P](=[O])([OH])[O][P](=[O])([OH])[O][CH2][CH]1[O][CH]([n]2[cH][n][c]3[c]([NH2])[n][cH][n][c]32)[CH]([OH])[CH]1[O][P](=[O])([OH])[OH]
7065,[CH3][CH2][CH2][CH2][CH2][CH2][CH2][CH2][CH2][CH2][CH2][CH2][CH2][CH2][CH2][CH2][CH2][CH2][CH2][CH2][CH2][CH2][CH2][CH]=[CH][C](=[O])[S][CH2][CH2][N]=[C]([OH])[CH2][CH2][N]=[C]([OH])[CH]([OH])[C]([CH3])([CH3])[CH2][O][P](=[O])([OH])[O][P](=[O])([OH])[O][CH2][CH]1[O][CH]([n]2[cH][n][c]3[c]([NH2])[n][cH][n][c]32)[CH]([OH])[CH]1[O][P](=[O])([OH])[OH]
7066,[CH3][CH2][CH2][CH2][CH2][CH2][CH2][CH2][CH2][CH2][CH2][CH2][CH2][CH2][CH2][CH2][CH2][CH2][CH2][CH2][CH2][CH2][CH2][CH2][CH2][C](=[O])[S][CH2][CH2][N]=[C]([OH])[CH2][CH2][N]=[C]([OH])[CH]([OH])[C]([CH3])([CH3])[CH2][O][P](=[O])([OH])[O][P](=[O])([OH])[O][CH2][CH]1[O][CH]([n]2[cH][n][c]3[c]([NH2])[n][cH][n][c]32)[CH]([OH])[CH]1[O][P](=[O])([OH])[OH]
7067,[CH2]=[CH][C]([CH3])([CH]=[CH][CH]([CH3])[CH2][CH2][CH]([CH3])[C](=[CH2])[CH2][CH2][CH]([CH3])[C](=[CH2])[CH3])[CH2][CH2][CH]=[C]([CH3])[CH2][CH2][CH]([CH3])[C](=[CH2])[CH3]
7068,[CH2]=[CH][C]([CH3])([CH]=[CH][CH]([CH3])[CH2][CH2][CH]([CH3])[C](=[CH2])[CH2][CH2][CH]([CH3])[C](=[CH2])[CH3])[CH2][CH2][CH]([CH3])[C]([CH3])=[CH][CH2][CH]([CH3])[C](=[CH2])[CH3]
7069,[CH3][CH2][CH2][CH2][CH2][CH2][CH2][CH2][CH]=[CH][CH2][CH2][CH2][CH2][CH2][CH2][CH2][C](=[O])[O][CH2][CH]([CH2][O][P](=[O])([OH])[O][CH2][CH]([OH])[CH2][O][P](=[O])([OH])[OH])[O][C](=[O])[CH2][CH2][CH2][CH2][CH2][CH2][CH2][CH2][CH2][CH2][CH2][CH2][CH2][CH2][CH3]
7070,[CH3][CH2][CH2][CH2][CH2][CH2][CH2][CH2][CH]=[CH][CH2][CH2][CH2][CH2][CH2][CH2][CH2][C](=[O])[O][CH2][CH]([CH2][O][P](=[O])([OH])[O][CH2][CH]([OH])[CH2][OH])[O][C](=[O])[CH2][CH2][CH2][CH2][CH2][CH2][CH2][CH2][CH2][CH2][CH2][CH2][CH2][CH2][CH3]
7071,[CH3][C]([CH3])=[CH][CH2][CH2][C]([CH3])=[CH][CH2][CH2][C]([CH3])=[CH][CH2][CH2][C]([CH3])=[CH][CH2][CH2][C]([CH3])=[CH][CH2][CH2][C]([CH3])=[CH][CH2][CH2][C]([CH3])=[CH][CH2][CH2][C]([CH3])=[CH][CH2][CH2][C]([CH3])=[CH][CH2][CH2][C]([CH3])=[CH][CH2][CH2][C]([CH3])=[CH][CH2][O][P](=[O])([OH])[O][P](=[O])([OH])[O][CH]1[O][CH]([CH3])[CH]([N]=[C]([CH3])[OH])[CH]([O][CH]2[O][CH]([CH2][OH])[CH]([OH])[CH]([OH])[CH]2[OH])[CH]1[N]=[C]([CH3])[OH]
7072,[CH3][C]([CH3])=[CH][CH2][CH2][C]([CH3])=[CH][CH2][CH2][C]([CH3])=[CH][CH2][CH2][C]([CH3])=[CH][CH2][CH2][C]([CH3])=[CH][CH2][CH2][C]([CH3])=[CH][CH2][CH2][C]([CH3])=[CH][CH2][CH2][C]([CH3])=[CH][CH2][CH2][C]([CH3])=[CH][CH2][CH2][C]([CH3])=[CH][CH2][CH2][C]([CH3])=[CH][CH2][O][P](=[O])([OH])[O][P](=[O])([OH])[O][CH]1[O][CH]([CH3])[CH]([N]=[C]([CH3])[OH])[CH]([O][CH]2[O][CH]([CH2][OH])[CH]([O][CH]3[O][CH]([CH2][OH])[CH]([OH])[CH]([OH])[CH]3[OH])[CH]([OH])[CH]2[OH])[CH]1[N]=[C]([CH3])[OH]
7073,[CH3][C]([CH3])=[CH][CH2][CH2][C]([CH3])=[CH][CH2][CH2][C]([CH3])=[CH][CH2][CH2][C]([CH3])=[CH][CH2][CH2][C]([CH3])=[CH][CH2][CH2][C]([CH3])=[CH][CH2][CH2][C]([CH3])=[CH][CH2][CH2][C]([CH3])=[CH][CH2][CH2][C]([CH3])=[CH][CH2][CH2][C]([CH3])=[CH][CH2][CH2][C]([CH3])=[CH][CH2][O][P](=[O])([OH])[O][P](=[O])([OH])[O][CH]1[O][CH]([CH3])[CH]([N]=[C]([CH3])[OH])[CH]([O][CH]2[O][CH]([CH2][OH])[CH]([OH])[CH]([OH])[CH]2[OH])[CH]1[N]=[C]([CH3])[OH]
7074,[CH3][CH2][CH2][CH2][CH2][CH2][CH2][CH2][CH]=[CH][CH2][CH2][CH2][CH2][CH2][CH2][CH2][C](=[O])[CH2][C](=[O])[S][CH2][CH2][N]=[C]([OH])[CH2][CH2][N]=[C]([OH])[CH]([OH])[C]([CH3])([CH3])[CH2][O][P](=[O])([OH])[O][P](=[O])([OH])[O][CH2][CH]1[O][CH]([n]2[cH][n][c]3[c]([NH2])[n][cH][n][c]32)[CH]([OH])[CH]1[O][P](=[O])([OH])[OH]
7075,[NH]=[C]([C](=[O])[OH])[CH]([c]1[cH][nH][c]2[cH][cH][cH][cH][c]12)[CH]([C](=[NH])[C](=[O])[OH])[c]1[cH][nH][c]2[cH][cH][cH][cH][c]12
7076,[O]=[C]1[N]=[C]([c]2[cH][nH][c]3[cH][cH][cH][cH][c]23)[CH]=[C]1[c]1[cH][nH][c]2[cH][cH][cH][cH][c]12
7077,[O]=[C]1[N]=[C]([c]2[cH][nH][c]3[cH][cH][c]([OH])[cH][c]23)[CH]=[C]1[c]1[cH][nH][c]2[cH][cH][cH][cH][c]12
7078,[CH3][C]1=[CH][CH]2[C]([CH3])([CH3])[CH]3[CH2][CH2][CH]([CH3])[C]23[CH2][CH2]1
7079,[CH3][O][CH]1[C]([OH])=[C]([C]([CH3])=[O])[O][C](=[O])[C]2([O][CH]3[CH2][CH]([O][CH]4[CH2][CH]([O][CH]5[CH2][C]([CH3])([OH])[CH]([OH])[CH]([CH3])[O]5)[CH]([OH])[CH]([CH3])[O]4)[CH]([OH])[CH]([CH3])[O]3)[C](=[O])[c]3[c]([cH][c]4[cH][c]([O][CH]5[CH2][CH]([O][CH]6[CH2][CH]([OH])[CH]([OH])[CH]([CH3])[O]6)[CH]([OH])[CH]([CH3])[O]5)[c]([CH3])[c]([OH])[c]4[c]3[OH])[CH2][CH]12
7080,[CH2]=[C]([CH3])[CH]1[CH2][CH2][C]2([CH2]1)[C]([CH3])=[CH][CH2][CH2][CH]2[CH3]
7081,[CH2]=[C]([CH3])[CH]1[CH2][CH2][C]2([CH3])[CH2][CH2][CH2][C]([CH3])([OH])[CH]2[CH2]1
7082,[CH2]=[C]([CH3])[CH]1[CH2][CH2][C]2([CH3])[CH2][CH2][CH2][C]([CH3])=[C]2[CH2]1
7083,[CH3][C]1=[C]2[CH]=[C]([CH]([CH3])[CH3])[CH2][CH2][C]2([CH3])[CH2][CH2][CH2]1
7084,[CH3][CH2][CH2][CH2][CH2][CH2][CH2][CH2][CH]=[CH][CH2][CH2][CH2][CH2][CH2][CH2][CH2][C](=[O])[O][CH2][CH3]
7085,[CH3][N]1[CH]2[CH2][CH2][CH]1[CH]([C](=[O])[OH])[CH]([O][C](=[O])[c]1[cH][cH][cH][cH][cH]1)[CH2]2
7086,[CH3][CH2][O][C](=[O])[CH]1[CH]([O][C](=[O])[c]2[cH][cH][cH][cH][cH]2)[CH2][CH]2[CH2][CH2][CH]1[N]2[CH3]
7087,[NH]=[C]([NH2])[NH][CH2][CH2][CH2][CH]([N]=[C]([OH])[CH2][CH]([NH2])[C]([OH])=[N][CH]([CH2][C]([OH])=[N][CH]([CH2][CH2][CH2][NH][C](=[NH])[NH2])[C](=[O])[OH])[C]([OH])=[N][CH]([CH2][C]([OH])=[N][CH]([CH2][CH2][CH2][NH][C](=[NH])[NH2])[C](=[O])[OH])[C]([OH])=[N][CH]([CH2][C](=[O])[OH])[C](=[O])[OH])[C](=[O])[OH]
7088,[NH]=[C]([NH2])[NH][CH2][CH2][CH2][CH]([N]=[C]([OH])[CH2][CH]([NH2])[C]([OH])=[N][CH]([CH2][C]([OH])=[N][CH]([CH2][CH2][CH2][NH][C](=[NH])[NH2])[C](=[O])[OH])[C]([OH])=[N][CH]([CH2][C]([OH])=[N][CH]([CH2][CH2][CH2][NH][C](=[NH])[NH2])[C](=[O])[OH])[C](=[O])[OH])[C](=[O])[OH]
7089,[CH3][CH2][CH]=[CH][CH2][CH]=[CH][CH2][CH]=[CH][CH2][CH]=[CH][CH2][CH]=[CH][CH2][CH2][CH2][C](=[O])[CH2][C](=[O])[S][CH2][CH2][N]=[C]([OH])[CH2][CH2][N]=[C]([OH])[CH]([OH])[C]([CH3])([CH3])[CH2][O][P](=[O])([OH])[O][P](=[O])([OH])[O][CH2][CH]1[O][CH]([n]2[cH][n][c]3[c]([NH2])[n][cH][n][c]32)[CH]([OH])[CH]1[O][P](=[O])([OH])[OH]
7090,[CH3][CH2][CH]=[CH][CH2][CH]=[CH][CH2][CH]=[CH][CH2][CH]=[CH][CH2][CH]=[CH][CH2][CH2][CH2][CH]([OH])[CH2][C](=[O])[S][CH2][CH2][N]=[C]([OH])[CH2][CH2][N]=[C]([OH])[CH]([OH])[C]([CH3])([CH3])[CH2][O][P](=[O])([OH])[O][P](=[O])([OH])[O][CH2][CH]1[O][CH]([n]2[cH][n][c]3[c]([NH2])[n][cH][n][c]32)[CH]([OH])[CH]1[O][P](=[O])([OH])[OH]
7091,[CH3][CH2][CH]=[CH][CH2][CH]=[CH][CH2][CH]=[CH][CH2][CH]=[CH][CH2][CH]=[CH][CH2][CH2][CH2][CH]=[CH][C](=[O])[S][CH2][CH2][N]=[C]([OH])[CH2][CH2][N]=[C]([OH])[CH]([OH])[C]([CH3])([CH3])[CH2][O][P](=[O])([OH])[O][P](=[O])([OH])[O][CH2][CH]1[O][CH]([n]2[cH][n][c]3[c]([NH2])[n][cH][n][c]32)[CH]([OH])[CH]1[O][P](=[O])([OH])[OH]
7092,[CH3][O][c]1[c]([OH])[cH][cH][c]2[cH][cH][c](=[O])[o][c]12
7093,[O]=[c]1[cH][c]([O][CH]2[O][CH]([CH2][OH])[CH]([OH])[CH]([OH])[CH]2[OH])[c]2[cH][cH][cH][c]([OH])[c]2[o]1
7094,[CH3][C]([OH])=[N][CH]([CH2][CH2][C](=[NH])[OH])[C]([OH])=[N][CH]([CH2][CH2][C](=[NH])[OH])[C](=[O])[OH]
7095,[CH3][C]([OH])=[N][CH]([CH2][CH2][C](=[NH])[OH])[C]([OH])=[N][CH]([CH2][CH2][C](=[NH])[OH])[C](=[NH])[OH]
7096,[O]=[c]1[cH][cH][c]2[cH][c]([OH])[c]([O][CH]3[O][CH]([CH2][OH])[CH]([OH])[CH]([OH])[CH]3[OH])[cH][c]2[o]1
7097,[O]=[c]1[cH][cH][c]2[cH][c]([OH])[c]([OH])[cH][c]2[o]1
7098,[CH3][C]([CH3])=[CH][CH]1[CH]([C](=[O])[OH])[C]1([CH3])[CH3]
7099,[O]=[c]1[cH][c]([O][CH]2[O][CH]([CH2][OH])[CH]([OH])[CH]([OH])[CH]2[OH])[c]2[cH][cH][c]([OH])[cH][c]2[o]1
7100,[O]=[c]1[o][c]2[cH][c]([OH])[cH][cH][c]2[cH][c]1[O][CH]1[O][CH]([CH2][OH])[CH]([OH])[CH]([OH])[CH]1[OH]
7101,[CH3][O][c]1[cH][c]2[o][c](=[O])[cH][cH][c]2[cH][c]1[OH]
7102,[CH3][O][c]1[cH][c]2[cH][cH][c](=[O])[o][c]2[cH][c]1[O][CH3]
7103,[CH3][NH][CH]1[CH2][c]2[cH][nH][c]3[cH][cH][cH][c]([c]23)[CH]1[CH2][CH]([CH3])[CH]=[O]
7104,[CH2]=[C]1[CH]([O][C]([CH3])=[O])[CH2][CH2][C]2([CH3])[CH]([O][C]([CH3])=[O])[CH]([O][C]([CH3])=[O])[C]3=[C]([CH3])[CH]([O][C]([CH3])=[O])[CH2][CH]([CH]([OH])[CH]12)[C]3([CH3])[CH3]
7105,[CH2]=[C]1[CH]([O][C]([CH3])=[O])[CH2][CH]([OH])[C]2([CH3])[CH]([O][C]([CH3])=[O])[CH]([O][C]([CH3])=[O])[C]3=[C]([CH3])[CH]([O][C]([CH3])=[O])[CH2][CH]([CH]([OH])[CH]12)[C]3([CH3])[CH3]
7106,[CH3][C]1([C](=[O])[OH])[CH2][CH2][C]2([CH3])[CH2][CH2][C]3([CH3])[C](=[CH][CH2][CH]4[C]5([CH3])[CH2][CH2][CH]([OH])[C]([CH3])([CH3])[CH]5[CH2][CH2][C]43[CH3])[CH]2[CH2]1
7107,[CH2]=[C]([CH3])[CH]1[CH2][CH2][C]2([CH2][OH])[CH2][CH2][C]3([CH3])[CH]([CH2][CH2][CH]4[C]5([CH3])[CH2][CH2][CH]([OH])[C]([CH3])([CH3])[CH]5[CH2][CH2][C]43[CH3])[CH]12
7108,[CH2]=[C]([CH3])[CH]1[CH2][CH2][C]2([CH]=[O])[CH2][CH2][C]3([CH3])[CH]([CH2][CH2][CH]4[C]5([CH3])[CH2][CH2][CH]([OH])[C]([CH3])([CH3])[CH]5[CH2][CH2][C]43[CH3])[CH]12
7109,[CH2]=[C]([CH3])[CH]1[CH2][CH2][C]2([C](=[O])[OH])[CH2][CH2][C]3([CH3])[CH]([CH2][CH2][CH]4[C]5([CH3])[CH2][CH2][CH]([OH])[C]([CH3])([CH3])[CH]5[CH2][CH2][C]43[CH3])[CH]12
7110,[CH3][CH]1[CH2][CH2][C]2([CH2][OH])[CH2][CH2][C]3([CH3])[C](=[CH][CH2][CH]4[C]5([CH3])[CH2][CH2][CH]([OH])[C]([CH3])([CH3])[CH]5[CH2][CH2][C]43[CH3])[CH]2[CH]1[CH3]
7111,[CH3][CH]1[CH2][CH2][C]2([CH]=[O])[CH2][CH2][C]3([CH3])[C](=[CH][CH2][CH]4[C]5([CH3])[CH2][CH2][CH]([OH])[C]([CH3])([CH3])[CH]5[CH2][CH2][C]43[CH3])[CH]2[CH]1[CH3]
7112,[CH3][CH]1[CH2][CH2][C]2([C](=[O])[OH])[CH2][CH2][C]3([CH3])[C](=[CH][CH2][CH]4[C]5([CH3])[CH2][CH2][CH]([OH])[C]([CH3])([CH3])[CH]5[CH2][CH2][C]43[CH3])[CH]2[CH]1[CH3]
7113,[CH2]=[C]1[CH2][C]23[CH2][CH2][CH]4[C]([CH3])([C](=[O])[OH])[CH2][CH2][CH2][C]4([CH3])[CH]2[CH2][CH2][C]1([OH])[CH2]3
7114,[CH2]=[C]1[CH2][C]23[CH2][CH2][CH]4[C]([CH3])([C](=[O])[OH])[CH2][CH2][CH2][C]4([CH3])[CH]2[CH2][CH2][C]1([O][CH]1[O][CH]([CH2][OH])[CH]([OH])[CH]([OH])[CH]1[OH])[CH2]3
7115,[CH2]=[C]1[CH2][C]23[CH2][CH2][CH]4[C]([CH3])([C](=[O])[O][CH]5[O][CH]([CH2][OH])[CH]([OH])[CH]([OH])[CH]5[OH])[CH2][CH2][CH2][C]4([CH3])[CH]2[CH2][CH2][C]1([O][CH]1[O][CH]([CH2][OH])[CH]([OH])[CH]([OH])[CH]1[OH])[CH2]3
7116,[CH2]=[C]1[CH2][C]23[CH2][CH2][CH]4[C]([CH3])([C](=[O])[OH])[CH2][CH2][CH2][C]4([CH3])[CH]2[CH2][CH2][C]1([O][CH]1[O][CH]([CH2][OH])[CH]([OH])[CH]([OH])[CH]1[O][CH]1[O][CH]([CH2][OH])[CH]([OH])[CH]([OH])[CH]1[OH])[CH2]3
7117,[CH2]=[C]1[CH2][C]23[CH2][CH2][CH]4[C]([CH3])([C](=[O])[O][CH]5[O][CH]([CH2][OH])[CH]([OH])[CH]([OH])[CH]5[OH])[CH2][CH2][CH2][C]4([CH3])[CH]2[CH2][CH2][C]1([O][CH]1[O][CH]([CH2][OH])[CH]([OH])[CH]([OH])[CH]1[O][CH]1[O][CH]([CH2][OH])[CH]([OH])[CH]([OH])[CH]1[OH])[CH2]3
7118,[CH2]=[C]1[CH2][C]23[CH2][CH2][CH]4[C]([CH3])([C](=[O])[OH])[CH2][CH2][CH2][C]4([CH3])[CH]2[CH2][CH]([O][CH]2[O][CH]([CH2][OH])[CH]([OH])[CH]([O][CH]4[O][CH]([CH2][OH])[CH]([OH])[CH]([OH])[CH]4[OH])[CH]2[O][CH]2[O][CH]([CH2][OH])[CH]([OH])[CH]([OH])[CH]2[OH])[CH]1[CH2]3
7119,[CH2]=[C]1[CH2][C]23[CH2][CH2][CH]4[C]([CH3])([C](=[O])[O][CH]5[O][CH]([CH2][OH])[CH]([OH])[CH]([OH])[CH]5[OH])[CH2][CH2][CH2][C]4([CH3])[CH]2[CH2][CH]([O][CH]2[O][CH]([CH2][OH])[CH]([OH])[CH]([O][CH]4[O][CH]([CH2][OH])[CH]([OH])[CH]([OH])[CH]4[OH])[CH]2[O][CH]2[O][CH]([CH2][OH])[CH]([OH])[CH]([OH])[CH]2[OH])[CH]1[CH2]3
7120,[CH2]=[C]1[CH2][C]23[CH2][CH2][CH]4[C]([CH3])([C](=[O])[O][CH]5[O][CH]([CH2][OH])[CH]([OH])[CH]([OH])[CH]5[OH])[CH2][CH2][CH2][C]4([CH3])[CH]2[CH2][CH2][C]1([OH])[CH2]3
7121,[CH2]=[C]1[CH]2[CH2][CH2][C]3([CH3])[CH]([CH2]2)[CH]([CH3])[CH2][CH2][C]13[CH3]
7122,[CH3][CH2][CH2][C](=[O])[CH2][CH2][CH2][CH2][NH2]
7123,[CH3][CH2][CH2][C](=[O])[CH2][CH2][CH2][CH]=[O]
7124,[CH3][CH2][CH2][CH]1[CH2][CH2][CH]([OH])[CH]=[N]1
7125,[CH3][CH2][CH2][CH]1[CH2][CH2][CH]([OH])[CH2][NH]1
7126,[CH3][CH]([CH2][CH2][CH]([OH])[CH]([OH])[CH]([OH])[CH]=[O])[CH]1[CH2][CH2][C]2([CH3])[CH]1[CH2][CH2][C]1([CH3])[CH]2[CH2][CH2][CH]2[C]3([CH3])[CH2][CH2][CH2][C]([CH3])([CH3])[CH]3[CH2][CH2][C]21[CH3]
7127,[OH][CH2][CH]1[O][CH]([O][CH2][CH2][c]2[cH][cH][cH][cH][cH]2)[CH]([OH])[CH]([OH])[CH]1[OH]
7128,[CH3][O][C](=[O])[c]1[cH][c]([OH])[cH][c]([O][CH3])[c]1[C](=[O])[c]1[c]([OH])[c]([Cl])[c]([CH3])[c]([Cl])[c]1[OH]
7129,[CH3][O][C](=[O])[C]1=[CH][C](=[O])[CH]=[C]([O][CH3])[C]12[O][c]1[c]([Cl])[c]([CH3])[c]([Cl])[c]([OH])[c]1[C]2=[O]
7130,[CH3][O][C](=[O])[c]1[cH][c]([OH])[cH][c]([O][CH3])[c]1[O][c]1[cH][c]([CH3])[cH][c]([OH])[c]1[C](=[O])[OH]
7131,[NH]=[C]([NH][OH])[NH][CH2][CH2][CH2][CH]([NH2])[C](=[O])[OH]
7132,[CH3][CH2][N+]([O-])([CH2][CH3])[CH2][CH3]
7133,[CH3][CH2][N]([CH2][CH3])[CH2][CH3]
7134,[CH3][CH2][NH][CH2][CH3]
7135,[CH3][CH2][N]([OH])[CH2][CH3]
7136,[CH3][CH2][NH2]
7137,[N]#[C][CH]([O][CH]1[O][CH]([CH2][OH])[CH]([OH])[CH]([OH])[CH]1[OH])[c]1[cH][cH][c]([OH])[c]([OH])[cH]1
7138,[N]#[C][CH]([OH])[c]1[cH][cH][c]([OH])[c]([OH])[cH]1
7139,[CH3][O][c]1[c]([CH3])[c]2[c]([c]([OH])[c]1[CH2][CH]=[C]([CH3])[CH2][CH2][C](=[O])[O][CH2][CH2][N]1[CH2][CH2][O][CH2][CH2]1)[C](=[O])[O][CH2]2
7140,[OH][CH2][CH2][N]1[CH2][CH2][O][CH2][CH2]1
7141,[CH3][O][c]1[c]([CH3])[c]2[c]([c]([O][CH]3[O][CH]([C](=[O])[OH])[CH]([OH])[CH]([OH])[CH]3[OH])[c]1[CH2][CH]=[C]([CH3])[CH2][CH2][C](=[O])[OH])[C](=[O])[O][CH2]2
7142,[NH2][CH2][CH]([CH2][CH2][CH]([NH2])[C](=[O])[OH])[O][P](=[O])([OH])[OH]
7143,[OH][CH2][CH]1[O][CH]([O][CH2][CH]2[O][CH]([OH])[CH]([OH])[CH]([OH])[CH]2[OH])[CH]([OH])[CH]([OH])[CH]1[OH]
7144,[CH3][CH2][CH]1[CH2][CH2][CH2][CH]([OH])[CH]([CH3])[C](=[O])[CH]=[CH][CH]=[CH][CH2][CH]([OH])[CH2][CH]=[CH][CH]=[CH][CH]=[CH][C](=[O])[O]1
7145,[CH3][CH2][CH]1[CH2][CH2][CH2][CH]([OH])[CH]([CH3])[C](=[O])[CH2][CH]=[CH][CH]([OH])[CH2][CH]([OH])[CH2][CH]=[CH][CH]=[CH][CH]=[CH][C](=[O])[O]1
7146,[CH3][CH2][CH]1[CH2][CH2][CH2][CH]([OH])[CH]([CH3])[C](=[O])[CH]=[CH][CH]2[CH]([CH]=[CH][C](=[O])[O]1)[CH]=[CH][CH]1[CH2][CH]([OH])[CH2][CH]12
7147,[CH3][CH2][CH]1[CH2][CH2][CH2][CH]([OH])[CH]([CH3])[C](=[O])[CH]=[CH][CH]2[CH]([CH]=[CH][C](=[O])[O]1)[CH]=[CH][CH]1[CH2][CH]([O][CH]3[O][CH]([CH3])[CH]([OH])[CH]([OH])[CH]3[OH])[CH2][CH]12
7148,[CH3][CH2][CH]1[CH2][CH2][CH2][CH]([OH])[CH]([CH3])[C](=[O])[C]2=[CH][CH]3[CH]([CH]=[CH][CH]4[CH2][CH]([O][CH]5[O][CH]([CH3])[CH]([OH])[CH]([OH])[CH]5[OH])[CH2][CH]43)[CH]2[CH2][C](=[O])[O]1
7149,[CH3][CH2][CH]1[CH2][CH2][CH2][CH]([OH])[CH]([CH3])[C](=[O])[C]2=[CH][CH]3[CH]([CH]=[CH][CH]4[CH2][CH]([O][CH]5[O][CH]([CH3])[CH]([OH])[CH]([OH])[CH]5[O][CH3])[CH2][CH]43)[CH]2[CH2][C](=[O])[O]1
7150,[CH3][CH2][CH]1[CH2][CH2][CH2][CH]([OH])[CH]([CH3])[C](=[O])[C]2=[CH][CH]3[CH]([CH]=[CH][CH]4[CH2][CH]([O][CH]5[O][CH]([CH3])[CH]([OH])[CH]([O][CH3])[CH]5[O][CH3])[CH2][CH]43)[CH]2[CH2][C](=[O])[O]1
7151,[CH3][CH2][CH]1[CH2][CH2][CH2][CH]([OH])[CH]([CH3])[C](=[O])[C]2=[CH][CH]3[CH]([CH]=[CH][CH]4[CH2][CH]([O][CH]5[O][CH]([CH3])[CH]([O][CH3])[CH]([O][CH3])[CH]5[O][CH3])[CH2][CH]43)[CH]2[CH2][C](=[O])[O]1
7152,[CH3][CH2][CH]1[CH2][CH2][CH2][CH]([O][CH]2[CH2][CH2][CH]([N]([CH3])[CH3])[CH]([CH3])[O]2)[CH]([CH3])[C](=[O])[C]2=[CH][CH]3[CH]([CH]=[CH][CH]4[CH2][CH]([O][CH]5[O][CH]([CH3])[CH]([O][CH3])[CH]([O][CH3])[CH]5[O][CH3])[CH2][CH]43)[CH]2[CH2][C](=[O])[O]1
7153,[CH3][C]([CH3])([OH])[CH2][CH]([NH2])[C](=[O])[OH]
7154,[CH3][C](=[O])[CH]([CH3])[CH]([NH2])[C](=[O])[OH]
7155,[CH3][C]([CH3])([C]#[N])[O][CH]1[O][CH]([CH2][O][CH]2[O][CH]([CH2][OH])[CH]([OH])[CH]([OH])[CH]2[OH])[CH]([OH])[CH]([OH])[CH]1[OH]
7156,[O]=[c]1[o][c]2[cH][cH][cH][cH][c]2[c]([OH])[c]1[CH2][c]1[c]([OH])[c]2[cH][cH][cH][cH][c]2[o][c]1=[O]
7157,[CH3][NH][CH]1[CH2][CH]([O][P](=[O])([OH])[O][P](=[O])([OH])[O][CH2][CH]2[O][CH]([n]3[cH][c]([CH3])[c]([OH])[n][c]3=[O])[CH2][CH]2[OH])[O][CH]([CH3])[C]1=[O]
7158,[CH3][CH2][CH2][CH2][CH2][C](=[O])[CH2][C](=[O])[CH2][C](=[O])[S][CH2][CH2][N]=[C]([OH])[CH2][CH2][N]=[C]([OH])[CH]([OH])[C]([CH3])([CH3])[CH2][O][P](=[O])([OH])[O][P](=[O])([OH])[O][CH2][CH]1[O][CH]([n]2[cH][n][c]3[c]([NH2])[n][cH][n][c]32)[CH]([OH])[CH]1[O][P](=[O])([OH])[OH]
7159,[CH3][CH2][CH2][CH2][CH2][c]1[cH][c]([OH])[cH][c](=[O])[o]1
7160,[CH2]=[CH][CH2][c]1[cH][cH][c]([O][CH]2[O][CH]([CH2][O][CH]3[O][CH2][C]([OH])([CH2][OH])[CH]3[OH])[CH]([OH])[CH]([OH])[CH]2[OH])[cH][cH]1
7161,[CH3][C]([CH3])=[CH][CH2][CH2][C]([CH3])=[CH][CH2][O][CH]1[O][CH]([CH2][O][CH]2[O][CH2][CH]([OH])[CH]([OH])[CH]2[OH])[CH]([OH])[CH]([OH])[CH]1[OH]
7162,[O]=[CH][CH]([OH])[CH]([OH])[CH]([OH])[CH]([OH])[CH2][O][CH]1[O][CH2][CH]([OH])[CH]([OH])[CH]1[OH]
7163,[CH2]=[CH][C]([CH3])([CH2][CH2][CH]=[C]([CH3])[CH3])[O][CH]1[O][CH]([CH2][O][CH]2[O][CH2][CH]([OH])[CH]([OH])[CH]2[OH])[CH]([OH])[CH]([OH])[CH]1[OH]
7164,[OH][CH]1[CH2][O][CH]([O][CH2][CH]2[O][CH]([O][CH2][c]3[cH][cH][cH][cH][cH]3)[CH]([OH])[CH]([OH])[CH]2[OH])[CH]([OH])[CH]1[OH]
7165,[OH][CH]1[CH2][O][CH]([O][CH2][CH]2[O][CH]([O][CH2][CH2][c]3[cH][cH][cH][cH][cH]3)[CH]([OH])[CH]([OH])[CH]2[OH])[CH]([OH])[CH]1[OH]
7166,[CH2]=[CH][CH2][c]1[cH][cH][c]([O][CH]2[O][CH]([CH2][O][CH]3[O][CH2][CH]([OH])[CH]([OH])[CH]3[OH])[CH]([OH])[CH]([OH])[CH]2[OH])[c]([O][CH3])[cH]1
7167,[OH][CH2][C]1([OH])[CH2][O][CH]([O][CH2][CH]2[O][CH]([O][CH2][c]3[cH][cH][cH][cH][cH]3)[CH]([OH])[CH]([OH])[CH]2[OH])[CH]1[OH]
7168,[CH2]=[CH][C]([CH3])([CH2][CH2][CH]=[C]([CH3])[CH3])[O][CH]1[O][CH]([CH2][O][CH]2[O][CH2][CH]([OH])[CH]([OH])[CH]2[OH])[CH]([OH])[CH]([OH])[CH]1[OH]
7169,[CH3][CH]([CH3])[CH2][CH2][CH2][CH]([CH3])[CH]1[CH2][CH]=[C]2[C]3=[C]([CH2][CH2][C]21[CH3])[C]1([CH3])[CH2][CH2][CH]([OH])[C]([CH3])([CH3])[CH]1[CH2][CH2]3
7170,[CH3][C]([CH3])=[CH][CH2][CH2][CH]([CH3])[CH]1[CH2][CH2][CH]2[C]3=[C]([CH2][CH2][C]21[CH3])[C]1([CH3])[CH2][CH2][CH]([OH])[CH]([C](=[O])[OH])[CH]1[CH2][CH2]3
7171,[CH3][CH]([CH3])[CH2][CH2][CH2][CH]([CH3])[CH]1[CH2][CH2][CH]2[C]3=[C]([CH2][CH2][C]21[CH3])[C]1([CH3])[CH2][CH2][CH]([OH])[C]([CH3])([C](=[O])[OH])[CH]1[CH2][CH2]3
7172,[CH3][C]([CH3])=[CH][CH2][CH2][CH]([CH3])[CH]1[CH2][CH2][CH]2[C]3=[C]([CH2][CH2][C]21[CH3])[C]1([CH3])[CH2][CH2][CH]([OH])[C]([CH3])([C](=[O])[OH])[CH]1[CH2][CH2]3
7173,[CH3][CH2][CH]([OH])[C](=[O])[OH]
7174,[O]=[C]([SH])[c]1[cH][cH][cH][cH][cH]1
7175,[CH3][S][C](=[O])[c]1[cH][cH][cH][cH][cH]1
7176,[CH3][S][c]1[cH][cH][cH][cH][cH]1
7177,[SH][c]1[cH][cH][cH][cH][cH]1
7178,[SH][CH2][c]1[cH][cH][cH][o]1
7179,[CH3][S][CH2][c]1[cH][cH][cH][o]1
7180,[CH3][O][c]1[cH][c]([CH]=[CH][C](=[O])[O][CH2][CH2][CH2][CH2][CH2][CH2][CH2][CH2][CH2][CH2][CH2][CH2][CH2][CH2][CH2][C](=[O])[OH])[cH][c]([O][CH3])[c]1[OH]
7181,[O]=[C]([OH])[CH2][CH2][CH2][CH2][CH2][CH2][CH2][CH2][CH2][CH2][CH2][CH2][CH2][CH2][CH2][CH2][CH2][CH2][CH2][CH2][C](=[O])[O][CH]([CH2][OH])[CH2][O][P](=[O])([OH])[OH]
7182,[CH3][C]([CH3])([CH2][O][P](=[O])([OH])[O][P](=[O])([OH])[O][CH2][CH]1[O][CH]([n]2[cH][n][c]3[c]([NH2])[n][cH][n][c]32)[CH]([OH])[CH]1[O][P](=[O])([OH])[OH])[CH]([OH])[C]([OH])=[N][CH2][CH2][C]([OH])=[N][CH2][CH2][S][C](=[O])[CH2][CH2][CH2][CH2][CH2][CH2][CH2][CH2][CH2][CH2][CH2][CH2][CH2][CH2][C](=[O])[OH]
7183,[O]=[C]([OH])[CH2][CH2][CH2][CH2][CH2][CH2][CH2][CH2][CH2][CH2][CH2][CH2][CH2][CH2][C](=[O])[O][CH]([CH2][OH])[CH2][O][P](=[O])([OH])[OH]
7184,[CH3][CH2][CH2][CH2][CH2][CH2][CH2][CH2][CH2][CH2][CH2][CH2][CH2][CH2][CH2][CH2][CH2][CH2][CH2][CH2][CH2][C](=[O])[O][CH]([CH2][OH])[CH2][O][P](=[O])([OH])[OH]
7185,[O]=[C]1[O][CH]([CH2][OH])[CH]([OH])[CH]([OH])[CH]1[OH]
7186,[NH]=[c]1[cH][cH][n]([CH]2[O][CH]([CH2][O][P](=[O])([OH])[O][P](=[O])([OH])[O][CH2][CH]3[O][C]([OH])([CH2][OH])[CH]([OH])[CH]3[OH])[CH]([OH])[CH]2[OH])[c]([OH])[n]1
7187,[NH]=[c]1[cH][cH][n]([CH]2[O][CH]([CH2][O][P](=[O])([OH])[O][P](=[O])([OH])[O][CH2][CH]([OH])[CH]([OH])[CH]([OH])[CH]([OH])[CH2][OH])[CH]([OH])[CH]2[OH])[c]([OH])[n]1
7188,[O]=[c]1[c]([O][CH]2[O][CH]([CH2][OH])[CH]([OH])[CH]([OH])[CH]2[OH])[c](-[c]2[cH][cH][c]([O][CH]3[O][CH]([CH2][OH])[CH]([OH])[CH]([OH])[CH]3[OH])[c]([OH])[cH]2)[o][c]2[cH][c]([OH])[cH][c]([OH])[c]12
7189,[OH][CH2][CH]1[O][CH]([OH])[CH]([OH])[CH]([OH])[CH]1[OH]
7190,[O]=[C]1[O][CH]([CH2][OH])[CH]([OH])[CH]([OH])[CH]1[OH]
7191,[O]=[C]([OH])[CH]([OH])[CH]([OH])[CH]([OH])[CH]([OH])[CH2][OH]
7192,[O]=[C]([OH])[CH]([OH])[CH]([OH])[CH]([OH])[C](=[O])[CH2][OH]
7193,[O]=[C]([OH])[CH]([OH])[CH]([OH])[CH]([OH])[CH]([OH])[CH2][OH]
7194,[CH2]=[CH][CH]1[CH]([O][CH]2[O][CH]([CH2][OH])[CH]([OH])[CH]([OH])[CH]2[OH])[O][CH]=[C]([C](=[O])[O][CH3])[CH]1[CH2][CH]1[NH][CH2][CH2][c]2[cH][c]([O][CH3])[c]([OH])[cH][c]21
7195,[CH2]=[CH][CH]1[CH]([OH])[O][CH]=[C]([C](=[O])[O][CH3])[CH]1[CH2][CH]1[NH][CH2][CH2][c]2[cH][c]([O][CH3])[c]([OH])[cH][c]21
7196,[CH2]=[CH][CH]1[CH]([OH])[O][CH]=[C]([C](=[O])[O][CH3])[CH]1[CH2][CH]1[NH][CH2][CH2][c]2[cH][c]([O][CH3])[c]([O][CH3])[cH][c]21
7197,[CH3][CH2][CH]1[CH2][N]2[CH2][CH2][c]3[cH][c]([O][CH3])[c]([O][CH3])[cH][c]3[CH]2[CH2][CH]1[CH2][CH]1[NH][CH2][CH2][c]2[cH][c]([OH])[c]([OH])[cH][c]21
7198,[CH3][CH2][CH]1[CH2][N]2[CH2][CH2][c]3[cH][c]([O][CH3])[c]([O][CH3])[cH][c]3[CH]2[CH2][CH]1[CH2][CH]1[NH][CH2][CH2][c]2[cH][c]([OH])[c]([O][CH3])[cH][c]21
7199,[CH3][CH2][CH]1[CH2][N]2[CH2][CH2][c]3[cH][c]([O][CH3])[c]([O][CH3])[cH][c]3[CH]2[CH2][CH]1[CH2][CH]1[NH][CH2][CH2][c]2[cH][c]([O][CH3])[c]([O][CH3])[cH][c]21
7200,[O]=[c]1[c]([O][CH]2[O][CH]([CH2][O][CH]3[O][CH]([CH2][OH])[CH]([OH])[CH]([OH])[CH]3[OH])[CH]([OH])[CH]([OH])[CH]2[OH])[c](-[c]2[cH][cH][c]([OH])[c]([OH])[cH]2)[o][c]2[cH][c]([OH])[cH][c]([OH])[c]12
7201,[O]=[c]1[c]([O][CH]2[O][CH]([CH2][O][CH]3[O][CH]([CH2][O][CH]4[O][CH]([CH2][OH])[CH]([OH])[CH]([OH])[CH]4[OH])[CH]([OH])[CH]([OH])[CH]3[OH])[CH]([OH])[CH]([OH])[CH]2[OH])[c](-[c]2[cH][cH][c]([OH])[c]([OH])[cH]2)[o][c]2[cH][c]([OH])[cH][c]([OH])[c]12
7202,[O]=[c]1[c]([O][CH]2[O][CH]([CH2][O][CH]3[O][CH]([CH2][O][CH]4[O][CH]([CH2][O][CH]5[O][CH]([CH2][OH])[CH]([OH])[CH]([OH])[CH]5[OH])[CH]([OH])[CH]([OH])[CH]4[OH])[CH]([OH])[CH]([OH])[CH]3[OH])[CH]([OH])[CH]([OH])[CH]2[OH])[c](-[c]2[cH][cH][c]([OH])[c]([OH])[cH]2)[o][c]2[cH][c]([OH])[cH][c]([OH])[c]12
7203,[O]=[c]1[cH][c](-[c]2[cH][cH][c]([OH])[cH][cH]2)[o][c]2[cH][c]([O][CH]3[O][CH]([CH2][O][CH]4[O][CH]([CH2][OH])[CH]([OH])[CH]([OH])[CH]4[OH])[CH]([OH])[CH]([OH])[CH]3[OH])[cH][c]([OH])[c]12
7204,[O]=[c]1[cH][c](-[c]2[cH][cH][c]([OH])[c]([OH])[cH]2)[o][c]2[cH][c]([O][CH]3[O][CH]([CH2][O][CH]4[O][CH]([CH2][OH])[CH]([OH])[CH]([OH])[CH]4[OH])[CH]([OH])[CH]([OH])[CH]3[OH])[cH][c]([OH])[c]12
7205,[O]=[C]([CH2][CH2][CH2][CH2][CH2][CH2][CH2][CH2][CH2][CH2][CH2][CH2][CH2][CH2][CH2][CH2][CH2][CH2][CH2][CH2][CH2][OH])[O][CH]([CH2][OH])[CH2][O][P](=[O])([OH])[OH]
7206,[O]=[C]([OH])[CH2][CH2][CH2][CH2][CH2][CH2][CH2][CH2][CH2][CH2][CH2][CH2][CH2][CH2][C](=[O])[O][CH2][CH]([OH])[CH2][O][P](=[O])([OH])[OH]
7207,[CH3][O][c]1[cH][cH][c]([CH]([OH])[CH]2[c]3[c]([cH][c]4[c]([c]3[OH])[O][CH2][O]4)[CH2][CH2][N]2[CH3])[c]([CH]=[O])[c]1[O][CH3]
7208,[CH3][O][c]1[cH][cH][c]([CH]([OH])[CH]2[c]3[c]([cH][c]4[c]([c]3[O][CH3])[O][CH2][O]4)[CH2][CH2][N]2[CH3])[c]([CH]=[O])[c]1[O][CH3]
7209,[CH3][O][c]1[cH][cH][c]2[c]([c]1[O][CH3])[CH]([OH])[O][CH]2[CH]1[c]2[c]([cH][c]3[c]([c]2[O][CH3])[O][CH2][O]3)[CH2][CH2][N]1[CH3]
7210,[CH3][O][c]1[cH][cH][c]2[c]([c]1[O][CH3])[C](=[O])[O][CH]2[CH]1[c]2[c]([cH][c]3[c]([c]2[O][CH3])[O][CH2][O]3)[CH2][CH2][N]1[CH3]
7211,[CH3][O][c]1[cH][c]([CH]=[CH][C]([OH])=[CH][C](=[O])[CH]=[CH][c]2[cH][cH][c]([O][CH]3[O][CH]([CH2][O][CH]4[O][CH]([CH2][OH])[CH]([OH])[CH]([OH])[CH]4[OH])[CH]([OH])[CH]([OH])[CH]3[OH])[c]([O][CH3])[cH]2)[cH][cH][c]1[OH]
7212,[CH3][O][c]1[cH][c]([CH]=[CH][C]([OH])=[CH][C](=[O])[CH]=[CH][c]2[cH][cH][c]([O][CH]3[O][CH]([CH2][O][CH]4[O][CH]([CH2][O][CH]5[O][CH]([CH2][OH])[CH]([OH])[CH]([OH])[CH]5[OH])[CH]([OH])[CH]([OH])[CH]4[OH])[CH]([OH])[CH]([OH])[CH]3[OH])[c]([O][CH3])[cH]2)[cH][cH][c]1[OH]
7213,[CH3][O][c]1[cH][c]([CH]=[CH][C]([OH])=[CH][C](=[O])[CH]=[CH][c]2[cH][cH][c]([O][CH]3[O][CH]([CH2][O][CH]4[O][CH]([CH2][O][CH]5[O][CH]([CH2][O][CH]6[O][CH]([CH2][OH])[CH]([OH])[CH]([OH])[CH]6[OH])[CH]([OH])[CH]([OH])[CH]5[OH])[CH]([OH])[CH]([OH])[CH]4[OH])[CH]([OH])[CH]([OH])[CH]3[OH])[c]([O][CH3])[cH]2)[cH][cH][c]1[OH]
7214,[cH]1[cH][c]2[c]([cH][c]1[CH]1[O][CH2][CH]3[CH]([c]4[cH][cH][c]5[c]([cH]4)[O][CH2][O]5)[O][CH2][CH]13)[O][CH2][O]2
7215,[OH][c]1[cH][c]2[c]([cH][c]1[CH]1[O][CH2][CH]3[CH]([c]4[cH][cH][c]5[c]([cH]4)[O][CH2][O]5)[O][CH2][CH]13)[O][CH2][O]2
7216,[OH][CH2][CH]1[O][CH]([O][c]2[cH][c]3[c]([cH][c]2[CH]2[O][CH2][CH]4[CH]([c]5[cH][cH][c]6[c]([cH]5)[O][CH2][O]6)[O][CH2][CH]24)[O][CH2][O]3)[CH]([OH])[CH]([OH])[CH]1[OH]
7217,[OH][CH2][CH]1[O][CH]([O][CH2][CH]2[O][CH]([O][c]3[cH][c]4[c]([cH][c]3[CH]3[O][CH2][CH]5[CH]([c]6[cH][cH][c]7[c]([cH]6)[O][CH2][O]7)[O][CH2][CH]35)[O][CH2][O]4)[CH]([OH])[CH]([OH])[CH]2[OH])[CH]([OH])[CH]([OH])[CH]1[OH]
7218,[OH][CH2][CH]1[O][CH]([O][CH2][CH]2[O][CH]([O][c]3[cH][c]4[c]([cH][c]3[CH]3[O][CH2][CH]5[CH]([c]6[cH][cH][c]7[c]([cH]6)[O][CH2][O]7)[O][CH2][CH]35)[O][CH2][O]4)[CH]([O][CH]3[O][CH]([CH2][OH])[CH]([OH])[CH]([OH])[CH]3[OH])[CH]([OH])[CH]2[OH])[CH]([OH])[CH]([OH])[CH]1[OH]
7219,[OH][CH2][CH]1[O][CH]([O][CH2][CH]2[O][CH]([O][CH2][CH]3[O][CH]([O][c]4[cH][c]5[c]([cH][c]4[CH]4[O][CH2][CH]6[CH]([c]7[cH][cH][c]8[c]([cH]7)[O][CH2][O]8)[O][CH2][CH]46)[O][CH2][O]5)[CH]([OH])[CH]([OH])[CH]3[OH])[CH]([OH])[CH]([OH])[CH]2[OH])[CH]([OH])[CH]([OH])[CH]1[OH]
7220,[O]=[c]1[c]([O][CH]2[O][CH]([CH2][OH])[CH]([OH])[CH]([OH])[CH]2[OH])[c](-[c]2[cH][c]([OH])[c]([OH])[c]([OH])[cH]2)[o][c]2[cH][c]([OH])[cH][c]([OH])[c]12
7221,[O]=[c]1[c]([O][CH]2[O][CH]([CH2][O][CH]3[O][CH]([CH2][OH])[CH]([OH])[CH]([OH])[CH]3[OH])[CH]([OH])[CH]([OH])[CH]2[OH])[c](-[c]2[cH][c]([OH])[c]([OH])[c]([OH])[cH]2)[o][c]2[cH][c]([OH])[cH][c]([OH])[c]12
7222,[CH3][O][c]1[cH][cH][c]2[c]([c]1[O][CH3])[CH2][N]([CH3])[CH]([OH])[CH2][c]1[cH][c]3[c]([cH][c]1[C](=[O])[CH2]2)[O][CH2][O]3
7223,[O]=[c]1[c]([O][CH]2[O][CH]([CH2][O][CH]3[O][CH]([CH2][OH])[CH]([OH])[CH]([OH])[CH]3[OH])[CH]([OH])[CH]([OH])[CH]2[OH])[c](-[c]2[cH][cH][c]([OH])[cH][cH]2)[o][c]2[cH][c]([OH])[cH][c]([OH])[c]12
7224,[CH3][O][c]1[cH][c]([OH])[c]2[c](=[O])[c]([O][CH3])[c](-[c]3[cH][cH][c]([O][CH3])[c]([O][CH3])[cH]3)[o][c]2[cH]1
7225,[CH3][O][c]1[cH][c]([OH])[c]2[c](=[O])[c]([O][CH3])[c](-[c]3[cH][cH][c]([O][CH3])[c]([OH])[c]3[OH])[o][c]2[cH]1
7226,[CH3][O][c]1[cH][c]([OH])[c]2[c](=[O])[c]([O][CH3])[c](-[c]3[cH][cH][c]([O][CH3])[c]([O][CH3])[c]3[OH])[o][c]2[cH]1
7227,[CH3][O][c]1[cH][cH][c](-[c]2[o][c]3[cH][c]([O][CH3])[c]([OH])[c]([OH])[c]3[c](=[O])[c]2[O][CH3])[cH][c]1[OH]
7228,[CH3][O][c]1[cH][cH][c](-[c]2[o][c]3[cH][c]([O][CH3])[c]([O][CH3])[c]([OH])[c]3[c](=[O])[c]2[O][CH3])[cH][c]1[OH]
7229,[CH3][O][c]1[cH][c]([OH])[c]2[c](=[O])[c]([O][CH3])[c](-[c]3[cH][cH][c]([O][CH3])[c]([OH])[c]3[O][CH]3[O][CH]([CH2][OH])[CH]([OH])[CH]([OH])[CH]3[OH])[o][c]2[cH]1
7230,[CH3][O][c]1[cH][c]([OH])[c]2[c](=[O])[c]([O][CH3])[c](-[c]3[cH][cH][c]([O][CH3])[c]([O][CH3])[c]3[O][CH]3[O][CH]([CH2][OH])[CH]([OH])[CH]([OH])[CH]3[OH])[o][c]2[cH]1
7231,[CH3][O][c]1[cH][cH][c](-[c]2[o][c]3[cH][c]([O][CH3])[c]([O][CH3])[c]([OH])[c]3[c](=[O])[c]2[O][CH3])[cH][c]1[O][CH3]
7232,[CH3][O][c]1[cH][cH][c](-[c]2[o][c]3[cH][c]([O][CH3])[c]([O][CH3])[c]([OH])[c]3[c](=[O])[c]2[O][CH3])[c]([OH])[c]1[OH]
7233,[CH3][O][c]1[cH][cH][c](-[c]2[o][c]3[cH][c]([O][CH3])[c]([O][CH3])[c]([OH])[c]3[c](=[O])[c]2[O][CH3])[c]([OH])[c]1[O][CH3]
7234,[CH3][O][c]1[cH][cH][c](-[c]2[o][c]3[cH][c]([O][CH3])[c]([O][CH3])[c]([OH])[c]3[c](=[O])[c]2[O][CH3])[c]([OH])[c]1[O][CH]1[O][CH]([CH2][OH])[CH]([OH])[CH]([OH])[CH]1[OH]
7235,[CH3][O][c]1[cH][cH][c](-[c]2[o][c]3[cH][c]([O][CH3])[c]([O][CH3])[c]([OH])[c]3[c](=[O])[c]2[O][CH3])[c]([O][CH3])[c]1[O][CH]1[O][CH]([CH2][OH])[CH]([OH])[CH]([OH])[CH]1[OH]
7236,[NH2][c]1[cH][c]([CH]=[O])[cH][cH][c]1[OH]
7237,[CH3][C]([OH])=[N][CH]([CH2][S][c]1[c]2[n][c]3[cH][c]([CH]=[O])[cH][cH][c]3[o][c]-2[cH][c](=[O])[c]1[NH2])[C](=[O])[OH]
7238,[CH3][C]([OH])=[N][c]1[cH][c]([C](=[O])[OH])[cH][cH][c]1[OH]
7239,[CH3][C]([OH])=[N][c]1[cH][c]([CH]=[O])[cH][cH][c]1[OH]
7240,[CH3][O][c]1[cH][cH][c](-[c]2[o][c]3[cH][c]([O][CH3])[c]([OH])[c]([OH])[c]3[c](=[O])[c]2[O][CH3])[cH][c]1[O][CH]1[O][CH]([CH2][OH])[CH]([OH])[CH]([OH])[CH]1[OH]
7241,[CH3][O][c]1[cH][cH][c](-[c]2[o][c]3[cH][c]([O][CH3])[c]([O][CH3])[c]([OH])[c]3[c](=[O])[c]2[O][CH3])[cH][c]1[O][CH]1[O][CH]([CH2][OH])[CH]([OH])[CH]([OH])[CH]1[OH]
7242,[CH3][O][c]1[cH][cH][c](-[c]2[o][c]3[cH][c]([O][CH3])[c]([O][CH3])[c]([OH])[c]3[c](=[O])[c]2[O][CH3])[c]([O][CH3])[c]1[OH]
7243,[CH2]=[C]([CH3])[CH]([CH3])[CH2][CH2][CH]([CH3])[CH]1[CH2][CH2][CH]2[C]3=[CH][CH2][CH]4[CH2][CH]([OH])[CH2][CH2][C]4([CH3])[CH]3[CH2][CH2][C]21[CH3]
7244,[CH2]=[C]([CH3])[CH]([CH3])[CH2][CH2][CH]([CH3])[CH]1[CH2][CH2][CH]2[C]3=[C]([CH2][CH2][C]21[CH3])[C]1([CH3])[CH2][CH2][CH]([OH])[CH2][CH]1[CH2][CH2]3
7245,[CH3][CH]([CH3])[CH]([CH3])[CH2][CH2][CH]([CH3])[CH]1[CH2][CH2][CH]2[C]3=[CH][CH2][CH]4[CH2][CH]([OH])[CH2][CH2][C]4([CH3])[CH]3[CH2][CH2][C]21[CH3]
7246,[CH3][CH]([CH3])[CH]([CH3])[CH2][CH2][CH]([CH3])[CH]1[CH2][CH2][CH]2[C]3=[CH][CH]=[C]4[CH2][CH]([OH])[CH2][CH2][C]4([CH3])[CH]3[CH2][CH2][C]21[CH3]
7247,[CH3][CH2][CH]([CH]=[CH][CH]([CH3])[CH]1[CH2][CH2][CH]2[C]3=[CH][CH]=[C]4[CH2][CH]([OH])[CH2][CH2][C]4([CH3])[CH]3[CH2][CH2][C]21[CH3])[CH]([CH3])[CH3]
7248,[CH3][CH2][CH]([CH2][CH2][CH]([CH3])[CH]1[CH2][CH2][CH]2[C]3=[CH][CH]=[C]4[CH2][CH]([OH])[CH2][CH2][C]4([CH3])[CH]3[CH2][CH2][C]21[CH3])[CH]([CH3])[CH3]
7249,[CH3][CH2][CH]([CH2][CH2][CH]([CH3])[CH]1[CH2][CH2][CH]2[C]3=[CH][CH2][CH]4[CH2][CH]([OH])[CH2][CH2][C]4([CH3])[CH]3[CH2][CH2][C]21[CH3])[CH]([CH3])[CH3]
7250,[CH2]=[C]([CH3])[CH]([CH2][CH3])[CH2][CH2][CH]([CH3])[CH]1[CH2][CH2][CH]2[C]3=[CH][CH2][CH]4[CH2][CH]([OH])[CH2][CH2][C]4([CH3])[CH]3[CH2][CH2][C]21[CH3]
7251,[CH2]=[C]([CH3])[CH]([CH2][CH3])[CH2][CH2][CH]([CH3])[CH]1[CH2][CH2][CH]2[C]3=[C]([CH2][CH2][C]21[CH3])[C]1([CH3])[CH2][CH2][CH]([OH])[CH2][CH]1[CH2][CH2]3
7252,[O]=[c]1[c]([OH])[c](-[c]2[cH][cH][c]([OH])[c]([OH])[cH]2)[o][c]2[cH][c]([OH])[c]([OH])[c]([OH])[c]12
7253,[O]=[c]1[c]([OH])[c](-[c]2[cH][cH][c]([OH])[c]([OH])[cH]2)[o][c]2[cH][c]([O][CH]3[O][CH]([CH2][OH])[CH]([OH])[CH]([OH])[CH]3[OH])[c]([OH])[c]([OH])[c]12
7254,[CH3][O][c]1[c]([OH])[cH][c]2[o][c](-[c]3[cH][cH][c]([OH])[c]([OH])[cH]3)[c]([OH])[c](=[O])[c]2[c]1[OH]
7255,[CH3][O][c]1[c]([O][CH]2[O][CH]([CH2][OH])[CH]([OH])[CH]([OH])[CH]2[OH])[cH][c]2[o][c](-[c]3[cH][cH][c]([OH])[c]([OH])[cH]3)[c]([OH])[c](=[O])[c]2[c]1[OH]
7256,[CH3][O][c]1[cH][c]2[o][c](-[c]3[cH][cH][c]([OH])[c]([OH])[cH]3)[c]([OH])[c](=[O])[c]2[c]([OH])[c]1[O][CH3]
7257,[CH3][O][c]1[cH][c]2[o][c](-[c]3[cH][cH][c]([OH])[c]([OH])[cH]3)[c]([O][CH]3[O][CH]([CH2][OH])[CH]([OH])[CH]([OH])[CH]3[OH])[c](=[O])[c]2[c]([OH])[c]1[O][CH3]
7258,[CH3][O][c]1[cH][c]2[o][c](-[c]3[cH][cH][c]([OH])[c]([OH])[cH]3)[c]([O][CH]3[O][CH]([CH3])[CH]([OH])[CH]([OH])[CH]3[OH])[c](=[O])[c]2[c]([OH])[c]1[O][CH3]
7259,[CH3][O][c]1[cH][c]([OH])[c]2[c](=[O])[c]([OH])[c](-[c]3[cH][cH][c]([OH])[c]([OH])[cH]3)[o][c]2[cH]1
7260,[CH3][O][c]1[cH][c]([OH])[c]2[c](=[O])[c]([OH])[c](-[c]3[cH][c]([OH])[c]([OH])[c]([OH])[cH]3)[o][c]2[cH]1
7261,[CH3][O][c]1[cH][c]([OH])[c]2[c](=[O])[c]([OH])[c](-[c]3[cH][c]([OH])[c]([O][CH3])[c]([OH])[cH]3)[o][c]2[cH]1
7262,[CH3][O][c]1[c](-[c]2[cH][c]([OH])[c]([OH])[c]([OH])[cH]2)[o][c]2[cH][c]([OH])[cH][c]([OH])[c]2[c]1=[O]
7263,[CH3][O][c]1[cH][c](-[c]2[o][c]3[cH][c]([OH])[cH][c]([OH])[c]3[c](=[O])[c]2[O][CH3])[cH][c]([OH])[c]1[OH]
7264,[CH3][O][c]1[cH][c](-[c]2[o][c]3[cH][c]([OH])[cH][c]([OH])[c]3[c](=[O])[c]2[OH])[cH][c]([OH])[c]1[O][CH3]
7265,[CH3][O][c]1[cH][c](-[c]2[o][c]3[cH][c]([OH])[cH][c]([OH])[c]3[c](=[O])[c]2[OH])[cH][c]([O][CH3])[c]1[O][CH3]
7266,[CH3][O][c]1[cH][c]([OH])[c]2[c](=[O])[c]([OH])[c](-[c]3[cH][c]([O][CH3])[c]([O][CH3])[c]([O][CH3])[cH]3)[o][c]2[cH]1
7267,[CH3][O][c]1[cH][c](-[c]2[o][c]3[cH][c]([OH])[cH][c]([OH])[c]3[c](=[O])[c]2[O][CH3])[cH][c]([O][CH3])[c]1[O][CH3]
7268,[CH3][O][c]1[cH][c]([OH])[c]2[c](=[O])[c]([OH])[c](-[c]3[cH][c]([O][CH3])[c]([OH])[c]([O][CH3])[cH]3)[o][c]2[cH]1
7269,[CH3][O][c]1[cH][c](-[c]2[o][c]3[cH][c]([OH])[cH][c]([OH])[c]3[c](=[O])[c]2[O][CH3])[cH][c]([O][CH3])[c]1[OH]
7270,[CH3][O][c]1[cH][c]([OH])[c]2[c](=[O])[c]([O][CH3])[c](-[c]3[cH][c]([OH])[c]([OH])[c]([OH])[cH]3)[o][c]2[cH]1
7271,[CH3][O][c]1[cH][c]([OH])[c]2[c](=[O])[c]([O][CH3])[c](-[c]3[cH][c]([OH])[c]([OH])[c]([O][CH3])[cH]3)[o][c]2[cH]1
7272,[CH3][O][c]1[cH][c]([OH])[c]2[c](=[O])[c]([O][CH3])[c](-[c]3[cH][c]([O][CH3])[c]([OH])[c]([O][CH3])[cH]3)[o][c]2[cH]1
7273,[CH3][O][c]1[cH][c]([OH])[c]2[c](=[O])[c]([O][CH3])[c](-[c]3[cH][c]([O][CH3])[c]([O][CH3])[c]([O][CH3])[cH]3)[o][c]2[cH]1
7274,[CH3][O][c]1[cH][c]([OH])[c]2[c](=[O])[c]([OH])[c](-[c]3[cH][cH][c]([OH])[c]([O][CH3])[cH]3)[o][c]2[cH]1
7275,[CH3][O][c]1[cH][c]([OH])[c]2[c](=[O])[c]([OH])[c](-[c]3[cH][cH][c]([O][CH3])[c]([OH])[cH]3)[o][c]2[cH]1
7276,[CH3][O][c]1[cH][cH][c](-[c]2[o][c]3[cH][c]([O][CH3])[cH][c]([OH])[c]3[c](=[O])[c]2[OH])[cH][cH]1
7277,[CH3][O][c]1[cH][cH][c](-[c]2[o][c]3[cH][c]([OH])[cH][c]([OH])[c]3[c](=[O])[c]2[O][CH]2[O][CH]([CH2][OH])[CH]([OH])[CH]([OH])[CH]2[OH])[cH][cH]1
7278,[CH3][O][c]1[cH][cH][c](-[c]2[o][c]3[cH][c]([OH])[cH][c]([OH])[c]3[c](=[O])[c]2[O][CH]2[O][CH]([CH2][O][CH]3[O][CH]([CH3])[CH]([OH])[CH]([OH])[CH]3[OH])[CH]([OH])[CH]([OH])[CH]2[OH])[cH][cH]1
7279,[CH3][O][c]1[cH][cH][c](-[c]2[o][c]3[cH][c]([OH])[cH][c]([OH])[c]3[c](=[O])[c]2[O][CH]2[O][CH]([CH2][O][CH]3[O][CH]([CH3])[CH]([OH])[CH]([OH])[CH]3[OH])[CH]([OH])[CH]([OH])[CH]2[O][CH]2[O][CH]([CH2][OH])[CH]([OH])[CH]([OH])[CH]2[OH])[cH][cH]1
7280,[CH3][CH2][CH]=[CH][CH2][CH]([OH])[CH]=[CH][CH]=[CH][CH2][CH2][CH2][CH2][CH2][CH2][CH2][C](=[O])[OH]
7281,[O]=[C]([CH]=[CH][c]1[cH][cH][c]([OH])[cH][cH]1)[O][CH]1[CH]([CH2][OH])[O][CH]([O][c]2[c](-[c]3[cH][cH][c]([OH])[cH][cH]3)[o][c]3[cH][c]([OH])[cH][c]([OH])[c]3[c]2=[O])[CH]([OH])[CH]1[OH]
7282,[O]=[C]([CH]=[CH][c]1[cH][cH][c]([OH])[cH][cH]1)[O][CH]1[CH]([OH])[CH]([CH2][OH])[O][CH]([O][c]2[c](-[c]3[cH][cH][c]([OH])[cH][cH]3)[o][c]3[cH][c]([OH])[cH][c]([OH])[c]3[c]2=[O])[CH]1[OH]
7283,[CH3][O][c]1[cH][c]([CH]=[CH][C](=[O])[O][CH2][CH]2[O][CH]([O][c]3[c](-[c]4[cH][cH][c]([OH])[cH][cH]4)[o][c]4[cH][c]([OH])[cH][c]([OH])[c]4[c]3=[O])[CH]([OH])[CH]([OH])[CH]2[OH])[cH][cH][c]1[OH]
7284,[CH3][O][c]1[cH][c]([CH]=[CH][C](=[O])[O][CH2][CH]2[O][CH]([O][c]3[c](-[c]4[cH][cH][c]([OH])[cH][cH]4)[o][c]4[cH][c]([OH])[cH][c]([OH])[c]4[c]3=[O])[CH]([OH])[CH]([O][C](=[O])[CH]=[CH][c]3[cH][cH][c]([OH])[cH][cH]3)[CH]2[OH])[cH][cH][c]1[OH]
7285,[CH2]=[CH][C]1=[C]([CH3])[C](=[CH][C]2=[N][C](=[CH][c]3[nH][c]([CH]=[C]4[NH][C](=[O])[CH]([CH3])[C]4=[CH][CH3])[c]([CH3])[c]3[CH2][CH2][C](=[O])[OH])[C]([CH2][CH2][C](=[O])[OH])=[C]2[CH3])[NH][C]1=[O]
7286,[CH3][O][c]1[cH][c](-[c]2[o][c]3[cH][c]([OH])[cH][c]([OH])[c]3[c](=[O])[c]2[O][CH]2[O][CH]([CH2][O][C](=[O])[CH]=[CH][c]3[cH][cH][c]([OH])[cH][cH]3)[CH]([OH])[CH]([OH])[CH]2[OH])[cH][cH][c]1[OH]
7287,[CH3][O][c]1[cH][c](-[c]2[o][c]3[cH][c]([OH])[cH][c]([OH])[c]3[c](=[O])[c]2[O][CH]2[O][CH]([CH2][O][C](=[O])[CH]=[CH][c]3[cH][cH][c]([OH])[cH][cH]3)[CH]([OH])[CH]([O][C](=[O])[CH]=[CH][c]3[cH][cH][c]([OH])[cH][cH]3)[CH]2[OH])[cH][cH][c]1[OH]
7288,[CH3][O][c]1[cH][c]([CH]=[CH][C](=[O])[O][CH2][CH]2[O][CH]([O][c]3[c](-[c]4[cH][cH][c]([OH])[c]([O][CH3])[cH]4)[o][c]4[cH][c]([OH])[cH][c]([OH])[c]4[c]3=[O])[CH]([OH])[CH]([OH])[CH]2[OH])[cH][cH][c]1[OH]
7289,[CH3][O][c]1[cH][c]([CH]=[CH][C](=[O])[O][CH2][CH]2[O][CH]([O][c]3[c](-[c]4[cH][cH][c]([OH])[c]([O][CH3])[cH]4)[o][c]4[cH][c]([OH])[cH][c]([OH])[c]4[c]3=[O])[CH]([OH])[CH]([O][C](=[O])[CH]=[CH][c]3[cH][cH][c]([OH])[cH][cH]3)[CH]2[OH])[cH][cH][c]1[OH]
7290,[O]=[C]([CH]=[CH][c]1[cH][cH][c]([OH])[cH][cH]1)[O][CH]1[CH]([CH2][OH])[O][CH]([O][c]2[c](-[c]3[cH][cH][c]([OH])[c]([OH])[cH]3)[o][c]3[cH][c]([OH])[cH][c]([OH])[c]3[c]2=[O])[CH]([OH])[CH]1[OH]
7291,[O]=[C]([CH]=[CH][c]1[cH][cH][c]([OH])[cH][cH]1)[O][CH]1[CH]([OH])[CH]([CH2][OH])[O][CH]([O][c]2[c](-[c]3[cH][cH][c]([OH])[c]([OH])[cH]3)[o][c]3[cH][c]([OH])[cH][c]([OH])[c]3[c]2=[O])[CH]1[OH]
7292,[O]=[C]([CH]=[CH][c]1[cH][cH][c]([OH])[cH][cH]1)[O][CH2][CH]1[O][CH]([O][c]2[c](-[c]3[cH][cH][c]([OH])[c]([OH])[cH]3)[o][c]3[cH][c]([OH])[cH][c]([OH])[c]3[c]2=[O])[CH]([OH])[CH]([OH])[CH]1[OH]
7293,[O]=[C]([CH]=[CH][c]1[cH][cH][c]([OH])[cH][cH]1)[O][CH2][CH]1[O][CH]([O][c]2[c](-[c]3[cH][cH][c]([OH])[c]([OH])[cH]3)[o][c]3[cH][c]([OH])[cH][c]([OH])[c]3[c]2=[O])[CH]([OH])[CH]([O][C](=[O])[CH]=[CH][c]2[cH][cH][c]([OH])[cH][cH]2)[CH]1[OH]
7294,[NH]=[c]1[n][c]([OH])[c]2[n][c]([OH])[n]([CH]3[O][CH]([CH2][O][P](=[O])([OH])[O][P](=[O])([OH])[OH])[CH]([OH])[CH]3[OH])[c]2[nH]1
7295,[CH3][S][CH2][C](=[O])[CH]([OH])[CH]([OH])[CH2][O][P](=[O])([OH])[OH]
7296,[CH3][CH]1[O][CH]([O][c]2[cH][c]([OH])[c]3[c](=[O])[c]([O][CH]4[O][CH]([CH2][O][CH]5[O][CH]([CH2][OH])[CH]([OH])[CH]([OH])[CH]5[OH])[CH]([OH])[CH]([OH])[CH]4[OH])[c](-[c]4[cH][cH][c]([OH])[cH][cH]4)[o][c]3[cH]2)[CH]([OH])[CH]([OH])[CH]1[OH]
7297,[O]=[c]1[c]([O][CH]2[O][CH]([CH2][OH])[CH]([OH])[CH]([OH])[CH]2[O][CH]2[O][CH]([CH2][OH])[CH]([OH])[CH]([OH])[CH]2[OH])[c](-[c]2[cH][cH][c]([OH])[cH][cH]2)[o][c]2[cH][c]([OH])[cH][c]([OH])[c]12
7298,[CH3][CH]1[O][CH]([O][c]2[cH][c]([OH])[c]3[c](=[O])[c]([O][CH]4[O][CH]([CH2][OH])[CH]([OH])[CH]([OH])[CH]4[O][CH]4[O][CH]([CH2][OH])[CH]([OH])[CH]([OH])[CH]4[OH])[c](-[c]4[cH][cH][c]([OH])[cH][cH]4)[o][c]3[cH]2)[CH]([OH])[CH]([OH])[CH]1[OH]
7299,[CH3][CH]1[O][CH]([O][c]2[cH][c]([OH])[c]3[c](=[O])[c]([O][CH]4[O][CH]([CH2][O][CH]5[O][CH]([CH2][OH])[CH]([OH])[CH]([OH])[CH]5[OH])[CH]([OH])[CH]([OH])[CH]4[OH])[c](-[c]4[cH][cH][c]([OH])[c]([OH])[cH]4)[o][c]3[cH]2)[CH]([OH])[CH]([OH])[CH]1[OH]
7300,[CH3][C]1=[CH][O][CH]([OH])[CH]2[CH]([CH3])[CH2][CH2][CH]12
7301,[CH3][C]([CH]=[CH][CH]=[C]([CH3])[CH]=[CH][C]1=[C]([CH3])[CH2][CH]([OH])[CH2][C]1([CH3])[CH3])=[CH][CH]=[CH][CH]=[C]([CH3])[CH]=[CH][CH]=[C]([CH3])[CH]=[CH][C]1=[C]([CH3])[CH2][CH]([OH])[CH]([OH])[C]1([CH3])[CH3]
7302,[CH3][C]([CH]=[CH][CH]=[C]([CH3])[CH]=[CH][C]1=[C]([CH3])[CH2][CH]([OH])[CH]([OH])[C]1([CH3])[CH3])=[CH][CH]=[CH][CH]=[C]([CH3])[CH]=[CH][CH]=[C]([CH3])[CH]=[CH][C]1=[C]([CH3])[CH2][CH]([OH])[CH]([OH])[C]1([CH3])[CH3]
7303,[CH3][C]([CH]=[CH][CH]=[C]([CH3])[CH]=[CH][C]1=[C]([CH3])[CH2][CH2][CH]([OH])[C]1([CH3])[CH3])=[CH][CH]=[CH][CH]=[C]([CH3])[CH]=[CH][CH]=[C]([CH3])[CH]=[CH][C]1=[C]([CH3])[CH2][CH2][CH]([OH])[C]1([CH3])[CH3]
7304,[CH3][C]([OH])=[N][CH]1[CH]([OH])[O][CH]([CH2][OH])[CH]([OH])[CH]1[O][CH]1[O][C]([C](=[O])[OH])=[CH][CH]([OH])[CH]1[O][S](=[O])(=[O])[OH]
7305,[O]=[CH][CH]([O][S](=[O])(=[O])[OH])[CH]([OH])[CH2][C](=[O])[C](=[O])[OH]
7306,[NH2][CH2][c]1[cH][c]([CH2][O][c]2[cH][cH][c]([CH2][CH2][N]=[C]([OH])[CH2][CH2][CH]([N]=[C]([OH])[CH2][CH2][CH]([N]=[C]([OH])[CH2][CH2][CH]([C](=[O])[OH])[CH]([CH2][CH2][C](=[O])[OH])[C](=[O])[OH])[C](=[O])[OH])[C](=[O])[OH])[cH][cH]2)[cH][o]1
7307,[O]=[C]([OH])[CH2][CH2][CH]([C](=[O])[OH])[CH]([CH2][CH2][C]([OH])=[N][CH]([CH2][CH2][C]([OH])=[N][CH]([CH2][CH2][C]([OH])=[N][CH2][CH2][c]1[cH][cH][c]([O][CH2][c]2[cH][o][c]([CH2][N]=[CH][OH])[cH]2)[cH][cH]1)[C](=[O])[OH])[C](=[O])[OH])[C](=[O])[OH]
7308,[CH2]=[CH][C]([CH3])([OH])[CH2][CH2][C]1([CH3])[CH]([CH3])[CH2][CH]=[C]2[CH]1[CH2][CH2][CH2][C]2([CH3])[CH3]
7309,[CH3][C](=[O])[C](=[O])[c]1[cH][cH][cH][cH][cH]1
7310,[CH3][CH]([OH])[C](=[O])[c]1[cH][cH][cH][cH][cH]1
7311,[O]=[C]([OH])[CH]1[O][CH]([O][c]2[cH][c]3[o][c](-[c]4[cH][cH][c]([OH])[cH][cH]4)[cH][c](=[O])[c]3[c]([OH])[c]2[OH])[CH]([OH])[CH]([OH])[CH]1[OH]
7312,[O]=[c]1[cH][c](-[c]2[cH][cH][c]([OH])[cH][cH]2)[o][c]2[cH][c]([OH])[c]([OH])[c]([OH])[c]12
7313,[CH3][O][c]1[c]([O][CH]2[O][CH]([C](=[O])[OH])[CH]([OH])[CH]([OH])[CH]2[OH])[cH][c]([OH])[c]2[c](=[O])[cH][c](-[c]3[cH][cH][cH][cH][cH]3)[o][c]12
7314,[CH3][O][c]1[c]([OH])[cH][c]([OH])[c]2[c](=[O])[cH][c](-[c]3[cH][cH][cH][cH][cH]3)[o][c]12
7315,[CH3][O][c]1[cH][c]([CH]=[CH][C](=[O])[OH])[c]([OH])[cH][c]1[OH]
7316,[O]=[C]1[CH2][C]([OH])([c]2[cH][cH][c]([OH])[c]([OH])[cH]2)[O][c]2[cH][c]([OH])[cH][c]([OH])[c]21
7317,[O]=[C]([CH2][C](=[O])[c]1[c]([OH])[cH][c]([OH])[cH][c]1[OH])[c]1[cH][cH][c]([OH])[c]([OH])[cH]1
7318,[O]=[C]([CH2][C](=[O])[c]1[c]([OH])[cH][c]([OH])[c]([CH]2[O][CH]([CH2][OH])[CH]([OH])[CH]([OH])[CH]2[OH])[c]1[OH])[c]1[cH][cH][c]([OH])[c]([OH])[cH]1
7319,[O]=[c]1[cH][c](-[c]2[cH][cH][c]([OH])[c]([OH])[cH]2)[o][c]2[c]([CH]3[O][CH]([CH2][OH])[CH]([OH])[CH]([OH])[CH]3[OH])[c]([OH])[cH][c]([OH])[c]12
7320,[O]=[C]1[CH2][C]([OH])([c]2[cH][cH][cH][cH][cH]2)[O][c]2[cH][c]([OH])[cH][c]([OH])[c]21
7321,[O]=[C]([CH2][C](=[O])[c]1[c]([OH])[cH][c]([OH])[cH][c]1[OH])[c]1[cH][cH][cH][cH][cH]1
7322,[O]=[C]([CH2][C](=[O])[c]1[c]([OH])[cH][c]([OH])[c]([CH]2[O][CH]([CH2][OH])[CH]([OH])[CH]([OH])[CH]2[OH])[c]1[OH])[c]1[cH][cH][cH][cH][cH]1
7323,[O]=[c]1[cH][c](-[c]2[cH][cH][cH][cH][cH]2)[o][c]2[c]([CH]3[O][CH]([CH2][OH])[CH]([OH])[CH]([OH])[CH]3[OH])[c]([OH])[cH][c]([OH])[c]12
7324,[O]=[c]1[cH][c](-[c]2[cH][cH][cH][cH][cH]2)[o][c]2[cH][c]([OH])[c]([CH]3[O][CH]([CH2][OH])[CH]([OH])[CH]([OH])[CH]3[OH])[c]([OH])[c]12
7325,[O]=[CH][CH]([OH])[CH]([OH])[CH]([OH])[CH2][OH]
7326,[CH3][CH]([CH3])[CH2][CH2][CH2][CH]([CH3])[CH2][CH2][CH2][CH]([CH3])[CH2][CH2][CH2][CH]([CH3])[CH]=[O]
7327,[CH3][CH2][CH2][CH2][CH2][CH2][CH2][CH2][CH2][CH2][CH2][CH2][CH2][CH]([CH3])[CH]=[O]
7328,[CH3][CH2][CH2][CH2][CH2][CH2][CH2][CH2][CH2][CH2][CH2][CH2][CH2][CH]([CH3])[CH]([OH])[C](=[O])[S][CH2][CH2][N]=[C]([OH])[CH2][CH2][N]=[C]([OH])[CH]([OH])[C]([CH3])([CH3])[CH2][O][P](=[O])([OH])[O][P](=[O])([OH])[O][CH2][CH]1[O][CH]([n]2[cH][n][c]3[c]([NH2])[n][cH][n][c]32)[CH]([OH])[CH]1[O][P](=[O])([OH])[OH]
7329,[O]=[c]1[c]([O][CH]2[O][CH]([CH2][OH])[CH]([OH])[CH]([OH])[CH]2[OH])[c](-[c]2[cH][cH][c]([OH])[c]([OH])[cH]2)[o][c]2[cH][c]([OH])[cH][c]([OH])[c]12
7330,[O]=[c]1[c]([O][CH]2[O][CH]([CH2][OH])[CH]([OH])[CH]([OH])[CH]2[O][CH]2[O][CH]([CH2][OH])[CH]([OH])[CH]([OH])[CH]2[OH])[c](-[c]2[cH][cH][c]([OH])[c]([OH])[cH]2)[o][c]2[cH][c]([OH])[cH][c]([OH])[c]12
7331,[CH3][O][c]1[c]([OH])[cH][c]2[o][c](-[c]3[cH][cH][cH][cH][cH]3)[cH][c](=[O])[c]2[c]1[OH]
7332,[CH3][O][c]1[c]([O][CH]2[O][CH]([C](=[O])[OH])[CH]([OH])[CH]([OH])[CH]2[OH])[cH][c]2[o][c](-[c]3[cH][cH][cH][cH][cH]3)[cH][c](=[O])[c]2[c]1[OH]
7333,[OH][CH2][CH]([OH])[CH]1[O][CH]([OH])[CH]([OH])[CH]1[OH]
7334,[O]=[C]1[CH]([OH])[CH]([OH])[CH]([OH])[CH]([OH])[CH]1[OH]
7335,[NH]=[c]1[nH][c]([OH])[n][cH][c]1[F]
7336,[CH3][CH2][C]([CH3])([OH])[C]#[N]
7337,[OH][c]1[cH][cH][c]2[n][cH][cH][cH][c]2[cH]1
7338,[O]=[c]1[cH][cH][c]2[cH][c]([OH])[cH][cH][c]2[nH]1
7339,[OH][c]1[cH][cH][c]2[cH][cH][cH][n][c]2[cH]1
7340,[OH][c]1[cH][cH][c]2[cH][cH][c]([OH])[n][c]2[cH]1
7341,[CH3][c]1[cH][cH][n][c]2[cH][cH][cH][cH][c]12
7342,[CH3][c]1[cH][c]([OH])[n][c]2[cH][cH][cH][cH][c]12
7343,[CH3][c]1[cH][cH][cH][c]2[cH][cH][cH][n][c]12
7344,[CH3][c]1[cH][cH][cH][c]2[cH][cH][c]([OH])[n][c]12
7345,[Cl][c]1[cH][cH][cH][c]2[cH][cH][cH][n][c]12
7346,[OH][c]1[cH][cH][c]2[cH][cH][cH][c]([Cl])[c]2[n]1
7347,[CH3][O][c]1[cH][cH][cH][c]([OH])[cH]1
7348,[O]=[C]([OH])[CH]1[CH2][CH2][CH2][NH][CH2]1
7349,[NH]=[C]([OH])[CH]1[CH2][CH2][CH2][NH][CH2]1
7350,[CH3][C]([CH3])([CH3])[N]=[C]([OH])[CH]1[CH2][NH][CH2][CH2][NH]1
7351,[CH3][C]([CH3])([CH3])[NH2]
7352,[O]=[c]1[cH][cH][c]2[cH][c]([O][CH]3[O][CH]([CH2][OH])[CH]([OH])[CH]([OH])[CH]3[OH])[c]([OH])[cH][c]2[o]1
7353,[NH2][CH]([CH2][c]1[cH][c]([OH])[c]2[c]([cH]1)[S][CH2][CH]([C](=[O])[OH])[NH]2)[C](=[O])[OH]
7354,[NH]=[c]1[n][c]([OH])[n]([CH]2[O][CH]([CH2][O][P](=[O])([OH])[OH])[CH]([OH])[CH]2[OH])[cH][c]1[OH]
7355,[NH]=[c]1[n][c]([OH])[n]([CH]2[O][CH]([CH2][O][P](=[O])([OH])[O][P](=[O])([OH])[O][P](=[O])([OH])[OH])[CH]([OH])[CH]2[OH])[cH][c]1[OH]
7356,[O]=[CH][CH2][CH]([OH])[CH]([OH])[CH2][OH]
7357,[O]=[c]1[cH][c](-[c]2[cH][cH][cH][cH][cH]2)[o][c]2[cH][c]([O][CH]3[O][CH]([CH2][OH])[CH]([OH])[CH]([OH])[CH]3[OH])[c]([OH])[c]([OH])[c]12
7358,[CH3][O][c]1[c]([O][CH]2[O][CH]([CH2][OH])[CH]([OH])[CH]([OH])[CH]2[OH])[cH][c]([OH])[c]2[c](=[O])[cH][c](-[c]3[cH][cH][cH][cH][cH]3)[o][c]12
7359,[CH3][C](=[CH][CH2][O][P](=[O])([OH])[O][P](=[O])([OH])[OH])[CH2][CH2][CH]1[C]([CH3])=[CH][CH2][CH]2[C]([CH3])([CH3])[CH2][CH2][CH2][C]12[CH3]
7360,[CH3][C](=[CH][CH2][OH])[CH2][CH2][CH]1[C]([CH3])=[CH][CH2][CH]2[C]([CH3])([CH3])[CH2][CH2][CH2][C]12[CH3]
7361,[O]=[C]([OH])[CH]1[CH2][CH]([OH])[CH2][NH]1
7362,[CH3][CH]([CH2][CH2][CH]([OH])[CH]([CH3])[CH3])[CH2][C](=[O])[OH]
7363,[CH3][C]1=[C]2[N]=[C]([CH]=[C]3[N]=[C]([C]([CH3])=[C]4[NH][C]([CH3])([CH]5[N]=[C]1[C]([CH3])([CH2][CH2][C](=[O])[OH])[CH]5[CH2][C](=[O])[OH])[C]([CH3])([CH2][C](=[O])[OH])[CH]4[CH2][CH2][C](=[O])[OH])[C]([CH3])([CH2][C](=[NH])[OH])[CH]3[CH2][CH2][C](=[O])[OH])[C]([CH3])([CH3])[CH]2[CH2][CH2][C](=[O])[OH]
7364,[CH2]=[CH][C]([CH3])([CH]=[CH][CH]([CH3])[CH2][CH2][CH]=[C]([CH3])[CH2][CH2][CH]=[C]([CH3])[CH3])[CH2][CH2][CH]=[C]([CH3])[CH2][CH2][CH]([CH3])[C](=[CH2])[CH3]
7365,[CH3][C]([OH])=[N][CH]1[CH]([OH])[O][CH]([CH2][OH])[CH]([OH])[CH]1[O][CH]([CH3])[C]([OH])=[N][CH]([CH3])[C](=[O])[OH]
7366,[CH3][CH2][CH2][CH2][CH2][CH]([OH])[CH2][C](=[O])[S][CH2][CH2][N]=[C]([OH])[CH2][CH2][N]=[C]([OH])[CH]([OH])[C]([CH3])([CH3])[CH2][O][P](=[O])([OH])[O][P](=[O])([OH])[O][CH2][CH]1[O][CH]([n]2[cH][n][c]3[c]([NH2])[n][cH][n][c]32)[CH]([OH])[CH]1[O][P](=[O])([OH])[OH]
7367,[CH3][C]1([CH3])[CH2][CH]2[C]3=[CH][CH2][CH]4[C]5([CH3])[CH2][CH2][CH]([O][CH]6[O][CH]([C](=[O])[OH])[CH]([OH])[CH]([OH])[CH]6[OH])[C]([CH3])([CH2][OH])[CH]5[CH2][CH2][C]4([CH3])[C]3([CH3])[CH2][CH2][C]2([CH3])[CH]([OH])[CH]1[OH]
7368,[CH3][C]1([CH3])[CH2][CH]2[C]3=[CH][CH2][CH]4[C]5([CH3])[CH2][CH2][CH]([OH])[C]([CH3])([CH2][OH])[CH]5[CH2][CH2][C]4([CH3])[C]3([CH3])[CH2][CH2][C]2([CH3])[CH]([OH])[CH]1[OH]
7369,[CH3][C]1([CH3])[CH2][C](=[O])[C]2([CH3])[CH2][CH2][C]3([CH3])[C](=[CH][CH2][CH]4[C]5([CH3])[CH2][CH2][CH]([O][CH]6[O][CH]([C](=[O])[OH])[CH]([OH])[CH]([OH])[CH]6[OH])[C]([CH3])([CH2][OH])[CH]5[CH2][CH2][C]43[CH3])[CH]2[CH2]1
7370,[CH3][C]1([CH3])[CH2][C](=[O])[C]2([CH3])[CH2][CH2][C]3([CH3])[C](=[CH][CH2][CH]4[C]5([CH3])[CH2][CH2][CH]([OH])[C]([CH3])([CH2][OH])[CH]5[CH2][CH2][C]43[CH3])[CH]2[CH2]1
7371,[CH3][C]([CH3])=[CH][CH2][CH2][C]([CH3])=[CH][CH2][CH2][C]([CH3])=[CH][CH2][CH2][C]([CH3])=[CH][CH2][CH2][C]([CH3])=[CH][CH2][CH2][C]([CH3])=[CH][CH2][c]1[cH][c]([C](=[O])[OH])[cH][c]([OH])[c]1[NH2]
7372,[CH3][C]([CH3])=[CH][CH2][CH2][C]([CH3])=[CH][CH2][CH2][C]([CH3])=[CH][CH2][CH2][C]([CH3])=[CH][CH2][CH2][C]([CH3])=[CH][CH2][CH2][C]([CH3])=[CH][CH2][c]1[cH][c]([C](=[O])[OH])[cH][cH][c]1[NH2]
7373,[CH3][O][c]1[cH][c]([C](=[O])[OH])[cH][c]([CH2][CH]=[C]([CH3])[CH2][CH2][CH]=[C]([CH3])[CH2][CH2][CH]=[C]([CH3])[CH2][CH2][CH]=[C]([CH3])[CH2][CH2][CH]=[C]([CH3])[CH2][CH2][CH]=[C]([CH3])[CH3])[c]1[NH2]
7374,[CH3][O][c]1[cH][cH][cH][c]([CH2][CH]=[C]([CH3])[CH2][CH2][CH]=[C]([CH3])[CH2][CH2][CH]=[C]([CH3])[CH2][CH2][CH]=[C]([CH3])[CH2][CH2][CH]=[C]([CH3])[CH2][CH2][CH]=[C]([CH3])[CH3])[c]1[NH2]
7375,[CH3][O][c]1[cH][c]([OH])[cH][c]([CH2][CH]=[C]([CH3])[CH2][CH2][CH]=[C]([CH3])[CH2][CH2][CH]=[C]([CH3])[CH2][CH2][CH]=[C]([CH3])[CH2][CH2][CH]=[C]([CH3])[CH2][CH2][CH]=[C]([CH3])[CH3])[c]1[NH2]
7376,[CH3][O][c]1[cH][c]([OH])[c]([CH3])[c]([CH2][CH]=[C]([CH3])[CH2][CH2][CH]=[C]([CH3])[CH2][CH2][CH]=[C]([CH3])[CH2][CH2][CH]=[C]([CH3])[CH2][CH2][CH]=[C]([CH3])[CH2][CH2][CH]=[C]([CH3])[CH3])[c]1[NH2]
7377,[CH3][O][c]1[cH][c]([OH])[cH][c]([CH2][CH]=[C]([CH3])[CH2][CH2][CH]=[C]([CH3])[CH2][CH2][CH]=[C]([CH3])[CH2][CH2][CH]=[C]([CH3])[CH2][CH2][CH]=[C]([CH3])[CH2][CH2][CH]=[C]([CH3])[CH3])[c]1[OH]
7378,[CH3][O][c]1[cH][c]([OH])[c]([CH3])[c]([CH2][CH]=[C]([CH3])[CH2][CH2][CH]=[C]([CH3])[CH2][CH2][CH]=[C]([CH3])[CH2][CH2][CH]=[C]([CH3])[CH2][CH2][CH]=[C]([CH3])[CH2][CH2][CH]=[C]([CH3])[CH3])[c]1[OH]
7379,[CH2]=[C]1[CH2][C]23[CH2][C]1([OH])[CH2][CH2][CH]2[C]12[CH2][CH]4[O][CH]4[C]([CH3])([C](=[O])[O]1)[CH]2[CH]3[C](=[O])[OH]
7380,[CH2]=[C]1[CH2][C]23[CH2][CH]1[CH2][CH2][CH]2[C]12[CH2][CH2][CH]([OH])[C]([CH3])([C](=[O])[O][CH2]1)[CH]2[CH]3[C](=[O])[OH]
7381,[CH2]=[C]1[CH2][C]23[CH2][C]1([OH])[CH2][CH2][CH]2[C]12[CH2][CH2][CH]([OH])[C]([CH3])([C](=[O])[O][CH2]1)[CH]2[CH]3[C](=[O])[OH]
7382,[CH3][NH][CH2][CH]1[CH2][CH2][CH]([NH2])[CH]([O][CH]2[CH]([NH2])[CH2][CH]([NH2])[CH]([O][CH]3[O][CH2][C]([CH3])([OH])[CH]([NH][CH3])[CH]3[OH])[CH]2[OH])[O]1
7383,[O]=[C]1[CH]([OH])[C](=[O])[CH]([OH])[CH]([OH])[CH]1[OH]
7384,[O]=[C]([OH])[CH]1[O][CH]([O][c]2[cH][cH][c]([N+](=[O])[O-])[cH][cH]2)[CH]([OH])[CH]([OH])[CH]1[OH]
7385,[CH3][CH]([CH3])[CH]1[CH2][CH2][CH]2[C]1([CH3])[CH2][CH2][C]1([CH3])[CH]3[CH2][CH2][CH]4[C]([CH3])([CH2][CH2][CH]([OH])[C]4([CH3])[CH3])[C]3=[CH][CH2][C]21[CH3]
7386,[CH3][CH2][CH2][CH2][CH2][CH2][CH2][CH2][CH]=[CH][CH2][CH]([OH])[CH2][C](=[O])[S][CH2][CH2][N]=[C]([OH])[CH2][CH2][N]=[C]([OH])[CH]([OH])[C]([CH3])([CH3])[CH2][O][P](=[O])([OH])[O][P](=[O])([OH])[O][CH2][CH]1[O][CH]([n]2[cH][n][c]3[c]([NH2])[n][cH][n][c]32)[CH]([OH])[CH]1[O][P](=[O])([OH])[OH]
7387,[CH3][CH2][CH2][CH2][CH2][CH2][CH2][CH2][CH]=[CH][CH2][C](=[O])[CH2][C](=[O])[S][CH2][CH2][N]=[C]([OH])[CH2][CH2][N]=[C]([OH])[CH]([OH])[C]([CH3])([CH3])[CH2][O][P](=[O])([OH])[O][P](=[O])([OH])[O][CH2][CH]1[O][CH]([n]2[cH][n][c]3[c]([NH2])[n][cH][n][c]32)[CH]([OH])[CH]1[O][P](=[O])([OH])[OH]
7388,[CH3][CH]([CH3])[CH2][CH2][CH2][CH]([CH3])[CH2][CH2][CH2][CH]([CH3])[CH2][CH2][CH2][CH]([CH3])[CH2][CH2][O][CH2][CH]([CH2][O][P](=[O])([OH])[O][CH]1[CH]([OH])[CH]([OH])[CH]([OH])[CH]([OH])[CH]1[OH])[O][CH2][CH2][CH]([CH3])[CH2][CH2][CH2][CH]([CH3])[CH2][CH2][CH2][CH]([CH3])[CH2][CH2][CH2][CH]([CH3])[CH3]
7389,[CH3][CH]([CH3])[CH2][CH2][CH2][CH]([CH3])[CH2][CH2][CH2][CH]([CH3])[CH2][CH2][CH2][CH]([CH3])[CH2][CH2][O][CH2][CH]([CH2][O][P](=[O])([OH])[O][CH2][CH]([NH2])[C](=[O])[OH])[O][CH2][CH2][CH]([CH3])[CH2][CH2][CH2][CH]([CH3])[CH2][CH2][CH2][CH]([CH3])[CH2][CH2][CH2][CH]([CH3])[CH3]
7390,[O]=[CH][CH]([OH])[CH]([OH])[CH]([OH])[CH]([OH])[CH2][OH]
7391,[CH3][CH2][C]([OH])=[CH][C](=[O])[C](=[O])[OH]
7392,[CH3][C]([CH3])=[CH][CH]1[c]2[nH][c]3[cH][cH][cH][cH][c]3[c]2[CH2][CH]2[C](=[O])[N]3[CH2][CH2][CH2][CH]3[C](=[O])[N]21
7393,[OH][c]1[cH][c]([OH])[c]2[cH][cH][c](-[c]3[cH][cH][c]([OH])[c]([OH])[cH]3)[o+][c]2[cH]1
7394,[OH][CH2][CH]1[O][CH]([O][c]2[cH][c]([OH])[cH][c]3[o+][c](-[c]4[cH][cH][c]([OH])[c]([OH])[cH]4)[cH][cH][c]23)[CH]([OH])[CH]([OH])[CH]1[OH]
7395,[OH][c]1[cH][cH][c](-[c]2[cH][cH][c]3[c]([OH])[cH][c]([OH])[cH][c]3[o+]2)[cH][cH]1
7396,[OH][CH2][CH]1[O][CH]([O][c]2[cH][c]([OH])[cH][c]3[o+][c](-[c]4[cH][cH][c]([OH])[cH][cH]4)[cH][cH][c]23)[CH]([OH])[CH]([OH])[CH]1[OH]
7397,[CH3][N+]([CH3])([CH3])[CH]([CH2][c]1[cH][n][c]([SH])[nH]1)[C](=[O])[OH]
7398,[O]=[C]([OH])[CH2][C]([OH])([CH2][c]1[cH][cH][cH][cH][cH]1)[C](=[O])[OH]
7399,[O]=[C]([OH])[C](=[O])[CH]([CH2][c]1[cH][cH][cH][cH][cH]1)[C](=[O])[OH]
7400,[O]=[C]([OH])[CH]([CH2][O][C](=[O])[CH]([CH2][OH])[N]=[C]([OH])[c]1[cH][cH][cH][c]([OH])[c]1[OH])[N]=[C]([OH])[c]1[cH][cH][cH][c]([OH])[c]1[OH]
7401,[CH3][CH2][CH2][CH2][CH2][CH2][CH2][CH2][CH]=[CH][CH2][CH2][CH2][CH2][CH2][CH2][CH2][CH]([OH])[CH2][C](=[O])[S][CH2][CH2][N]=[C]([OH])[CH2][CH2][N]=[C]([OH])[CH]([OH])[C]([CH3])([CH3])[CH2][O][P](=[O])([OH])[O][P](=[O])([OH])[O][CH2][CH]1[O][CH]([n]2[cH][n][c]3[c]([NH2])[n][cH][n][c]32)[CH]([OH])[CH]1[O][P](=[O])([OH])[OH]
7402,[CH3][CH2][CH2][CH2][CH2][CH2][CH2][CH2][CH]=[CH][CH2][CH2][CH2][CH2][CH2][CH2][CH2][CH]=[CH][C](=[O])[S][CH2][CH2][N]=[C]([OH])[CH2][CH2][N]=[C]([OH])[CH]([OH])[C]([CH3])([CH3])[CH2][O][P](=[O])([OH])[O][P](=[O])([OH])[O][CH2][CH]1[O][CH]([n]2[cH][n][c]3[c]([NH2])[n][cH][n][c]32)[CH]([OH])[CH]1[O][P](=[O])([OH])[OH]
7403,[CH3][CH2][CH2][CH2][CH2][CH2][CH2][CH2][CH]=[CH][CH2][CH2][CH2][CH2][CH2][CH2][CH2][CH2][CH2][C](=[O])[S][CH2][CH2][N]=[C]([OH])[CH2][CH2][N]=[C]([OH])[CH]([OH])[C]([CH3])([CH3])[CH2][O][P](=[O])([OH])[O][P](=[O])([OH])[O][CH2][CH]1[O][CH]([n]2[cH][n][c]3[c]([NH2])[n][cH][n][c]32)[CH]([OH])[CH]1[O][P](=[O])([OH])[OH]
7404,[CH3][CH2][CH2][CH2][CH2][CH2][CH]([OH])[CH2][CH]=[CH][CH2][CH2][CH2][CH2][CH2][CH2][CH2][C](=[O])[S][CH2][CH2][N]=[C]([OH])[CH2][CH2][N]=[C]([OH])[CH]([OH])[C]([CH3])([CH3])[CH2][O][P](=[O])([OH])[O][P](=[O])([OH])[O][CH2][CH]1[O][CH]([n]2[cH][n][c]3[c]([NH2])[n][cH][n][c]32)[CH]([OH])[CH]1[O][P](=[O])([OH])[OH]
7405,[CH3][CH2][CH2][CH2][CH2][CH2][CH]([OH])[CH2][CH]=[CH][CH2][CH2][CH2][CH2][CH2][CH2][CH2][C](=[O])[CH2][C](=[O])[S][CH2][CH2][N]=[C]([OH])[CH2][CH2][N]=[C]([OH])[CH]([OH])[C]([CH3])([CH3])[CH2][O][P](=[O])([OH])[O][P](=[O])([OH])[O][CH2][CH]1[O][CH]([n]2[cH][n][c]3[c]([NH2])[n][cH][n][c]32)[CH]([OH])[CH]1[O][P](=[O])([OH])[OH]
7406,[CH3][CH2][CH2][CH2][CH2][CH2][CH]([OH])[CH2][CH]=[CH][CH2][CH2][CH2][CH2][CH2][CH2][CH2][CH]([OH])[CH2][C](=[O])[S][CH2][CH2][N]=[C]([OH])[CH2][CH2][N]=[C]([OH])[CH]([OH])[C]([CH3])([CH3])[CH2][O][P](=[O])([OH])[O][P](=[O])([OH])[O][CH2][CH]1[O][CH]([n]2[cH][n][c]3[c]([NH2])[n][cH][n][c]32)[CH]([OH])[CH]1[O][P](=[O])([OH])[OH]
7407,[CH3][CH2][CH2][CH2][CH2][CH2][CH]([OH])[CH2][CH]=[CH][CH2][CH2][CH2][CH2][CH2][CH2][CH2][CH]=[CH][C](=[O])[S][CH2][CH2][N]=[C]([OH])[CH2][CH2][N]=[C]([OH])[CH]([OH])[C]([CH3])([CH3])[CH2][O][P](=[O])([OH])[O][P](=[O])([OH])[O][CH2][CH]1[O][CH]([n]2[cH][n][c]3[c]([NH2])[n][cH][n][c]32)[CH]([OH])[CH]1[O][P](=[O])([OH])[OH]
7408,[CH3][CH2][CH2][CH2][CH2][CH2][CH]([OH])[CH2][CH]=[CH][CH2][CH2][CH2][CH2][CH2][CH2][CH2][CH2][CH2][C](=[O])[S][CH2][CH2][N]=[C]([OH])[CH2][CH2][N]=[C]([OH])[CH]([OH])[C]([CH3])([CH3])[CH2][O][P](=[O])([OH])[O][P](=[O])([OH])[O][CH2][CH]1[O][CH]([n]2[cH][n][c]3[c]([NH2])[n][cH][n][c]32)[CH]([OH])[CH]1[O][P](=[O])([OH])[OH]
7409,[NH2][CH]([CH2][S][S][CH2][CH]([NH2])[C](=[O])[OH])[C](=[O])[OH]
7410,[OH][CH2][CH]1[O][CH]([OH])[CH]([OH])[CH]([OH])[CH]1[OH]
7411,[OH][CH2][c]1[cH][n][c]([CH2][OH])[c]([OH])[c]1[CH2][OH]
7412,[NH2][CH2][CH2][S][P](=[O])([OH])[OH]
7413,[CH3][c]1[cH][n]([CH]2[CH2][CH]([O][P](=[O])([OH])[OH])[CH]([CH2][OH])[O]2)[c](=[O])[n][c]1[OH]
7414,[NH]=[c]1[cH][cH][n]([CH]2[CH2][CH]([O][P](=[O])([OH])[OH])[CH]([CH2][OH])[O]2)[c]([OH])[n]1
7415,[O]=[c]1[n][c]([OH])[cH][cH][n]1[CH]1[CH2][CH]([O][P](=[O])([OH])[OH])[CH]([CH2][OH])[O]1
7416,[NH2][c]1[n][cH][n][c]2[c]1[n][cH][n]2[CH]1[CH2][CH]([O][P](=[O])([OH])[OH])[CH]([CH2][OH])[O]1
7417,[NH]=[c]1[n][c]([OH])[c]2[n][cH][n]([CH]3[CH2][CH]([O][P](=[O])([OH])[OH])[CH]([CH2][OH])[O]3)[c]2[nH]1
7418,[CH3][c]1[cH][n]([CH]2[CH2][CH]([OH])[CH]([CH2][O][P](=[O])([OH])[O][P](=[O])([OH])[O][CH]3[O][CH]([CH]([CH3])[OH])[CH]([OH])[CH]3[OH])[O]2)[c](=[O])[n][c]1[OH]
7419,[CH3][C]([CH3])=[CH][CH2][CH2][C]([CH3])=[CH][CH2][CH2][C]([CH3])=[CH][CH2][CH2][C]([CH3])=[CH][CH2][CH2][C]([CH3])=[CH][CH2][CH2][C]([CH3])=[CH][CH2][CH2][C]([CH3])=[CH][CH2][CH2][C]([CH3])=[CH][CH2][CH2][C]([CH3])=[CH][CH2][CH2][C]([CH3])=[CH][CH2][CH2][C]([CH3])=[CH][CH2][O][P](=[O])([OH])[O][P](=[O])([OH])[O][CH]1[O][CH]([CH2][OH])[CH]([O][CH]2[O][CH]([CH2][OH])[CH]([OH])[CH]([OH])[CH]2[OH])[CH]([OH])[CH]1[N]=[C]([CH3])[OH]
7420,[CH3][C]([CH3])=[CH][CH2][CH2][C]([CH3])=[CH][CH2][CH2][C]([CH3])=[CH][CH2][CH2][C]([CH3])=[CH][CH2][CH2][C]([CH3])=[CH][CH2][CH2][C]([CH3])=[CH][CH2][CH2][C]([CH3])=[CH][CH2][CH2][C]([CH3])=[CH][CH2][CH2][C]([CH3])=[CH][CH2][CH2][C]([CH3])=[CH][CH2][CH2][C]([CH3])=[CH][CH2][O][P](=[O])([OH])[O][P](=[O])([OH])[O][CH]1[O][CH]([CH2][OH])[CH]([OH])[CH]([O][CH]2[O][CH]([CH2][OH])[CH]([OH])[CH]([OH])[CH]2[OH])[CH]1[N]=[C]([CH3])[OH]
7421,[CH3][CH2][CH2][CH2][CH2][CH2][CH2][CH2][CH]=[CH][CH2][CH2][CH2][C](=[O])[S][CH2][CH2][N]=[C]([OH])[CH2][CH2][N]=[C]([OH])[CH]([OH])[C]([CH3])([CH3])[CH2][O][P](=[O])([OH])[O][P](=[O])([OH])[O][CH2][CH]1[O][CH]([n]2[cH][n][c]3[c]([NH2])[n][cH][n][c]32)[CH]([OH])[CH]1[O][P](=[O])([OH])[OH]
7422,[CH3][CH2][CH2][CH2][CH2][CH2][CH2][CH2][CH]=[CH][CH2][CH]=[CH][C](=[O])[S][CH2][CH2][N]=[C]([OH])[CH2][CH2][N]=[C]([OH])[CH]([OH])[C]([CH3])([CH3])[CH2][O][P](=[O])([OH])[O][P](=[O])([OH])[O][CH2][CH]1[O][CH]([n]2[cH][n][c]3[c]([NH2])[n][cH][n][c]32)[CH]([OH])[CH]1[O][P](=[O])([OH])[OH]
7423,[CH3][C]([CH3])=[CH][CH2][CH2][C]([CH3])([O][CH]1[O][CH]([CH2][OH])[CH]([OH])[CH]([OH])[CH]1[OH])[CH]1[CH2][CH2][C]2([CH3])[CH]1[CH]([OH])[CH2][CH]1[C]3([CH3])[CH2][CH2][CH]([OH])[C]([CH3])([CH3])[CH]3[CH]([O][CH]3[O][CH]([CH2][OH])[CH]([OH])[CH]([OH])[CH]3[OH])[CH2][C]12[CH3]
7424,[CH3][C]([CH3])=[CH][CH2][CH2][C]([CH3])([O][CH]1[O][CH]([CH2][OH])[CH]([OH])[CH]([OH])[CH]1[OH])[CH]1[CH2][CH2][C]2([CH3])[CH]1[CH]([OH])[CH2][CH]1[C]3([CH3])[CH2][CH2][CH]([OH])[C]([CH3])([CH3])[CH]3[CH]([O][CH]3[O][CH]([CH2][OH])[CH]([OH])[CH]([OH])[CH]3[O][CH]3[O][CH2][CH]([OH])[CH]([OH])[CH]3[OH])[CH2][C]12[CH3]
7425,[CH3][C]([CH3])=[CH][CH2][CH2][C]([CH3])([O][CH]1[O][CH]([CH2][OH])[CH]([OH])[CH]([OH])[CH]1[OH])[CH]1[CH2][CH2][C]2([CH3])[CH]1[CH]([OH])[CH2][CH]1[C]3([CH3])[CH2][CH2][CH]([OH])[C]([CH3])([CH3])[CH]3[CH]([OH])[CH2][C]12[CH3]
7426,[CH3][C]([CH3])=[CH][CH2][CH2][C]([CH3])([O][CH]1[O][CH]([CH2][O][CH]2[O][CH2][CH]([OH])[CH]([OH])[CH]2[OH])[CH]([OH])[CH]([OH])[CH]1[OH])[CH]1[CH2][CH2][C]2([CH3])[CH]1[CH]([OH])[CH2][CH]1[C]3([CH3])[CH2][CH2][CH]([O][CH]4[O][CH]([CH2][OH])[CH]([OH])[CH]([OH])[CH]4[O][CH]4[O][CH]([CH2][OH])[CH]([OH])[CH]([OH])[CH]4[OH])[C]([CH3])([CH3])[CH]3[CH2][CH2][C]12[CH3]
7427,[CH3][C]([CH3])=[CH][CH2][CH2][C]([CH3])([O][CH]1[O][CH]([CH2][O][CH]2[O][CH]([CH2][OH])[CH]([OH])[CH]2[OH])[CH]([OH])[CH]([OH])[CH]1[OH])[CH]1[CH2][CH2][C]2([CH3])[CH]1[CH]([OH])[CH2][CH]1[C]3([CH3])[CH2][CH2][CH]([O][CH]4[O][CH]([CH2][OH])[CH]([OH])[CH]([OH])[CH]4[O][CH]4[O][CH]([CH2][OH])[CH]([OH])[CH]([OH])[CH]4[OH])[C]([CH3])([CH3])[CH]3[CH2][CH2][C]12[CH3]
7428,[NH2][CH]([CH2][CH2][S][CH2][CH2][CH]([NH2])[C](=[O])[OH])[C](=[O])[OH]
7429,[CH3][O][c]1[cH][cH][c](-[c]2[cH][c](=[O])[c]3[c]([OH])[c]([O][CH3])[c]([OH])[c]([OH])[c]3[o]2)[cH][cH]1
7430,[CH3][O][c]1[cH][cH][c](-[c]2[cH][c](=[O])[c]3[c]([OH])[c]([O][CH3])[c]([OH])[c]([O][CH3])[c]3[o]2)[cH][cH]1
7431,[CH3][O][c]1[cH][cH][c](-[c]2[cH][c](=[O])[c]3[c]([OH])[c]([O][CH3])[c]([O][CH3])[c]([OH])[c]3[o]2)[cH][cH]1
7432,[CH3][O][c]1[cH][cH][c](-[c]2[cH][c](=[O])[c]3[c]([OH])[c]([O][CH3])[c]([O][CH3])[c]([O][CH3])[c]3[o]2)[cH][cH]1
7433,[O]=[c]1[cH][c](-[c]2[cH][cH][c]([OH])[cH][cH]2)[o][c]2[c]([OH])[c]([OH])[cH][cH][c]12
7434,[CH3][O][c]1[c]([OH])[cH][cH][c]2[c](=[O])[cH][c](-[c]3[cH][cH][c]([OH])[cH][cH]3)[o][c]12
7435,[CH3][O][c]1[cH][c]2[o][c](-[c]3[cH][cH][c]([OH])[c]([OH])[cH]3)[cH][c](=[O])[c]2[c]([OH])[c]1[O][CH3]
7436,[CH3][O][c]1[cH][c](-[c]2[cH][c](=[O])[c]3[c]([OH])[c]([O][CH3])[c]([O][CH3])[cH][c]3[o]2)[cH][cH][c]1[OH]
7437,[CH3][O][c]1[cH][cH][c]2[c](=[O])[cH][c](-[c]3[cH][cH][cH][cH][cH]3)[o][c]2[c]1[OH]
7438,[CH3][O][c]1[cH][cH][c]2[c](=[O])[cH][c](-[c]3[cH][cH][cH][cH][cH]3)[o][c]2[c]1[O][CH3]
7439,[CH3][CH]([CH2][CH2][CH2][C]([CH3])([CH3])[OH])[CH]1[CH2][CH2][C]2([OH])[C]3=[CH][C](=[O])[CH]4[CH2][CH]([OH])[CH2][CH2][C]4([CH3])[CH]3[CH2][CH2][C]12[CH3]
7440,[CH3][CH]([CH]([OH])[CH2][CH2][C]([CH3])([CH3])[OH])[CH]1[CH2][CH2][C]2([OH])[C]3=[CH][C](=[O])[CH]4[CH2][CH]([OH])[CH2][CH2][C]4([CH3])[CH]3[CH2][CH2][C]12[CH3]
7441,[CH3][CH]([CH]([OH])[CH2][CH2][C]([CH3])([CH3])[OH])[CH]1[CH2][CH2][C]2([OH])[C]3=[CH][C](=[O])[CH]4[CH2][C](=[O])[CH2][CH2][C]4([CH3])[CH]3[CH2][CH2][C]12[CH3]
7442,[CH3][CH]([OH])[CH2][CH2][CH]([CH3])[OH]
7443,[CH3][C](=[O])[CH2][CH2][C]([CH3])=[O]
7444,[OH][CH]([CH2][CH2][Cl])[c]1[cH][cH][cH][cH][cH]1
7445,[O]=[C]([CH2][CH2][Cl])[c]1[cH][cH][cH][cH][cH]1
7446,[CH3][CH2][CH2][CH2][CH2][CH2][CH2][CH2][CH2][CH]=[CH][CH]=[CH][C](=[O])[S][CH2][CH2][N]=[C]([OH])[CH2][CH2][N]=[C]([OH])[CH]([OH])[C]([CH3])([CH3])[CH2][O][P](=[O])([OH])[O][P](=[O])([OH])[O][CH2][CH]1[O][CH]([n]2[cH][n][c]3[c]([NH2])[n][cH][n][c]32)[CH]([OH])[CH]1[O][P](=[O])([OH])[OH]
7447,[CH3][CH2][CH2][CH2][CH2][CH2][CH2][CH2][CH]=[CH][CH]=[CH][CH2][C](=[O])[S][CH2][CH2][N]=[C]([OH])[CH2][CH2][N]=[C]([OH])[CH]([OH])[C]([CH3])([CH3])[CH2][O][P](=[O])([OH])[O][P](=[O])([OH])[O][CH2][CH]1[O][CH]([n]2[cH][n][c]3[c]([NH2])[n][cH][n][c]32)[CH]([OH])[CH]1[O][P](=[O])([OH])[OH]
7448,[CH3][CH2][CH2][CH2][CH2][CH2][CH2][CH2][CH2][CH2][CH]=[CH][CH2][C](=[O])[S][CH2][CH2][N]=[C]([OH])[CH2][CH2][N]=[C]([OH])[CH]([OH])[C]([CH3])([CH3])[CH2][O][P](=[O])([OH])[O][P](=[O])([OH])[O][CH2][CH]1[O][CH]([n]2[cH][n][c]3[c]([NH2])[n][cH][n][c]32)[CH]([OH])[CH]1[O][P](=[O])([OH])[OH]
7449,[O]=[C]([OH])[SH]
7450,[CH3][CH2][C](=[NH])[OH]
7451,[CH3][CH2][C]#[N]
7452,[CH3][CH2][CH2][C](=[NH])[OH]
7453,[CH3][CH2][CH2][C]#[N]
7454,[CH3][C]([OH])=[N][CH]1[CH]([OH])[CH]([CH3])[O][CH]([O][P](=[O])([OH])[O][P](=[O])([OH])[O][CH2][CH]2[O][CH]([n]3[cH][c]([CH3])[c]([OH])[n][c]3=[O])[CH2][CH]2[OH])[CH]1[OH]
7455,[CH3][C]([OH])([CH2][OH])[CH2][CH2][CH]([OH])[C]([CH3])([OH])[CH]1[CH2][CH2][C]2([OH])[C]3=[CH][C](=[O])[CH]4[CH2][CH]([OH])[CH]([OH])[CH2][C]4([CH3])[CH]3[CH2][CH2][C]12[CH3]
7456,[CH3][C]([OH])([CH]=[O])[CH2][CH2][CH]([OH])[C]([CH3])([OH])[CH]1[CH2][CH2][C]2([OH])[C]3=[CH][C](=[O])[CH]4[CH2][CH]([OH])[CH]([OH])[CH2][C]4([CH3])[CH]3[CH2][CH2][C]12[CH3]
7457,[O]=[CH][CH]([OH])[CH]([OH])[CH]([OH])[CH]([OH])[CH2][OH]
7458,[CH3][O][c]1[cH][c]2[o][c](-[c]3[cH][cH][c]([OH])[cH][cH]3)[cH][c](=[O])[c]2[c]([OH])[c]1[OH]
7459,[CH3][O][c]1[cH][cH][c](-[c]2[cH][c](=[O])[c]3[c]([OH])[c]([O][CH3])[c]([O][CH3])[cH][c]3[o]2)[cH][cH]1
7460,[CH3][O][c]1[cH][cH][c](-[c]2[cH][c](=[O])[c]3[c]([OH])[cH][c]([O][CH3])[cH][c]3[o]2)[cH][cH]1
7461,[CH3][O][c]1[cH][cH][c](-[c]2[cH][c](=[O])[c]3[c]([OH])[c]([OH])[c]([O][CH3])[cH][c]3[o]2)[cH][cH]1
7462,[CH3][O][c]1[cH][c]2[c]([c]([OH])[c]1[OH])[C](=[O])[CH2][CH]([c]1[cH][cH][c]([OH])[cH][cH]1)[O]2
7463,[CH3][C]([OH])=[N][CH]1[CH]([O][P](=[O])([OH])[O][P](=[O])([OH])[O][CH2][CH]2[O][CH]([n]3[cH][cH][c]([OH])[n][c]3=[O])[CH]([OH])[CH]2[OH])[O][CH]([CH3])[C](=[O])[CH]1[OH]
7464,[CH3][C]([OH])=[N][CH]1[CH]([O][P](=[O])([OH])[O][P](=[O])([OH])[O][CH2][CH]2[O][CH]([n]3[cH][cH][c]([OH])[n][c]3=[O])[CH]([OH])[CH]2[OH])[O][CH]([CH3])[CH]([OH])[CH]1[OH]
7465,[CH3][C]([OH])=[N][CH]1[CH]([O][P](=[O])([OH])[O][P](=[O])([OH])[O][CH2][CH]2[O][CH]([n]3[cH][cH][c]([OH])[n][c]3=[O])[CH]([OH])[CH]2[OH])[O][CH]([CH3])[CH]([OH])[CH]1[OH]
7466,[CH3][C]([OH])=[N][CH]1[CH]([O][P](=[O])([OH])[O][P](=[O])([OH])[O][CH2][CH]2[O][CH]([n]3[cH][cH][c]([OH])[n][c]3=[O])[CH]([OH])[CH]2[OH])[O][CH]([CH3])[CH]([OH])[CH]1[OH]
7467,[CH3][CH2][CH2][CH2][CH2][CH2][CH]=[CH][CH2][CH2][CH2][CH2][CH2][CH2][CH2][CH2][C](=[O])[S][CH2][CH2][N]=[C]([OH])[CH2][CH2][N]=[C]([OH])[CH]([OH])[C]([CH3])([CH3])[CH2][O][P](=[O])([OH])[O][P](=[O])([OH])[O][CH2][CH]1[O][CH]([n]2[cH][n][c]3[c]([NH2])[n][cH][n][c]32)[CH]([OH])[CH]1[O][P](=[O])([OH])[OH]
7468,[CH3][CH2][CH2][CH2][CH2][CH2][CH]=[CH][CH2][CH2][CH2][CH2][C](=[O])[S][CH2][CH2][N]=[C]([OH])[CH2][CH2][N]=[C]([OH])[CH]([OH])[C]([CH3])([CH3])[CH2][O][P](=[O])([OH])[O][P](=[O])([OH])[O][CH2][CH]1[O][CH]([n]2[cH][n][c]3[c]([NH2])[n][cH][n][c]32)[CH]([OH])[CH]1[O][P](=[O])([OH])[OH]
7469,[CH3][CH2][CH2][CH2][CH2][CH2][CH]=[CH][CH2][CH2][CH]=[CH][C](=[O])[S][CH2][CH2][N]=[C]([OH])[CH2][CH2][N]=[C]([OH])[CH]([OH])[C]([CH3])([CH3])[CH2][O][P](=[O])([OH])[O][P](=[O])([OH])[O][CH2][CH]1[O][CH]([n]2[cH][n][c]3[c]([NH2])[n][cH][n][c]32)[CH]([OH])[CH]1[O][P](=[O])([OH])[OH]
7470,[CH3][CH2][CH2][CH2][CH2][CH2][CH]=[CH][CH2][CH2][CH]([OH])[CH2][C](=[O])[S][CH2][CH2][N]=[C]([OH])[CH2][CH2][N]=[C]([OH])[CH]([OH])[C]([CH3])([CH3])[CH2][O][P](=[O])([OH])[O][P](=[O])([OH])[O][CH2][CH]1[O][CH]([n]2[cH][n][c]3[c]([NH2])[n][cH][n][c]32)[CH]([OH])[CH]1[O][P](=[O])([OH])[OH]
7471,[CH3][CH2][CH2][CH2][CH2][CH2][CH]=[CH][CH2][CH2][C](=[O])[CH2][C](=[O])[S][CH2][CH2][N]=[C]([OH])[CH2][CH2][N]=[C]([OH])[CH]([OH])[C]([CH3])([CH3])[CH2][O][P](=[O])([OH])[O][P](=[O])([OH])[O][CH2][CH]1[O][CH]([n]2[cH][n][c]3[c]([NH2])[n][cH][n][c]32)[CH]([OH])[CH]1[O][P](=[O])([OH])[OH]
7472,[CH3][CH2][CH2][CH2][CH2][CH2][CH]=[CH][CH2][CH2][C](=[O])[S][CH2][CH2][N]=[C]([OH])[CH2][CH2][N]=[C]([OH])[CH]([OH])[C]([CH3])([CH3])[CH2][O][P](=[O])([OH])[O][P](=[O])([OH])[O][CH2][CH]1[O][CH]([n]2[cH][n][c]3[c]([NH2])[n][cH][n][c]32)[CH]([OH])[CH]1[O][P](=[O])([OH])[OH]
7473,[CH3][CH2][CH2][CH2][CH2][CH2][CH]=[CH][CH]=[CH][C](=[O])[S][CH2][CH2][N]=[C]([OH])[CH2][CH2][N]=[C]([OH])[CH]([OH])[C]([CH3])([CH3])[CH2][O][P](=[O])([OH])[O][P](=[O])([OH])[O][CH2][CH]1[O][CH]([n]2[cH][n][c]3[c]([NH2])[n][cH][n][c]32)[CH]([OH])[CH]1[O][P](=[O])([OH])[OH]
7474,[CH3][CH2][CH2][CH2][CH2][CH2][CH2][CH]=[CH][CH2][C](=[O])[S][CH2][CH2][N]=[C]([OH])[CH2][CH2][N]=[C]([OH])[CH]([OH])[C]([CH3])([CH3])[CH2][O][P](=[O])([OH])[O][P](=[O])([OH])[O][CH2][CH]1[O][CH]([n]2[cH][n][c]3[c]([NH2])[n][cH][n][c]32)[CH]([OH])[CH]1[O][P](=[O])([OH])[OH]
7475,[CH3][CH2][CH2][CH2][CH2][CH2][CH2][CH2][CH]=[CH][C](=[O])[S][CH2][CH2][N]=[C]([OH])[CH2][CH2][N]=[C]([OH])[CH]([OH])[C]([CH3])([CH3])[CH2][O][P](=[O])([OH])[O][P](=[O])([OH])[O][CH2][CH]1[O][CH]([n]2[cH][n][c]3[c]([NH2])[n][cH][n][c]32)[CH]([OH])[CH]1[O][P](=[O])([OH])[OH]
7476,[CH3][CH2][CH2][CH2][CH2][CH2][CH2][CH2][CH]([OH])[CH2][C](=[O])[S][CH2][CH2][N]=[C]([OH])[CH2][CH2][N]=[C]([OH])[CH]([OH])[C]([CH3])([CH3])[CH2][O][P](=[O])([OH])[O][P](=[O])([OH])[O][CH2][CH]1[O][CH]([n]2[cH][n][c]3[c]([NH2])[n][cH][n][c]32)[CH]([OH])[CH]1[O][P](=[O])([OH])[OH]
7477,[CH3][CH2][CH2][CH2][CH2][CH2][CH]([OH])[CH2][C](=[O])[S][CH2][CH2][N]=[C]([OH])[CH2][CH2][N]=[C]([OH])[CH]([OH])[C]([CH3])([CH3])[CH2][O][P](=[O])([OH])[O][P](=[O])([OH])[O][CH2][CH]1[O][CH]([n]2[cH][n][c]3[c]([NH2])[n][cH][n][c]32)[CH]([OH])[CH]1[O][P](=[O])([OH])[OH]
7478,[CH3][CH2][CH2][CH2][CH]([OH])[CH2][C](=[O])[S][CH2][CH2][N]=[C]([OH])[CH2][CH2][N]=[C]([OH])[CH]([OH])[C]([CH3])([CH3])[CH2][O][P](=[O])([OH])[O][P](=[O])([OH])[O][CH2][CH]1[O][CH]([n]2[cH][n][c]3[c]([NH2])[n][cH][n][c]32)[CH]([OH])[CH]1[O][P](=[O])([OH])[OH]
7479,[CH3][C](=[NH])[NH][CH]1[CH]([O][P](=[O])([OH])[O][P](=[O])([OH])[O][CH2][CH]2[O][CH]([n]3[cH][cH][c]([OH])[n][c]3=[O])[CH]([OH])[CH]2[OH])[O][CH]([CH3])[CH]([OH])[CH]1[OH]
7480,[CH3][C]([OH])=[N][CH]1[CH]([O][P](=[O])([OH])[O][P](=[O])([OH])[O][CH2][CH]2[O][CH]([n]3[cH][cH][c]([OH])[n][c]3=[O])[CH]([OH])[CH]2[OH])[O][CH]([CH3])[CH]([OH])[CH]1[OH]
7481,[CH3][C](=[NH])[NH][CH]1[CH]([OH])[CH]([C](=[O])[OH])[O][CH]([O][P](=[O])([OH])[O][P](=[O])([OH])[O][CH2][CH]2[O][CH]([n]3[cH][cH][c]([OH])[n][c]3=[O])[CH]([OH])[CH]2[OH])[CH]1[N]=[C]([CH3])[OH]
7482,[CH3][C]([OH])=[N][CH]1[CH]([O][P](=[O])([OH])[O][P](=[O])([OH])[O][CH2][CH]2[O][CH]([n]3[cH][cH][c]([OH])[n][c]3=[O])[CH]([OH])[CH]2[OH])[O][CH]([C](=[O])[OH])[CH]([OH])[CH]1[N]=[C]([CH3])[OH]
7483,[CH3][CH2][CH2][CH2][CH2][CH2][CH]=[CH][CH2][CH2][CH2][CH2][CH2][CH2][CH2][CH2][C](=[O])[S][CH2][CH2][N]=[C]([OH])[CH2][CH2][N]=[C]([OH])[CH]([OH])[C]([CH3])([CH3])[CH2][O][P](=[O])([OH])[O][P](=[O])([OH])[O][CH2][CH]1[O][CH]([n]2[cH][n][c]3[c]([NH2])[n][cH][n][c]32)[CH]([OH])[CH]1[O][P](=[O])([OH])[OH]
7484,[CH3][CH2][CH2][CH2][CH2][CH2][CH]=[CH][CH2][CH2][CH2][CH2][C](=[O])[S][CH2][CH2][N]=[C]([OH])[CH2][CH2][N]=[C]([OH])[CH]([OH])[C]([CH3])([CH3])[CH2][O][P](=[O])([OH])[O][P](=[O])([OH])[O][CH2][CH]1[O][CH]([n]2[cH][n][c]3[c]([NH2])[n][cH][n][c]32)[CH]([OH])[CH]1[O][P](=[O])([OH])[OH]
7485,[CH3][CH2][CH2][CH2][CH2][CH2][CH]=[CH][CH2][CH2][CH]=[CH][C](=[O])[S][CH2][CH2][N]=[C]([OH])[CH2][CH2][N]=[C]([OH])[CH]([OH])[C]([CH3])([CH3])[CH2][O][P](=[O])([OH])[O][P](=[O])([OH])[O][CH2][CH]1[O][CH]([n]2[cH][n][c]3[c]([NH2])[n][cH][n][c]32)[CH]([OH])[CH]1[O][P](=[O])([OH])[OH]
7486,[CH3][CH2][CH2][CH2][CH2][CH2][CH]=[CH][CH2][CH2][CH]([OH])[CH2][C](=[O])[S][CH2][CH2][N]=[C]([OH])[CH2][CH2][N]=[C]([OH])[CH]([OH])[C]([CH3])([CH3])[CH2][O][P](=[O])([OH])[O][P](=[O])([OH])[O][CH2][CH]1[O][CH]([n]2[cH][n][c]3[c]([NH2])[n][cH][n][c]32)[CH]([OH])[CH]1[O][P](=[O])([OH])[OH]
7487,[CH3][CH2][CH2][CH2][CH2][CH2][CH]=[CH][CH2][CH2][C](=[O])[CH2][C](=[O])[S][CH2][CH2][N]=[C]([OH])[CH2][CH2][N]=[C]([OH])[CH]([OH])[C]([CH3])([CH3])[CH2][O][P](=[O])([OH])[O][P](=[O])([OH])[O][CH2][CH]1[O][CH]([n]2[cH][n][c]3[c]([NH2])[n][cH][n][c]32)[CH]([OH])[CH]1[O][P](=[O])([OH])[OH]
7488,[CH3][CH2][CH2][CH2][CH2][CH2][CH]=[CH][CH2][CH2][C](=[O])[S][CH2][CH2][N]=[C]([OH])[CH2][CH2][N]=[C]([OH])[CH]([OH])[C]([CH3])([CH3])[CH2][O][P](=[O])([OH])[O][P](=[O])([OH])[O][CH2][CH]1[O][CH]([n]2[cH][n][c]3[c]([NH2])[n][cH][n][c]32)[CH]([OH])[CH]1[O][P](=[O])([OH])[OH]
7489,[CH3][CH2][CH2][CH2][CH2][CH2][CH]=[CH][CH]=[CH][C](=[O])[S][CH2][CH2][N]=[C]([OH])[CH2][CH2][N]=[C]([OH])[CH]([OH])[C]([CH3])([CH3])[CH2][O][P](=[O])([OH])[O][P](=[O])([OH])[O][CH2][CH]1[O][CH]([n]2[cH][n][c]3[c]([NH2])[n][cH][n][c]32)[CH]([OH])[CH]1[O][P](=[O])([OH])[OH]
7490,[CH3][CH2][CH2][CH2][CH2][CH2][CH]=[CH][CH]([OH])[CH2][C](=[O])[S][CH2][CH2][N]=[C]([OH])[CH2][CH2][N]=[C]([OH])[CH]([OH])[C]([CH3])([CH3])[CH2][O][P](=[O])([OH])[O][P](=[O])([OH])[O][CH2][CH]1[O][CH]([n]2[cH][n][c]3[c]([NH2])[n][cH][n][c]32)[CH]([OH])[CH]1[O][P](=[O])([OH])[OH]
7491,[CH3][CH2][CH2][CH2][CH2][CH2][CH]=[CH][C](=[O])[CH2][C](=[O])[S][CH2][CH2][N]=[C]([OH])[CH2][CH2][N]=[C]([OH])[CH]([OH])[C]([CH3])([CH3])[CH2][O][P](=[O])([OH])[O][P](=[O])([OH])[O][CH2][CH]1[O][CH]([n]2[cH][n][c]3[c]([NH2])[n][cH][n][c]32)[CH]([OH])[CH]1[O][P](=[O])([OH])[OH]
7492,[CH3][CH2][CH2][CH2][CH2][CH2][CH]=[CH][CH]=[CH][CH2][CH2][CH2][CH2][CH2][CH2][CH2][C](=[O])[S][CH2][CH2][N]=[C]([OH])[CH2][CH2][N]=[C]([OH])[CH]([OH])[C]([CH3])([CH3])[CH2][O][P](=[O])([OH])[O][P](=[O])([OH])[O][CH2][CH]1[O][CH]([n]2[cH][n][c]3[c]([NH2])[n][cH][n][c]32)[CH]([OH])[CH]1[O][P](=[O])([OH])[OH]
7493,[CH3][CH2][CH2][CH2][CH2][CH2][CH]=[CH][CH]=[CH][CH2][CH2][CH2][C](=[O])[S][CH2][CH2][N]=[C]([OH])[CH2][CH2][N]=[C]([OH])[CH]([OH])[C]([CH3])([CH3])[CH2][O][P](=[O])([OH])[O][P](=[O])([OH])[O][CH2][CH]1[O][CH]([n]2[cH][n][c]3[c]([NH2])[n][cH][n][c]32)[CH]([OH])[CH]1[O][P](=[O])([OH])[OH]
7494,[CH3][CH2][CH2][CH2][CH2][CH2][CH]=[CH][CH]=[CH][CH2][CH]=[CH][C](=[O])[S][CH2][CH2][N]=[C]([OH])[CH2][CH2][N]=[C]([OH])[CH]([OH])[C]([CH3])([CH3])[CH2][O][P](=[O])([OH])[O][P](=[O])([OH])[O][CH2][CH]1[O][CH]([n]2[cH][n][c]3[c]([NH2])[n][cH][n][c]32)[CH]([OH])[CH]1[O][P](=[O])([OH])[OH]
7495,[CH3][CH2][CH2][CH2][CH2][CH2][CH]=[CH][CH]=[CH][CH2][CH]([OH])[CH2][C](=[O])[S][CH2][CH2][N]=[C]([OH])[CH2][CH2][N]=[C]([OH])[CH]([OH])[C]([CH3])([CH3])[CH2][O][P](=[O])([OH])[O][P](=[O])([OH])[O][CH2][CH]1[O][CH]([n]2[cH][n][c]3[c]([NH2])[n][cH][n][c]32)[CH]([OH])[CH]1[O][P](=[O])([OH])[OH]
7496,[CH3][CH2][CH2][CH2][CH2][CH2][CH]=[CH][CH]=[CH][CH2][C](=[O])[CH2][C](=[O])[S][CH2][CH2][N]=[C]([OH])[CH2][CH2][N]=[C]([OH])[CH]([OH])[C]([CH3])([CH3])[CH2][O][P](=[O])([OH])[O][P](=[O])([OH])[O][CH2][CH]1[O][CH]([n]2[cH][n][c]3[c]([NH2])[n][cH][n][c]32)[CH]([OH])[CH]1[O][P](=[O])([OH])[OH]
7497,[CH3][CH2][CH2][CH2][CH2][CH2][CH]=[CH][CH]=[CH][CH2][C](=[O])[S][CH2][CH2][N]=[C]([OH])[CH2][CH2][N]=[C]([OH])[CH]([OH])[C]([CH3])([CH3])[CH2][O][P](=[O])([OH])[O][P](=[O])([OH])[O][CH2][CH]1[O][CH]([n]2[cH][n][c]3[c]([NH2])[n][cH][n][c]32)[CH]([OH])[CH]1[O][P](=[O])([OH])[OH]
7498,[CH3][CH2][CH2][CH2][CH2][CH2][CH]=[CH][CH2][CH]=[CH][C](=[O])[S][CH2][CH2][N]=[C]([OH])[CH2][CH2][N]=[C]([OH])[CH]([OH])[C]([CH3])([CH3])[CH2][O][P](=[O])([OH])[O][P](=[O])([OH])[O][CH2][CH]1[O][CH]([n]2[cH][n][c]3[c]([NH2])[n][cH][n][c]32)[CH]([OH])[CH]1[O][P](=[O])([OH])[OH]
7499,[CH3][CH2][CH2][CH2][CH2][CH2][CH]=[CH][CH2][CH]([OH])[CH2][C](=[O])[S][CH2][CH2][N]=[C]([OH])[CH2][CH2][N]=[C]([OH])[CH]([OH])[C]([CH3])([CH3])[CH2][O][P](=[O])([OH])[O][P](=[O])([OH])[O][CH2][CH]1[O][CH]([n]2[cH][n][c]3[c]([NH2])[n][cH][n][c]32)[CH]([OH])[CH]1[O][P](=[O])([OH])[OH]