﻿substrate_ID,original_compound
2000,[NH2][CH]([CH2][c]1[cH][nH][c]2[cH][cH][cH][cH][c]12)[C](=[O])[OH]
2001,[CH3][C]([OH])=[N][CH]([CH2][c]1[cH][nH][c]2[cH][cH][cH][cH][c]12)[C](=[O])[OH]
2002,[O]=[C]([OH])[CH2][C]([OH])=[N][CH]([CH2][c]1[cH][nH][c]2[cH][cH][cH][cH][c]12)[C](=[O])[OH]
2003,[O]=[C]1[CH2][CH]([OH])[CH]([CH2][OH])[O]1
2004,[CH3][C]([OH])([CH2][C](=[O])[S][CH2][CH2][N]=[C]([OH])[CH2][CH2][N]=[C]([OH])[CH]([OH])[C]([CH3])([CH3])[CH2][O][P](=[O])([OH])[O][P](=[O])([OH])[O][CH2][CH]1[O][CH]([n]2[cH][n][c]3[c]([NH2])[n][cH][n][c]32)[CH]([OH])[CH]1[O][P](=[O])([OH])[OH])[C](=[O])[OH]
2005,[CH3][C]12[CH2][CH2][CH]3[CH]([CH2][CH2][CH]4[CH2][C](=[O])[CH2][CH2][C]43[CH3])[CH]1[CH2][CH2][CH]2[OH]
2006,[CH3][C]12[CH2][CH2][CH]3[CH]([CH2][CH2][CH]4[CH2][C](=[O])[CH2][CH2][C]43[CH3])[CH]1[CH2][CH2][CH]2[OH]
2007,[CH3][C]12[CH2][CH2][CH]([OH])[CH2][C]1=[CH][CH2][CH]1[CH]2[CH2][CH2][C]2([CH3])[CH]([OH])[CH2][CH2][CH]12
2008,[CH3][C]12[CH2][CH2][CH]3[CH]([CH2][CH2][C]4=[CH][C](=[O])[CH2][CH2][C]43[CH2][OH])[CH]1[CH2][CH2][CH]2[OH]
2009,[CH3][C]12[CH2][CH2][C](=[O])[CH]=[C]1[CH2][CH2][CH]1[CH]2[CH2][CH2][C]2([CH3])[CH]([O][CH]3[O][CH]([C](=[O])[OH])[CH]([OH])[CH]([OH])[CH]3[OH])[CH2][CH2][CH]12
2010,[CH3][C]12[CH2][CH2][C](=[O])[CH]=[C]1[CH2][CH]([OH])[CH]1[CH]2[CH2][CH2][C]2([CH3])[CH]([OH])[CH2][CH2][CH]12
2011,[O]=[P]1([OH])[O][P](=[O])([OH])[O][P](=[O])([OH])[O]1
2012,[OH][c]1[cH][c]([OH])[cH][c]([CH]=[CH][c]2[cH][cH][cH][cH][cH]2)[cH]1
2013,[O]=[CH][CH]=[CH][c]1[cH][cH][cH][cH][cH]1
2014,[CH3][N]([CH3])[CH]=[O]
2015,[CH3][NH][CH3]
2016,[CH3][N]([CH3])[C](=[NH])[NH][CH2][CH2][CH2][CH]([NH2])[C](=[O])[OH]
2017,[O]=[C]([OH])[CH]([OH])[CH]([OH])[CH]([OH])[CH2][OH]
2018,[CH3][NH][CH2][CH]([OH])[c]1[cH][cH][c]([OH])[c]([OH])[cH]1
2019,[O]=[C]([OH])[CH]1[O][CH]1[C](=[O])[OH]
2020,[CH3][CH]1[CH2][CH2][CH]([CH]([CH3])[CH3])[CH]([OH])[CH2]1
2021,[O]=[C]([OH])[CH2][N]=[C]([OH])[O][CH2][c]1[cH][cH][cH][cH][cH]1
2022,[CH3][CH]([CH3])[CH2][CH]([N]=[C]([OH])[O][CH2][c]1[cH][cH][cH][cH][cH]1)[C](=[O])[OH]
2023,[O]=[C]1[CH2][CH2][CH2][CH2]1
2024,[O]=[C]1[CH2][CH2][CH2][CH2][O]1
2025,[N]#[C][CH]([O][CH]1[O][CH]([CH2][OH])[CH]([OH])[CH]([OH])[CH]1[OH])[c]1[cH][cH][cH][cH][cH]1
2026,[NH2][c]1[cH][cH][c]([OH])[cH][cH]1
2027,[NH2][CH2][CH2][O][P](=[O])([OH])[O][CH2][CH]([NH2])[C](=[O])[OH]
2028,[O]=[S](=[O])([OH])[NH][CH]1[CH2][CH2][CH2][CH2][CH2]1
2029,[CH3][S+]([CH3])[CH3]
2030,[CH3][S+]([CH3])[CH2][CH2][C](=[O])[OH]
2031,[NH]=[C]([NH][CH2][C](=[O])[OH])[NH][P](=[O])([OH])[OH]
2032,[NH]=[C]([OH])[CH2][CH2][CH]([N]=[C]([OH])[CH2][c]1[cH][cH][cH][cH][cH]1)[C](=[O])[OH]
2033,[CH3][CH2][CH2][CH2][CH2][C](=[O])[CH]=[CH][CH]1[CH]([OH])[CH2][C](=[O])[CH]1[CH2][CH]=[CH][CH2][CH2][CH2][C](=[O])[OH]
2034,[CH3][N+]([CH3])([CH3])[CH2][CH2][P](=[O])([OH])[O][P](=[O])([OH])[O][CH2][CH]1[O][CH]([n]2[cH][cH][c](=[NH])[n][c]2[OH])[CH]([OH])[CH]1[OH]
2035,[CH3][N+]([CH3])([CH3])[CH2][CH2][P](=[O])([OH])[OH]
2036,[CH3][O][c]1[cH][c]([CH]=[CH][CH2][OH])[cH][cH][c]1[O][CH]1[O][CH]([CH2][OH])[CH]([OH])[CH]([OH])[CH]1[OH]
2037,[O]=[S](=[O])([OH])[CH2][CH2][OH]
2038,[CH2]=[C]([Cl])[CH2][CH]([NH2])[C](=[O])[OH]
2039,[O]=[C]([OH])[C]([OH])=[CH][CH]=[CH][C](=[O])[c]1[cH][cH][cH][cH][cH]1
2040,[CH3][CH]([CH3])[CH2][CH2][CH2][CH]([CH3])[CH]1[CH2][CH2][CH]2[CH]3[CH2][CH2][CH]4[CH2][C](=[O])[CH2][CH2][C]4([CH3])[CH]3[CH2][CH2][C]12[CH3]
2041,[CH3][CH]([CH3])[CH2][CH2][CH2][CH]([CH3])[CH]1[CH2][CH2][CH]2[CH]3[CH2][CH2][CH]4[CH2][C](=[O])[CH2][CH2][C]4([CH3])[CH]3[CH2][CH2][C]12[CH3]
2042,[cH]1[cH][cH][c]([CH]2[CH2][O]2)[cH][cH]1
2043,[O]=[C]([OH])[C](=[O])[CH2][S](=[O])[OH]
2044,[O]=[c]1[c]([O][S](=[O])(=[O])[OH])[c](-[c]2[cH][cH][c]([OH])[c]([O][S](=[O])(=[O])[OH])[cH]2)[o][c]2[cH][c]([OH])[cH][c]([OH])[c]12
2045,[O]=[c]1[c]([O][S](=[O])(=[O])[OH])[c](-[c]2[cH][cH][c]([O][S](=[O])(=[O])[OH])[c]([OH])[cH]2)[o][c]2[cH][c]([OH])[cH][c]([OH])[c]12
2046,[CH3][C]12[CH2][CH2][CH2][CH]1[CH]1[CH2][CH2][CH]3[CH2][C](=[O])[CH2][CH2][C]3([CH3])[CH]1[CH2][CH2]2
2047,[CH3][C]12[CH2][CH2][CH2][CH]1[CH]1[CH2][CH2][C]3=[CH][C](=[O])[CH2][CH2][C]3([CH3])[CH]1[CH2][CH2]2
2048,[O]=[c]1[n][c]([OH])[c]2[n][c]([OH])[nH][c]2[n]1[CH]1[O][CH]([CH2][OH])[CH]([OH])[CH]1[OH]
2049,[O]=[P]1([OH])[O][CH2][CH]([CH2][OH])[O]1
2050,[O]=[C]([OH])[CH]=[CH][C](=[O])[CH2][C](=[O])[C](=[O])[OH]
2051,[NH]=[C]1[C](=[O])[CH]=[CH][CH]=[C]1[C](=[O])[OH]
2052,[CH3][c]1[cH][cH][c]([C](=[O])[OH])[c]([NH2])[c]1[OH]
2053,[NH2][c]1[c]([C](=[O])[OH])[c]2[n][c]3[c]([C](=[O])[OH])[cH][cH][cH][c]3[o][c]-2[cH][c]1=[O]
2054,[CH3][O][c]1[cH][cH][cH][c]([C](=[O])[OH])[c]1[NH2]
2055,[O]=[C]([OH])[C](=[O])[c]1[cH][cH][c]([OH])[cH][cH]1
2056,[O]=[C]([OH])[CH]([OH])[c]1[cH][cH][c]([OH])[cH][cH]1
2057,[N]#[C][CH]([OH])[c]1[cH][cH][c]([OH])[cH][cH]1
2058,[CH3][CH2][CH2][CH2][CH2][C](=[O])[CH]=[CH][CH]1[CH]([OH])[CH2][CH]([OH])[CH]1[CH2][CH]=[CH][CH2][CH2][CH2][C](=[O])[OH]
2059,[NH2][CH]([CH2][c]1[cH][nH][c]2[cH][cH][c]([OH])[cH][c]12)[C](=[O])[OH]
2060,[CH3][C]([OH])=[N][CH]1[CH]([O][P](=[O])([OH])[O][P](=[O])([OH])[O][CH2][CH]2[O][CH]([n]3[cH][cH][c]([OH])[n][c]3=[O])[CH]([OH])[CH]2[OH])[O][CH]([CH2][OH])[CH]([OH])[CH]1[OH]
2061,[N]#[C][CH2][c]1[cH][cH][c]([OH])[cH][cH]1
2062,[N]#[C][CH]([O][CH]1[O][CH]([CH2][OH])[CH]([OH])[CH]([OH])[CH]1[OH])[c]1[cH][cH][c]([OH])[cH][cH]1
2063,[N]#[C][CH]([OH])[c]1[cH][cH][c]([OH])[cH][cH]1
2064,[CH2]=[C]([CH2][CH]([NH2])[C](=[O])[OH])[C](=[O])[OH]
2065,[CH2]=[C]([CH2][CH]([NH2])[C](=[O])[OH])[C](=[NH])[OH]
2066,[O]=[C]([OH])[CH]([OH])[CH]([OH])[CH]([OH])[CH2][OH]
2067,[O]=[C]1[O][CH]([CH2][OH])[C]([OH])=[C]1[OH]
2068,[CH3][CH]([CH3])[CH2][CH2][CH]([OH])[CH]([CH3])[CH]1[CH2][CH2][CH]2[CH]3[CH2][CH]=[C]4[CH2][CH]([OH])[CH2][CH2][C]4([CH3])[CH]3[CH2][CH2][C]12[CH3]
2069,[CH3][CH]([CH3])[CH2][CH2][CH]=[O]
2070,[CH3][C]12[CH2][CH]([OH])[CH]3[CH]([CH2][CH2][C]4=[CH][C](=[O])[CH2][CH2][C]43[CH3])[CH]1[CH2][CH2][C]2=[O]
2071,[NH]=[CH][NH][CH2][C](=[O])[OH]
2072,[NH2][CH]([CH2][CH2][C]([OH])=[N][CH]([CH2][SH])[C]([OH])=[N][CH2][CH2][C](=[O])[OH])[C](=[O])[OH]
2073,[NH2][CH]([CH2][CH2][C]([OH])=[N][CH]([CH2][S][S][CH2][CH]([N]=[C]([OH])[CH2][CH2][CH]([NH2])[C](=[O])[OH])[C](=[O])[OH])[C](=[O])[OH])[C](=[O])[OH]
2074,[NH2][CH]([CH2][CH2][CH2][C](=[O])[C](=[O])[OH])[C](=[O])[OH]
2075,[CH3][c]1[cH][n]([CH]2[CH2][CH]([OH])[CH]([CH2][O][P](=[O])([OH])[O][P](=[O])([OH])[O][CH]3[O][CH]([CH3])[CH]([NH2])[CH]([OH])[CH]3[OH])[O]2)[c](=[O])[n][c]1[OH]
2076,[CH3][c]1[cH][n]([CH]2[CH2][CH]([OH])[CH]([CH2][O][P](=[O])([OH])[O][P](=[O])([OH])[O][CH]3[O][CH]([CH3])[CH]([OH])[CH]([OH])[CH]3[OH])[O]2)[c](=[O])[n][c]1[OH]
2077,[NH2][CH]1[CH]([OH])[CH]([OH])[CH]([OH])[CH]([OH])[CH]1[OH]
2078,[CH3][C]([OH])=[N][CH]1[CH]([O][P](=[O])([OH])[O][P](=[O])([OH])[O][CH2][CH]2[O][CH]([n]3[cH][cH][c]([OH])[n][c]3=[O])[CH]([OH])[CH]2[OH])[O][CH]([CH2][OH])[CH]([OH])[CH]1[O][CH]([CH3])[C]([OH])=[N][CH]([CH3])[C]([OH])=[N][CH]([CH2][CH2][C]([OH])=[N][CH]([CH2][CH2][CH2][CH]([NH2])[C](=[O])[OH])[C](=[O])[OH])[C](=[O])[OH]
2079,[CH3][CH]([CH2][CH2][C](=[O])[OH])[CH]1[CH2][CH2][CH]2[CH]3[C](=[O])[CH2][CH]4[CH2][CH]([OH])[CH2][CH2][C]4([CH3])[CH]3[CH2][CH]([OH])[C]12[CH3]
2080,[CH3][CH]([CH2][CH2][C](=[O])[OH])[CH]1[CH2][CH2][CH]2[CH]3[CH]([OH])[CH2][CH]4[CH2][CH]([OH])[CH2][CH2][C]4([CH3])[CH]3[CH2][C](=[O])[C]12[CH3]
2081,[CH3][CH]([CH2][CH2][C](=[O])[S][CH2][CH2][N]=[C]([OH])[CH2][CH2][N]=[C]([OH])[CH]([OH])[C]([CH3])([CH3])[CH2][O][P](=[O])([OH])[O][P](=[O])([OH])[O][CH2][CH]1[O][CH]([n]2[cH][n][c]3[c]([NH2])[n][cH][n][c]32)[CH]([OH])[CH]1[O][P](=[O])([OH])[OH])[CH]1[CH2][CH2][CH]2[CH]3[CH]([OH])[CH2][CH]4[CH2][CH]([OH])[CH2][CH2][C]4([CH3])[CH]3[CH2][CH]([OH])[C]12[CH3]
2082,[CH3][CH]([CH2][CH2][C]([OH])=[N][CH2][CH2][S](=[O])(=[O])[OH])[CH]1[CH2][CH2][CH]2[CH]3[CH]([OH])[CH2][CH]4[CH2][CH]([OH])[CH2][CH2][C]4([CH3])[CH]3[CH2][CH]([OH])[C]12[CH3]
2083,[CH3][CH]([CH2][CH2][C](=[O])[OH])[CH]1[CH2][CH2][CH]2[CH]3[CH]=[CH][CH]4[CH2][CH]([OH])[CH2][CH2][C]4([CH3])[CH]3[CH2][CH]([OH])[C]12[CH3]
2084,[CH3][CH2][CH2][CH2][CH2][CH]([OH])[CH]=[CH][CH]1[CH]([OH])[CH2][CH]([OH])[CH]1[CH2][CH]=[CH][CH2][CH2][CH2][C](=[O])[OH]
2085,[CH3][CH2][CH2][CH2][CH2][C](=[O])[CH]=[CH][CH]1[C](=[O])[CH2][CH]([OH])[CH]1[CH2][CH]=[CH][CH2][CH2][CH2][C](=[O])[OH]
2086,[NH]=[NH]
2087,[O]=[P]([OH])([O][CH2][CH]1[O][CH]([n]2[cH][n][c]3[c]([OH])[n][c]([OH])[n][c]32)[CH]([OH])[CH]1[OH])[O][P](=[O])([OH])[O][P](=[O])([OH])[O][P](=[O])([OH])[O][CH2][CH]1[O][CH]([n]2[cH][n][c]3[c]([OH])[n][c]([OH])[n][c]32)[CH]([OH])[CH]1[OH]
2088,[I][I]
2089,[CH3][CH2][CH2][CH2][CH2][CH2][CH2][CH2][CH]([OH])[CH2][CH2][CH2][CH2][CH2][CH2][CH2][CH2][C](=[O])[OH]
2090,[OH][c]1[n][c]([OH])[c]2[n][cH][cH][n][c]2[n]1
2091,[NH]=[c]1[n][c]([OH])[c]2[n][cH][cH][n][c]2[nH]1
2092,[O]=[C]([OH])[CH]1[CH2][CH2][CH2][NH]1
2093,[CH3][c]1[cH][c]([OH])[cH][c]([OH])[cH]1
2094,[CH3][c]1[cH][c]([OH])[cH][c]([OH])[c]1[OH]
2095,[CH3][N]1[CH]2[CH2][CH2][CH]1[CH2][C](=[O])[CH2]2
2096,[CH3][N]1[CH]2[CH2][CH2][CH]1[CH2][CH]([OH])[CH2]2
2097,[CH3][C]12[CH2][CH2][C](=[O])[CH]=[C]1[CH2][CH2][CH]1[CH]2[C](=[O])[CH2][C]2([CH3])[CH]1[CH2][CH2][C]2([OH])[C](=[O])[CH2][OH]
2098,[CH3][C]12[CH2][CH2][C](=[O])[CH]=[C]1[CH2][CH2][CH]1[CH]2[CH]([OH])[CH2][C]2([CH3])[CH]1[CH2][CH2][C]2([OH])[C](=[O])[CH2][OH]
2099,[CH3][C](=[O])[O][CH2][C](=[O])[C]1([OH])[CH2][CH2][CH]2[CH]3[CH2][CH2][C]4=[CH][C](=[O])[CH2][CH2][C]4([CH3])[CH]3[CH]([OH])[CH2][C]21[CH3]
2100,[CH3][C](=[O])[C]1([OH])[CH2][CH2][CH]2[CH]3[CH2][CH2][C]4=[CH][C](=[O])[CH2][CH2][C]4([CH3])[CH]3[CH]([OH])[CH2][C]21[CH3]
2101,[CH3][C]12[CH2][CH2][C](=[O])[CH]=[C]1[CH2][CH2][CH]1[CH]2[CH]([OH])[CH2][C]2([CH3])[CH]1[CH2][CH2][C]2([OH])[C](=[O])[CH2][O][S](=[O])(=[O])[OH]
2102,[CH3][C]12[CH2][CH2][CH]([OH])[CH2][C]1=[CH][CH2][CH]1[CH]2[CH]([OH])[CH2][C]2([CH3])[CH]1[CH2][CH2][C]2([OH])[C](=[O])[CH2][OH]
2103,[CH3][C]12[CH2][CH2][C](=[O])[CH2][CH]1[CH2][CH2][CH]1[CH]2[CH]([OH])[CH2][C]2([CH3])[CH]1[CH2][CH2][C]2([OH])[C](=[O])[CH2][OH]
2104,[CH3][C]12[CH2][CH2][C](=[O])[CH]=[C]1[CH2][CH2][CH]1[CH]2[CH2][CH2][C]2([CH3])[CH]1[CH2][CH2][C]2([OH])[C](=[O])[CH2][OH]
2105,[CH3][CH]([NH2])[CH2][CH2][CH]([NH2])[C](=[O])[OH]
2106,[O]=[C]([OH])[CH2][F]
2107,[CH3][CH2][CH]1[O][C](=[O])[CH2][CH]([OH])[CH]([CH3])[CH]([O][CH]2[O][CH]([CH3])[CH]([O][CH]3[CH2][C]([CH3])([OH])[CH]([OH])[CH]([CH3])[O]3)[CH]([N]([CH3])[CH3])[CH]2[OH])[CH]([CH2][CH]=[O])[CH2][CH]([CH3])[C](=[O])[CH]=[CH][C]([CH3])=[CH][CH]1[CH2][O][CH]1[O][CH]([CH3])[CH]([OH])[CH]([OH])[CH]1[O][CH3]
2108,[CH3][CH2][CH]1[O][C](=[O])[CH2][CH]([OH])[CH]([CH3])[CH]([O][CH]2[O][CH]([CH3])[CH]([O][CH]3[CH2][C]([CH3])([OH])[CH]([OH])[CH]([CH3])[O]3)[CH]([N]([CH3])[CH3])[CH]2[OH])[CH]([CH2][CH]=[O])[CH2][CH]([CH3])[C](=[O])[CH]=[CH][C]([CH3])=[CH][CH]1[CH2][O][CH]1[O][CH]([CH3])[CH]([OH])[CH]([O][CH3])[CH]1[O][CH3]
2109,[CH3][CH2][CH]1[O][C](=[O])[CH2][CH]([OH])[CH]([CH3])[CH]([O][CH]2[O][CH]([CH3])[CH]([O][CH]3[CH2][C]([CH3])([OH])[CH]([OH])[CH]([CH3])[O]3)[CH]([N]([CH3])[CH3])[CH]2[OH])[CH]([CH2][CH]=[O])[CH2][CH]([CH3])[C](=[O])[CH]=[CH][C]([CH3])=[CH][CH]1[CH2][O][CH]1[O][CH]([CH3])[CH]([OH])[CH]([OH])[CH]1[OH]
2110,[cH]1[cH][cH][n][cH][cH]1
2111,[CH3][n+]1[cH][cH][cH][cH][cH]1
2112,[CH3][c]1[n][cH][c]([CH2][n+]2[cH][cH][cH][cH][cH]2)[c](=[NH])[nH]1
2113,[CH3][C]1([CH3])[CH2][CH2][CH2][C]2([CH3])[CH]1[CH2][CH2][C]1([CH3])[CH]2[CH2][CH2][CH]2[C]3([CH3])[CH2][CH2][CH]([OH])[C]([CH3])([CH3])[CH]3[CH2][CH2][C]21[CH3]
2114,[CH3][O][c]1[cH][c]([CH2][OH])[cH][cH][c]1[OH]
2115,[CH3][CH2][CH2][CH2][CH2][CH2][CH2][CH2][OH]
2116,[CH3][O][c]1[cH][cH][c]2[c]([c]1[O][CH3])[CH2][N]1[CH2][CH2][c]3[cH][c]4[c]([cH][c]3[CH]1[CH2]2)[O][CH2][O]4
2117,[O]=[c]1[cH][cH][c]2[c]([OH])[c]3[cH][cH][o][c]3[cH][c]2[o]1
2118,[CH3][O][c]1[c]2[cH][cH][o][c]2[cH][c]2[o][c](=[O])[cH][cH][c]12
2119,[CH3][C]12[CH2][CH2][C](=[O])[CH2][CH]1[CH2][CH2][CH]1[CH]2[C](=[O])[CH2][C]2([CH3])[CH]1[CH2][CH2][C]2([OH])[C](=[O])[CH2][OH]
2120,[CH3][C]12[CH2][CH2][C](=[O])[CH2][CH]1[CH2][CH2][CH]1[CH]2[C](=[O])[CH2][C]2([CH3])[CH]1[CH2][CH2][C]2([OH])[C](=[O])[CH2][OH]
2121,[NH2][CH]([CH2][CH2][C]([OH])=[N][N]1[CH2][CH2][CH2][CH]1[C](=[O])[OH])[C](=[O])[OH]
2122,[OH][CH2][C]1([OH])[O][CH2][CH]([OH])[CH]([OH])[CH]1[OH]
2123,[OH][CH2][CH]([OH])[CH]([OH])[CH]([OH])[CH]([OH])[CH2][OH]
2124,[O]=[C]1[CH2][CH]([c]2[cH][cH][c]([OH])[cH][cH]2)[O][c]2[cH][c]([O][CH]3[O][CH]([CH2][OH])[CH]([OH])[CH]([OH])[CH]3[OH])[cH][c]([OH])[c]21
2125,[O]=[C]([CH]=[CH][c]1[cH][cH][cH][cH][cH]1)[c]1[cH][cH][cH][cH][c]1[OH]
2126,[O]=[C]1[CH2][CH]([c]2[cH][cH][cH][cH][cH]2)[O][c]2[cH][cH][cH][cH][c]21
2127,[OH][c]1[cH][c]([OH])[cH][c]([OH])[cH]1
2128,[O]=[C]([OH])[CH2][CH2][c]1[cH][cH][c]([OH])[cH][cH]1
2129,[O]=[C]([CH2][CH2][c]1[cH][cH][c]([OH])[cH][cH]1)[c]1[c]([OH])[cH][c]([OH])[cH][c]1[OH]
2130,[CH3][C]([CH]=[CH][C]1=[C]([CH3])[CH2][CH2][CH2][C]1([CH3])[CH3])=[CH][CH]=[CH][C]([CH3])=[CH][C](=[O])[O][CH]1[O][CH]([C](=[O])[OH])[CH]([OH])[CH]([OH])[CH]1[OH]
2131,[OH][c]1[cH][c]([OH])[c]2[c]([OH])[cH][c]([OH])[cH][c]2[cH]1
2132,[O]=[C]1[CH2][CH]([OH])[CH2][c]2[cH][c]([OH])[cH][c]([OH])[c]21
2133,[OH][c]1[cH][c]([OH])[c]2[c]([OH])[cH][cH][cH][c]2[cH]1
2134,[NH2][CH2][CH2][C](=[O])[c]1[cH][c]([OH])[cH][cH][c]1[N]=[CH][OH]
2135,[CH3][NH][CH2][CH2][c]1[cH][nH][c]2[cH][cH][c]([OH])[cH][c]12
2136,[CH3][C]([OH])=[N][CH2][CH2][c]1[cH][nH][c]2[cH][cH][c]([OH])[cH][c]12
2137,[CH3][O][c]1[cH][cH][c]2[c]([cH]1)[O][CH]1[c]3[cH][cH][c]([OH])[cH][c]3[O][CH2][CH]21
2138,[CH3][O][c]1[cH][cH][c]([CH]2[CH2][O][c]3[cH][c]([OH])[cH][cH][c]3[C]2=[O])[c]([OH])[cH]1
2139,[CH3][NH][CH2][CH]([OH])[c]1[cH][cH][c]([OH])[c]([O][CH3])[cH]1
2140,[NH]=[c]1[cH][cH][n]([CH]2[O][CH]([CH2][O][P](=[O])([OH])[O][P](=[O])([OH])[O][CH2][CH]([OH])[CH]([OH])[CH]([OH])[CH2][OH])[CH]([OH])[CH]2[OH])[c]([OH])[n]1
2141,[CH3][N]1[CH2][C]([OH])=[N][C]1=[O]
2142,[O]=[C]([CH2][OH])[CH]([OH])[CH]([OH])[CH]([OH])[CH2][OH]
2143,[CH3][CH2][N]=[C]([OH])[CH2][CH2][CH]([NH2])[C](=[O])[OH]
2144,[O]=[c]1[c](-[c]2[cH][cH][c]([OH])[cH][cH]2)[cH][o][c]2[cH][c]([OH])[cH][c]([OH])[c]12
2145,[O]=[c]1[c](-[c]2[cH][cH][c]([OH])[cH][cH]2)[cH][o][c]2[cH][c]([O][CH]3[O][CH]([CH2][OH])[CH]([OH])[CH]([OH])[CH]3[OH])[cH][c]([OH])[c]12
2146,[CH3][CH2][CH2][CH2][C](=[NH])[OH]
2147,[CH]#[C][CH]=[O]
2148,[O]=[CH][c]1[cH][cH][cH][cH][c]1[OH]
2149,[CH3][C](=[O])[O][c]1[cH][cH][cH][cH][c]1[C](=[O])[OH]
2150,[CH3][C]([CH3])=[CH][CH2][c]1[cH][cH][cH][c]2[nH][cH][c]([CH2][CH]([NH2])[C](=[O])[OH])[c]12
2151,[CH3][C]12[CH2][CH2][CH]([CH2][C]1=[O])[C]2([CH3])[CH3]
2152,[CH3][C]1([CH3])[CH]2[CH2][CH2][C]1([CH3])[CH]([OH])[CH2]2
2153,[CH3][CH]([OH])[CH]([CH3])[OH]
2154,[O]=[C]([OH])[CH]=[CH][C]1=[CH][C](=[O])[C](=[O])[CH]=[CH]1
2155,[CH2]=[CH][c]1[cH][cH][c]([OH])[cH][cH]1
2156,[CH3][O][c]1[cH][cH][c](-[c]2[cH][o][c]3[cH][c]([OH])[cH][c]([OH])[c]3[c]2=[O])[cH][cH]1
2157,[CH3][O][c]1[cH][cH][c]([CH]2[CH2][O][c]3[cH][c]([OH])[cH][c]([OH])[c]3[C]2=[O])[cH][cH]1
2158,[O]=[C]([OH])[CH]1[CH2][c]2[cH][c]([OH])[c]([OH])[cH][c]2[NH]1
2159,[OH][CH]1[CH]=[CH][c]2[cH][cH][cH][cH][c]2[CH]1[OH]
2160,[cH]1[cH][cH][c]2[cH][cH][cH][cH][c]2[cH]1
2161,[O]=[C]([OH])[C](=[O])[C](=[O])[OH]
2162,[O]=[C]([OH])[CH]([OH])[C](=[O])[OH]
2163,[NH2][CH]([C](=[O])[OH])[C](=[O])[OH]
2164,[O]=[c]1[cH][cH][c]2[cH][c]3[cH][cH][o][c]3[c]([OH])[c]2[o]1
2165,[CH3][O][c]1[c]2[o][cH][cH][c]2[cH][c]2[cH][cH][c](=[O])[o][c]12
2166,[CH3][c]1[cH][n]([CH]2[CH2][CH]([OH])[CH]([CH2][O][P](=[O])([OH])[O][P](=[O])([OH])[O][CH]3[O][CH]([C](=[O])[OH])[CH]([OH])[CH]([OH])[CH]3[OH])[O]2)[c](=[O])[n][c]1[OH]
2167,[N]#[C][CH]([O][CH]1[O][CH]([CH2][O][CH]2[O][CH]([CH2][OH])[CH]([OH])[CH]([OH])[CH]2[OH])[CH]([OH])[CH]([OH])[CH]1[OH])[c]1[cH][cH][cH][cH][cH]1
2168,[CH3][C]([CH3])([CH2][O][P](=[O])([OH])[O][P](=[O])([OH])[O][CH2][CH]1[O][CH]([n]2[cH][n][c]3[c]([NH2])[n][cH][n][c]32)[CH]([OH])[CH]1[O][P](=[O])([OH])[OH])[CH]([OH])[C]([OH])=[N][CH2][CH2][C]([OH])=[N][CH2][CH2][S][C](=[O])[c]1[cH][cH][cH][o]1
2169,[O]=[C]([OH])[c]1[cH][cH][cH][o]1
2170,[CH3][C]([CH3])([CH2][O][P](=[O])([OH])[O][P](=[O])([OH])[O][CH2][CH]1[O][CH]([n]2[cH][n][c]3[c]([NH2])[n][cH][n][c]32)[CH]([OH])[CH]1[O][P](=[O])([OH])[OH])[CH]([OH])[C]([OH])=[N][CH2][CH2][C]([OH])=[N][CH2][CH2][S][C](=[O])[c]1[cH][cH][c]([OH])[o]1
2171,[O]=[C]([OH])[CH]=[CH][C](=[O])[CH2][C](=[O])[OH]
2172,[CH3][c]1[n][cH][c]([CH]=[O])[c]([C](=[O])[OH])[c]1[OH]
2173,[CH3][C]12[CH2][CH2][CH]([CH2][C]1=[O])[C]([CH3])([CH3])[O]2
2174,[CH3][C]1([CH3])[O][C]2([CH3])[CH2][CH2][CH]1[CH2][CH]2[OH]
2175,[CH3][C]12[CH2][CH2][CH]([CH2][C](=[O])[O]1)[C]([CH3])([CH3])[O]2
2176,[O]=[C]([CH]=[CH][c]1[cH][cH][c]([OH])[c]([OH])[cH]1)[O][CH]1[CH2][C]([OH])([C](=[O])[OH])[CH2][CH]([OH])[CH]1[OH]
2177,[O]=[C]([CH]=[CH][c]1[cH][cH][c]([OH])[c]([OH])[cH]1)[O][CH]([C](=[O])[OH])[CH]([OH])[CH]([OH])[CH]([OH])[C](=[O])[OH]
2178,[CH3][S][CH2][CH2][CH]([NH2])[C](=[O])[OH]
2179,[CH3][O][c]1[cH][cH][c](-[c]2[cH][o][c]3[cH][c]([OH])[cH][cH][c]3[c]2=[O])[cH][c]1[OH]
2180,[CH3][O][c]1[cH][cH][c](-[c]2[cH][o][c]3[cH][c]([OH])[cH][cH][c]3[c]2=[O])[cH][cH]1
2181,[CH2]=[C]1[CH2][C]23[CH2][C]1([OH])[CH2][CH2][CH]2[C]12[CH2][CH]([OH])[CH]([OH])[C]([CH3])([C](=[O])[O]1)[CH]2[CH]3[C](=[O])[OH]
2182,[CH2]=[C]1[CH2][C]23[CH2][C]1([OH])[CH2][CH2][CH]2[C]12[CH2][CH2][CH]([OH])[C]([CH3])([C](=[O])[O]1)[CH]2[CH]3[C](=[O])[OH]
2183,[CH2]=[C]1[CH2][C]23[CH2][C]1([OH])[CH2][CH2][CH]2[C]12[CH2][CH2][CH2][C]([CH3])([C](=[O])[O]1)[CH]2[CH]3[C](=[O])[OH]
2184,[CH3][CH2][CH2][CH2][CH2][CH2][CH2][CH2][CH2][CH2][CH2][CH2][CH2][CH2][CH2][CH2][C](=[O])[C](=[O])[OH]
2185,[CH3][CH2][CH2][CH2][CH2][CH2][CH2][CH2][CH2][CH2][CH2][CH2][CH2][CH2][CH2][CH2][CH]([OH])[C](=[O])[OH]
2186,[CH3][CH2][CH2][CH2][CH2][CH2][CH2][CH2][CH2][CH2][CH2][CH2][CH2][CH2][CH2][CH2][CH]([OH])[C](=[O])[OH]
2187,[O]=[N+]([O-])[c]1[cH][cH][c]([OH])[c]([OH])[cH]1
2188,[O]=[N+]([O-])[c]1[cH][cH][c]([OH])[cH][cH]1
2189,[O]=[N+]([O-])[c]1[cH][cH][c]([O][P](=[O])([OH])[OH])[cH][cH]1
2190,[CH3][CH]([O][P](=[O])([OH])[O][CH2][CH]([OH])[CH]([OH])[CH]([OH])[CH2][N]1[c]2[cH][c]([OH])[cH][cH][c]2[CH2][c]2[c]([OH])[n][c]([OH])[n][c]21)[C]([OH])=[N][CH]([CH2][CH2][C]([OH])=[N][CH]([CH2][CH2][C](=[O])[OH])[C](=[O])[OH])[C](=[O])[OH]
2191,[CH3][C]([CH3])([CH2][O][P](=[O])([OH])[O][P](=[O])([OH])[O][CH2][CH]1[O][CH]([n]2[cH][n][c]3[c]([NH2])[n][cH][n][c]32)[CH]([OH])[CH]1[O][P](=[O])([OH])[OH])[CH]([OH])[C]([OH])=[N][CH2][CH2][C]([OH])=[N][CH2][CH2][S][C](=[O])[CH]=[CH][CH2][C](=[O])[OH]
2192,[CH3][CH]([NH2])[CH2][C](=[O])[S][CH2][CH2][N]=[C]([OH])[CH2][CH2][N]=[C]([OH])[CH]([OH])[C]([CH3])([CH3])[CH2][O][P](=[O])([OH])[O][P](=[O])([OH])[O][CH2][CH]1[O][CH]([n]2[cH][n][c]3[c]([NH2])[n][cH][n][c]32)[CH]([OH])[CH]1[O][P](=[O])([OH])[OH]
2193,[CH3][CH2][CH2][CH]([C](=[O])[OH])[CH]([OH])[C](=[O])[OH]
2194,[CH3][C]12[CH2][CH2][CH]3[CH]([CH2][CH2][CH]4[CH2][CH2][CH2][CH2][C]43[CH3])[CH]1[CH2][CH2][CH]2[CH2][CH]=[O]
2195,[CH3][C]12[CH2][CH2][CH2][CH2][CH]1[CH2][CH2][CH]1[CH]2[CH2][CH2][C]2([CH3])[CH]([CH2][CH2][OH])[CH2][CH2][CH]12
2196,[CH3][C]([CH3])([CH2][O][P](=[O])([OH])[O][P](=[O])([OH])[O][CH2][CH]1[O][CH]([n]2[cH][n][c]3[c]([NH2])[n][cH][n][c]32)[CH]([OH])[CH]1[O][P](=[O])([OH])[OH])[CH]([OH])[C]([OH])=[N][CH2][CH2][C]([OH])=[N][CH2][CH2][S][C](=[O])[CH2][CH2][NH2]
2197,[CH3][C]([CH]=[CH][CH]=[C]([CH3])[CH]=[CH][C]1=[C]([CH3])[CH2][CH2][CH2][C]1([CH3])[CH3])=[CH][CH]=[O]
2198,[CH3][C]([CH]=[CH][C]1=[C]([CH3])[CH2][CH2][CH2][C]1([CH3])[CH3])=[CH][CH]=[CH][C]([CH3])=[CH][CH2][OH]
2199,[CH3][CH2][CH2][CH2][CH2][CH2][CH2][CH2][CH2][CH2][CH2][CH2][CH2][CH2][CH2][C](=[O])[O][CH2][CH]=[C]([CH3])[CH]=[CH][CH]=[C]([CH3])[CH]=[CH][C]1=[C]([CH3])[CH2][CH2][CH2][C]1([CH3])[CH3]
2200,[CH3][CH2][CH2][CH2][CH]([NH2])[C](=[O])[OH]
2201,[CH3][CH2][CH2][CH2][C](=[O])[C](=[O])[OH]
2202,[OH][CH2][CH]=[CH][c]1[cH][cH][cH][cH][cH]1
2203,[CH3][CH]([CH2][NH][C](=[NH])[OH])[C](=[O])[OH]
2204,[CH3][NH][CH]1[CH]([OH])[CH]([O][CH]2[CH]([NH2])[CH2][CH]([NH2])[CH]([O][CH]3[O][CH]([CH2][NH2])[CH2][CH2][CH]3[N]=[C]([CH3])[OH])[CH]2[OH])[O][CH2][C]1([CH3])[OH]
2205,[CH3][NH][CH]1[CH]([OH])[CH]([O][CH]2[CH]([NH2])[CH2][CH]([NH2])[CH]([O][CH]3[O][CH]([CH2][NH2])[CH2][CH2][CH]3[NH2])[CH]2[OH])[O][CH2][C]1([CH3])[OH]
2206,[CH3][CH2][CH2][CH2][CH2][CH]=[CH][CH2][CH]([OH])[CH]=[CH][CH]=[CH][CH]=[CH][CH]([OH])[CH2][CH2][CH2][C](=[O])[OH]
2207,[CH3][C](=[O])[O][CH2][C]1=[C]([C](=[O])[OH])[N]2[C](=[O])[CH]([N]=[C]([OH])[CH2][CH2][CH2][CH]([NH2])[C](=[O])[OH])[CH]2[S][CH2]1
2208,[NH2][CH]([CH2][CH2][CH2][C]([OH])=[N][CH]1[C](=[O])[N]2[C]([C](=[O])[OH])=[C]([CH2][OH])[CH2][S][CH]12)[C](=[O])[OH]
2209,[CH3][C](=[O])[O][CH2][C]1=[C]([C](=[O])[OH])[N]2[C](=[O])[CH]([N]=[C]([OH])[CH2][CH2][CH2][C](=[O])[C](=[O])[OH])[CH]2[S][CH2]1
2210,[CH3][C](=[O])[O][CH2][CH]([N]=[C]([OH])[CH]([Cl])[Cl])[CH]([OH])[c]1[cH][cH][c]([N+](=[O])[O-])[cH][cH]1
2211,[O]=[N+]([O-])[c]1[cH][cH][c]([CH]([OH])[CH]([CH2][OH])[N]=[C]([OH])[CH]([Cl])[Cl])[cH][cH]1
2212,[CH3][C]([C](=[O])[OH])=[C]([CH3])[C](=[O])[OH]
2213,[CH2]=[C]([C](=[O])[OH])[CH]([CH3])[C](=[O])[OH]
2214,[O]=[C]([OH])[CH]([c]1[cH][cH][c]([OH])[cH][cH]1)[N]1[CH2][CH]([N]=[C]([OH])[C](=[N][OH])[c]2[cH][cH][c]([OH])[cH][cH]2)[C]1=[O]
2215,[NH2][CH]([CH2][CH2][O][c]1[cH][cH][c]([C](=[N][OH])[C]([OH])=[N][CH]2[CH2][N]([CH]([C](=[O])[OH])[c]3[cH][cH][c]([OH])[cH][cH]3)[C]2=[O])[cH][cH]1)[C](=[O])[OH]
2216,[CH3][CH]([OH])[CH]([OH])[CH2][C](=[O])[C](=[O])[OH]
2217,[CH3][C]12[CH2][CH2][CH]3[c]4[cH][cH][c]([OH])[cH][c]4[CH]([OH])[CH2][CH]3[CH]1[CH2][CH2][CH]2[OH]
2218,[CH3][C]12[CH2][CH2][CH]3[CH]([CH2][CH2][C]4=[CH][C](=[O])[CH2][CH2][C]43[CH]=[O])[CH]1[CH2][CH2][CH]2[OH]
2219,[CH3][C]12[CH2][CH2][CH]3[c]4[cH][cH][c]([OH])[cH][c]4[CH2][CH2][CH]3[CH]1[CH2][CH]([OH])[CH]2[OH]
2220,[CH3][C]12[CH2][CH2][CH]3[c]4[cH][cH][c]([O][CH]5[O][CH]([C](=[O])[OH])[CH]([OH])[CH]([OH])[CH]5[OH])[cH][c]4[CH2][CH2][CH]3[CH]1[CH2][CH2][CH]2[OH]
2221,[CH3][C]1([OH])[C]([OH])=[N][c]2[cH][cH][cH][cH][c]21
2222,[O]=[C]([CH2][c]1[cH][nH][c]2[cH][cH][cH][cH][c]12)[O][CH]1[O][CH]([CH2][OH])[CH]([OH])[CH]([OH])[CH]1[OH]
2223,[NH2][CH]([CH2][CH2][CH2][CH2][N]=[C]([OH])[CH2][c]1[cH][nH][c]2[cH][cH][cH][cH][c]12)[C](=[O])[OH]
2224,[O]=[C]([OH])[CH2][C](=[O])[c]1[cH][cH][cH][cH][c]1[N]=[CH][OH]
2225,[NH2][c]1[n][cH][n][c]2[c]1[n][cH][n]2[CH]1[O][CH]([CH2][O][P](=[O])([OH])[O][C](=[O])[CH2][CH2][CH2][CH]([NH2])[C](=[O])[OH])[CH]([OH])[CH]1[OH]
2226,[O]=[C]([OH])[CH]([OH])[CH2][SH]
2227,[CH3][O][c]1[cH][c]2[c]([c]3[o][c]4[cH][cH][cH][c]([OH])[c]4[c](=[O])[c]13)[CH]1[CH]=[CH][O][CH]1[O]2
2228,[CH3][O][c]1[cH][cH][cH][c]2[o][c]3[c]4[c]([cH][c]([O][CH3])[c]3[c](=[O])[c]12)[O][CH]1[O][CH]=[CH][CH]41
2229,[O]=[c]1[c]2[c]([OH])[cH][cH][cH][c]2[o][c]2[c]3[c]([cH][c]([OH])[c]12)[O][CH]1[O][CH]=[CH][CH]31
2230,[OH][c]1[cH][cH][c]([CH]2[O][c]3[cH][c]([OH])[cH][c]([OH])[c]3[CH]([OH])[CH]2[OH])[cH][cH]1
2231,[O]=[c]1[c]([OH])[c](-[c]2[cH][cH][c]([OH])[cH][cH]2)[o][c]2[cH][c]([OH])[cH][c]([OH])[c]12
2232,[CH3][O][c]1[cH][cH][c]2[nH][cH][c]([CH2][CH2][N]=[C]([CH3])[OH])[c]2[cH]1
2233,[NH2][CH]([CH2][n]1[cH][cH][c]([OH])[n][c]1=[O])[C](=[O])[OH]
2234,[CH3][C](=[CH][CH2][NH][c]1[n][cH][n][c]2[c]1[n][cH][n]2[CH2][CH]([NH2])[C](=[O])[OH])[CH2][OH]
2235,[CH3][C]1([CH3])[CH2][O][C](=[O])[CH]1[OH]
2236,[CH3][C]1([CH3])[CH2][O][C](=[O])[C]1=[O]
2237,[CH3][CH]1[O][CH]([OH])[CH]([OH])[CH]([OH])[CH]1[OH]
2238,[O]=[C]([OH])[C]1=[CH][N]=[C]([OH])[CH2][CH2]1
2239,[CH3][C](=[O])[N]([OH])[CH2][CH2][CH2][CH2][CH]([NH2])[C](=[O])[OH]
2240,[CH3][CH2][CH]([CH3])[C](=[O])[S][CH2][CH2][N]=[C]([OH])[CH2][CH2][N]=[C]([OH])[CH]([OH])[C]([CH3])([CH3])[CH2][O][P](=[O])([OH])[O][P](=[O])([OH])[O][CH2][CH]1[O][CH]([n]2[cH][n][c]3[c]([NH2])[n][cH][n][c]32)[CH]([OH])[CH]1[O][P](=[O])([OH])[OH]
2241,[NH]=[CH][NH][CH]([CH2][C](=[O])[OH])[C](=[O])[OH]
2242,[CH3][NH][CH2][CH2][CH2][C](=[O])[c]1[cH][cH][c]([OH])[n][cH]1
2243,[CH3][N]1[CH2][CH2][CH2][CH]1[c]1[cH][cH][c]([OH])[n][cH]1
2244,[OH][c]1[cH][cH][cH][cH][n]1
2245,[NH2][CH]([CH2][c]1[cH][c]([I])[c]([OH])[c]([I])[cH]1)[C](=[O])[OH]
2246,[O]=[C]([OH])[C](=[O])[CH2][c]1[cH][c]([I])[c]([OH])[c]([I])[cH]1
2247,[NH2][CH]([CH2][c]1[cH][c]([I])[c]([O][c]2[cH][c]([I])[c]([OH])[c]([I])[cH]2)[c]([I])[cH]1)[C](=[O])[OH]
2248,[CH3][C](=[O])[CH2][CH2][CH2][C](=[O])[OH]
2249,[O]=[C]1[CH2][CH2][CH2][C](=[O])[CH2]1
2250,[O]=[C]1[CH2][CH2][CH2][CH]([OH])[CH2]1
2251,[O]=[S](=[O])([OH])[O][N]=[C]([CH2][c]1[cH][cH][cH][cH][cH]1)[S][CH]1[O][CH]([CH2][OH])[CH]([OH])[CH]([OH])[CH]1[OH]
2252,[OH][CH2][CH]1[O][CH]([S][C]([CH2][c]2[cH][cH][cH][cH][cH]2)=[N][OH])[CH]([OH])[CH]([OH])[CH]1[OH]
2253,[O]=[S](=[O])([OH])[NH][CH]1[CH]([OH])[O][CH]([CH2][O][S](=[O])(=[O])[OH])[CH]([OH])[CH]1[OH]
2254,[O]=[C]([OH])[CH2][CH2][CH]([OH])[C](=[O])[OH]
2255,[CH3][CH]([OH])[CH2][C](=[O])[OH]
2256,[CH3][CH2][C]12[CH]=[CH][CH2][N]3[CH2][CH2][C]4([c]5[cH][cH][c]([OH])[cH][c]5[N]([CH3])[CH]4[C]([OH])([C](=[O])[O][CH3])[CH]1[OH])[CH]32
2257,[CH3][CH2][C]12[CH]=[CH][CH2][N]3[CH2][CH2][C]4([c]5[cH][cH][c]([O][CH3])[cH][c]5[N]([CH3])[CH]4[C]([OH])([C](=[O])[O][CH3])[CH]1[OH])[CH]32
2258,[CH3][CH2][C]12[CH]=[CH][CH2][N]3[CH2][CH2][C]4([c]5[cH][cH][c]([O][CH3])[cH][c]5[N]([CH3])[CH]4[C]([OH])([C](=[O])[O][CH3])[CH]1[O][C]([CH3])=[O])[CH]32
2259,[O]=[P]([OH])([OH])[O][CH2][CH]1[O][CH]([OH])[CH]([OH])[CH]([OH])[CH]1[OH]
2260,[OH][c]1[cH][cH][cH][c]([OH])[c]1[OH]
2261,[O]=[C]([OH])[c]1[cH][c]([OH])[c]2[c]([n]1)[CH]([OH])[CH]([OH])[CH]=[CH]2
2262,[O]=[C]([OH])[c]1[cH][c]([OH])[c]2[cH][cH][c]([OH])[c]([OH])[c]2[n]1
2263,[O]=[C]([OH])[C](=[O])[CH]=[CH][c]1[c]([OH])[cH][c]([C](=[O])[OH])[n][c]1[OH]
2264,[O]=[C]1[O][CH]([CH]([OH])[CH2][OH])[CH]([OH])[CH]1[OH]
2265,[CH2]=[C]([CH3])[CH]1[CH2][CH2][C]([CH3])=[CH][C]1=[O]
2266,[CH2]=[C]([CH3])[CH]1[CH2][CH2][C]([CH3])=[CH][CH]1[OH]
2267,[CH3][C]12[CH2][CH2][C](=[O])[CH]=[C]1[CH2][CH2][CH]1[CH]2[CH]([OH])[CH2][C]2([CH2][OH])[CH]([C](=[O])[CH2][OH])[CH2][CH2][CH]12
2268,[CH3][C]12[CH2][CH2][C](=[O])[CH]=[C]1[CH2][CH2][CH]1[CH]2[CH]([OH])[CH2][C]2([CH3])[CH]([C](=[O])[CH2][OH])[CH2][CH2][CH]12
2269,[CH3][C]12[CH2][CH2][C](=[O])[CH]=[C]1[CH2][CH2][CH]1[CH]2[CH]([OH])[CH2][C]2([CH]=[O])[CH]([C](=[O])[CH2][OH])[CH2][CH2][CH]12
2270,[CH3][C]([CH3])=[CH][CH2][CH2][C]([CH3])=[CH][CH2][CH2][C]([CH3])=[CH][CH2][OH]
2271,[CH3][C]([CH3])=[CH][CH2][CH2][C]([CH3])=[CH][CH2][CH2][C]([CH3])=[CH][CH]=[O]
2272,[NH2][CH2][CH2][CH2][NH][CH2][CH2][CH2][NH2]
2273,[CH3][CH]([NH2])[CH2][CH]([NH2])[CH2][C](=[O])[OH]
2274,[O]=[C]([OH])[C](=[O])[CH2][CH]([OH])[CH]([OH])[C](=[O])[OH]
2275,[O]=[C]1[CH2][CH2][CH2][CH2][CH]1[OH]
2276,[O]=[C]1[CH2][CH2][CH2][CH2][C]1=[O]
2277,[OH][CH]1[CH2][CH2][CH2][CH2][CH]1[OH]
2278,[O]=[C]1[CH2][CH2][CH2][CH2][CH]([OH])[O]1
2279,[CH3][N+]([CH3])([CH3])[CH2][CH2][CH2][CH]=[O]
2280,[CH3][N+]([CH3])([CH3])[CH2][CH2][CH2][CH]([OH])[CH]([NH2])[C](=[O])[OH]
2281,[O]=[c]1[c]([O][S](=[O])(=[O])[OH])[c](-[c]2[cH][cH][c]([OH])[c]([O][S](=[O])(=[O])[OH])[cH]2)[o][c]2[cH][c]([O][S](=[O])(=[O])[OH])[cH][c]([OH])[c]12
2282,[O]=[C]1[CH2][NH][CH]([C](=[O])[OH])[CH2]1
2283,[O]=[C]([OH])[CH]1[CH2][O][P](=[O])([OH])[O][P](=[O])([OH])[O]1
2284,[CH3][O][c]1[cH][c]([CH2][C](=[O])[OH])[cH][cH][c]1[OH]
2285,[O]=[C]([OH])[CH2][c]1[cH][cH][c]([Cl])[cH][cH]1
2286,[OH][CH2][CH]1[O][CH]([c]2[cH][n][c]([OH])[n][c]2[OH])[CH]([OH])[CH]1[OH]
2287,[O]=[C]1[CH2][CH]([OH])[CH2][c]2[cH][cH][cH][c]([OH])[c]21
2288,[CH3][O][c]1[cH][c]([CH]=[CH][C](=[O])[O][CH]([CH2][C](=[O])[OH])[C](=[O])[OH])[cH][c]([O][CH3])[c]1[OH]
2289,[CH3][CH]([OH])[C]1([OH])[CH2][CH2][CH]2[CH]3[CH2][CH2][C]4=[CH][C](=[O])[CH2][CH2][C]4([CH3])[CH]3[CH2][CH2][C]21[CH3]
2290,[CH3][C](=[O])[C]1([OH])[CH2][CH2][CH]2[CH]3[CH2][CH]=[C]4[CH2][CH]([OH])[CH2][CH2][C]4([CH3])[CH]3[CH2][CH2][C]21[CH3]
2291,[O]=[P]([OH])([OH])[O][CH]1[CH]([OH])[CH]([OH])[CH]([OH])[CH]([O][P](=[O])([OH])[OH])[CH]1[OH]
2292,[O]=[P]1([OH])[O][CH]2[CH]([OH])[CH]([OH])[CH]([OH])[CH]([OH])[CH]2[O]1
2293,[O]=[C]([OH])[CH]([OH])[CH2][c]1[cH][cH][c]([OH])[cH][cH]1
2294,[CH3][N]([CH3])[c]1[cH][cH][cH][cH][cH]1
2295,[CH3][N+]([CH3])([O-])[c]1[cH][cH][cH][cH][cH]1
2296,[CH3][NH][c]1[cH][cH][cH][cH][cH]1
2297,[CH3][CH]([NH2])[CH2][C](=[O])[CH2][C](=[O])[OH]
2298,[CH3][CH]([CH2][OH])[C](=[O])[S][CH2][CH2][N]=[C]([OH])[CH2][CH2][N]=[C]([OH])[CH]([OH])[C]([CH3])([CH3])[CH2][O][P](=[O])([OH])[O][P](=[O])([OH])[O][CH2][CH]1[O][CH]([n]2[cH][n][c]3[c]([NH2])[n][cH][n][c]32)[CH]([OH])[CH]1[O][P](=[O])([OH])[OH]
2299,[CH3][CH]([CH3])[CH2][CH2][CH2][CH]([CH3])[CH]1[CH2][CH2][CH]2[C]3=[CH][CH2][CH]4[CH2][CH]([OH])[CH2][CH2][C]4([CH3])[CH]3[CH2][CH2][C]21[CH3]
2300,[CH3][CH2][CH2][CH2][CH2][CH2][CH2][CH2][CH2][CH2][CH2][CH2][CH2][CH2][CH2][C](=[O])[O][CH2][C](=[O])[CH2][O][P](=[O])([OH])[OH]
2301,[CH3][CH2][CH2][CH2][CH2][CH2][CH2][CH2][CH2][CH2][CH2][CH2][CH2][CH2][CH2][C](=[O])[O][CH2][CH]([OH])[CH2][O][P](=[O])([OH])[OH]
2302,[NH2][CH2][CH]([OH])[c]1[cH][cH][c]([OH])[cH][cH]1
2303,[CH3][NH][CH2][CH]([OH])[c]1[cH][cH][c]([OH])[cH][cH]1
2304,[O]=[C]([OH])[CH]=[CH][C]([CH]=[CH][C](=[O])[OH])=[CH][C](=[O])[OH]
2305,[CH2]=[CH][c]1[cH][cH][c]([OH])[c]([OH])[cH]1
2306,[O]=[C]([OH])[CH2][CH2][c]1[cH][cH][cH][cH][c]1[OH]
2307,[O]=[P]([OH])([OH])[O][CH]1[CH]([OH])[CH]([O][P](=[O])([OH])[OH])[CH]([O][P](=[O])([OH])[OH])[CH]([O][P](=[O])([OH])[OH])[CH]1[O][P](=[O])([OH])[OH]
2308,[O]=[C]([OH])[CH]([OH])[CH2][c]1[cH][cH][c]([OH])[c]([OH])[cH]1
2309,[O]=[C]([CH]=[CH][c]1[cH][cH][c]([OH])[c]([OH])[cH]1)[O][CH]([CH2][c]1[cH][cH][c]([OH])[c]([OH])[cH]1)[C](=[O])[OH]
2310,[CH3][NH][CH2][CH2][O][P](=[O])([OH])[O][P](=[O])([OH])[O][CH2][CH]1[O][CH]([n]2[cH][cH][c](=[NH])[n][c]2[OH])[CH]([OH])[CH]1[OH]
2311,[NH2][CH]1[CH]([OH])[CH]([OH])[CH]([O][P](=[O])([OH])[OH])[CH]([OH])[CH]1[OH]
2312,[CH3][c]1[n][cH][c]([C](=[O])[OH])[cH][c]1[OH]
2313,[CH3][CH]([NH][c]1[cH][cH][c]([CH2][CH]([OH])[CH]([OH])[CH]([OH])[CH2][O][CH]2[O][CH]([CH2][O][P](=[O])([OH])[O][CH]([CH2][CH2][C](=[O])[OH])[C](=[O])[OH])[CH]([OH])[CH]2[OH])[cH][cH]1)[C]1=[N][c]2[c]([OH])[n][c](=[NH])[nH][c]2[NH][CH]1[CH3]
2314,[CH3][CH]1[O][CH]([O][P](=[O])([OH])[O][P](=[O])([OH])[O][CH2][CH]2[O][CH]([n]3[cH][cH][c](=[NH])[n][c]3[OH])[CH]([OH])[CH]2[OH])[CH]([OH])[CH]([OH])[C]1=[O]
2315,[CH3][CH]1[O][CH]([O][P](=[O])([OH])[O][P](=[O])([OH])[O][CH2][CH]2[O][CH]([n]3[cH][cH][c](=[NH])[n][c]3[OH])[CH]([OH])[CH]2[OH])[CH]([OH])[CH2][C]1=[O]
2316,[O]=[P]([OH])([OH])[O][CH]1[CH]([OH])[CH]([OH])[CH]([O][P](=[O])([OH])[OH])[CH]([OH])[CH]1[OH]
2317,[O]=[P]([OH])([OH])[O][CH]1[CH]([OH])[CH]([OH])[CH]([O][P](=[O])([OH])[OH])[CH]([O][P](=[O])([OH])[OH])[CH]1[OH]
2318,[CH3][NH][CH]1[CH]([O][CH]2[CH]([O][CH]3[CH]([OH])[CH]([O][P](=[O])([OH])[OH])[CH]([NH][C](=[NH])[NH2])[CH]([OH])[CH]3[NH][C](=[NH])[NH2])[O][CH]([CH3])[C]2([OH])[CH2][O][P](=[O])([OH])[OH])[O][CH]([CH2][OH])[CH]([OH])[CH]1[OH]
2319,[CH3][NH][CH]1[CH]([O][CH]2[CH]([O][CH]3[CH]([OH])[CH]([O][P](=[O])([OH])[OH])[CH]([NH][C](=[NH])[NH2])[CH]([OH])[CH]3[NH][C](=[NH])[NH2])[O][CH]([CH3])[C]2([OH])[CH2][OH])[O][CH]([CH2][OH])[CH]([OH])[CH]1[OH]
2320,[CH3][CH]1[O][CH]([O][P](=[O])([OH])[O][P](=[O])([OH])[O][CH2][CH]2[O][CH]([n]3[cH][n][c]4[c]([OH])[n][c](=[NH])[nH][c]43)[CH]([OH])[CH]2[OH])[CH]([OH])[CH]([OH])[CH]1[OH]
2321,[CH3][CH]1[O][CH]([O][P](=[O])([OH])[O][P](=[O])([OH])[O][CH2][CH]2[O][CH]([n]3[cH][n][c]4[c]([OH])[n][c](=[NH])[nH][c]43)[CH]([OH])[CH]2[OH])[CH]([OH])[CH]([OH])[CH]1[OH]
2322,[CH3][CH2][CH]=[CH][CH2][CH]1[C](=[O])[CH]=[CH][CH]1[CH2][CH2][CH2][CH2][CH2][CH2][CH2][C](=[O])[OH]
2323,[CH3][CH2][CH]=[CH][CH2][CH]1[C](=[O])[CH2][CH2][CH]1[CH2][CH2][CH2][CH2][CH2][CH2][CH2][C](=[O])[OH]
2324,[CH3][CH2][CH]=[CH][CH2][CH]1[O][C]1=[CH][CH]=[CH][CH2][CH2][CH2][CH2][CH2][CH2][CH2][C](=[O])[OH]
2325,[CH3][C]12[CH2][CH2][CH]3[CH]([CH2][CH]=[C]4[CH2][CH]([OH])[CH2][CH2][C]43[CH3])[CH]1[CH2][CH]([OH])[C]2=[O]
2326,[CH3][C]([OH])=[N][CH]1[CH]([NH2])[O][CH]([CH2][OH])[CH]([OH])[CH]1[OH]
2327,[O]=[P]([OH])([OH])[O][CH]1[CH]([OH])[CH]([OH])[CH]([OH])[CH]([OH])[CH]1[O][P](=[O])([OH])[OH]
2328,[O]=[P]([OH])([OH])[O][CH]1[CH]([OH])[CH]([OH])[CH]([O][P](=[O])([OH])[OH])[CH]([O][P](=[O])([OH])[OH])[CH]1[OH]
2329,[O]=[P]([OH])([OH])[O][CH]1[CH]([OH])[CH]([O][P](=[O])([OH])[OH])[CH]([O][P](=[O])([OH])[OH])[CH]([O][P](=[O])([OH])[OH])[CH]1[OH]
2330,[O]=[P]([OH])([OH])[O][CH]1[CH]([OH])[CH]([O][P](=[O])([OH])[OH])[CH]([O][P](=[O])([OH])[OH])[CH]([OH])[CH]1[O][P](=[O])([OH])[OH]
2331,[O]=[C]([OH])[CH]([OH])[CH2][c]1[cH][c]([I])[c]([OH])[c]([I])[cH]1
2332,[O]=[C]([OH])[c]1[cH][c](=[O])[c]2[cH][cH][cH][cH][c]2[nH]1
2333,[OH][C]1=[N][CH2][CH2][CH2][CH2][CH2][C]([OH])=[N][CH2][CH2][CH2][CH2][CH2]1
2334,[CH3][N+]([CH3])([CH3])[CH2][CH2][CH2][CH2][CH]([NH2])[C](=[O])[OH]
2335,[OH][c]1[cH][cH][c]2[c]([cH]1)[O][CH2][C]1([OH])[c]3[cH][cH][c]([OH])[cH][c]3[O][CH]21
2336,[OH][c]1[cH][cH][c]2[c]([cH]1)[O][CH]1[c]3[cH][cH][c]([OH])[cH][c]3[O][CH2][CH]21
2337,[CH3][O][c]1[cH][c]([OH])[c]2[c](=[O])[c]([O][CH3])[c](-[c]3[cH][cH][c]([OH])[c]([OH])[cH]3)[o][c]2[cH]1
2338,[CH3][O][c]1[cH][c]([OH])[c]2[c](=[O])[c]([O][CH3])[c](-[c]3[cH][cH][c]([O][CH3])[c]([OH])[cH]3)[o][c]2[cH]1
2339,[CH3][c]1[n][cH][c]([C](=[O])[OH])[c]([C](=[O])[OH])[c]1[OH]
2340,[OH][c]1[cH][cH][cH][c](-[c]2[cH][cH][cH][cH][cH]2)[c]1[OH]
2341,[O]=[C]([OH])[C](=[O])[CH2][CH2][CH2][C](=[O])[c]1[cH][cH][cH][cH][cH]1
2342,[CH3][CH]([NH][c]1[cH][cH][c]([CH2][CH]([OH])[CH]([OH])[CH]([OH])[CH2][O][CH]2[O][CH]([CH2][O][P](=[O])([OH])[O][CH]([CH2][CH2][C](=[O])[OH])[C](=[O])[OH])[CH]([OH])[CH]2[OH])[cH][cH]1)[CH]1[CH]([CH3])[NH][c]2[nH][c](=[NH])[n][c]([OH])[c]2[N]1[CH]=[O]
2343,[CH3][CH]1[NH][c]2[nH][c](=[NH])[n][c]([OH])[c]2[N]2[CH]=[N+]([c]3[cH][cH][c]([CH2][CH]([OH])[CH]([OH])[CH]([OH])[CH2][O][CH]4[O][CH]([CH2][O][P](=[O])([OH])[O][CH]([CH2][CH2][C](=[O])[OH])[C](=[O])[OH])[CH]([OH])[CH]4[OH])[cH][cH]3)[CH]([CH3])[CH]12
2344,[O]=[CH][c]1[cH][cH][cH][cH][c]1[C](=[O])[OH]
2345,[O]=[C]([OH])[C](=[O])[CH]=[CH][c]1[cH][cH][cH][cH][c]1[C](=[O])[OH]
2346,[O]=[C]([OH])[c]1[cH][cH][c]2[cH][cH][cH][cH][c]2[c]1[OH]
2347,[NH2][c]1[cH][n][cH][n]1[CH]1[O][CH]([CH2][O][P](=[O])([OH])[OH])[CH]([OH])[CH]1[OH]
2348,[NH]=[C]([NH2])[NH][CH]1[CH]([OH])[CH]([OH])[CH]([O][P](=[O])([OH])[OH])[CH]([OH])[CH]1[OH]
2349,[O]=[P]([OH])([OH])[O][CH]1[CH]([OH])[CH]([O][P](=[O])([OH])[OH])[CH]([O][P](=[O])([OH])[OH])[CH]([O][P](=[O])([OH])[OH])[CH]1[O][P](=[O])([OH])[OH]
2350,[O]=[P]([OH])([OH])[O][CH]1[CH]([OH])[CH]([OH])[CH]([O][P](=[O])([OH])[OH])[CH]([O][P](=[O])([OH])[OH])[CH]1[O][P](=[O])([OH])[OH]
2351,[CH3][C]([CH3])=[CH][CH2][CH2][C]([OH])([CH2][C](=[O])[OH])[CH2][C](=[O])[S][CH2][CH2][N]=[C]([OH])[CH2][CH2][N]=[C]([OH])[CH]([OH])[C]([CH3])([CH3])[CH2][O][P](=[O])([OH])[O][P](=[O])([OH])[O][CH2][CH]1[O][CH]([n]2[cH][n][c]3[c]([NH2])[n][cH][n][c]32)[CH]([OH])[CH]1[O][P](=[O])([OH])[OH]
2352,[CH3][C]([CH3])=[CH][CH2][CH2][C](=[CH][C](=[O])[S][CH2][CH2][N]=[C]([OH])[CH2][CH2][N]=[C]([OH])[CH]([OH])[C]([CH3])([CH3])[CH2][O][P](=[O])([OH])[O][P](=[O])([OH])[O][CH2][CH]1[O][CH]([n]2[cH][n][c]3[c]([NH2])[n][cH][n][c]32)[CH]([OH])[CH]1[O][P](=[O])([OH])[OH])[CH2][C](=[O])[OH]
2353,[CH3][C]([CH3])=[CH][CH2][CH2][C]([CH3])=[CH][C](=[O])[S][CH2][CH2][N]=[C]([OH])[CH2][CH2][N]=[C]([OH])[CH]([OH])[C]([CH3])([CH3])[CH2][O][P](=[O])([OH])[O][P](=[O])([OH])[O][CH2][CH]1[O][CH]([n]2[cH][n][c]3[c]([NH2])[n][cH][n][c]32)[CH]([OH])[CH]1[O][P](=[O])([OH])[OH]
2354,[CH3][CH]([CH2][CH2][C](=[O])[OH])[CH]1[CH2][CH2][CH]2[CH]3[CH]([OH])[CH2][CH]4[CH2][CH]([OH])[CH2][CH2][C]4([CH3])[CH]3[CH2][CH]([OH])[C]12[CH3]
2355,[NH]=[C]([NH2])[NH][CH]1[CH]([OH])[CH]([OH])[CH]([OH])[CH]([OH])[CH]1[OH]
2356,[CH3][O][CH]1[CH]([OH])[C](=[O])[CH]([OH])[CH]([OH])[CH]1[OH]
2357,[CH3][O][CH]1[CH]([OH])[CH]([OH])[CH]([OH])[CH]([OH])[CH]1[OH]
2358,[CH3][O][CH]1[CH]([OH])[CH]([OH])[CH]([OH])[CH]([OH])[CH]1[OH]
2359,[NH]=[C]([NH2])[NH][CH]1[CH]([OH])[CH]([NH2])[CH]([OH])[CH]([OH])[CH]1[OH]
2360,[NH]=[C]([NH2])[NH][CH]1[CH]([OH])[C](=[O])[CH]([OH])[CH]([OH])[CH]1[OH]
2361,[CH3][CH]([CH]=[O])[CH2][CH2][CH2][CH]([CH3])[CH]1[CH2][CH2][CH]2[CH]3[CH]([OH])[CH2][CH]4[CH2][CH]([OH])[CH2][CH2][C]4([CH3])[CH]3[CH2][CH]([OH])[C]12[CH3]
2362,[CH3][CH]([CH2][OH])[CH2][CH2][CH2][CH]([CH3])[CH]1[CH2][CH2][CH]2[CH]3[CH]([OH])[CH2][CH]4[CH2][CH]([OH])[CH2][CH2][C]4([CH3])[CH]3[CH2][CH]([OH])[C]12[CH3]
2363,[CH3][C](=[CH][CH2][C]12[O][C]1([CH3])[C](=[O])[c]1[cH][cH][cH][cH][c]1[C]2=[O])[CH2][CH2][CH2][CH]([CH3])[CH2][CH2][CH2][CH]([CH3])[CH2][CH2][CH2][CH]([CH3])[CH3]
2364,[CH3][C]([OH])=[N][CH]1[CH]([OH])[O][CH]([CH2][OH])[CH]([OH])[CH]1[O][CH]1[O][C]([C](=[O])[OH])=[CH][CH]([OH])[CH]1[OH]
2365,[CH3][C]([OH])=[N][CH]1[CH]([OH])[O][CH]([CH2][OH])[CH]([O][S](=[O])(=[O])[OH])[CH]1[O][CH]1[O][C]([C](=[O])[OH])=[CH][CH]([OH])[CH]1[OH]
2366,[CH3][C]([OH])=[N][CH]1[CH]([OH])[O][CH]([CH2][O][S](=[O])(=[O])[OH])[CH]([OH])[CH]1[O][CH]1[O][C]([C](=[O])[OH])=[CH][CH]([OH])[CH]1[OH]
2367,[CH3][CH2][CH2][CH2][CH2][C](=[O])[CH]=[CH][CH]1[CH]([OH])[CH2][CH]2[O][C](=[CH][CH2][CH2][CH2][C](=[O])[OH])[CH2][CH]21
2368,[CH3][CH2][CH2][CH2][CH2][CH]([OH])[CH]=[CH][CH]1[CH]([OH])[CH2][CH]([OH])[CH]1[CH2][C](=[O])[CH2][CH2][CH2][CH2][C](=[O])[OH]
2369,[Cl][CH2][Br]
2370,[NH2][CH]([CH2][c]1[cH][cH][c]([OH])[c]([I])[cH]1)[C](=[O])[OH]
2371,[cH]1[cH][cH][cH][cH][cH]1
2372,[O]=[c]1[cH][cH][c]2[cH][cH][c]([O][CH]3[O][CH]([CH2][OH])[CH]([OH])[CH]([OH])[CH]3[OH])[c]([OH])[c]2[o]1
2373,[O]=[c]1[cH][cH][c]2[cH][cH][c]([OH])[c]([OH])[c]2[o]1
2374,[O]=[C]([OH])[c]1[cH][c]([C](=[O])[OH])[o][c](=[O])[cH]1
2375,[CH3][O][c]1[cH][c]([C](=[O])[OH])[cH][c]([OH])[c]1[OH]
2376,[CH3][O][C](=[O])[C]1=[CH][O][CH]([O][CH]2[O][CH]([CH2][OH])[CH]([OH])[CH]([OH])[CH]2[OH])[CH]2[CH]1[CH2][CH]([OH])[CH]2[CH3]
2377,[CH3][CH]1[CH]([OH])[CH2][CH]2[C]([C](=[O])[OH])=[CH][O][CH]([O][CH]3[O][CH]([CH2][OH])[CH]([OH])[CH]([OH])[CH]3[OH])[CH]21
2378,[CH2]=[CH][CH]1[CH]([O][CH]2[O][CH]([CH2][OH])[CH]([OH])[CH]([OH])[CH]2[OH])[O][CH]=[C]([C](=[O])[O][CH3])[CH]1[CH2][CH]=[O]
2379,[CH3][O][C](=[O])[C]1=[CH][O][CH]([O][CH]2[O][CH]([CH2][OH])[CH]([OH])[CH]([OH])[CH]2[OH])[CH]2[CH]([CH3])[CH2][CH2][CH]12
2380,[CH3][C]1=[CH][CH]=[CH][CH]([OH])[CH]1[OH]
2381,[CH3][c]1[cH][cH][cH][cH][c]1[OH]
2382,[CH3][c]1[cH][cH][cH][c]([OH])[cH]1
2383,[O]=[C]([OH])[CH]([CH2][OH])[c]1[cH][cH][cH][cH][cH]1
2384,[CH3][N]1[CH]2[CH2][CH2][CH]1[CH2][CH]([O][C](=[O])[CH]([CH2][OH])[c]1[cH][cH][cH][cH][cH]1)[CH2]2
2385,[CH3][N]1[CH]2[CH2][CH2][CH]1[CH2][CH]([O][C](=[O])[CH]([CH2][OH])[c]1[cH][cH][cH][cH][cH]1)[CH2]2
2386,[O]=[c]1[cH][c](-[c]2[cH][cH][c]([OH])[cH][cH]2)[o][c]2[c]([CH]3[O][CH]([CH2][OH])[CH]([OH])[CH]([OH])[CH]3[O][CH]3[O][CH]([CH2][OH])[CH]([OH])[CH]([OH])[CH]3[OH])[c]([OH])[cH][c]([OH])[c]12
2387,[O]=[c]1[cH][c](-[c]2[cH][cH][c]([OH])[cH][cH]2)[o][c]2[c]([CH]3[O][CH]([CH2][OH])[CH]([OH])[CH]([OH])[CH]3[OH])[c]([OH])[cH][c]([OH])[c]12
2388,[CH3][c]1[cH][cH][cH][c]([OH])[c]1[C](=[O])[OH]
2389,[CH2]=[CH][CH]=[O]
2390,[CH2]=[CH][CH2][OH]
2391,[O]=[C]1[c]2[cH][cH][cH][cH][c]2[C](=[O])[c]2[c]1[cH][cH][c]([O][CH]1[O][CH]([CH2][OH])[CH]([OH])[CH]([OH])[CH]1[OH])[c]2[OH]
2392,[O]=[C]1[c]2[cH][cH][cH][cH][c]2[C](=[O])[c]2[c]1[cH][cH][c]([OH])[c]2[OH]
2393,[OH][Cl+2]([OH])[OH]
2394,[OH][Cl+][OH]
2395,[O]=[CH][CH]([OH])[C]([OH])([CH2][OH])[CH2][OH]
2396,[OH][CH2][CH]([OH])[C]([OH])([CH2][OH])[CH2][OH]
2397,[CH3][O][c]1[cH][c]([CH]=[CH][C]([OH])=[N][CH2][C](=[O])[OH])[cH][cH][c]1[OH]
2398,[CH3][C]([CH3])=[CH][CH2][CH2][C]([CH3])=[CH][CH]=[O]
2399,[CH3][C]([CH3])=[CH][CH2][CH2][C]([CH3])=[CH][CH2][OH]
2400,[O]=[C]1[CH2][CH2][c]2[cH][cH][cH][cH][c]21
2401,[OH][CH]1[CH2][CH2][c]2[cH][cH][cH][cH][c]21
2402,[O]=[C]1[O][CH]([CH2][OH])[CH]([OH])[CH]1[OH]
2403,[O]=[CH][CH]([OH])[CH]([OH])[CH]([OH])[CH2][OH]
2404,[O]=[c]1[cH][c](-[c]2[cH][cH][c]([OH])[c]([OH])[cH]2)[o][c]2[cH][c]([OH])[cH][c]([OH])[c]12
2405,[CH3][O][c]1[cH][c](-[c]2[cH][c](=[O])[c]3[c]([OH])[cH][c]([OH])[cH][c]3[o]2)[cH][cH][c]1[OH]
2406,[O]=[c]1[cH][c](-[c]2[cH][cH][c]([OH])[c]([OH])[cH]2)[o][c]2[cH][c]([O][CH]3[O][CH]([CH2][OH])[CH]([OH])[CH]([OH])[CH]3[OH])[cH][c]([OH])[c]12
2407,[O]=[C]([OH])[CH]1[O][CH]([O][c]2[cH][c]([OH])[c]3[c](=[O])[cH][c](-[c]4[cH][cH][c]([OH])[c]([OH])[cH]4)[o][c]3[cH]2)[CH]([OH])[CH]([OH])[CH]1[OH]
2408,[CH3][N]1[CH2][CH2][C]23[c]4[c]5[cH][cH][c]([OH])[c]4[O][CH]2[CH]([OH])[CH]=[CH][CH]3[CH]1[CH2]5
2409,[CH3][N]1[CH2][CH2][C]23[c]4[c]5[cH][cH][c]([OH])[c]4[O][CH]2[C](=[O])[CH]=[CH][CH]3[CH]1[CH2]5
2410,[CH3][O][c]1[cH][cH][n]([CH3])[c](=[O])[c]1[C](=[O])[OH]
2411,[CH3][O][c]1[cH][cH][n]([CH3])[c](=[O])[c]1[C]#[N]
2412,[CH3][O][c]1[cH][c]2[cH][cH][c](=[O])[o][c]2[cH][c]1[O][CH]1[O][CH]([CH2][OH])[CH]([OH])[CH]([OH])[CH]1[OH]
2413,[CH3][O][c]1[cH][c]2[cH][cH][c](=[O])[o][c]2[cH][c]1[OH]
2414,[CH3][O][c]1[cH][c]([CH]=[CH][CH2][OH])[cH][c]([O][CH3])[c]1[OH]
2415,[CH3][O][c]1[cH][c]([CH]=[CH][CH2][OH])[cH][c]([O][CH3])[c]1[O][CH]1[O][CH]([CH2][OH])[CH]([OH])[CH]([OH])[CH]1[OH]
2416,[NH]=[C]([OH])[NH][CH]=[C]1[N]=[C]([OH])[CH]([CH2][OH])[N]=[C]([OH])[CH]([CH2][O][P](=[O])([OH])[OH])[N]=[C]([OH])[CH]([N]=[C]([OH])[CH2][CH]([NH2])[CH2][CH2][CH2][NH2])[CH2][N]=[C]([OH])[CH]([CH]2[CH2][CH]([OH])[NH][C](=[NH])[NH]2)[N]=[C]1[OH]
2417,[NH]=[C]([OH])[NH][CH]=[C]1[N]=[C]([OH])[CH]([CH2][OH])[N]=[C]([OH])[CH]([CH2][OH])[N]=[C]([OH])[CH]([N]=[C]([OH])[CH2][CH]([NH2])[CH2][CH2][CH2][NH2])[CH2][N]=[C]([OH])[CH]([CH]2[CH2][CH]([OH])[NH][C](=[NH])[NH]2)[N]=[C]1[OH]
2418,[CH2]=[C]1[C](=[CH][CH]=[C]2[CH2][CH2][CH2][C]3([CH3])[CH]2[CH2][CH2][CH]3[CH]([CH3])[CH2][CH2][CH2][C]([CH3])([CH3])[OH])[CH2][CH]([OH])[CH2][CH]1[OH]
2419,[CH2]=[C]1[CH2][CH2][CH]([OH])[CH2][C]1=[CH][CH]=[C]1[CH2][CH2][CH2][C]2([CH3])[CH]1[CH2][CH2][CH]2[CH]([CH3])[CH2][CH2][CH2][C]([CH3])([CH3])[OH]
2420,[CH2]=[C]1[CH2][CH2][CH]([OH])[CH2][C]1=[CH][CH]=[C]1[CH2][CH2][CH2][C]2([CH3])[CH]1[CH2][CH2][CH]2[CH]([CH3])[CH2][CH2][CH2][CH]([CH3])[CH3]
2421,[NH2][CH2][CH]1[CH2][CH2][CH]([C](=[O])[O][c]2[cH][cH][c]([CH2][CH2][C](=[O])[OH])[cH][cH]2)[CH2][CH2]1
2422,[NH2][CH2][CH]1[CH2][CH2][CH]([C](=[O])[O][c]2[cH][cH][c]([CH2][CH2][C](=[O])[O][CH2][c]3[cH][cH][cH][cH][cH]3)[cH][cH]2)[CH2][CH2]1
2423,[CH3][N]=[C]([CH3])[CH]([OH])[c]1[cH][cH][cH][cH][cH]1
2424,[CH3][NH][CH]([CH3])[CH]([OH])[c]1[cH][cH][cH][cH][cH]1
2425,[CH3][CH2][CH2][CH2][CH2][C]([OH])=[N][CH3]
2426,[CH3][C](=[O])[n]1[cH][cH][n][cH]1
2427,[cH]1[cH][nH][cH][n]1
2428,[CH3][C]([CH3])=[CH][CH2][c]1[c]([OH])[cH][c]([OH])[c]2[c]1[O][CH2][CH]([c]1[cH][cH][c]([OH])[cH][c]1[OH])[C]2=[O]
2429,[CH3][C]([CH3])([OH])[CH2][CH2][c]1[c]([OH])[cH][c]([OH])[c]2[c]1[O][CH2][CH]([c]1[cH][cH][c]([OH])[cH][c]1[OH])[C]2=[O]
2430,[O]=[C]([CH2][C](=[O])[c]1[cH][cH][c]([OH])[cH][c]1[OH])[c]1[cH][cH][c]([OH])[cH][cH]1
2431,[CH3][O][c]1[cH][c]([OH])[cH][cH][c]1[C](=[O])[CH2][C](=[O])[c]1[cH][cH][c]([OH])[cH][cH]1
2432,[CH3][C]1([CH3])[O][CH]([CH2][C](=[O])[OH])[C]2([CH2][OH])[CH]1[CH2][C](=[O])[C]1([CH3])[CH]2[CH2][CH2][C]([CH3])([CH]([OH])[c]2[cH][cH][o][cH]2)[C]12[O][CH]2[C](=[O])[OH]
2433,[CH3][C]1([CH3])[O][CH]2[CH2][C](=[O])[O][CH2][C]23[CH]1[CH2][C](=[O])[C]1([CH3])[CH]3[CH2][CH2][C]2([CH3])[CH]([c]3[cH][cH][o][cH]3)[O][C](=[O])[CH]3[O][C]321
2434,[CH3][C]([CH3])([C]#[N])[O][CH]1[O][CH]([CH2][OH])[CH]([OH])[CH]([OH])[CH]1[OH]
2435,[CH3][CH2][CH2][CH2][CH2][CH2][CH]=[CH][CH]=[CH][CH2][CH2][CH2][CH2][CH2][CH2][CH2][C](=[O])[OH]
2436,[CH3][O][c]1[cH][cH][c]([N]=[CH][OH])[c]([C](=[O])[CH2][CH2][N]=[C]([CH3])[OH])[cH]1
2437,[CH3][O][c]1[cH][c]2[c]([CH2][CH2][N]=[C]([CH3])[OH])[cH][nH][c]2[cH][c]1[OH]
2438,[O]=[C]([OH])[C]1=[CH][CH]([OH])[CH]([OH])[CH]=[C]1[C](=[O])[OH]
2439,[O]=[C]([OH])[c]1[cH][cH][cH][cH][c]1[C](=[O])[OH]
2440,[CH3][CH]([CH3])[CH2][CH2][CH2][CH]([CH3])[CH2][CH2][CH2][CH]([CH3])[CH2][CH2][CH2][CH]([CH3])[CH2][C](=[O])[S][CH2][CH2][N]=[C]([OH])[CH2][CH2][N]=[C]([OH])[CH]([OH])[C]([CH3])([CH3])[CH2][O][P](=[O])([OH])[O][P](=[O])([OH])[O][CH2][CH]1[O][CH]([n]2[cH][n][c]3[c]([NH2])[n][cH][n][c]32)[CH]([OH])[CH]1[O][P](=[O])([OH])[OH]
2441,[CH3][CH]([CH3])[CH2][CH2][CH2][CH]([CH3])[CH2][CH2][CH2][CH]([CH3])[CH2][CH2][CH2][CH]([CH3])[CH2][C](=[O])[OH]
2442,[CH3][N]([CH3])[c]1[n][cH][n][c]2[c]1[n][cH][n]2[CH]1[O][CH]([CH2][OH])[CH]([N]=[C]([OH])[CH]([NH2])[CH2][c]2[cH][cH][c]([OH])[cH][cH]2)[CH]1[OH]
2443,[CH3][O][c]1[cH][cH][c]([CH2][CH]([NH2])[C]([OH])=[N][CH]2[CH]([CH2][OH])[O][CH]([n]3[cH][n][c]4[c]([N]([CH3])[CH3])[n][cH][n][c]43)[CH]2[OH])[cH][cH]1
2444,[OH][c]1[cH][c]([OH])[c]2[c]([cH]1)[O][CH]([c]1[cH][cH][c]([OH])[c]([OH])[cH]1)[CH]([OH])[CH]2[OH]
2445,[O]=[C]1[c]2[c]([OH])[cH][c]([OH])[c]([OH])[c]2[O][CH]([c]2[cH][cH][c]([OH])[c]([OH])[cH]2)[CH]1[OH]
2446,[CH3][C]1([OH])[CH2][CH2][CH]2[CH]([CH2][CH2][C]3=[CH][C](=[O])[CH2][CH2][C]32[CH3])[CH]1[CH2][CH2][C](=[O])[OH]
2447,[OH][CH]1[CH2][O][CH]([O][CH2][CH]2[O][CH]([OH])[CH]([OH])[CH]([OH])[CH]2[OH])[CH]([OH])[CH]1[OH]
2448,[N]#[C][CH]([O][CH]1[O][CH]([CH2][O][CH]2[O][CH2][CH]([OH])[CH]([OH])[CH]2[OH])[CH]([OH])[CH]([OH])[CH]1[OH])[c]1[cH][cH][cH][cH][cH]1
2449,[O]=[C]1[CH2][N]=[CH][NH][c]2[c]1[n][cH][n]2[CH]1[O][CH]([CH2][OH])[CH]([OH])[CH]1[OH]
2450,[OH][CH2][CH]1[O][CH]([n]2[cH][n][c]3[c]2[NH][CH]=[N][CH2][CH]3[OH])[CH]([OH])[CH]1[OH]
2451,[CH3][C](=[O])[S][CH2][CH2][NH2]
2452,[CH3][CH]([OH])[CH]([OH])[CH]([OH])[CH]([OH])[C](=[O])[OH]
2453,[O]=[C]1[CH]=[C]2[CH2][CH]([C](=[O])[OH])[NH][C]2=[CH][C]1=[O]
2454,[O]=[C]([OH])[c]1[cH][c]2[cH][c]([OH])[c]([OH])[cH][c]2[nH]1
2455,[OH][c]1[cH][c]2[cH][cH][nH][c]2[cH][c]1[OH]
2456,[CH3][CH]([CH3])[CH]([CH3])[CH]=[CH][CH]([CH3])[CH]1[CH2][CH2][CH]2[C]3=[CH][CH2][C]4([OH])[CH2][CH]([OH])[CH2][CH2][C]4([CH3])[CH]3[CH2][CH2][C]21[CH3]
2457,[CH2]=[CH][C]1=[C]([CH3])[C](=[CH][c]2[nH][c]([CH]=[C]3[N]=[C]([CH]=[C]4[NH][C](=[O])[CH]([CH3])[C]4=[CH][CH3])[C]([CH3])=[C]3[CH2][CH2][C](=[O])[OH])[c]([CH2][CH2][C](=[O])[OH])[c]2[CH3])[NH][C]1=[O]
2458,[CH2]=[C]1[CH2][C]23[CH2][C]1([OH])[CH2][CH2][CH]2[C]12[CH]=[CH][CH]([O][CH]4[O][CH]([CH2][OH])[CH]([OH])[CH]([OH])[CH]4[OH])[C]([CH3])([C](=[O])[O]1)[CH]2[CH]3[C](=[O])[OH]
2459,[CH2]=[C]1[CH2][C]23[CH2][C]1([OH])[CH2][CH2][CH]2[C]12[CH]=[CH][CH]([OH])[C]([CH3])([C](=[O])[O]1)[CH]2[CH]3[C](=[O])[OH]
2460,[OH][CH2][CH]1[O][C]2([CH2][O][C]3([CH2][O]2)[O][CH]([CH2][OH])[CH]([OH])[CH]3[OH])[CH]([OH])[CH]1[OH]
2461,[OH][CH2][CH]1[O][C]([OH])([CH2][O][C]2([CH2][OH])[O][CH]([CH2][OH])[CH]([OH])[CH]2[OH])[CH]([OH])[CH]1[OH]
2462,[O]=[c]1[cH][c](-[c]2[cH][cH][c]([OH])[cH][cH]2)[o][c]2[cH][c]([OH])[c]([CH]3[O][CH]([CH2][OH])[CH]([OH])[CH]([OH])[CH]3[O][CH]3[O][CH]([CH2][OH])[CH]([OH])[CH]([OH])[CH]3[OH])[c]([OH])[c]12
2463,[O]=[c]1[cH][c](-[c]2[cH][cH][c]([OH])[cH][cH]2)[o][c]2[cH][c]([OH])[c]([CH]3[O][CH]([CH2][OH])[CH]([OH])[CH]([OH])[CH]3[OH])[c]([OH])[c]12
2464,[CH3][CH]([OH])[CH]([OH])[CH2][C](=[O])[C](=[O])[OH]
2465,[CH3][CH]([OH])[CH]([OH])[CH]([OH])[CH]([OH])[C](=[O])[OH]
2466,[CH3][CH]([CH3])[CH2][CH2][CH2][CH]([CH3])[CH]1[CH2][CH2][C]2([CH3])[C]3=[C]([CH2][CH2][C]12[CH3])[C]1([CH3])[CH2][CH2][CH]([OH])[C]([CH3])([CH3])[CH]1[CH2][CH2]3
2467,[NH]=[C]([NH][CH2][CH2][O][P](=[O])([OH])[O][CH2][CH]([NH2])[C](=[O])[OH])[NH][P](=[O])([OH])[OH]
2468,[NH]=[C]([NH2])[NH][CH2][CH2][O][P](=[O])([OH])[O][CH2][CH]([NH2])[C](=[O])[OH]
2469,[O]=[C]1[CH2][CH2][c]2[cH][cH][cH][cH][c]2[O]1
2470,[CH3][C](=[CH][C](=[O])[OH])[C](=[O])[OH]
2471,[CH3][CH]([C](=[O])[OH])[CH]([OH])[C](=[O])[OH]
2472,[CH3][C](=[CH][C](=[O])[OH])[C](=[O])[S][CH2][CH2][N]=[C]([OH])[CH2][CH2][N]=[C]([OH])[CH]([OH])[C]([CH3])([CH3])[CH2][O][P](=[O])([OH])[O][P](=[O])([OH])[O][CH2][CH]1[O][CH]([n]2[cH][n][c]3[c]([NH2])[n][cH][n][c]32)[CH]([OH])[CH]1[O][P](=[O])([OH])[OH]
2473,[CH3][O][c]1[cH][cH][c]2[c]3[c]1[O][CH]1[CH]([OH])[CH]=[CH][CH]4[CH]([CH2]2)[N]([CH3])[CH2][CH2][C]341
2474,[CH3][O][C]1=[CH][CH]=[C]2[CH]3[CH2][c]4[cH][cH][c]([OH])[c]5[c]4[C]2([CH2][CH2][N]3[CH3])[CH]1[O]5
2475,[O]=[P]([OH])([OH])[O][CH2][CH]1[O][CH]([n]2[cH][n][c]3[cH][n][cH][n][c]32)[CH]([OH])[CH]1[OH]
2476,[CH3][CH2][CH2][CH2][CH2][CH2][CH2][CH2][CH2][CH2][CH2][CH2][CH2][CH]=[CH][CH]([OH])[CH]([NH2])[CH2][O][CH]1[O][CH]([CH2][O][S](=[O])(=[O])[OH])[CH]([OH])[CH]([OH])[CH]1[OH]
2477,[CH3][S][c]1[n][cH][n][c]2[nH][cH][n][c]12
2478,[CH3][C](=[O])[CH2][C](=[O])[CH2][C](=[O])[OH]
2479,[CH3][c]1[cH][c]([OH])[cH][c](=[O])[o]1
2480,[CH3][CH]=[C]1[CH]2[CH2][CH]3[C]4=[N][c]5[cH][cH][cH][cH][c]5[C]45[CH2][CH]([CH]2[CH]5[O][C]([CH3])=[O])[N]3[CH]1[OH]
2481,[CH3][CH]=[C]1[CH]2[CH2][CH]3[C]4=[N][c]5[cH][cH][cH][cH][c]5[C]45[CH2][CH]([CH]2[CH]5[O][C]([CH3])=[O])[N]3[CH]1[O][CH]1[O][CH]([CH2][OH])[CH]([OH])[CH]([OH])[CH]1[OH]
2482,[CH3][C](=[O])[CH]([CH3])[OH]
2483,[O]=[C]([OH])[CH]=[CH][c]1[cH][cH][cH][cH][c]1[O][CH]1[O][CH]([CH2][OH])[CH]([OH])[CH]([OH])[CH]1[OH]
2484,[CH3][CH2][CH2][S][c]1[cH][cH][c]2[n][c]([N]=[C]([OH])[O][CH3])[nH][c]2[cH]1
2485,[CH3][CH2][CH2][S](=[O])[c]1[cH][cH][c]2[n][c]([N]=[C]([OH])[O][CH3])[nH][c]2[cH]1
2486,[O]=[C]1[C]2([Cl])[C]3([Cl])[C]4([Cl])[C]([Cl])([Cl])[C]5([Cl])[C]3([Cl])[C]1([Cl])[C]5([Cl])[C]24[Cl]
2487,[OH][CH]1[C]2([Cl])[C]3([Cl])[C]4([Cl])[C]([Cl])([Cl])[C]5([Cl])[C]3([Cl])[C]1([Cl])[C]5([Cl])[C]24[Cl]
2488,[CH3][CH]([CH2][CH2][C]([OH])=[N][CH2][C](=[O])[OH])[CH]1[CH2][CH2][CH]2[CH]3[CH]([OH])[CH2][CH]4[CH2][CH]([OH])[CH2][CH2][C]4([CH3])[CH]3[CH2][CH]([OH])[C]12[CH3]
2489,[CH3][CH]([C](=[O])[CH2][CH2][CH]([CH3])[CH]1[CH2][CH2][CH]2[CH]3[CH]([OH])[CH2][CH]4[CH2][CH]([OH])[CH2][CH2][C]4([CH3])[CH]3[CH2][CH]([OH])[C]12[CH3])[C](=[O])[S][CH2][CH2][N]=[C]([OH])[CH2][CH2][N]=[C]([OH])[CH]([OH])[C]([CH3])([CH3])[CH2][O][P](=[O])([OH])[O][P](=[O])([OH])[O][CH2][CH]1[O][CH]([n]2[cH][n][c]3[c]([NH2])[n][cH][n][c]32)[CH]([OH])[CH]1[O][P](=[O])([OH])[OH]
2490,[CH3][O][c]1[cH][c]2[c]([cH][c]1[O][CH3])-[c]1[cH][c]3[cH][cH][c]([O][CH3])[c]([O][CH3])[c]3[cH][n+]1[CH2][CH2]2
2491,[CH3][O][c]1[cH][c]2[c]([cH][c]1[OH])[CH]1[CH2][c]3[cH][cH][c]([O][CH3])[c]([O][CH3])[c]3[CH2][N]1[CH2][CH2]2
2492,[CH3][CH]([CH2][CH2][C]1([CH]([CH3])[CH3])[O][CH]1[CH3])[CH]1[CH2][CH2][CH]2[CH]3[CH2][CH]=[C]4[CH2][CH]([OH])[CH2][CH2][C]4([CH3])[CH]3[CH2][CH2][C]12[CH3]
2493,[CH3][C]([CH3])=[CH][CH2][CH2][CH]([CH3])[CH]1[CH2][CH2][CH]2[C]3=[CH][CH]=[C]4[CH2][CH]([OH])[CH2][CH2][C]4([CH3])[CH]3[CH2][CH2][C]21[CH3]
2494,[CH2]=[C]([CH2][CH2][CH]([CH3])[CH]1[CH2][CH2][CH]2[CH]3[CH2][CH]=[C]4[CH2][CH]([OH])[CH2][CH2][C]4([CH3])[CH]3[CH2][CH2][C]12[CH3])[CH]([CH3])[CH3]
2495,[CH3][C]([CH3])=[CH][CH2][NH][c]1[n][cH][nH][c]2[n][cH][n][c]1-2
2496,[CH3][C]([CH3])=[CH][CH2][NH][c]1[n][cH][n]([CH2][CH2][CH]([NH2])[C](=[O])[OH])[c]2[n][cH][n][c]1-2
2497,[CH3][O][c]1[cH][c]([CH]=[CH][C](=[O])[O][CH]([C](=[O])[OH])[CH]([OH])[CH]([OH])[CH]([OH])[C](=[O])[OH])[cH][cH][c]1[OH]
2498,[CH3][CH2][CH2][CH2][CH2][CH2][CH2][CH2][CH2][CH2][CH2][CH2][CH2][CH2][CH2][CH2][CH3]
2499,[O]=[c]1[cH][c](-[c]2[cH][cH][c]([OH])[c]([OH])[cH]2)[o][c]2[cH][c]([OH])[c]([CH]3[O][CH]([CH2][OH])[CH]([OH])[CH]([OH])[CH]3[OH])[c]([OH])[c]12