﻿substrate_ID,original_compound
4500,[NH2][CH2][CH2][CH2][CH2][CH2][NH][CH2][CH2][CH2][N]=[C]([OH])[CH2][N]=[C]([OH])[CH]([CH2][SH])[N]=[C]([OH])[CH2][CH2][CH]([NH2])[C](=[O])[OH]
4501,[NH2][CH2][CH2][CH2][NH][CH2][CH2][CH2][CH2][NH][CH2][CH2][CH2][N]=[C]([OH])[CH2][N]=[C]([OH])[CH]([CH2][SH])[N]=[C]([OH])[CH2][CH2][CH]([NH2])[C](=[O])[OH]
4502,[NH2][CH]([CH2][CH2][C]([OH])=[N][CH]([CH2][SH])[C]([OH])=[N][CH2][C]([OH])=[N][CH2][CH2][CH2][NH][CH2][CH2][CH2][CH2][NH][CH2][CH2][CH2][N]=[C]([OH])[CH2][N]=[C]([OH])[CH]([CH2][SH])[N]=[C]([OH])[CH2][CH2][CH]([NH2])[C](=[O])[OH])[C](=[O])[OH]
4503,[NH2][CH]([CH2][CH2][C]([OH])=[N][CH]1[CH2][S][S][CH2][CH]([N]=[C]([OH])[CH2][CH2][CH]([NH2])[C](=[O])[OH])[C]([OH])=[N][CH2][C]([OH])=[N][CH2][CH2][CH2][NH][CH2][CH2][CH2][CH2][NH][CH2][CH2][CH2][N]=[C]([OH])[CH2][N]=[C]1[OH])[C](=[O])[OH]
4504,[NH2][CH]([CH2][CH2][C]([OH])=[N][CH]1[CH2][S][S][CH2][CH]([N]=[C]([OH])[CH2][CH2][CH]([NH2])[C](=[O])[OH])[C]([OH])=[N][CH2][C]([OH])=[N][CH2][CH2][CH2][NH][CH2][CH2][CH2][CH2][CH2][N]=[C]([OH])[CH2][N]=[C]1[OH])[C](=[O])[OH]
4505,[CH3][C]([CH3])=[CH][CH2][CH]=[C]([CH3])[CH]1[CH2][CH]=[C]([CH3])[CH2][CH2]1
4506,[CH3][c]1[cH][c]2[c]([CH]([CH3])[CH3])[c]([OH])[c]([OH])[c]([CH]=[O])[c]2[c]([OH])[c]1-[c]1[c]([CH3])[cH][c]2[c]([CH]([CH3])[CH3])[c]([OH])[c]([OH])[c]([CH]=[O])[c]2[c]1[OH]
4507,[CH3][C]1=[CH][CH2][CH2][C]([CH3])=[CH][CH2][C]([CH3])([CH3])[CH]=[CH][CH2]1
4508,[CH2]=[CH][C]([CH3])([OH])[CH2][CH2][CH]=[C]([CH3])[CH2][CH2][CH]=[C]([CH3])[CH3]
4509,[CH3][C]([CH3])=[CH][CH2][CH2][CH]([CH3])[CH]1[CH2][CH2][C]2([CH3])[C]3=[C]([CH2][CH2][C]12[CH3])[C]1([CH3])[CH2][CH2][CH]([OH])[C]([CH3])([CH3])[CH]1[CH2][CH2]3
4510,[CH3][C]([CH]=[CH][CH]=[C]([CH3])[CH]=[CH][C]1=[C]([CH3])[CH2][CH2][CH2][C]1([CH3])[CH3])=[CH][CH]=[O]
4511,[CH3][C]([CH]=[CH][C]1=[C]([CH3])[CH2][CH2][CH2][C]1([CH3])[CH3])=[CH][CH]=[CH][C]([CH3])=[CH][CH2][OH]
4512,[CH3][C]([CH]=[CH][C]1=[C]([CH3])[CH2][CH2][CH2][C]1([CH3])[CH3])=[CH][CH]=[CH][C]([CH3])=[CH][C](=[O])[OH]
4513,[CH3][C]([CH]=[CH][C]1=[C]([CH2][OH])[CH2][CH2][CH2][C]1([CH3])[CH3])=[CH][CH]=[CH][C]([CH3])=[CH][C](=[O])[OH]
4514,[CH3][C]([CH]=[CH][C]12[O][C]1([CH3])[CH2][CH2][CH2][C]2([CH3])[CH3])=[CH][CH]=[CH][C]([CH3])=[CH][C](=[O])[OH]
4515,[CH3][C]([CH]=[CH][C]1=[C]([CH3])[CH]([OH])[CH2][CH2][C]1([CH3])[CH3])=[CH][CH]=[CH][C]([CH3])=[CH][C](=[O])[OH]
4516,[CH3][C]1=[CH][CH2][CH]2[CH]([CH2]1)[C]2([CH3])[CH3]
4517,[CH3][n]1[cH][c]([C](=[NH])[OH])[cH][cH][c]1=[O]
4518,[CH3][N]1[CH]([CH2][C](=[O])[c]2[cH][cH][cH][cH][cH]2)[CH2][CH2][CH2][CH]1[CH2][C](=[O])[c]1[cH][cH][cH][cH][cH]1
4519,[CH3][N]1[CH]([CH2][C](=[O])[c]2[cH][cH][cH][cH][cH]2)[CH2][CH2][CH2][CH]1[CH2][CH]([OH])[c]1[cH][cH][cH][cH][cH]1
4520,[CH3][N]1[CH]2[CH2][CH2][CH2][CH]1[CH2][C](=[O])[CH2]2
4521,[CH3][C](=[O])[CH2][CH]1[CH2][CH2][CH2][CH2][N]1[CH3]
4522,[O]=[C]([OH])[CH]1[CH]=[CH][CH2][N]=[CH]1
4523,[CH3][N]1[CH]2[CH2][CH2][CH]1[CH2][CH]([O][C](=[O])[CH]([OH])[CH2][c]1[cH][cH][cH][cH][cH]1)[CH2]2
4524,[OH][c]1[cH][cH][c]([CH2][CH2][NH][CH2][c]2[cH][cH][c]([OH])[c]([OH])[cH]2)[cH][cH]1
4525,[CH3][O][c]1[cH][cH][c]([CH2][NH][CH2][CH2][c]2[cH][cH][c]([OH])[cH][cH]2)[cH][c]1[OH]
4526,[OH][CH]1[CH]=[CH][C]23[CH2][CH2][N]([CH2][c]4[cH][c]5[c]([cH][c]42)[O][CH2][O]5)[CH]3[CH2]1
4527,[CH3][O][c]1[cH][cH][c]2[c]3[c]1[O][CH]1[CH2][C](=[O])[CH]=[CH][C]31[CH2][CH2][NH][CH2]2
4528,[CH3][O][c]1[cH][cH][c]2[c]3[c]1[O][CH]1[CH2][CH]([OH])[CH]=[CH][C]31[CH2][CH2][NH][CH2]2
4529,[CH3][O][c]1[cH][cH][c]2[c]3[c]1[O][CH]1[CH2][CH]([OH])[CH]=[CH][C]31[CH2][CH2][N]([CH3])[CH2]2
4530,[CH3][O][c]1[cH][c]2[c]([c]([OH])[c]1[O][CH3])[CH]([CH3])[NH][CH2][CH2]2
4531,[CH3][O][c]1[cH][c]2[c]([c]([O][CH3])[c]1[O][CH3])[CH]([CH3])[NH][CH2][CH2]2
4532,[CH3][O][c]1[cH][c]2[c]([cH][c]1[OH])[CH]([CH2][CH2][c]1[cH][c]([OH])[c]([O][CH3])[c]([O][CH3])[cH]1)[N]([CH3])[CH2][CH2]2
4533,[CH3][O][C]1=[CH][C]23[CH2][CH2][N]([CH3])[CH]([CH2][CH2][c]4[cH][c]([OH])[c]([O][CH3])[c]([O][CH3])[c]42)[C]3=[CH][C]1=[O]
4534,[CH3][O][C]1=[CH][C]23[CH2][CH2][N]([CH3])[CH]([CH2][CH2][c]4[cH][c]([O][CH3])[c]([O][CH3])[c]([O][CH3])[c]42)[C]3=[CH][C]1=[O]
4535,[CH3][O][c]1[cH][c]2[c]([c]([O][CH3])[c]1[O][CH3])-[c]1[cH][cH][c]([O][CH3])[c](=[O])[cH][c]1[CH]([N]([CH3])[CH]=[O])[CH2][CH2]2
4536,[CH3][NH][CH]1[CH2][CH2][c]2[cH][c]([O][CH3])[c]([O][CH3])[c]([O][CH3])[c]2-[c]2[cH][cH][c]([O][CH3])[c](=[O])[cH][c]21
4537,[CH3][O][c]1[cH][c]2[c]3[c]([c]1[OH])-[c]1[c]([cH][c]([OH])[c]([O][CH3])[c]1[O][CH3])[CH2][CH2][CH]3[N]([CH3])[CH2][CH2]2
4538,[CH3][O][c]1[cH][c]2[c]3[c]([c]1[OH])-[c]1[c]([cH][c]([O][CH3])[c]([O][CH3])[c]1[O][CH3])[CH2][CH2][CH]3[N]([CH3])[CH2][CH2]2
4539,[CH3][O][c]1[cH][c]2[c]([cH][c]1[OH])[CH2][CH]1[c]3[c]([cH][c]([O][CH3])[c]([OH])[c]3-2)[CH2][CH2][N]1[CH3]
4540,[CH3][O][c]1[cH][c]([CH2][NH2])[cH][cH][c]1[OH]
4541,[CH3][C]1([CH3])[O][CH]2[CH2][C](=[O])[O][CH2][C]23[CH]1[CH2][C](=[O])[C]1([CH3])[CH]3[CH2][CH2][C]([CH3])([CH]([OH])[c]2[cH][cH][o][cH]2)[C]12[O][CH]2[C](=[O])[OH]
4542,[CH3][CH]([NH2])[C](=[O])[c]1[cH][cH][cH][cH][cH]1
4543,[CH3][CH]([NH2])[CH]([OH])[c]1[cH][cH][cH][cH][cH]1
4544,[CH3][NH][CH]([CH3])[CH]([OH])[c]1[cH][cH][cH][cH][cH]1
4545,[CH3][CH]([NH2])[CH]([OH])[c]1[cH][cH][cH][cH][cH]1
4546,[CH3][O][c]1[cH][cH][c]2[c]([cH]1)[nH][c]1[c]([CH3])[n][cH][cH][c]12
4547,[CH3][O][c]1[cH][cH][c]2[c]3[c]([nH][c]2[cH]1)[C]([CH3])=[N][CH2][CH2]3
4548,[CH3][O][c]1[cH][cH][c]2[c]3[c]([nH][c]2[cH]1)[CH]([CH3])[NH][CH2][CH2]3
4549,[CH2]=[CH][CH]1[CH2][N]2[CH2][CH2][CH]1[CH2][CH]2[C](=[O])[c]1[cH][cH][n][c]2[cH][cH][cH][cH][c]12
4550,[CH2]=[CH][CH]1[CH2][N]2[CH2][CH2][c]3[c]([nH][c]4[cH][cH][cH][cH][c]34)[CH]2[CH2][CH]1[CH2][CH]=[O]
4551,[CH2]=[CH][CH]1[CH2][N]2[CH2][CH2][CH]1[CH2][CH]2[CH]([OH])[c]1[cH][cH][n][c]2[cH][cH][cH][cH][c]12
4552,[CH2]=[CH][CH]1[CH2][N]2[CH2][CH2][CH]1[CH2][CH]2[C](=[O])[c]1[cH][cH][n][c]2[cH][cH][c]([O][CH3])[cH][c]12
4553,[CH2]=[CH][CH]1[CH2][N]2[CH2][CH2][CH]1[CH2][CH]2[CH]([OH])[c]1[cH][cH][n][c]2[cH][cH][c]([O][CH3])[cH][c]12
4554,[CH2]=[CH][CH]1[CH2][N]2[CH2][CH2][CH]1[CH2][CH]2[c]1[nH][c]2[cH][cH][cH][cH][c]2[c]1[CH2][CH2][OH]
4555,[CH3][C](=[CH][CH2][CH2][C]([CH3])=[CH][CH2][OH])[CH2][OH]
4556,[O]=[CH][CH]([OH])[CH]([OH])[CH]([OH])[CH2][C](=[O])[OH]
4557,[CH3][CH2][CH2][C]1=[N][CH2][CH2][CH2][CH2]1
4558,[CH3][CH2][CH2][CH]1[CH2][CH2][CH2][CH2][NH]1
4559,[CH3][C]([CH3])=[CH][CH2][CH2][C]([CH3])=[CH][CH2][CH2][C]([CH3])=[CH][CH2][O][P](=[O])([OH])[O][P](=[O])([OH])[OH]
4560,[CH3][C](=[O])[O][CH]1[CH2][CH]([CH3])[CH2][CH2][CH]1[CH]([CH3])[CH3]
4561,[CH3][C](=[O])[O][CH]1[CH2][CH]([CH3])[CH2][CH2][CH]1[CH]([CH3])[CH3]
4562,[CH3][C](=[O])[O][CH]1[CH2][CH]2[CH2][CH2][C]1([CH3])[C]2([CH3])[CH3]
4563,[CH3][O][c]1[cH][c]([CH]=[CH][C](=[O])[OH])[cH][c]([O][CH3])[c]1[O][CH]1[O][CH]([CH2][OH])[CH]([OH])[CH]([OH])[CH]1[OH]
4564,[O]=[C]([CH]=[CH][c]1[cH][cH][c]([OH])[cH][cH]1)[O][CH]1[O][CH]([CH2][OH])[CH]([OH])[CH]([OH])[CH]1[OH]
4565,[CH3][N]([CH3])[CH2][CH2][c]1[cH][nH][c]2[cH][cH][c]([OH])[cH][c]12
4566,[CH3][O][c]1[c]2[o][cH][cH][c]2[c]([OH])[c]2[cH][cH][c](=[O])[o][c]12
4567,[CH3][O][c]1[c]2[cH][cH][o][c]2[c]([O][CH3])[c]2[o][c](=[O])[cH][cH][c]12
4568,[CH2]=[C]1[CH]=[CH][C]([CH3])([CH3])[CH2][CH2][CH2][C]([CH3])=[CH][CH2][CH2]1
4569,[CH2]=[C]1[CH2][CH2][CH]=[C]([CH3])[CH2][CH2][CH]2[CH]1[CH2][C]2([CH3])[CH3]
4570,[CH2]=[C]1[CH]2[CH2][CH2][CH]3[CH]2[C]([CH3])([CH3])[CH2][CH2][CH2][C]13[CH3]
4571,[CH3][CH]1[CH2][CH2][CH2][C]2([CH3])[CH2][CH2][CH2][CH2][C]12[OH]
4572,[CH3][C]1=[CH][CH2][C](=[C]([CH3])[CH3])[CH2][CH2][C]([CH3])=[CH][CH2][CH2]1
4573,[CH2]=[C]([CH3])[CH]1[CH2][CH2][C]2([CH3])[CH2][CH2][CH2][C](=[CH2])[CH]2[CH2]1
4574,[CH2]=[CH][CH]1[CH2][N]2[CH2][CH2][CH]1[CH2][CH]2[CH]([OH])[c]1[cH][cH][n][c]2[cH][cH][cH][cH][c]12
4575,[CH2]=[CH][CH]1[CH2][N]2[CH2][CH2][CH]1[CH2][CH]2[C](=[O])[c]1[cH][cH][n][c]2[cH][cH][cH][cH][c]12
4576,[CH3][C](=[O])[CH]([OH])[CH]([OH])[CH2][CH]([NH2])[C](=[O])[OH]
4577,[O]=[CH][C](=[O])[CH2][O][P](=[O])([OH])[OH]
4578,[O]=[C]([CH2][OH])[CH]([OH])[CH2][OH]
4579,[OH][CH2][CH]([OH])[CH]([OH])[CH2][OH]
4580,[OH][NH][CH2][CH2][c]1[cH][nH][c]2[cH][cH][cH][cH][c]12
4581,[O-][N+]([OH])=[CH][CH2][c]1[cH][nH][c]2[cH][cH][cH][cH][c]12
4582,[O]=[CH][c]1[cH][n][c]([OH])[n][c]1[OH]
4583,[OH][CH2][CH]1[O][CH]([O][CH2][CH]2[O][CH]([O][C]3([CH2][OH])[O][CH]([CH2][OH])[CH]([OH])[CH]3[O][CH]3[O][CH]([CH2][OH])[CH]([OH])[CH]([OH])[CH]3[OH])[CH]([OH])[CH]([OH])[CH]2[OH])[CH]([OH])[CH]([OH])[CH]1[OH]
4584,[O]=[C]1[CH2][CH]([OH])[CH]([OH])[CH]([OH])[CH]1[OH]
4585,[CH3][S][CH2][CH2][C]([OH])([CH2][C](=[O])[OH])[C](=[O])[OH]
4586,[CH3][S][CH2][CH2][CH]([C](=[O])[OH])[CH]([OH])[C](=[O])[OH]
4587,[CH3][S][CH2][CH2][CH2][C](=[O])[C](=[O])[OH]
4588,[CH3][S][CH2][CH2][CH2][C]([OH])([CH2][C](=[O])[OH])[C](=[O])[OH]
4589,[CH3][S][CH2][CH2][CH2][CH]([C](=[O])[OH])[CH]([OH])[C](=[O])[OH]
4590,[CH3][S][CH2][CH2][CH2][CH2][C](=[O])[C](=[O])[OH]
4591,[CH3][S][CH2][CH2][CH2][CH2][C]([OH])([CH2][C](=[O])[OH])[C](=[O])[OH]
4592,[CH3][S][CH2][CH2][CH2][CH2][CH]([C](=[O])[OH])[CH]([OH])[C](=[O])[OH]
4593,[CH3][S][CH2][CH2][CH2][CH2][CH2][C](=[O])[C](=[O])[OH]
4594,[CH3][S][CH2][CH2][CH2][CH2][CH2][C]([OH])([CH2][C](=[O])[OH])[C](=[O])[OH]
4595,[CH3][CH]=[C]([NH2])[C](=[O])[OH]
4596,[CH3][S][CH2][CH2][CH2][CH2][CH2][CH]([C](=[O])[OH])[CH]([OH])[C](=[O])[OH]
4597,[CH3][S][CH2][CH2][CH2][CH2][CH2][CH2][C](=[O])[C](=[O])[OH]
4598,[CH3][S][CH2][CH2][CH2][CH2][CH2][CH2][C]([OH])([CH2][C](=[O])[OH])[C](=[O])[OH]
4599,[CH3][S][CH2][CH2][CH2][CH2][CH2][CH2][CH]([C](=[O])[OH])[CH]([OH])[C](=[O])[OH]
4600,[CH3][S][CH2][CH2][CH2][CH2][CH2][CH2][CH2][C](=[O])[C](=[O])[OH]
4601,[CH3][S][CH2][CH2][CH2][CH2][CH2][CH2][CH2][C]([OH])([CH2][C](=[O])[OH])[C](=[O])[OH]
4602,[CH3][S][CH2][CH2][CH2][CH2][CH2][CH2][CH2][CH]([C](=[O])[OH])[CH]([OH])[C](=[O])[OH]
4603,[CH3][S][CH2][CH2][CH2][CH2][CH2][CH2][CH2][CH2][C](=[O])[C](=[O])[OH]
4604,[NH2][c]1[cH][c]([C](=[O])[OH])[cH][cH][c]1[OH]
4605,[NH2][CH]([CH2][S][C]([CH2][c]1[cH][cH][cH][cH][cH]1)=[N][OH])[C](=[O])[OH]
4606,[OH][N]=[CH][CH2][CH2][c]1[cH][cH][cH][cH][cH]1
4607,[NH2][CH]([CH2][CH2][c]1[cH][cH][cH][cH][cH]1)[C](=[O])[OH]
4608,[NH2][CH]([CH2][S][C]([CH2][c]1[cH][cH][c]([OH])[cH][cH]1)=[N][OH])[C](=[O])[OH]
4609,[OH][N]=[C]([SH])[CH2][c]1[cH][cH][c]([OH])[cH][cH]1
4610,[OH][CH2][CH]1[O][CH]([S][C]([CH2][c]2[cH][cH][c]([OH])[cH][cH]2)=[N][OH])[CH]([OH])[CH]([OH])[CH]1[OH]
4611,[O]=[S](=[O])([OH])[O][N]=[C]([CH2][c]1[cH][cH][c]([OH])[cH][cH]1)[S][CH]1[O][CH]([CH2][OH])[CH]([OH])[CH]([OH])[CH]1[OH]
4612,[CH3][CH]([CH3])[CH2][CH]=[N][OH]
4613,[CH3][S][CH2][CH2][CH2][C](=[N][OH])[S][CH]1[O][CH]([CH2][OH])[CH]([OH])[CH]([OH])[CH]1[OH]
4614,[CH3][S][CH2][CH2][CH2][C](=[N][O][S](=[O])(=[O])[OH])[S][CH]1[O][CH]([CH2][OH])[CH]([OH])[CH]([OH])[CH]1[OH]
4615,[CH3][S][CH2][CH2][CH2][CH2][CH]=[N][OH]
4616,[CH3][S][CH2][CH2][CH2][CH2][CH]([NH2])[C](=[O])[OH]
4617,[CH3][S][CH2][CH2][CH2][CH2][C](=[N][O][S](=[O])(=[O])[OH])[S][CH]1[O][CH]([CH2][OH])[CH]([OH])[CH]([OH])[CH]1[OH]
4618,[CH3][S][CH2][CH2][CH2][CH2][C](=[N][OH])[S][CH]1[O][CH]([CH2][OH])[CH]([OH])[CH]([OH])[CH]1[OH]
4619,[CH3][S][CH2][CH2][CH2][CH2][CH2][CH]=[N][OH]
4620,[CH3][S][CH2][CH2][CH2][CH2][CH2][CH]([NH2])[C](=[O])[OH]
4621,[CH3][S][CH2][CH2][CH2][CH2][CH2][CH2][CH]=[N][OH]
4622,[CH3][S][CH2][CH2][CH2][CH2][CH2][CH2][CH]([NH2])[C](=[O])[OH]
4623,[CH3][S][CH2][CH2][CH2][CH2][CH2][CH2][CH2][CH]=[N][OH]
4624,[CH3][S][CH2][CH2][CH2][CH2][CH2][CH2][CH2][CH]([NH2])[C](=[O])[OH]
4625,[CH3][S][CH2][CH2][CH2][CH2][CH2][CH2][CH2][CH2][CH]=[N][OH]
4626,[CH3][S][CH2][CH2][CH2][CH2][CH2][CH2][CH2][CH2][CH]([NH2])[C](=[O])[OH]
4627,[NH2][CH]([CH2][CH2][C]([OH])=[N][CH]([CH2][S][SH])[C]([OH])=[N][CH2][C](=[O])[OH])[C](=[O])[OH]
4628,[CH2]=[C]([CH3])[CH]1[CH2][CH2][C]2=[CH][CH2][CH2][CH]([CH3])[C]2([CH3])[CH2]1
4629,[CH2]=[CH][C](=[CH2])[CH2][CH2][CH]=[C]([CH3])[CH2][CH2][CH]=[C]([CH3])[CH3]
4630,[CH2]=[CH][C]([CH3])=[CH][CH2][CH]=[C]([CH3])[CH2][CH2][CH]=[C]([CH3])[CH3]
4631,[CH3][CH]1[O][CH]([O][P](=[O])([OH])[O][P](=[O])([OH])[O][CH2][CH]2[O][CH]([n]3[cH][cH][c]([OH])[n][c]3=[O])[CH]([OH])[CH]2[OH])[CH]([OH])[CH]([OH])[C]1=[O]
4632,[CH3][CH]1[O][CH]([O][P](=[O])([OH])[O][P](=[O])([OH])[O][CH2][CH]2[O][CH]([n]3[cH][cH][c](=[NH])[n][c]3[OH])[CH]([OH])[CH]2[OH])[CH]([OH])[CH2][C]1=[O]
4633,[CH3][CH]1[O][CH]([O][P](=[O])([OH])[O][P](=[O])([OH])[O][CH2][CH]2[O][CH]([n]3[cH][cH][c](=[NH])[n][c]3[OH])[CH]([OH])[CH]2[OH])[CH]([OH])[CH2][CH]1[OH]
4634,[CH3][CH]([CH3])[CH]([OH])[CH2][CH2][CH]([CH3])[CH]1[CH2][CH2][CH]2[CH]3[CH]([OH])[CH2][C]4=[CH][C](=[O])[CH2][CH2][C]4([CH3])[CH]3[CH2][CH2][C]12[CH3]
4635,[CH3][CH]([CH2][CH2][CH2][C]([CH3])([CH3])[OH])[CH]1[CH2][CH2][CH]2[CH]3[CH]([OH])[CH2][C]4=[CH][C](=[O])[CH2][CH2][C]4([CH3])[CH]3[CH2][CH2][C]12[CH3]
4636,[CH3][CH]([CH2][OH])[CH2][CH2][CH2][CH]([CH3])[CH]1[CH2][CH2][CH]2[CH]3[CH]([OH])[CH2][C]4=[CH][C](=[O])[CH2][CH2][C]4([CH3])[CH]3[CH2][CH2][C]12[CH3]
4637,[CH3][CH]([CH2][CH2][CH2][CH]([CH3])[CH]1[CH2][CH2][CH]2[CH]3[CH]([OH])[CH2][C]4=[CH][C](=[O])[CH2][CH2][C]4([CH3])[CH]3[CH2][CH2][C]12[CH3])[C](=[O])[OH]
4638,[CH3][CH]([CH2][CH2][CH2][CH]([CH3])[CH]1[CH2][CH2][CH]2[CH]3[CH2][CH]=[C]4[CH2][CH]([OH])[CH2][CH2][C]4([CH3])[CH]3[CH2][CH2][C]12[CH3])[C](=[O])[OH]
4639,[CH3][CH]([CH2][CH2][CH2][CH]([CH3])[CH]1[CH2][CH2][CH]2[CH]3[CH]([OH])[CH]=[C]4[CH2][CH]([OH])[CH2][CH2][C]4([CH3])[CH]3[CH2][CH2][C]12[CH3])[C](=[O])[OH]
4640,[CH3][CH]([CH2][CH2][CH2][CH]([CH3])[CH]1[CH2][CH2][CH]2[CH]3[CH]([OH])[CH2][CH]4[CH2][CH]([OH])[CH2][CH2][C]4([CH3])[CH]3[CH2][CH]([OH])[C]12[CH3])[C](=[O])[OH]
4641,[CH3][CH]([CH2][CH2][CH2][CH]([CH3])[CH]1[CH2][CH2][CH]2[CH]3[CH]([OH])[CH2][CH]4[CH2][CH]([OH])[CH2][CH2][C]4([CH3])[CH]3[CH2][CH]([OH])[C]12[CH3])[C](=[O])[S][CH2][CH2][N]=[C]([OH])[CH2][CH2][N]=[C]([OH])[CH]([OH])[C]([CH3])([CH3])[CH2][O][P](=[O])([OH])[O][P](=[O])([OH])[O][CH2][CH]1[O][CH]([n]2[cH][n][c]3[c]([NH2])[n][cH][n][c]32)[CH]([OH])[CH]1[O][P](=[O])([OH])[OH]
4642,[CH3][CH]([CH2][CH2][CH2][CH]([CH3])[CH]1[CH2][CH2][CH]2[CH]3[CH]([OH])[CH2][CH]4[CH2][CH]([OH])[CH2][CH2][C]4([CH3])[CH]3[CH2][CH2][C]12[CH3])[C](=[O])[S][CH2][CH2][N]=[C]([OH])[CH2][CH2][N]=[C]([OH])[CH]([OH])[C]([CH3])([CH3])[CH2][O][P](=[O])([OH])[O][P](=[O])([OH])[O][CH2][CH]1[O][CH]([n]2[cH][n][c]3[c]([NH2])[n][cH][n][c]32)[CH]([OH])[CH]1[O][P](=[O])([OH])[OH]
4643,[CH3][CH]([CH2][CH2][CH2][CH]([CH3])[CH]1[CH2][CH2][CH]2[CH]3[CH]([OH])[CH2][CH]4[CH2][CH]([OH])[CH2][CH2][C]4([CH3])[CH]3[CH2][CH2][C]12[CH3])[C](=[O])[S][CH2][CH2][N]=[C]([OH])[CH2][CH2][N]=[C]([OH])[CH]([OH])[C]([CH3])([CH3])[CH2][O][P](=[O])([OH])[O][P](=[O])([OH])[O][CH2][CH]1[O][CH]([n]2[cH][n][c]3[c]([NH2])[n][cH][n][c]32)[CH]([OH])[CH]1[O][P](=[O])([OH])[OH]
4644,[CH3][C]([CH3])=[CH][CH2][CH2][C]([CH3])=[CH][CH2][CH2][C]([CH3])=[CH][CH2][CH2][C]([CH3])=[CH][CH2][CH2][C]([CH3])=[CH][CH2][O][P](=[O])([OH])[O][P](=[O])([OH])[OH]
4645,[CH3][C]([CH3])=[CH][CH2][CH2][C]([CH3])=[CH][CH2][CH2][C]([CH3])=[CH][CH2][CH2][C]([CH3])=[CH][CH2][CH2][C]([CH3])=[CH][CH2][CH2][C]([CH3])=[CH][CH2][O][P](=[O])([OH])[O][P](=[O])([OH])[OH]
4646,[CH3][C]([CH3])=[CH][CH2][CH2][C]([CH3])=[CH][CH2][CH2][C]([CH3])=[CH][CH2][CH2][C]([CH3])=[CH][CH2][CH2][C]([CH3])=[CH][CH2][CH2][C]([CH3])=[CH][CH2][CH2][C]([CH3])=[CH][CH2][O][P](=[O])([OH])[O][P](=[O])([OH])[OH]
4647,[CH3][C]([CH3])=[CH][CH2][CH2][C]([CH3])=[CH][CH2][CH2][C]([CH3])=[CH][CH2][CH2][C]([CH3])=[CH][CH2][CH2][C]([CH3])=[CH][CH2][CH2][C]([CH3])=[CH][CH2][CH2][C]([CH3])=[CH][CH2][CH2][C]([CH3])=[CH][CH2][O][P](=[O])([OH])[O][P](=[O])([OH])[OH]
4648,[CH3][C]([CH3])=[CH][CH2][CH2][C]([CH3])=[CH][CH2][CH2][C]([CH3])=[CH][CH2][CH2][C]([CH3])=[CH][CH2][CH2][C]([CH3])=[CH][CH2][CH2][C]([CH3])=[CH][CH2][CH2][C]([CH3])=[CH][CH2][CH2][C]([CH3])=[CH][CH2][CH2][C]([CH3])=[CH][CH2][O][P](=[O])([OH])[O][P](=[O])([OH])[OH]
4649,[CH3][C]([CH3])=[CH][CH2][CH2][C]([CH3])=[CH][CH2][CH2][CH]([CH3])[CH2][CH2][CH2][C]([CH3])=[CH][CH2][O][P](=[O])([OH])[O][P](=[O])([OH])[OH]
4650,[CH3][C]([CH3])=[CH][CH2][CH2][CH]([CH3])[CH2][CH2][CH2][CH]([CH3])[CH2][CH2][CH2][C]([CH3])=[CH][CH2][O][P](=[O])([OH])[O][P](=[O])([OH])[OH]
4651,[NH]=[C]1[CH]=[CH][CH]=[CH][C]1=[O]
4652,[CH3][O][c]1[cH][cH][c]([CH2][CH]2[c]3[cH][c]([O][CH3])[c]([O][CH3])[cH][c]3[CH2][CH2][N]2[CH3])[cH][c]1[OH]
4653,[CH3][O][c]1[cH][cH][c]2[c]([c]1[OH])-[c]1[c]([OH])[c]([O][CH3])[cH][c]3[c]1[CH]([CH2]2)[N]([CH3])[CH2][CH2]3
4654,[CH3][O][c]1[cH][cH][c]2[c]([c]1[OH])-[c]1[c]([OH])[c]([O][CH3])[cH][c]3[c]1[CH]([CH2]2)[N+]([CH3])([CH3])[CH2][CH2]3
4655,[CH3][CH2][CH2][CH2][CH2][C]([OH])=[CH][C](=[O])[CH]=[CH][c]1[cH][cH][c]([OH])[cH][cH]1
4656,[CH3][CH2][CH2][CH2][CH2][C]([OH])=[CH][C](=[O])[CH]=[CH][c]1[cH][cH][c]([OH])[c]([O][CH3])[cH]1
4657,[CH3][CH2][CH2][CH2][CH2][CH]([OH])[CH2][C](=[O])[CH2][CH2][c]1[cH][cH][c]([OH])[cH][cH]1
4658,[CH3][CH2][CH2][CH2][CH2][C]([OH])=[CH][C](=[O])[CH]=[CH][c]1[cH][cH][c]([OH])[c]([OH])[cH]1
4659,[CH3][CH2][CH2][CH2][CH2][CH]([OH])[CH2][C](=[O])[CH2][CH2][c]1[cH][cH][c]([OH])[c]([OH])[cH]1
4660,[CH3][CH2][CH2][CH2][CH2][CH]([OH])[CH2][C](=[O])[CH2][CH2][c]1[cH][cH][c]([OH])[c]([O][CH3])[cH]1
4661,[CH3][C]([CH3])([CH2][O][P](=[O])([OH])[O][P](=[O])([OH])[O][CH2][CH]1[O][CH]([n]2[cH][n][c]3[c]([NH2])[n][cH][n][c]32)[CH]([OH])[CH]1[O][P](=[O])([OH])[OH])[CH]([OH])[C]([OH])=[N][CH2][CH2][C]([OH])=[N][CH2][CH2][S][C](=[O])[CH2][C](=[O])[CH]=[CH][c]1[cH][cH][c]([OH])[cH][cH]1
4662,[CH3][O][c]1[cH][c]([CH]=[CH][C](=[O])[CH2][C](=[O])[S][CH2][CH2][N]=[C]([OH])[CH2][CH2][N]=[C]([OH])[CH]([OH])[C]([CH3])([CH3])[CH2][O][P](=[O])([OH])[O][P](=[O])([OH])[O][CH2][CH]2[O][CH]([n]3[cH][n][c]4[c]([NH2])[n][cH][n][c]43)[CH]([OH])[CH]2[O][P](=[O])([OH])[OH])[cH][cH][c]1[OH]
4663,[O]=[C]([CH]=[CH][c]1[cH][cH][c]([OH])[cH][cH]1)[CH2][C](=[O])[CH]=[CH][c]1[cH][cH][c]([OH])[cH][cH]1
4664,[CH3][O][c]1[cH][c]([CH]=[CH][C](=[O])[CH2][C](=[O])[CH]=[CH][c]2[cH][cH][c]([OH])[cH][cH]2)[cH][cH][c]1[OH]
4665,[CH3][O][c]1[cH][c]([CH]=[CH][C](=[O])[CH2][C](=[O])[CH]=[CH][c]2[cH][cH][c]([OH])[c]([O][CH3])[cH]2)[cH][cH][c]1[OH]
4666,[CH3][O][c]1[cH][c]([CH]=[CH][C]([OH])=[CH][C](=[O])[CH]=[CH][c]2[cH][cH][c]([O][CH]3[O][CH]([CH2][OH])[CH]([OH])[CH]([OH])[CH]3[OH])[c]([O][CH3])[cH]2)[cH][cH][c]1[OH]
4667,[CH3][O][c]1[cH][c]([CH]=[CH][C](=[O])[CH]=[C]([OH])[CH]=[CH][c]2[cH][cH][c]([O][CH]3[O][CH]([CH2][OH])[CH]([OH])[CH]([OH])[CH]3[OH])[c]([O][CH3])[cH]2)[cH][cH][c]1[O][CH]1[O][CH]([CH2][OH])[CH]([OH])[CH]([OH])[CH]1[OH]
4668,[O]=[C]([OH])[CH]1[CH2][c]2[cH][c]([O][CH]3[O][CH]([CH2][OH])[CH]([OH])[CH]([OH])[CH]3[OH])[c]([OH])[cH][c]2[NH]1
4669,[O]=[C]([OH])[CH]1[CH2][c]2[cH][c]([O][CH]3[O][CH]([CH2][OH])[CH]([OH])[CH]([OH])[CH]3[O][CH]3[O][CH]([C](=[O])[OH])[CH]([OH])[CH]([OH])[CH]3[OH])[c]([OH])[cH][c]2[NH]1
4670,[O]=[CH][CH]=[C]1[CH]=[C]([C](=[O])[OH])[NH][CH]([C](=[O])[OH])[CH2]1
4671,[O]=[C]([OH])[C]1=[CH][C](=[CH][CH]=[N+]2[c]3[cH][c]([OH])[c]([O][CH]4[O][CH]([CH2][OH])[CH]([OH])[CH]([OH])[CH]4[O][CH]4[O][CH]([C](=[O])[OH])[CH]([OH])[CH]([OH])[CH]4[OH])[cH][c]3[CH2][CH]2[C](=[O])[OH])[CH2][CH]([C](=[O])[OH])[NH]1
4672,[CH3][O][c]1[cH][c]([CH]=[CH][C](=[O])[O][CH]2[O][CH]([CH2][OH])[CH]([OH])[CH]([OH])[CH]2[OH])[cH][cH][c]1[OH]
4673,[CH3][O][c]1[cH][c]([CH]=[CH][C](=[O])[O][CH]2[CH]([O][CH]3[CH]([O][c]4[cH][c]5[c]([cH][c]4[OH])[N+](=[CH][CH]=[C]4[CH]=[C]([C](=[O])[OH])[NH][CH]([C](=[O])[OH])[CH2]4)[CH]([C](=[O])[OH])[CH2]5)[O][CH]([CH2][OH])[CH]([OH])[CH]3[OH])[O][CH]([C](=[O])[OH])[CH]([OH])[CH]2[OH])[cH][cH][c]1[OH]
4674,[O]=[C]([OH])[C]1=[CH][C](=[CH][CH]=[N+]2[c]3[cH][c]([OH])[c]([O][CH]4[O][CH]([CH2][OH])[CH]([OH])[CH]([OH])[CH]4[OH])[cH][c]3[CH2][CH]2[C](=[O])[OH])[CH2][CH]([C](=[O])[OH])[NH]1
4675,[O]=[C]([OH])[C]1=[N][CH]([C](=[O])[OH])[CH2][C]([CH]=[CH][N]2[c]3[cH][c]([OH])[c]([OH])[cH][c]3[CH2][CH]2[C](=[O])[OH])=[CH]1
4676,[CH3][O][c]1[cH][c]([CH]=[CH][C](=[O])[O][CH2][CH]2[O][CH]([O][c]3[cH][c]4[c]([cH][c]3[OH])[N+](=[CH][CH]=[C]3[CH]=[C]([C](=[O])[OH])[NH][CH]([C](=[O])[OH])[CH2]3)[CH]([C](=[O])[OH])[CH2]4)[CH]([OH])[CH]([OH])[CH]2[OH])[cH][cH][c]1[OH]
4677,[O]=[C]([OH])[C]1=[CH][C](=[CH][CH]=[N][CH]([CH2][c]2[cH][cH][c]([OH])[cH][cH]2)[C](=[O])[OH])[CH2][CH]([C](=[O])[OH])[NH]1
4678,[O]=[C]([OH])[C]1=[CH][C](=[CH][CH]=[N][CH]([CH2][C]2=[CH][C](=[O])[C](=[O])[CH]=[CH]2)[C](=[O])[OH])[CH2][CH]([C](=[O])[OH])[NH]1
4679,[O]=[C]([OH])[C]1=[CH][C](=[CH][CH]=[N][CH]([CH2][c]2[cH][cH][c]([OH])[c]([OH])[cH]2)[C](=[O])[OH])[CH2][CH]([C](=[O])[OH])[NH]1
4680,[O]=[C]([OH])[C]1=[CH][C](=[CH][CH]=[N+]2[c]3[cH][c]([O][CH]4[O][CH]([CH2][OH])[CH]([OH])[CH]([OH])[CH]4[OH])[c]([OH])[cH][c]3[CH2][CH]2[C](=[O])[OH])[CH2][CH]([C](=[O])[OH])[NH]1
4681,[CH3][O][c]1[cH][c]([CH2][CH2][N]=[CH][CH]=[C]2[CH]=[C]([C](=[O])[OH])[NH][CH]([C](=[O])[OH])[CH2]2)[cH][cH][c]1[OH]
4682,[OH][c]1[cH][c]2[c]([cH][c]1[OH])[NH][CH2][CH2]2
4683,[O]=[C]([OH])[C]1=[CH][C](=[CH][CH]=[N+]2[CH2][CH2][c]3[cH][c]([OH])[c]([OH])[cH][c]32)[CH2][CH]([C](=[O])[OH])[NH]1
4684,[O]=[C]([OH])[C]1=[CH][C](=[CH][CH]=[N][CH2][CH2][c]2[cH][cH][c]([OH])[c]([OH])[cH]2)[CH2][CH]([C](=[O])[OH])[NH]1
4685,[CH3][CH]([CH3])[CH]([CH3])[CH]([OH])[CH]([OH])[CH]([CH3])[CH]1[CH2][CH2][CH]2[CH]3[CH2][O][C](=[O])[CH]4[CH2][CH]([OH])[CH2][CH2][C]4([CH3])[CH]3[CH2][CH2][C]12[CH3]
4686,[CH3][CH]([CH3])[CH]([CH3])[CH]([OH])[CH]([OH])[CH]([CH3])[CH]1[CH2][CH2][CH]2[CH]3[CH2][O][C](=[O])[CH]4[CH2][CH]([OH])[CH2][CH2][C]4([CH3])[CH]3[CH2][CH2][C]12[CH3]
4687,[O]=[C]([OH])[CH2][CH2][c]1[cH][cH][c]([OH])[c]([OH])[cH]1
4688,[NH2][CH]([CH2][S][c]1[cH][c]([CH2][CH]([NH2])[C](=[O])[OH])[cH][c]([OH])[c]1[OH])[C](=[O])[OH]
4689,[CH3][C]([OH])=[N][CH]1[CH]([O][P](=[O])([OH])[O][P](=[O])([OH])[O][CH2][CH]2[O][CH]([n]3[cH][cH][c]([OH])[n][c]3=[O])[CH]([OH])[CH]2[OH])[O][CH]([CH2][OH])[CH]([OH])[CH]1[O][CH]([CH3])[C]([OH])=[N][CH]([CH3])[C]([OH])=[N][CH]([CH2][CH2][C]([OH])=[N][CH]([CH2][CH2][CH2][CH]([NH2])[C](=[O])[OH])[C]([OH])=[N][CH]([CH3])[C](=[O])[OH])[C](=[O])[OH]
4690,[CH3][C]1=[C]2[CH]([OH])[CH2][CH]([CH3])[C]23[CH2][CH2][CH]([CH2]3)[C]1([CH3])[CH3]
4691,[CH3][C]1=[C]2[C](=[O])[CH2][CH]([CH3])[C]23[CH2][CH2][CH]([CH2]3)[C]1([CH3])[CH3]
4692,[CH3][C]1=[C]2[CH]([OH])[CH2][CH]([CH3])[C]23[CH2][CH2][CH]([CH2]3)[C]1([CH3])[CH3]
4693,[CH3][C]([CH3])=[CH][CH2][CH2][C]([CH3])=[CH][CH2][CH2][C]([CH3])=[CH][CH2][CH2][C]([CH3])=[CH][CH2][CH2][C]([CH3])=[CH][CH2][CH2][C]([CH3])=[CH][CH2][CH2][C]([CH3])=[CH][CH2][CH2][C]([CH3])=[CH][CH2][CH2][C]([CH3])=[CH][CH2][CH2][C]([CH3])=[CH][CH2][CH2][C]([CH3])=[CH][CH2][O][P](=[O])([OH])[O][P](=[O])([OH])[O][CH]1[O][CH]([CH2][OH])[CH]([OH])[CH]([O][CH]2[O][CH]([CH3])[CH]([OH])[CH]([OH])[CH]2[OH])[CH]1[OH]
4694,[O]=[P]([OH])([OH])[CH2][CH2][OH]
4695,[CH3][CH]([OH])[CH2][P](=[O])([OH])[OH]
4696,[CH3][CH]1[O][CH]1[P](=[O])([OH])[OH]
4697,[O]=[P]([OH])([OH])[CH2][OH]
4698,[O]=[CH][P](=[O])([OH])[OH]
4699,[NH]=[c]1[cH][cH][n]([CH]2[O][CH]([CH2][O][P](=[O])([OH])[O][P](=[O])([OH])[C](=[O])[OH])[CH]([OH])[CH]2[OH])[c]([OH])[n]1
4700,[O]=[C]([OH])[P](=[O])([OH])[OH]
4701,[O]=[C]([OH])[C](=[O])[CH2][P](=[O])([OH])[C](=[O])[OH]
4702,[O]=[C]([OH])[CH2][C]([OH])([CH2][PH](=[O])[OH])[C](=[O])[OH]
4703,[CH3][C]([OH])=[N][CH]([CH2][CH2][PH](=[O])[OH])[C](=[O])[OH]
4704,[NH2][CH]([CH2][CH2][PH](=[O])[OH])[C](=[O])[OH]
4705,[CH3][C]([OH])=[N][CH]([CH2][CH2][PH](=[O])[OH])[C]([OH])=[N][CH]([CH3])[C]([OH])=[N][CH]([CH3])[C](=[O])[OH]
4706,[CH3][P](=[O])([OH])[CH2][CH2][CH]([NH2])[C](=[O])[OH]
4707,[CH3][C]([OH])=[N][CH]([CH2][CH2][P]([CH3])(=[O])[OH])[C](=[O])[OH]
4708,[O]=[C]([OH])[C](=[O])[CH]([OH])[CH]([OH])[CH]([OH])[CH2][OH]
4709,[CH3][C]([CH]=[CH][CH]=[C]([CH3])[CH]=[CH][C]1=[C]([CH3])[CH2][CH2][CH2][C]1([CH3])[CH3])=[CH][CH]=[CH][CH]=[O]
4710,[CH3][C](=[CH][CH]=[CH][CH2][CH]=[O])[CH2][OH]
4711,[CH3][C]([CH]=[CH][CH]=[C]([CH3])[CH]=[CH][C]1=[C]([CH3])[CH2][CH2][CH2][C]1([CH3])[CH3])=[CH][CH]=[CH][CH]=[C]([CH3])[CH]=[CH][CH]=[C]([CH3])[CH2][OH]
4712,[NH2][CH]1[CH2][CH]([OH])[CH]([OH])[CH]([OH])[CH]1[OH]
4713,[NH2][CH]1[CH2][C](=[O])[CH]([OH])[CH]([OH])[CH]1[OH]
4714,[NH2][CH]1[CH2][CH]([NH2])[CH]([OH])[CH]([OH])[CH]1[OH]
4715,[CH3][C]([OH])=[N][CH]1[CH]([O][CH]2[CH]([NH2])[CH2][CH]([NH2])[CH]([OH])[CH]2[OH])[O][CH]([CH2][OH])[CH]([OH])[CH]1[OH]
4716,[NH2][CH]1[CH2][CH]([NH2])[CH]([O][CH]2[O][CH]([CH2][OH])[CH]([OH])[CH]([OH])[CH]2[NH2])[CH]([OH])[CH]1[OH]
4717,[NH2][CH]1[CH2][CH]([NH2])[CH]([O][CH]2[O][CH]([CH]=[O])[CH]([OH])[CH]([OH])[CH]2[NH2])[CH]([OH])[CH]1[OH]
4718,[NH2][CH2][CH]1[O][CH]([O][CH]2[CH]([NH2])[CH2][CH]([NH2])[CH]([OH])[CH]2[OH])[CH]([NH2])[CH]([OH])[CH]1[OH]
4719,[NH2][CH2][CH]1[O][CH]([O][CH]2[CH]([NH2])[CH2][CH]([NH2])[CH]([OH])[CH]2[O][CH]2[O][CH]([CH2][O][P](=[O])([OH])[OH])[CH]([OH])[CH]2[OH])[CH]([NH2])[CH]([OH])[CH]1[OH]
4720,[NH2][CH2][CH]1[O][CH]([O][CH]2[CH]([NH2])[CH2][CH]([NH2])[CH]([OH])[CH]2[O][CH]2[O][CH]([CH2][OH])[CH]([OH])[CH]2[OH])[CH]([NH2])[CH]([OH])[CH]1[OH]
4721,[CH3][C]([OH])=[N][CH]1[CH]([O][CH]2[CH]([CH2][OH])[O][CH]([O][CH]3[CH]([OH])[CH]([NH2])[CH2][CH]([NH2])[CH]3[O][CH]3[O][CH]([CH2][NH2])[CH]([OH])[CH]([OH])[CH]3[NH2])[CH]2[OH])[O][CH]([CH2][OH])[CH]([OH])[CH]1[OH]
4722,[NH2][CH2][CH]1[O][CH]([O][CH]2[CH]([NH2])[CH2][CH]([NH2])[CH]([OH])[CH]2[O][CH]2[O][CH]([CH2][OH])[CH]([O][CH]3[O][CH]([CH2][OH])[CH]([OH])[CH]([OH])[CH]3[NH2])[CH]2[OH])[CH]([NH2])[CH]([OH])[CH]1[OH]
4723,[NH2][CH2][CH]1[O][CH]([O][CH]2[CH]([NH2])[CH2][CH]([NH2])[CH]([OH])[CH]2[O][CH]2[O][CH]([CH2][OH])[CH]([O][CH]3[O][CH]([CH]=[O])[CH]([OH])[CH]([OH])[CH]3[NH2])[CH]2[OH])[CH]([NH2])[CH]([OH])[CH]1[OH]
4724,[NH2][CH2][CH]1[O][CH]([O][CH]2[CH]([CH2][OH])[O][CH]([O][CH]3[CH]([OH])[CH]([NH2])[CH2][CH]([NH2])[CH]3[O][CH]3[O][CH]([CH2][NH2])[CH]([OH])[CH]([OH])[CH]3[NH2])[CH]2[OH])[CH]([NH2])[CH]([OH])[CH]1[OH]
4725,[CH2]=[CH][C]1([CH3])[CH2][CH2][CH]2[C](=[CH][CH]3[O][C](=[O])[C]4([CH3])[C](=[O])[CH2][CH2][C]2([CH3])[CH]34)[CH2]1
4726,[CH2]=[CH][C]1([CH3])[CH2][CH2][CH]2[C](=[CH][CH]3[O][C](=[O])[C]4([CH3])[CH]([OH])[CH2][CH2][C]2([CH3])[CH]34)[CH2]1
4727,[CH2]=[C]([CH3])[CH]1[CH2][CH2][CH]([CH3])[C](=[O])[CH2]1
4728,[CH2]=[C]([CH3])[CH]1[CH2][CH2][CH]([CH3])[CH]([OH])[CH2]1
4729,[CH2]=[C]([CH3])[CH]1[CH2][CH2][C]([CH3])([OH])[C](=[O])[CH2]1
4730,[CH3][C]([CH3])=[CH][CH2][c]1[c]([OH])[cH][c]([OH])[c]2[c]1[O][CH]([c]1[cH][cH][c]([OH])[cH][cH]1)[CH2][C]2=[O]
4731,[CH3][C]([CH3])=[CH][CH2][c]1[c]([OH])[cH][c]([OH])[c]2[c]1[O][CH]([c]1[cH][cH][c]([OH])[cH][c]1[OH])[CH2][C]2=[O]
4732,[CH3][c]1[cH][o][c]2[c]1[CH2][CH2][CH]([CH3])[CH2]2
4733,[CH3][CH2][CH]([C](=[O])[OH])[C](=[O])[S][CH2][CH2][N]=[C]([OH])[CH2][CH2][N]=[C]([OH])[CH]([OH])[C]([CH3])([CH3])[CH2][O][P](=[O])([OH])[O][P](=[O])([OH])[O][CH2][CH]1[O][CH]([n]2[cH][n][c]3[c]([NH2])[n][cH][n][c]32)[CH]([OH])[CH]1[O][P](=[O])([OH])[OH]
4734,[CH3][CH]1[CH2][CH2][CH]([CH]([CH3])[CH3])[O][C](=[O])[CH2]1
4735,[CH3][CH]1[O][C](=[O])[CH]([OH])[CH]([OH])[CH]1[OH]
4736,[CH3][c]1[cH][n]([CH]2[CH2][CH]([OH])[CH]([CH2][O][P](=[O])([OH])[O][P](=[O])([OH])[O][CH]3[CH2][C](=[O])[CH]([OH])[CH]([CH3])[O]3)[O]2)[c](=[O])[n][c]1[OH]
4737,[CH3][c]1[cH][n]([CH]2[CH2][CH]([OH])[CH]([CH2][O][P](=[O])([OH])[O][P](=[O])([OH])[O][CH]3[CH2][CH2][C](=[O])[CH]([CH3])[O]3)[O]2)[c](=[O])[n][c]1[OH]
4738,[CH3][c]1[cH][n]([CH]2[CH2][CH]([OH])[CH]([CH2][O][P](=[O])([OH])[O][P](=[O])([OH])[O][CH]3[CH2][CH2][CH]([NH2])[CH]([CH3])[O]3)[O]2)[c](=[O])[n][c]1[OH]
4739,[CH3][c]1[cH][n]([CH]2[CH2][CH]([OH])[CH]([CH2][O][P](=[O])([OH])[O][P](=[O])([OH])[O][CH]3[CH2][CH2][CH]([N]([CH3])[CH3])[CH]([CH3])[O]3)[O]2)[c](=[O])[n][c]1[OH]
4740,[NH]=[C]([OH])[NH][CH2][CH2][CH2][CH]([N]=[C]([OH])[CH2][CH2][C](=[O])[OH])[C](=[O])[OH]
4741,[CH3][CH]([CH3])[CH2][CH2][CH2][CH]([CH3])[CH]1[CH2][CH2][CH]2[CH]3[CH2][CH]=[C]4[CH2][CH]([O][S](=[O])(=[O])[OH])[CH2][CH2][C]4([CH3])[CH]3[CH2][CH2][C]12[CH3]
4742,[CH3][C](=[O])[CH]1[CH2][CH2][CH]2[CH]3[CH2][CH]=[C]4[CH2][CH]([O][S](=[O])(=[O])[OH])[CH2][CH2][C]4([CH3])[CH]3[CH2][CH2][C]12[CH3]
4743,[CH3][C](=[O])[CH]1[CH2][CH2][CH]2[CH]3[CH]([OH])[CH]=[C]4[CH2][CH]([OH])[CH2][CH2][C]4([CH3])[CH]3[CH2][CH2][C]12[CH3]
4744,[CH3][C]12[CH2][CH2][C](=[O])[CH]=[C]1[CH2][CH2][CH]1[CH]2[CH]([OH])[CH2][C]2([CH3])[CH]([OH])[CH2][CH2][CH]12
4745,[CH3][C]([CH3])=[CH][CH]1[CH]([CH2][O][P](=[O])([OH])[O][P](=[O])([OH])[OH])[C]1([CH3])[CH3]
4746,[CH2]=[C]([CH3])[CH]([CH2][CH]=[C]([CH3])[CH3])[CH2][O][P](=[O])([OH])[O][P](=[O])([OH])[OH]
4747,[CH2]=[C]([CH3])[CH]([CH2][CH]=[C]([CH3])[CH3])[CH2][c]1[c]([OH])[cH][c]([OH])[c]2[c]1[O][CH]([c]1[cH][cH][c]([OH])[cH][c]1[OH])[CH2][C]2=[O]
4748,[CH3][C]12[CH2][CH2][C](=[O])[CH]=[C]1[CH2][CH2][CH]1[CH]2[CH]2[CH2][C]3([CH]([OH])[O]2)[CH]([C](=[O])[CH2][OH])[CH2][CH2][CH]13
4749,[CH3][C]12[CH2][CH2][C](=[O])[CH2][CH]1[CH2][CH2][CH]1[CH]2[CH2][CH2][C]2([CH3])[CH]([C](=[O])[CH2][OH])[CH2][CH2][CH]12
4750,[CH3][C]12[CH2][CH2][CH]([OH])[CH2][CH]1[CH2][CH2][CH]1[CH]2[CH2][CH2][C]2([CH3])[CH]([C](=[O])[CH2][OH])[CH2][CH2][CH]12
4751,[CH2]=[C]([O][CH]1[CH]=[CH][CH]=[C]([C](=[O])[OH])[CH]1[NH2])[C](=[O])[OH]
4752,[CH3][CH]([OH])[CH]1[CH2][CH2][CH]2[CH]3[CH2][CH2][CH]4[CH2][C](=[O])[CH2][CH2][C]4([CH3])[CH]3[CH2][CH2][C]12[CH3]
4753,[CH3][CH]([OH])[CH]1[CH2][CH2][CH]2[CH]3[CH2][CH2][CH]4[CH2][CH]([OH])[CH2][CH2][C]4([CH3])[CH]3[CH2][CH2][C]12[CH3]
4754,[CH3][C]12[CH2][CH2][CH]3[CH]([CH]([OH])[CH]=[C]4[CH2][CH]([OH])[CH2][CH2][C]43[CH3])[CH]1[CH2][CH2][C]2=[O]
4755,[CH3][C]([OH])=[N][CH]1[CH]([O][P](=[O])([OH])[OH])[O][CH]([CH2][OH])[CH]([OH])[CH]1[OH]
4756,[CH3][C]([OH])=[N][CH]1[CH]([OH])[O][CH]([CH2][OH])[CH]([OH])[CH]1[OH]
4757,[O]=[P]([OH])([OH])[O][CH]1[CH]([O][P](=[O])([OH])[OH])[CH]([O][P](=[O])([OH])[O][P](=[O])([OH])[OH])[CH]([O][P](=[O])([OH])[OH])[CH]([O][P](=[O])([OH])[O][P](=[O])([OH])[OH])[CH]1[O][P](=[O])([OH])[OH]
4758,[O]=[C]1[CH]=[c]2[cH][c]([C](=[O])[OH])[nH][c]2=[CH][C]1=[O]
4759,[CH3][C]([CH3])=[CH][CH2][CH2][C]([CH3])=[CH][CH2][CH2][C]([CH3])=[CH][CH2][CH2][C]([CH3])=[CH][CH2][O][CH2][CH]([CH2][O][P](=[O])([OH])[O][P](=[O])([OH])[O][CH2][CH]1[O][CH]([n]2[cH][cH][c](=[NH])[n][c]2[OH])[CH]([OH])[CH]1[OH])[O][CH2][CH]=[C]([CH3])[CH2][CH2][CH]=[C]([CH3])[CH2][CH2][CH]=[C]([CH3])[CH2][CH2][CH]=[C]([CH3])[CH3]
4760,[O]=[C]1[CH]([O][CH]2[O][CH]([CH2][OH])[CH]([OH])[CH]([OH])[CH]2[OH])[O][c]2[cH][c]([OH])[cH][cH][c]2[N]1[OH]
4761,[CH2]=[CH][c]1[c]([CH3])[c]2[cH][c]3[n][c]([c]4[c]5[nH][c]([cH][c]6[n][c]([cH][c]1[nH]2)[C]([CH3])=[C]6[CH2][CH3])[c]([CH3])[c]5[C](=[O])[CH2]4)[CH]([CH2][CH2][C](=[O])[OH])[CH]3[CH3]
4762,[CH2]=[CH][c]1[c]([CH3])[c]2[cH][c]3[n][c]([c]4[c]5[nH][c]([cH][c]6[n][c]([cH][c]1[nH]2)[C]([CH3])=[C]6[CH2][CH3])[c]([CH3])[c]5[C](=[O])[CH]4[C](=[O])[OH])[CH]([CH2][CH2][C](=[O])[OH])[CH]3[CH3]
4763,[CH3][CH]([CH2][CH2][CH]([OH])[CH]([CH3])[CH3])[CH2][C](=[O])[OH]
4764,[CH3][CH]1[CH2][CH2][CH]([CH]([CH3])[CH3])[O][C](=[O])[CH2]1
4765,[O]=[P]([OH])([OH])[O][CH2][CH]1[O][C]([CH2][OH])([O][CH]2[O][CH]([CH2][OH])[CH]([OH])[CH]([OH])[CH]2[OH])[CH]([OH])[CH]1[OH]
4766,[OH][CH2][CH]1[O][CH]([O][C]2([CH2][OH])[O][CH]([CH2][OH])[CH]([OH])[CH]2[OH])[CH]([OH])[CH]([OH])[CH]1[OH]
4767,[O]=[C]([CH]=[CH][c]1[cH][cH][c]([OH])[cH][cH]1)[N]([CH2][CH2][CH2][CH2][N]=[C]([OH])[CH]=[CH][c]1[cH][cH][c]([OH])[cH][cH]1)[CH2][CH2][CH2][N]=[C]([OH])[CH]=[CH][c]1[cH][cH][c]([OH])[cH][cH]1
4768,[CH3][O][c]1[cH][c]([CH]=[CH][C](=[O])[N]([CH2][CH2][CH2][CH2][N]=[C]([OH])[CH]=[CH][c]2[cH][c]([OH])[c]([OH])[c]([O][CH3])[cH]2)[CH2][CH2][CH2][N]=[C]([OH])[CH]=[CH][c]2[cH][c]([OH])[c]([OH])[c]([O][CH3])[cH]2)[cH][c]([OH])[c]1[OH]
4769,[CH3][O][c]1[cH][c]([CH]=[CH][C](=[O])[N]([CH2][CH2][CH2][CH2][N]=[C]([OH])[CH]=[CH][c]2[cH][c]([O][CH3])[c]([OH])[c]([O][CH3])[cH]2)[CH2][CH2][CH2][N]=[C]([OH])[CH]=[CH][c]2[cH][c]([OH])[c]([OH])[c]([O][CH3])[cH]2)[cH][c]([OH])[c]1[OH]
4770,[CH3][C]([CH3])=[CH][CH2][CH2][C]([CH3])=[CH][CH2][CH2][C]([CH3])=[CH][CH2][CH2][C]([CH3])=[CH][CH2][OH]
4771,[CH3][C]([CH3])([OH])[CH]1[CH2][c]2[c]([cH][cH][c]3[cH][cH][c](=[O])[o][c]23)[O]1
4772,[O]=[c]1[cH][cH][c]2[cH][cH][c]3[o][cH][cH][c]3[c]2[o]1
4773,[O]=[c]1[n][c]([OH])[cH][cH][n]1[CH]1[O][CH]([CH2][O][P](=[O])([OH])[O][P](=[O])([OH])[O][CH]2[O][CH]([CH2][OH])[CH]([OH])[CH]2[OH])[CH]([OH])[CH]1[OH]
4774,[CH3][C]([CH3])=[CH][CH2][CH2][C]([CH3])=[CH][CH2][c]1[cH][c]([C](=[O])[OH])[cH][cH][c]1[OH]
4775,[CH3][C]([CH3])=[CH][CH2][CH2][C]([CH3])=[CH][CH2][c]1[cH][c]([OH])[cH][cH][c]1[OH]
4776,[CH3][C]([CH3])=[CH][CH2][CH2][C](=[CH][CH2][c]1[cH][c]([OH])[cH][cH][c]1[OH])[CH2][OH]
4777,[CH3][C]([CH3])=[CH][CH2][CH2][C]1=[CH][CH]([c]2[cH][c]([OH])[cH][cH][c]2[OH])[O][CH2]1
4778,[CH3][C]([CH3])=[CH][CH2][CH2][C]1=[CH][CH]([C]2=[CH][C](=[O])[CH]=[CH][C]2=[O])[O][CH2]1
4779,[CH3][NH][CH]1[CH]([OH])[CH2][O][CH]([O][CH]2[CH]([NH2])[CH2][CH]([NH2])[CH]([O][CH]3[O][CH]([CH2][OH])[CH]([OH])[CH]([OH])[CH]3[NH2])[CH]2[OH])[CH]1[OH]
4780,[CH3][NH][CH]1[CH]([OH])[CH2][O][CH]([O][CH]2[CH]([NH2])[CH2][CH]([NH2])[CH]([O][CH]3[O][CH]([CH2][OH])[CH]([OH])[CH]([OH])[CH]3[NH2])[CH]2[OH])[CH]1[O][P](=[O])([OH])[O][CH2][CH]1[O][CH]([n]2[cH][n][c]3[c]([NH2])[n][cH][n][c]32)[CH]([OH])[CH]1[OH]
4781,[O]=[C]1[CH]2[CH2][CH]([CH2][N]3[CH2][CH2][CH2][CH2][CH]23)[CH]2[CH2][CH2][CH2][CH2][N]12
4782,[O]=[C]1[CH2][CH2][CH2][CH]2[CH]3[CH2][CH]([CH2][N]12)[CH]1[CH2][CH2][CH2][CH2][N]1[CH2]3
4783,[CH2]1[CH2][CH2][NH][CH2][CH2]1
4784,[CH3][CH2][CH]1[C]2=[N][C](=[CH][C]3=[N][C](=[C]([CH3])[C]3=[C]([CH3])[OH])[CH]=[C]3[NH][C](=[C]4[C]5=[N][C](=[CH]2)[C]([CH3])=[C]5[C](=[O])[C-]4[C](=[O])[O][CH3])[CH]([CH2][CH2][C](=[O])[OH])[CH]3[CH3])[CH]1[CH3]
4785,[CH3][CH2][CH]1[c]2[cH][c]3[n][c]4[c]([c]5[nH][c]([cH][c]6[nH][c]([cH][c]([n]2)[CH]1[CH3])[c]([CH]([CH3])[OH])[c]6[CH3])[CH]([CH3])[CH]5[CH2][CH2][C](=[O])[OH])[CH]([C](=[O])[O][CH3])[C](=[O])[C]4=[C]3[CH3]
4786,[CH3][CH2][C]1=[C]([CH3])[c]2[cH][c]3[nH][c]([cH][c]4[nH][c]([c]5[c]6[n][c]([cH][c]1[n]2)[C]([CH3])=[C]6[C](=[O])[CH]5[C](=[O])[O][CH3])[CH]([CH2][CH2][C](=[O])[OH])[CH]4[CH3])[c]([CH3])[c]3[CH]([CH3])[OH]
4787,[CH2]=[CH][c]1[c]([CH3])[c]2[cH][c]3[n][c]([c]4[c]([C](=[O])[O][CH3])[c](=[O])[c-]5[c]([CH3])[c]([cH][c]6[nH][c]([cH][c]1[nH]2)[c]([CH2][OH])[c]6[CH2][CH3])[n][c]45)[CH]([CH2][CH2][C](=[O])[O][CH2][CH]=[C]([CH3])[CH2][CH2][CH2][CH]([CH3])[CH2][CH2][CH2][CH]([CH3])[CH2][CH2][CH2][CH]([CH3])[CH3])[CH]3[CH3]
4788,[NH2][CH2][CH2][CH2][NH][CH2][CH2][CH]([NH2])[C](=[O])[OH]
4789,[CH3][O][c]1[cH][c]([CH2][N]=[C]([OH])[CH2][CH2][CH2][CH2][CH]=[CH][CH]([CH3])[CH3])[cH][cH][c]1[OH]
4790,[CH3][CH]([CH3])[CH]=[CH][CH2][CH2][CH2][CH2][C](=[O])[OH]
4791,[OH][c]1[cH][cH][c]([CH]([OH])[c]2[cH][cH][c]([OH])[cH][cH]2)[cH][cH]1
4792,[O]=[C]([c]1[cH][cH][c]([OH])[cH][cH]1)[c]1[cH][cH][c]([OH])[cH][cH]1
4793,[O]=[C]([O][c]1[cH][cH][c]([OH])[cH][cH]1)[c]1[cH][cH][c]([OH])[cH][cH]1
4794,[CH3][O][c]1[cH][c]([CH]=[CH][C](=[O])[O][CH2][CH2][CH2][CH2][CH2][CH2][CH2][CH2][CH2][CH2][CH2][CH2][CH2][CH2][CH2][C](=[O])[OH])[cH][cH][c]1[OH]
4795,[O]=[C]([OH])[CH2][CH2][CH2][CH2][CH2][CH2][CH2][CH2][CH2][CH2][CH2][CH2][CH2][CH2][CH2][OH]
4796,[CH3][CH]([CH3])[C]1=[CH][C]2=[C]([CH2][CH2]1)[C]1([CH3])[CH2][CH2][CH2][C]([CH3])([CH2][OH])[CH]1[CH2][CH2]2
4797,[CH3][CH]([CH3])[C]1=[CH][C]2=[C]([CH2][CH2]1)[C]1([CH3])[CH2][CH2][CH2][C]([CH3])([CH]=[O])[CH]1[CH2][CH2]2
4798,[CH2]=[CH][C]1([CH3])[CH2][CH2][CH]2[C](=[CH][CH2][CH]3[C]([CH3])([CH3])[CH2][CH2][CH2][C]23[CH3])[CH2]1
4799,[CH2]=[CH][C]1([CH3])[CH2][CH2][CH]2[C](=[CH][CH2][CH]3[C]([CH3])([CH2][OH])[CH2][CH2][CH2][C]23[CH3])[CH2]1
4800,[CH2]=[CH][C]1([CH3])[CH2][CH2][CH]2[C](=[CH][CH2][CH]3[C]([CH3])([CH]=[O])[CH2][CH2][CH2][C]23[CH3])[CH2]1
4801,[CH3][C]1=[CH][CH]2[CH2][CH2][CH]3[C]([CH3])([CH3])[CH2][CH2][CH2][C]3([CH3])[C]23[CH2][CH2][CH]1[CH2]3
4802,[CH2]=[C]1[CH2][CH2][C]23[CH2][CH]1[CH2][CH]2[CH2][CH2][CH]1[C]([CH3])([CH3])[CH2][CH2][CH2][C]13[CH3]
4803,[CH2]=[CH][C]1([CH3])[CH2][CH2][CH]2[C](=[CH][CH2][CH]3[C]([CH3])([CH3])[CH2][CH2][CH2][C]23[CH3])[CH2]1
4804,[CH2]=[CH][C]1=[CH][CH2][CH]2[CH]([CH2][CH2][CH]3[C]([CH3])([CH3])[CH2][CH2][CH2][C]23[CH3])[CH]1[CH3]
4805,[CH2]=[CH][C]1([CH3])[CH]=[C]2[CH2][CH2][CH]3[C]([CH3])([CH3])[CH2][CH2][CH2][C]3([CH3])[CH]2[CH2][CH2]1
4806,[CH2]=[CH][C]1([CH3])[CH]=[C]2[CH2][CH2][CH]3[C]([CH3])([CH3])[CH2][CH2][CH2][C]3([CH3])[CH]2[CH2][CH2]1
4807,[CH3][C]([CH3])=[CH][CH2][CH2][C]([CH3])=[CH][CH2][CH2][C](=[CH][CH2][CH2][C]([CH3])=[CH][CH2][OH])[CH2][OH]
4808,[CH3][C]1=[C]2[CH2][C]3([CH3])[CH2][CH2][C]([CH]([CH3])[CH3])=[C]3[CH2][CH2][CH]([CH3])[CH]2[CH2][CH2]1
4809,[CH3][C]([OH])=[N][CH]([CH2][S][CH2][OH])[C]([OH])=[N][CH]1[CH]([O][CH]2[CH]([OH])[CH]([OH])[CH]([OH])[CH]([OH])[CH]2[OH])[O][CH]([CH2][OH])[CH]([OH])[CH]1[OH]
4810,[Cl][c]1[cH][cH][c]([Cl])[c]([Cl])[c]1[Cl]
4811,[OH][CH]1[C]([Cl])=[C]([Cl])[C]([Cl])=[C]([Cl])[CH]1[OH]
4812,[OH][c]1[c]([OH])[c]([Cl])[c]([Cl])[c]([Cl])[c]1[Cl]
4813,[O]=[C]([OH])[C]([Cl])=[C]([Cl])[C]([Cl])=[C]([Cl])[C](=[O])[OH]
4814,[O]=[C]([OH])[C]([Cl])=[C]1[O][C](=[O])[C]([Cl])=[C]1[Cl]
4815,[O]=[C]([OH])[C]([Cl])=[C]([Cl])[C](=[O])[CH]([Cl])[C](=[O])[OH]
4816,[O]=[C]([OH])[CH2][CH]([Cl])[C](=[O])[CH]([Cl])[C](=[O])[OH]
4817,[CH3][CH]1[CH2][CH2][CH]2[C]([CH3])([CH3])[CH]3[CH2][C]12[CH2][CH2][C]3([CH3])[OH]
4818,[CH3][C]([Cl])([Cl])[Cl]
4819,[Cl-]
4820,[CH3][CH]([Cl])[Cl]
4821,[CH3][CH2][Cl]
4822,[OH][CH]1[CH]=[CH][c]2[cH][c]3[cH][cH][c]4[cH][cH][cH][c]5[cH][cH][c]([c]2[CH]1[OH])[c]3[c]45
4823,[OH][CH]1[CH]=[CH][c]2[c]([cH][c]3[cH][cH][c]4[cH][cH][cH][c]5[cH][cH][c]2[c]3[c]45)[CH]1[OH]
4824,[OH][CH]1[c]2[cH][cH][cH][c]3[cH][cH][c]4[cH][cH][cH][c]([c]4[c]23)[CH]1[OH]
4825,[cH]1[cH][c]2[cH][cH][c]3[cH][cH][cH][c]4[cH][cH][c]([cH]1)[c]2[c]34
4826,[OH][c]1[c]([OH])[c]2[cH][cH][cH][c]3[cH][cH][c]4[cH][cH][cH][c]1[c]4[c]32
4827,[O]=[C]([OH])[c]1[cH][cH][cH][c]2[cH][cH][c]3[cH][cH][cH][c]([C](=[O])[OH])[c]3[c]12
4828,[O]=[C]([OH])[c]1[cH][cH][cH][c]2[cH][cH][c]3[cH][cH][cH][cH][c]3[c]12
4829,[O]=[C]([OH])[C]1([OH])[c]2[c]([cH][cH][c]3[cH][cH][cH][cH][c]23)[CH]=[CH][CH]1[OH]
4830,[cH]1[cH][c]2[c]3[c]([cH]1)[cH][cH][c]1[cH][cH][cH][c]([c]13)[CH]1[O][CH]21
4831,[OH][CH]1[c]2[cH][cH][cH][c]3[cH][cH][c]4[cH][cH][cH][c]([c]4[c]23)[CH]1[OH]
4832,[OH][c]1[cH][cH][c]2[cH][cH][c]3[cH][cH][cH][c]4[cH][cH][c]1[c]2[c]34
4833,[OH][c]1[cH][cH][c]2[cH][cH][c]3[c]4[c]([cH][cH][c]1[c]24)=[CH][CH]1[O][CH]31
4834,[OH][c]1[cH][cH][c]2[cH][cH][c]3[c]([OH])[cH][cH][c]4[cH][cH][c]1[c]2[c]43
4835,[O]=[c]1[cH][cH][c]2[cH][cH][c]3[c](=[O])[cH][cH][c]4[cH][cH][c]1[c]2[c]43
4836,[OH][c]1[cH][cH][c]2[cH][cH][c]3[cH][cH][c]([OH])[c]4[cH][cH][c]1[c]2[c]34
4837,[O]=[c]1[cH][cH][c]2[cH][cH][c]3[cH][cH][c](=[O])[c]4[cH][cH][c]1[c]2[c]34
4838,[CH3][O][c]1[cH][cH][c]2[cH][cH][c]3[cH][cH][cH][c]4[cH][cH][c]1[c]2[c]34
4839,[CH3][O][c]1[cH][cH][c]2[cH][cH][c]3[c]4[c]([cH][cH][c]1[c]24)=[CH][CH]1[O][CH]31
4840,[CH3][O][c]1[cH][cH][c]2[cH][cH][c]3[c]([OH])[cH][cH][c]4[cH][cH][c]1[c]2[c]43
4841,[O]=[C]([OH])[C](=[O])[CH]=[CH][c]1[c]([OH])[cH][c]2[cH][cH][c]3[cH][cH][cH][c]4[cH][cH][c]1[c]2[c]34
4842,[OH][c]1[cH][cH][c]2[cH][c]3[cH][cH][c]4[cH][cH][cH][c]5[cH][cH][c]([c]2[c]1[OH])[c]3[c]45
4843,[O]=[C]([OH])[C](=[O])[CH]=[CH][c]1[cH][c]2[cH][cH][c]3[cH][cH][cH][c]4[cH][cH][c]([c]1[OH])[c]2[c]34
4844,[O]=[c]1[cH][cH][c]2[cH][c]3[cH][cH][c]4[cH][cH][cH][c]5[cH][cH][c]([c]2[o]1)[c]3[c]45
4845,[NH]=[C]([OH])[c]1[c]([OH])[cH][c]2[cH][c]3[cH][c]4[cH][cH][cH][c]([OH])[c]4[c]([OH])[c]3[c]([OH])[c]2[c]1[OH]
4846,[CH3][N]([CH3])[CH]1[C]([OH])=[C]([C](=[NH])[OH])[C](=[O])[C]2([OH])[C](=[O])[C]3=[C]([CH]([OH])[CH]12)[C]([CH3])([OH])[c]1[cH][cH][cH][c]([OH])[c]1[C]3=[O]
4847,[CH3][N]([CH3])[CH]1[C]([OH])=[C]([C](=[NH])[OH])[C](=[O])[C]2([OH])[C]([OH])=[C]3[C](=[O])[c]4[c]([OH])[cH][cH][cH][c]4[C]([CH3])([OH])[CH]3[CH]([OH])[CH]12
4848,[CH3][N]([CH3])[CH]1[C]([OH])=[C]([C](=[NH])[OH])[C](=[O])[C]2([OH])[C](=[O])[C]3=[C]([CH2][CH]12)[C]([CH3])([OH])[c]1[c]([Cl])[cH][cH][c]([OH])[c]1[C]3=[O]
4849,[CH3][c]1[c]2[c]([c]([OH])[c]3[c]([OH])[cH][cH][c]([Cl])[c]13)[C](=[O])[C]1([OH])[C](=[O])[C]([C](=[NH])[OH])=[C]([OH])[CH]([N]([CH3])[CH3])[CH]1[CH2]2
4850,[CH3][C]([CH3])([CH2][O][P](=[O])([OH])[O][P](=[O])([OH])[O][CH2][CH]1[O][CH]([n]2[cH][n][c]3[c]([NH2])[n][cH][n][c]32)[CH]([OH])[CH]1[O][P](=[O])([OH])[OH])[CH]([OH])[C]([OH])=[N][CH2][CH2][C]([OH])=[N][CH2][CH2][S][C](=[O])[CH2][C](=[NH])[OH]
4851,[CH3][C]1=[C]([Cl])[CH]=[C]([Cl])[CH]([OH])[CH]1[OH]
4852,[CH3][c]1[cH][cH][c]([Cl])[cH][c]1[Cl]
4853,[OH][CH]1[c]2[cH][cH][cH][c]3[cH][cH][c]4[c]5[cH][cH][cH][cH][c]5[cH][c]([c]4[c]23)[CH]1[OH]
4854,[OH][c]1[c]([OH])[c]2[cH][c]3[cH][cH][cH][cH][c]3[c]3[cH][cH][c]4[cH][cH][cH][c]1[c]4[c]23
4855,[O]=[C]([OH])[c]1[cH][cH][cH][c]2[cH][cH][c]3[c]4[cH][cH][cH][cH][c]4[cH][c]([C](=[O])[OH])[c]3[c]12
4856,[O]=[C]([OH])[c]1[cH][cH][cH][c]2[cH][cH][c]3[c]4[cH][cH][cH][cH][c]4[cH][cH][c]3[c]12
4857,[O]=[C]([OH])[c]1[cH][c]2[cH][cH][cH][cH][c]2[c]2[cH][cH][c]3[cH][cH][cH][cH][c]3[c]12
4858,[OH][CH]1[c]2[cH][cH][cH][c]3[cH][cH][c]4[cH][c]5[cH][cH][cH][cH][c]5[c]([c]4[c]23)[CH]1[OH]
4859,[cH]1[cH][cH][c]2[c]3[c]4[c]([cH][cH][c]5[cH][cH][cH][c]([c]54)[CH]4[O][CH]34)[cH][c]2[cH]1
4860,[OH][CH]1[c]2[cH][cH][cH][c]3[cH][cH][c]4[cH][c]5[cH][cH][cH][cH][c]5[c]([c]4[c]23)[CH]1[OH]
4861,[OH][c]1[c]([OH])[c]2[c]3[cH][cH][cH][cH][c]3[cH][c]3[cH][cH][c]4[cH][cH][cH][c]1[c]4[c]32
4862,[CH3][c]1[c]([Cl])[cH][c]([Cl])[c]([OH])[c]1[OH]
4863,[CH3][C]([C](=[O])[OH])=[C]([Cl])[CH]=[C]([Cl])[C](=[O])[OH]
4864,[CH3][C]1=[C]([Cl])[CH]([CH]([Cl])[C](=[O])[OH])[O][C]1=[O]
4865,[CH3][C]1=[C]([Cl])[C](=[CH][C](=[O])[OH])[O][C]1=[O]
4866,[O]=[c]1[c](=[O])[c]2[cH][cH][cH][c]3[cH][cH][c]4[cH][cH][cH][c]1[c]4[c]32
4867,[CH3][C]([C](=[O])[OH])=[C]([Cl])[C](=[O])[CH2][C](=[O])[OH]
4868,[CH3][C]([C](=[O])[OH])=[C]1[CH]=[C]([Cl])[C](=[O])[O]1
4869,[CH3][CH]([C](=[O])[OH])[C](=[O])[CH]=[C]([Cl])[C](=[O])[OH]
4870,[CH3][CH]([C](=[O])[OH])[C](=[O])[CH]=[CH][C](=[O])[OH]
4871,[CH3][CH]([C](=[O])[OH])[C](=[O])[CH2][CH2][C](=[O])[OH]
4872,[CH3][C]1=[C]([CH2][C](=[O])[OH])[O][C](=[O])[CH2]1
4873,[CH3][CH]([CH2][C](=[O])[OH])[C](=[O])[CH2][C](=[O])[OH]
4874,[O]=[C]([OH])[C]1=[C]([C](=[O])[OH])[CH]([OH])[CH]([OH])[CH]=[CH]1
4875,[CH3][c]1[cH][cH][c]([N+](=[O])[O-])[cH][c]1[N+](=[O])[O-]
4876,[CH3][c]1[cH][cH][c]([NH2])[cH][c]1[N+](=[O])[O-]
4877,[CH3][c]1[cH][c]([OH])[c]([OH])[cH][c]1[N+](=[O])[O-]
4878,[CH3][C]1=[CH][C](=[O])[C]([OH])=[CH][C]1=[O]
4879,[CH3][c]1[cH][cH][c]([NH2])[cH][c]1[NH2]
4880,[CH3][c]1[cH][c]([OH])[c]([OH])[cH][c]1[OH]
4881,[CH3][C]([CH]=[O])=[C]([OH])[CH]=[C]([OH])[C](=[O])[OH]
4882,[CH3][O][c]1[cH][c]([CH]=[CH][C]([OH])=[N][CH2][CH2][CH2][CH2][NH][C](=[NH])[NH2])[cH][cH][c]1[OH]
4883,[NH2][CH2][CH2][CH2][CH2][N]=[C]([OH])[CH]=[CH][c]1[cH][cH][c]([OH])[cH][cH]1
4884,[CH3][O][c]1[cH][c]([CH]=[CH][C]([OH])=[N][CH2][CH2][CH2][CH2][NH2])[cH][cH][c]1[OH]
4885,[CH3][O][C](=[O])[CH]=[C]([CH]=[C]([OH])[C](=[O])[OH])[C](=[O])[OH]
4886,[CH3][O][c]1[cH][c]([C](=[O])[OH])[cH][c](-[c]2[cH][c]([C](=[O])[OH])[cH][c]([O][CH3])[c]2[OH])[c]1[OH]
4887,[CH3][O][c]1[cH][c]([C](=[O])[OH])[cH][c](-[c]2[cH][c]([C](=[O])[OH])[cH][c]([OH])[c]2[OH])[c]1[OH]
4888,[CH3][O][c]1[cH][c]([C](=[O])[OH])[cH][c]([C](=[O])[CH]=[C]([CH]=[C]([OH])[C](=[O])[OH])[C](=[O])[OH])[c]1[OH]
4889,[CH3][O][c]1[cH][c]([C](=[O])[OH])[cH][c]([C](=[O])[OH])[c]1[OH]
4890,[CH3][C](=[CH][C](=[O])[S][CH2][CH2][N]=[C]([OH])[CH2][CH2][N]=[C]([OH])[CH]([OH])[C]([CH3])([CH3])[CH2][O][P](=[O])([OH])[O][P](=[O])([OH])[O][CH2][CH]1[O][CH]([n]2[cH][n][c]3[c]([NH2])[n][cH][n][c]32)[CH]([OH])[CH]1[O][P](=[O])([OH])[OH])[C](=[O])[OH]
4891,[NH2][c]1[cH][cH][c]([OH])[c]([OH])[cH]1
4892,[O]=[N+]([O-])[c]1[cH][cH][cH][c]([OH])[cH]1
4893,[CH3][CH]([CH2][C](=[O])[OH])[C](=[O])[S][CH2][CH2][N]=[C]([OH])[CH2][CH2][N]=[C]([OH])[CH]([OH])[C]([CH3])([CH3])[CH2][O][P](=[O])([OH])[O][P](=[O])([OH])[O][CH2][CH]1[O][CH]([n]2[cH][n][c]3[c]([NH2])[n][cH][n][c]32)[CH]([OH])[CH]1[O][P](=[O])([OH])[OH]
4894,[CH3][CH2][CH]([C](=[O])[OH])[C](=[O])[S][CH2][CH2][N]=[C]([OH])[CH2][CH2][N]=[C]([OH])[CH]([OH])[C]([CH3])([CH3])[CH2][O][P](=[O])([OH])[O][P](=[O])([OH])[O][CH2][CH]1[O][CH]([n]2[cH][n][c]3[c]([NH2])[n][cH][n][c]32)[CH]([OH])[CH]1[O][P](=[O])([OH])[OH]
4895,[CH3][C](=[O])[C]1=[C]([CH2][CH]([OH])[CH2][C](=[O])[OH])[CH2][c]2[cH][cH][cH][c]([OH])[c]2[C]1=[O]
4896,[CH3][C]1([OH])[O][CH]([CH2][C](=[O])[OH])[CH2][C]2=[C]1[C](=[O])[c]1[c]([OH])[cH][cH][cH][c]1[CH2]2
4897,[CH3][C](=[O])[CH2][C](=[O])[c]1[c]([CH2][C](=[O])[OH])[cH][c]2[c]([c]1[OH])[C](=[O])[c]1[c]([OH])[cH][cH][cH][c]1[CH2]2
4898,[CH3][O][C](=[O])[CH]1[c]2[cH][c]3[c]([c]([OH])[c]2[C](=[O])[CH2][C]1([CH3])[OH])[C](=[O])[c]1[c]([OH])[cH][cH][cH][c]1[C]3=[O]
4899,[CH3][O][C](=[O])[CH]1[c]2[cH][c]3[c]([c]([OH])[c]2[CH]([OH])[CH2][C]1([CH3])[OH])[C](=[O])[c]1[c]([OH])[cH][cH][cH][c]1[C]3=[O]
4900,[CH3][c]1[cH][n]([CH]2[CH2][CH]([OH])[CH]([CH2][O][P](=[O])([OH])[O][P](=[O])([OH])[O][CH]3[CH2][CH]([N]([CH3])[CH3])[CH]([OH])[CH]([CH3])[O]3)[O]2)[c](=[O])[n][c]1[OH]
4901,[CH3][CH2][C]1([OH])[CH2][CH]([O][CH]2[CH2][CH]([N]([CH3])[CH3])[CH]([OH])[CH]([CH3])[O]2)[c]2[c]([cH][c]3[c]([c]2[OH])[C](=[O])[c]2[c]([OH])[cH][cH][cH][c]2[C]3=[O])[CH]1[C](=[O])[O][CH3]
4902,[CH3][c]1[cH][n]([CH]2[CH2][CH]([OH])[CH]([CH2][O][P](=[O])([OH])[O][P](=[O])([OH])[O][CH]3[CH2][CH]([OH])[CH]([OH])[CH]([CH3])[O]3)[O]2)[c](=[O])[n][c]1[OH]
4903,[CH3][CH2][C]1([OH])[CH2][CH]([O][CH]2[CH2][CH]([N]([CH3])[CH3])[CH]([O][CH]3[CH2][CH]([OH])[CH]([OH])[CH]([CH3])[O]3)[CH]([CH3])[O]2)[c]2[c]([cH][c]3[c]([c]2[OH])[C](=[O])[c]2[c]([OH])[cH][cH][cH][c]2[C]3=[O])[CH]1[C](=[O])[O][CH3]
4904,[CH3][CH2][C]1([OH])[CH2][CH]([O][CH]2[CH2][CH]([N]([CH3])[CH3])[CH]([O][CH]3[CH2][CH]([OH])[CH]([O][CH]4[CH2][CH2][CH]([OH])[CH]([CH3])[O]4)[CH]([CH3])[O]3)[CH]([CH3])[O]2)[c]2[c]([cH][c]3[c]([c]2[OH])[C](=[O])[c]2[c]([OH])[cH][cH][cH][c]2[C]3=[O])[CH]1[C](=[O])[O][CH3]
4905,[CH3][CH2][C]1([OH])[CH2][CH]([O][CH]2[CH2][CH]([N]([CH3])[CH3])[CH]([O][CH]3[CH2][CH]([OH])[CH]([O][CH]4[CH2][CH2][C](=[O])[CH]([CH3])[O]4)[CH]([CH3])[O]3)[CH]([CH3])[O]2)[c]2[c]([cH][c]3[c]([c]2[OH])[C](=[O])[c]2[c]([OH])[cH][cH][cH][c]2[C]3=[O])[CH]1[C](=[O])[O][CH3]
4906,[CH3][CH2][C]1([OH])[CH2][CH]([O][CH]2[CH2][CH]([N]([CH3])[CH3])[CH]([O][CH]3[CH2][CH]([OH])[CH]([O][CH]4[CH]=[CH][C](=[O])[CH]([CH3])[O]4)[CH]([CH3])[O]3)[CH]([CH3])[O]2)[c]2[c]([cH][c]3[c]([c]2[OH])[C](=[O])[c]2[c]([OH])[cH][cH][cH][c]2[C]3=[O])[CH]1[C](=[O])[O][CH3]
4907,[CH3][CH2][C]1([OH])[CH2][CH]([O][CH]2[CH2][CH]([N]([CH3])[CH3])[CH]([OH])[CH]([CH3])[O]2)[c]2[c]([OH])[c]3[c]([c]([OH])[c]2[CH]1[C](=[O])[O][CH3])[C](=[O])[c]1[cH][cH][cH][c]([OH])[c]1[C]3=[O]
4908,[CH3][CH2][C]1([OH])[CH2][CH]([O][CH]2[CH2][CH]([N]([CH3])[CH3])[CH]([OH])[CH]([CH3])[O]2)[c]2[c]([OH])[c]3[c]([c]([OH])[c]2[CH]1[C](=[O])[OH])[C](=[O])[c]1[cH][cH][cH][c]([OH])[c]1[C]3=[O]
4909,[CH3][CH2][C]1([OH])[CH2][CH]([O][CH]2[CH2][CH]([N]([CH3])[CH3])[CH]([OH])[CH]([CH3])[O]2)[c]2[c]([OH])[c]3[c]([c]([OH])[c]2[CH]1[OH])[C](=[O])[c]1[cH][cH][cH][c]([OH])[c]1[C]3=[O]
4910,[CH3][C]1([OH])[CH2][C](=[O])[c]2[c]([cH][c]([OH])[c]3[c]2[C](=[O])[c]2[cH][cH][cH][c]([OH])[c]2[C]3=[O])[CH2]1
4911,[CH3][C]1([OH])[CH2][C](=[O])[CH]2[c]3[cH][c]4[cH][cH][cH][c]([OH])[c]4[c]([OH])[c]3[C](=[O])[CH2][C]2([OH])[CH2]1
4912,[CH3][C]1=[CH][C](=[O])[CH]2[c]3[cH][c]4[cH][cH][cH][c]([OH])[c]4[c]([OH])[c]3[C](=[O])[CH2][C]2([OH])[CH2]1
4913,[CH3][c]1[cH][c]([OH])[c]2[c]3[c]([c]([OH])[cH][c]2[cH]1)[C](=[O])[c]1[c]([OH])[cH][cH][cH][c]1[C]3=[O]
4914,[CH3][CH]1[O][CH]([c]2[cH][cH][c]3[cH][c]4[c]([c]([OH])[c]3[c]2[OH])[C](=[O])[CH2][C]2([OH])[CH2][C]([CH3])([OH])[CH2][C](=[O])[CH]42)[CH2][CH]([OH])[CH]1[OH]
4915,[CH3][O][CH]1[C]([OH])=[C]([C]([CH3])=[O])[C](=[O])[C]2([O][CH]3[CH2][CH]([O][CH]4[CH2][CH]([O][CH]5[CH2][C]([CH3])([OH])[CH]([OH])[CH]([CH3])[O]5)[CH]([OH])[CH]([CH3])[O]4)[CH]([OH])[CH]([CH3])[O]3)[C](=[O])[c]3[c]([cH][c]4[cH][c]([O][CH]5[CH2][CH]([OH])[CH]([OH])[CH]([CH3])[O]5)[c]([CH3])[c]([OH])[c]4[c]3[OH])[CH2][CH]12
4916,[CH3][O][CH]1[C]([OH])=[C]([C]([CH3])=[O])[C](=[O])[C]2([O][CH]3[CH2][CH]([O][CH]4[CH2][CH]([O][CH]5[CH2][C]([CH3])([OH])[CH]([OH])[CH]([CH3])[O]5)[CH]([OH])[CH]([CH3])[O]4)[CH]([OH])[CH]([CH3])[O]3)[C](=[O])[c]3[c]([cH][c]4[cH][c]([O][CH]5[CH2][CH]([O][CH]6[CH2][CH]([OH])[CH]([OH])[CH]([CH3])[O]6)[CH]([OH])[CH]([CH3])[O]5)[c]([CH3])[c]([OH])[c]4[c]3[OH])[CH2][CH]12
4917,[CH3][O][CH]([C](=[O])[CH]([OH])[C]([CH3])=[O])[CH]1[CH2][c]2[cH][c]3[cH][c]([O][CH]4[CH2][CH]([O][CH]5[CH2][CH]([OH])[CH]([OH])[CH]([CH3])[O]5)[CH]([OH])[CH]([CH3])[O]4)[c]([CH3])[c]([OH])[c]3[c]([OH])[c]2[C](=[O])[CH]1[O][CH]1[CH2][CH]([O][CH]2[CH2][CH]([O][CH]3[CH2][C]([CH3])([OH])[CH]([OH])[CH]([CH3])[O]3)[CH]([OH])[CH]([CH3])[O]2)[CH]([OH])[CH]([CH3])[O]1
4918,[CH3][O][CH]([C](=[O])[CH]([OH])[CH]([CH3])[OH])[CH]1[CH2][c]2[cH][c]3[cH][c]([O][CH]4[CH2][CH]([O][CH]5[CH2][CH]([OH])[CH]([OH])[CH]([CH3])[O]5)[CH]([OH])[CH]([CH3])[O]4)[c]([CH3])[c]([OH])[c]3[c]([OH])[c]2[C](=[O])[CH]1[O][CH]1[CH2][CH]([O][CH]2[CH2][CH]([O][CH]3[CH2][C]([CH3])([OH])[CH]([OH])[CH]([CH3])[O]3)[CH]([OH])[CH]([CH3])[O]2)[CH]([OH])[CH]([CH3])[O]1
4919,[CH3][CH2][C]([CH3])=[O]
4920,[CH3][CH2][C]([CH3])([OH])[C]#[N]
4921,[NH]=[C]([NH2])[NH][CH2][CH2][CH]([OH])[CH]([NH2])[C](=[O])[OH]
4922,[NH]=[C]1[NH][CH2][CH2][CH]([CH]([NH2])[C](=[O])[OH])[NH]1
4923,[NH2][CH]([CH2][CH2][C]([OH])=[N][CH]([CH2][S][SeH])[C]([OH])=[N][CH2][C](=[O])[OH])[C](=[O])[OH]
4924,[CH3][Se][CH3]
4925,[CH3][Se+]([CH3])[CH3]
4926,[CH3][Se](=[O])[OH]
4927,[CH3][Se][CH2][C](=[O])[C](=[O])[OH]
4928,[NH]=[c]1[n][c]([OH])[c]([NH2])[c]([NH][CH2][CH]([OH])[CH]([OH])[CH]([OH])[CH2][O][P](=[O])([OH])[OH])[nH]1
4929,[CH3][C]([CH3])([CH2][O][P](=[O])([OH])[OH])[CH]([OH])[C](=[O])[OH]
4930,[CH2]=[C]([CH3])[CH]1[CH2][CH2][C]([CH3])([OH])[CH]([OH])[CH2]1
4931,[CH2]=[C]([CH3])[CH]1[CH2][CH2][C]2([CH3])[O][CH]2[CH2]1
4932,[CH2]=[C]([CH3])[CH]1[CH2][CH2][C]([CH3])([OH])[C](=[O])[CH2]1
4933,[CH2]=[C]([CH3])[CH]1[CH2][CH2][C]([CH3])([OH])[O][C](=[O])[CH2]1
4934,[NH]=[c]1[n][c]([OH])[c]2[c]([nH]1)[N]1[CH]3[O][CH]([CH2][O][P](=[O])([OH])[O][P](=[O])([OH])[O][P](=[O])([OH])[OH])[C]([OH])([CH]3[OH])[CH]1[NH]2
4935,[CH3][CH]([O][P](=[O])([OH])[O][CH2][CH]([OH])[CH]([OH])[CH]([OH])[CH2][n]1[c]2[cH][c](=[O])[cH][cH][c]-2[cH][c]2[c]([OH])[n][c]([OH])[n][c]21)[C]([OH])=[N][CH]([CH2][CH2][C]([OH])=[N][CH]([CH2][CH2][C]([OH])=[N][CH]([CH2][CH2][C](=[O])[OH])[C](=[O])[OH])[C](=[O])[OH])[C](=[O])[OH]
4936,[CH3][CH2][CH]([CH3])[CH]=[N][OH]
4937,[CH3][O][c]1[cH][c]2[c]([c]3[o][c](=[O])[c]4[c]([c]13)[CH]([OH])[CH2][C]4=[O])[CH]1[CH]=[CH][O][CH]1[O]2
4938,[CH3][O][c]1[cH][c]2[c]([c]3[o][c](=[O])[c]4[c]([c]13)[CH2][CH2][C]4=[O])[CH]1[CH]=[CH][O][CH]1[O]2
4939,[CH3][O][c]1[cH][c]2[c]([c]3[o][c](=[O])[c]4[c]([c]13)[CH2][CH2][C]4=[O])[C]1([OH])[CH]=[CH][O][CH]1[O]2
4940,[CH3][O][c]1[cH][c]2[c]([c]3[o][c](=[O])[c]4[c]([c]13)[CH2][CH2][C]4=[O])[C]1([OH])[CH]([O]2)[O][CH]2[O][CH]21
4941,[CH3][O][c]1[cH][c]2[c]([c]3[o][c](=[O])[c]4[c]([c]13)[CH2][CH2][C]4=[O])[CH]1[CH]([O]2)[O][CH]2[O][CH]21
4942,[CH3][O][c]1[cH][c]2[c]([c]3[o][c](=[O])[c]4[c]([c]13)[CH2][CH2][C]4=[O])[CH]1[CH]([O]2)[O][CH]2[O][CH]21
4943,[CH3][O][c]1[cH][c]2[c]([c]3[o][c](=[O])[c]4[c]([c]13)[CH2][CH2][C]4=[O])[CH]1[CH]([O]2)[O][CH]([S][CH2][CH]([N]=[C]([OH])[CH2][CH2][CH]([NH2])[C](=[O])[OH])[C]([OH])=[N][CH2][C](=[O])[OH])[CH]1[OH]
4944,[CH3][O][c]1[cH][c]2[c]([c]3[o][c](=[O])[c]4[c]([c]13)[CH2][CH2][C]4=[O])[CH]1[CH]([O]2)[O][CH]([OH])[CH]1[OH]
4945,[CH3][O][c]1[cH][c]([OH])[c]([CH]([CH2][OH])[CH]([OH])[CH2][OH])[c]2[o][c](=[O])[c]3[c]([c]12)[CH2][CH2][C]3=[O]
4946,[CH3][O][c]1[cH][c]([OH])[c]([CH]([CH2][OH])[CH]([OH])[CH]=[O])[c]2[o][c](=[O])[c]3[c]([c]12)[CH2][CH2][C]3=[O]
4947,[CH3][O][c]1[cH][c]([OH])[c]([CH]([CH]=[O])[CH]([OH])[CH2][OH])[c]2[o][c](=[O])[c]3[c]([c]12)[CH2][CH2][C]3=[O]
4948,[CH3][c]1[c]2[cH][cH][cH][cH][c]2[c]([CH3])[c]2[c]1[cH][cH][c]1[cH][cH][cH][cH][c]12
4949,[CH3][c]1[c]2[cH][cH][cH][cH][c]2[c]([CH3])[c]2[c]3[c]([cH][cH][c]12)[CH]1[O][CH]1[CH]=[CH]3
4950,[CH3][c]1[c]2[cH][cH][cH][cH][c]2[c]([CH3])[c]2[c]3[c]([cH][cH][c]12)[CH]([OH])[CH]([OH])[CH]=[CH]3
4951,[CH3][c]1[c]2[cH][cH][cH][cH][c]2[c]([CH3])[c]2[c]3[c]([cH][cH][c]12)[CH]([OH])[CH]([OH])[CH]1[O][CH]31
4952,[CH3][N]([CH2][CH2][CH2][C](=[O])[c]1[cH][cH][cH][n][cH]1)[N]=[O]
4953,[CH3][N]([CH2][CH2][CH2][CH]([OH])[c]1[cH][cH][cH][n][cH]1)[N]=[O]
4954,[O]=[N][N]([CH2][OH])[CH2][CH2][CH2][C](=[O])[c]1[cH][cH][cH][n][cH]1
4955,[CH3][N]([N]=[O])[CH]([OH])[CH2][CH2][C](=[O])[c]1[cH][cH][cH][n][cH]1
4956,[CH3][N]([N]=[O])[CH]([OH])[CH2][CH2][CH]([OH])[c]1[cH][cH][cH][n][cH]1
4957,[O]=[N][N]([CH2][OH])[CH2][CH2][CH2][CH]([OH])[c]1[cH][cH][cH][n][cH]1
4958,[CH3][N]([CH2][CH2][CH2][CH]([O][CH]1[O][CH]([C](=[O])[OH])[CH]([OH])[CH]([OH])[CH]1[OH])[c]1[cH][cH][cH][n][cH]1)[N]=[O]
4959,[CH3][N]([CH2][CH2][CH2][CH]([OH])[c]1[cH][cH][cH][n+]([CH]2[O][CH]([C](=[O])[OH])[CH]([OH])[CH]([OH])[CH]2[OH])[cH]1)[N]=[O]
4960,[O]=[C]([CH2][CH2][CH2][N]=[N][OH])[c]1[cH][cH][cH][n][cH]1
4961,[OH][N]=[N][CH2][CH2][CH2][CH]([OH])[c]1[cH][cH][cH][n][cH]1
4962,[O]=[CH][CH2][CH2][C](=[O])[c]1[cH][cH][cH][n][cH]1
4963,[CH3][N]=[N][OH]
4964,[OH][CH]1[CH2][CH2][CH]([c]2[cH][cH][cH][n][cH]2)[O]1
4965,[O]=[C]([CH2][CH2][CH2][OH])[c]1[cH][cH][cH][n][cH]1
4966,[OH][CH2][CH2][CH2][CH]([OH])[c]1[cH][cH][cH][n][cH]1
4967,[CH3][c]1[c]2[cH][cH][cH][cH][c]2[c]([CH2][OH])[c]2[cH][cH][c]3[cH][cH][cH][cH][c]3[c]12
4968,[CH3][c]1[c]2[c]([c]([CH3])[c]3[cH][cH][cH][cH][c]13)[CH]1[O][CH]1[c]1[cH][cH][cH][cH][c]1-2
4969,[CH3][c]1[c]2[c]([c]([CH3])[c]3[cH][cH][cH][cH][c]13)[CH]([OH])[CH]([OH])[c]1[cH][cH][cH][cH][c]1-2
4970,[CH3][c]1[c]2[cH][cH][cH][cH][c]2[c]([CH2][O][S](=[O])(=[O])[OH])[c]2[cH][cH][c]3[cH][cH][cH][cH][c]3[c]12
4971,[O]=[CH][CH2][CH2][CH2][CH2][CH2][CH2][CH2][CH2][CH2][CH2][CH2][CH2][CH2][CH2][C](=[O])[OH]
4972,[O]=[C]([OH])[CH2][CH2][CH2][CH2][CH2][CH2][CH2][CH]=[CH][CH2][CH2][CH2][CH2][CH2][CH2][CH2][CH2][OH]
4973,[CH3][CH2][CH2][CH2][CH2][CH2][CH2][CH2][CH]1[O][CH]1[CH2][CH2][CH2][CH2][CH2][CH2][CH2][C](=[O])[OH]
4974,[O]=[C]([OH])[CH2][CH2][CH2][CH2][CH2][CH2][CH2][CH]1[O][CH]1[CH2][CH2][CH2][CH2][CH2][CH2][CH2][CH2][OH]
4975,[O]=[C]([OH])[CH2][CH2][CH2][CH2][CH2][CH2][CH2][CH2][CH2][CH2][CH2][CH2][CH2][CH2][CH2][CH2][CH2][CH2][CH2][CH2][CH2][OH]
4976,[O]=[CH][CH2][CH2][CH2][CH2][CH2][CH2][CH2][CH]=[CH][CH2][CH2][CH2][CH2][CH2][CH2][CH2][C](=[O])[OH]
4977,[O]=[CH][CH2][CH2][CH2][CH2][CH2][CH2][CH2][CH2][CH2][CH2][CH2][CH2][CH2][CH2][CH2][CH2][CH2][CH2][CH2][CH2][C](=[O])[OH]
4978,[O]=[C]([OH])[CH2][CH2][CH2][CH2][CH2][CH2][CH2][CH2][CH]([OH])[CH2][CH2][CH2][CH2][CH2][CH2][OH]
4979,[CH3][CH2][CH2][CH2][CH2][CH2][CH2][CH2][CH]([OH])[CH]([OH])[CH2][CH2][CH2][CH2][CH2][CH2][CH2][C](=[O])[OH]
4980,[O]=[C]([OH])[CH2][CH2][CH2][CH2][CH2][CH2][CH2][CH]([OH])[CH]([OH])[CH2][CH2][CH2][CH2][CH2][CH2][CH2][CH2][OH]
4981,[O]=[C]([OH])[CH2][CH2][C](=[O])[c]1[cH][cH][c]([OH])[n][cH]1
4982,[CH3][C]1([CH3])[CH2][CH2][C]2([CH3])[CH2][CH]=[C]3[C]([CH3])([CH2][CH2][CH]4[C]3([CH3])[CH2][CH2][CH]3[C]([CH3])([CH3])[CH]([OH])[CH2][CH2][C]43[CH3])[CH]2[CH2]1
4983,[O]=[C]([OH])[c]1[cH][nH][c]2[cH][cH][cH][cH][c]12
4984,[CH3][S]([CH3])(=[O])=[O]
4985,[CH2]=[C]1[C](=[CH][CH]=[C]2[CH2][CH2][CH2][C]3([CH3])[CH]2[CH2][CH2][CH]3[CH]([CH3])[CH2][CH2][CH]([OH])[C]([CH3])([CH3])[OH])[CH2][CH]([OH])[CH2][CH]1[OH]
4986,[CH2]=[C]1[CH2][CH2][CH]([OH])[CH2][C]1=[CH][CH]=[C]1[CH2][CH2][CH2][C]2([CH3])[CH]1[CH2][CH2][CH]2[CH]([CH3])[CH2][CH2][CH]([OH])[C]([CH3])([CH3])[OH]
4987,[CH3][I]
4988,[CH3][C]([CH3])=[CH][CH2][CH2][CH]([CH3])[CH]1[CH]=[CH][C]([CH3])=[CH][CH2]1
4989,[CH2]=[C]1[CH2][CH2][CH2][C]2([CH3])[CH2][CH2][CH]([C]([CH3])([CH3])[OH])[CH2][CH]12
4990,[O]=[C]([O][CH2][c]1[cH][cH][cH][cH][cH]1)[c]1[cH][cH][cH][cH][cH]1
4991,[O]=[C]([OH])[CH]1[O][CH]([O][c]2[cH][c]3[o][c](-[c]4[cH][cH][cH][cH][cH]4)[cH][c](=[O])[c]3[c]([OH])[c]2[OH])[CH]([OH])[CH]([OH])[CH]1[OH]
4992,[O]=[c]1[cH][c](-[c]2[cH][cH][cH][cH][cH]2)[o][c]2[cH][c]([OH])[c]([OH])[c]([OH])[c]12
4993,[NH2][CH2][CH2][CH2][CH2][NH][CH2][CH2][CH2][NH][CH2][CH2][CH2][NH2]
4994,[CH3][CH]1[O][CH]([O][CH2][CH]2[O][CH]([OH])[CH]([OH])[CH]([OH])[CH]2[OH])[CH]([OH])[CH]([OH])[CH]1[OH]
4995,[CH3][O][c]1[cH][cH][c]([CH]2[CH2][C](=[O])[c]3[c]([OH])[cH][c]([O][CH]4[O][CH]([CH2][O][CH]5[O][CH]([CH3])[CH]([OH])[CH]([OH])[CH]5[OH])[CH]([OH])[CH]([OH])[CH]4[OH])[cH][c]3[O]2)[cH][c]1[OH]
4996,[CH3][CH2][CH]([CH3])[CH]([N]=[C]([OH])[CH]([CH2][c]1[cH][cH][c]([OH])[cH][cH]1)[N]=[C]([OH])[CH]([N]=[C]([OH])[CH]([CH2][CH2][CH2][NH][C](=[NH])[NH2])[N]=[C]([OH])[CH]([NH2])[CH2][C](=[O])[OH])[CH]([CH3])[CH3])[C]([OH])=[N][CH]([CH2][c]1[cH][n][cH][nH]1)[C](=[O])[N]1[CH2][CH2][CH2][CH]1[C]([OH])=[N][CH]([CH2][c]1[cH][cH][cH][cH][cH]1)[C](=[O])[OH]
4997,[CH3][CH2][CH]([CH3])[CH]([N]=[C]([OH])[CH]([CH2][c]1[cH][cH][c]([OH])[cH][cH]1)[N]=[C]([OH])[CH]([N]=[C]([OH])[CH]([CH2][CH2][CH2][NH][C](=[NH])[NH2])[N]=[C]([OH])[CH]([NH2])[CH2][C](=[O])[OH])[CH]([CH3])[CH3])[C]([OH])=[N][CH]([CH2][c]1[cH][n][cH][nH]1)[C](=[O])[N]1[CH2][CH2][CH2][CH]1[C](=[O])[OH]
4998,[CH3][CH2][CH2][CH2][CH2][CH]=[CH][CH2][CH]=[CH][CH2][CH]=[CH][CH2][CH]=[CH][CH2][CH2][CH2][C]([OH])=[N][CH2][CH2][OH]
4999,[CH3][CH2][CH2][CH2][CH2][CH2][CH2][CH2][CH]=[CH][CH2][CH2][CH2][CH2][CH2][CH2][CH2][C](=[NH])[OH]