﻿substrate_ID,original_compound
9000,[CH3][CH2][CH]=[CH][CH2][CH]=[CH][CH2][CH]=[CH][CH2][CH2][CH2][CH2][CH2][CH2][CH2][C](=[O])[O][CH2][CH]([CH2][O][CH]1[O][CH]([CH2][OH])[CH]([OH])[CH]([OH])[CH]1[OH])[O][C](=[O])[CH2][CH2][CH2][CH2][CH2][CH2][CH2][CH]=[CH][CH2][CH]=[CH][CH2][CH2][CH2][CH2][CH3]
9001,[CH3][CH2][CH2][CH2][CH2][CH]=[CH][CH2][CH]=[CH][CH2][CH2][CH2][CH2][CH2][CH2][CH2][C](=[O])[O][CH2][CH]([CH2][O][CH]1[O][CH]([CH2][OH])[CH]([OH])[CH]([OH])[CH]1[OH])[O][C](=[O])[CH2][CH2][CH2][CH2][CH2][CH2][CH2][CH]=[CH][CH2][CH]=[CH][CH2][CH2][CH2][CH2][CH3]
9002,[CH3][CH2][CH]=[CH][CH2][CH]=[CH][CH2][CH]=[CH][CH2][CH2][CH2][CH2][CH2][CH2][CH2][C](=[O])[O][CH]([CH2][O][C](=[O])[CH2][CH2][CH2][CH2][CH2][CH2][CH2][CH]=[CH][CH2][CH]=[CH][CH2][CH2][CH2][CH2][CH3])[CH2][O][CH]1[O][CH]([CH2][OH])[CH]([OH])[CH]([OH])[CH]1[OH]
9003,[CH3][CH2][CH]=[CH][CH2][CH]=[CH][CH2][CH]=[CH][CH2][CH2][CH2][CH2][CH2][CH2][CH2][C](=[O])[O][CH2][CH]([CH2][O][CH]1[O][CH]([CH2][OH])[CH]([OH])[CH]([OH])[CH]1[OH])[O][C](=[O])[CH2][CH2][CH2][CH2][CH2][CH2][CH2][CH]=[CH][CH2][CH]=[CH][CH2][CH]=[CH][CH2][CH3]
9004,[CH3][C]([CH3])=[CH][CH2][c]1[cH][c]2[cH][cH][c](=[O])[o][c]2[cH][c]1[OH]
9005,[S]=[C]([Cl])[Cl]
9006,[SH][C]([Cl])([Cl])[Cl]
9007,[CH3][c]1[cH][c]([OH])[c]2[c]([cH]1)[C](=[O])[c]1[cH][cH][cH][c]([OH])[c]1[C]2=[O]
9008,[CH3][C]1=[CH][CH2][C]([CH3])([C]2=[CH][CH2][CH2][C]2([CH3])[CH3])[CH2][CH2]1
9009,[CH2]=[C]1[CH2][CH2][C]2([CH3])[CH2][CH]1[C]1([CH3])[CH2][CH2][CH2][C]21[CH3]
9010,[CH2]=[C]([CH3])[CH]1[CH2][CH2][CH]([CH3])[C]12[CH2][CH]=[C]([CH3])[CH2][CH2]2
9011,[CH3][c]1[cH][cH][c]([C]2([CH3])[CH2][CH2][CH2][C]2([CH3])[CH3])[cH][cH]1
9012,[CH3][C]1=[CH][CH2][C]2([CH2][CH2]1)[C]([CH3])=[CH][CH2][CH2][C]2([CH3])[CH3]
9013,[CH2]=[C]1[CH]=[CH][CH]([C]2([CH3])[CH2][CH2][CH2][C]2([CH3])[CH3])[CH2][CH2]1
9014,[CH2]=[CH][C]1([CH3])[CH2][CH2][CH]([C](=[CH2])[CH3])[CH2][CH]1[C](=[CH2])[CH3]
9015,[CH3][C](=[O])[CH2][CH2][c]1[cH][cH][c]([OH])[cH][cH]1
9016,[CH3][C]1=[C]([CH]=[O])[C]([CH3])([CH3])[CH2][CH]([O][CH]2[O][CH]([CH2][OH])[CH]([OH])[CH]([OH])[CH]2[OH])[CH2]1
9017,[CH3][CH2][CH2][CH2][CH2][CH]=[CH][CH]=[C]1[O][CH]1[CH2][CH2][CH2][CH2][CH2][CH2][CH2][C](=[O])[OH]
9018,[CH3][CH2][CH2][CH2][CH2][CH]=[CH][CH2][C](=[O])[CH]([OH])[CH2][CH2][CH2][CH2][CH2][CH2][CH2][C](=[O])[OH]
9019,[CH3][CH2][CH2][CH2][CH2][CH]=[CH][CH2][CH]=[O]
9020,[CH3][CH2][CH2][CH2][CH]=[CH][O][CH]=[CH][CH]=[CH][CH2][CH2][CH2][CH2][CH2][CH2][CH2][C](=[O])[OH]
9021,[CH3][CH]([CH3])[C]1=[CH][CH2][CH]2[C](=[CH]1)[CH2][CH2][CH]1[C]([CH3])([CH]([OH])[OH])[CH2][CH2][CH2][C]21[CH3]
9022,[CH3][CH]([CH3])[C]1=[CH][CH2][CH]2[C](=[CH]1)[CH2][CH2][CH]1[C]([CH3])([C](=[O])[OH])[CH2][CH2][CH2][C]21[CH3]
9023,[CH3][C]([CH3])=[C]1[CH]=[C]2[CH2][CH2][CH]3[C]([CH3])([CH2][OH])[CH2][CH2][CH2][C]3([CH3])[CH]2[CH2][CH2]1
9024,[CH3][C]([CH3])=[C]1[CH]=[C]2[CH2][CH2][CH]3[C]([CH3])([CH]([OH])[OH])[CH2][CH2][CH2][C]3([CH3])[CH]2[CH2][CH2]1
9025,[CH3][C]([CH3])=[C]1[CH]=[C]2[CH2][CH2][CH]3[C]([CH3])([CH]=[O])[CH2][CH2][CH2][C]3([CH3])[CH]2[CH2][CH2]1
9026,[CH3][C]([CH3])=[C]1[CH]=[C]2[CH2][CH2][CH]3[C]([CH3])([C](=[O])[OH])[CH2][CH2][CH2][C]3([CH3])[CH]2[CH2][CH2]1
9027,[CH3][CH]([CH3])[C]1=[CH][C]2=[C]([CH2][CH2]1)[C]1([CH3])[CH2][CH2][CH2][C]([CH3])([CH]([OH])[OH])[CH]1[CH2][CH2]2
9028,[CH3][CH]([CH3])[C]1=[CH][C]2=[C]([CH2][CH2]1)[C]1([CH3])[CH2][CH2][CH2][C]([CH3])([C](=[O])[OH])[CH]1[CH2][CH2]2
9029,[CH3][CH]([CH3])[c]1[cH][cH][c]2[c]([cH]1)[CH2][CH2][CH]1[C]([CH3])([CH2][OH])[CH2][CH2][CH2][C]21[CH3]
9030,[CH3][CH]([CH3])[c]1[cH][cH][c]2[c]([cH]1)[CH2][CH2][CH]1[C]2([CH3])[CH2][CH2][CH2][C]1([CH3])[CH]([OH])[OH]
9031,[CH3][CH]([CH3])[c]1[cH][cH][c]2[c]([cH]1)[CH2][CH2][CH]1[C]([CH3])([CH]=[O])[CH2][CH2][CH2][C]21[CH3]
9032,[CH3][CH]([CH3])[c]1[cH][cH][c]2[c]([cH]1)[CH2][CH2][CH]1[C]([CH3])([C](=[O])[OH])[CH2][CH2][CH2][C]21[CH3]
9033,[CH2]=[CH][C]1([CH3])[CH2][CH2][CH]2[C](=[CH][CH2][CH]3[C]([CH3])([CH]([OH])[OH])[CH2][CH2][CH2][C]23[CH3])[CH2]1
9034,[CH2]=[CH][C]1([CH3])[CH2][CH2][CH]2[C](=[CH][CH2][CH]3[C]([CH3])([C](=[O])[OH])[CH2][CH2][CH2][C]23[CH3])[CH2]1
9035,[CH2]=[C]1[CH2][CH2][CH2][C]2([CH3])[CH2][CH2][C]([CH]([CH3])[CH3])=[CH][CH]12
9036,[CH2]=[C]1[CH2][CH2][CH2][C]([CH3])([CH3])[CH]2[CH]=[C]([CH3])[CH2][CH2][CH]12
9037,[CH3][C]1=[CH][CH]2[C](=[C]([CH3])[CH2][CH2][CH2][C]2([CH3])[CH3])[CH2][CH2]1
9038,[CH3][C]1=[CH][CH]2[CH]([CH2][CH2]1)[C]([CH3])=[CH][CH2][CH2][C]2([CH3])[CH3]
9039,[CH3][C]1=[CH][CH2][C]23[CH]([CH3])[CH2][CH2][CH]([CH]([CH3])[CH3])[CH]2[CH]13
9040,[CH3][C]1=[CH][CH2][CH2][CH]=[C]([CH3])[CH2][C](=[C]([CH3])[CH3])[CH2][CH2]1
9041,[CH3][C]1=[CH][CH2][CH2][C]2([CH3])[CH2][CH2][C](=[C]([CH3])[CH3])[CH2][CH]12
9042,[CH3][C]1=[CH][CH2][C]([CH]([CH3])[CH3])=[CH][CH]2[CH]([CH3])[CH2][CH2][CH]12
9043,[CH3][C]1([CH3])[CH2][CH2][CH2][C]2([CH3])[CH]3[CH2][CH]4[CH]([CH]31)[C]42[CH3]
9044,[CH2]=[C]1[CH2][CH2][CH]2[CH]3[CH]1[C]2([CH3])[CH2][CH2][CH2][C]3([CH3])[CH3]
9045,[CH2]=[C]1[CH2][CH2][CH]2[CH]([CH3])[CH2][CH2][CH]3[CH]([CH]12)[C]3([CH3])[CH3]
9046,[CH3][C]1([CH3])[CH2][CH2][CH2][C]2([CH3])[CH]3[CH2][CH2][C]2([CH3])[CH]([OH])[CH]31
9047,[CH3][CH]([CH3])[CH]1[CH2][CH2][C]2([CH3])[CH]3[CH2][CH]4[CH]([CH]13)[C]42[CH3]
9048,[CH3][C]1=[CH][CH]2[CH]([CH2][CH2]1)[C]2([CH3])[CH3]
9049,[CH3][C]1=[CH][CH2][C]23[CH2][CH]1[C]([CH3])([CH3])[CH]2[CH2][CH2][CH]3[CH3]
9050,[CH2]=[C]1[CH2][CH2][C]23[CH2][CH]1[C]([CH3])([CH3])[CH]2[CH2][CH2][CH]3[CH3]
9051,[CH2]=[C]([CH3])[CH]1[CH2][CH2][C]2([CH3])[CH2][CH2][CH]=[C]([CH3])[CH]2[CH2]1
9052,[CH3][C]1=[CH][CH]2[CH]([CH2][CH2]1)[C]([CH3])=[CH][CH2][CH]2[CH]([CH3])[CH3]
9053,[CH3][C]1=[CH][CH2][CH]2[C]([CH3])=[CH][CH2][CH]([CH]([CH3])[CH3])[CH]2[CH2]1
9054,[CH2]=[C]1[CH2][CH2][CH]([CH]([CH3])[CH3])[CH]2[CH]=[C]([CH3])[CH2][CH2][CH]12
9055,[CH2]=[C]1[CH2][CH2][CH]([CH]([CH3])[CH3])[CH]2[CH]=[C]([CH3])[CH2][CH2][CH]12
9056,[CH3][C]1=[CH][CH]2[C](=[C]([CH3])[CH2][CH2][CH]2[CH]([CH3])[CH3])[CH2][CH2]1
9057,[CH3][C]1=[CH][CH2][CH]2[C]([CH3])=[CH][CH2][CH]([CH]([CH3])[CH3])[CH]2[CH2]1
9058,[CH3][C]1=[CH][CH2][CH]2[C]([CH3])=[CH][CH2][CH]([CH]([CH3])[CH3])[CH]2[CH2]1
9059,[CH3][C]1=[CH][CH2][CH]2[C]([CH3])=[CH][CH2][CH]([CH]([CH3])[CH3])[CH]2[CH2]1
9060,[CH3][C]1=[CH][CH]2[CH]([CH2][CH2]1)[C]([CH3])=[CH][CH2][CH]2[CH]([CH3])[CH3]
9061,[CH3][C]1=[CH][CH]2[CH]([CH2][CH2]1)[C]([CH3])=[CH][CH2][CH]2[CH]([CH3])[CH3]
9062,[CH2]=[C]1[CH2][CH2][CH]2[CH]3[CH]([CH]([CH3])[CH3])[CH2][CH2][C]2([CH3])[CH]13
9063,[CH3][C]1=[CH][CH2][CH]2[CH]3[CH]([CH]([CH3])[CH3])[CH2][CH2][C]2([CH3])[CH]13
9064,[CH2]=[C]1[CH2][CH2][C]23[CH]([CH3])[CH2][CH2][CH]([CH]([CH3])[CH3])[CH]2[CH]13
9065,[CH3][C]1=[C]2[CH2][CH]3[CH2][CH2][CH]([CH3])[C]2([CH2][CH2]1)[C]3([CH3])[CH3]
9066,[CH3][C]1=[CH][C]2([CH3])[CH2][CH2][CH]1[CH2][CH]1[CH]([CH3])[CH2][CH2][CH]12
9067,[CH2]=[C]1[CH2][CH2][C]2([CH]([CH3])[CH2][CH2][CH]=[C]([CH3])[CH3])[CH2][CH]12
9068,[O]=[C]([OH])[C]1=[N][CH]([C](=[O])[OH])[CH2][C]([CH]=[CH][N]2[C]3=[CH][C](=[O])[C](=[O])[CH]=[C]3[CH2][CH]2[C](=[O])[OH])=[CH]1
9069,[NH2][c]1[c]([N]=[N][c]2[cH][cH][c]([S](=[O])(=[O])[CH2][CH2][O][S](=[O])(=[O])[OH])[cH][cH]2)[c]([S](=[O])(=[O])[OH])[cH][c]2[cH][c]([S](=[O])(=[O])[OH])[c]([N]=[N][c]3[cH][cH][c]([S](=[O])(=[O])[CH2][CH2][O][S](=[O])(=[O])[OH])[cH][cH]3)[c]([OH])[c]12
9070,[NH2][c]1[c]([N]=[N][c]2[cH][cH][c]([S](=[O])(=[O])[CH2][CH2][O][S](=[O])(=[O])[OH])[cH][cH]2)[c]([S](=[O])(=[O])[OH])[cH][c]2[c]1[CH]([OH])[CH]([N]=[N][c]1[cH][cH][c]([S](=[O])(=[O])[CH2][CH2][O][S](=[O])(=[O])[OH])[cH][cH]1)[C]([S](=[O])(=[O])[OH])=[CH]2
9071,[CH3][O][c]1[cH][c]([CH2][CH]2[CH2][O][CH]([OH])[CH]2[CH2][c]2[cH][cH][c]([OH])[c]([O][CH3])[cH]2)[cH][cH][c]1[OH]
9072,[CH3][NH][CH2][c]1[cH][nH][c]2[cH][cH][cH][cH][c]12
9073,[CH3][CH]=[C]([CH3])[C](=[O])[O][CH]1[CH2][CH2][N]2[CH2][CH]3[CH2][CH]([CH2][N]4[C](=[O])[CH2][CH2][CH2][CH]34)[CH]2[CH2]1
9074,[CH3][O][c]1[cH][c]([CH]2[O][CH2][CH]3[CH]([c]4[cH][cH][c]5[c]([cH]4)[O][CH2][O]5)[O][CH2][CH]23)[cH][cH][c]1[OH]
9075,[CH3][O][c]1[cH][c]([O][CH]2[O][CH2][CH]3[CH]([c]4[cH][cH][c]5[c]([cH]4)[O][CH2][O]5)[O][CH2][CH]23)[cH][cH][c]1[OH]
9076,[cH]1[cH][c]2[c]([cH][c]1[O][CH]1[O][CH2][CH]3[CH]([c]4[cH][cH][c]5[c]([cH]4)[O][CH2][O]5)[O][CH2][CH]13)[O][CH2][O]2
9077,[OH][C]([CH]=[CH][c]1[cH][cH][c]([OH])[c]([OH])[cH]1)=[N][CH2][CH2][c]1[cH][nH][c]2[cH][cH][c]([OH])[cH][c]12
9078,[CH3][O][c]1[cH][c]([CH]=[CH][C]([OH])=[N][CH2][CH2][c]2[cH][nH][c]3[cH][cH][c]([OH])[cH][c]23)[cH][cH][c]1[OH]
9079,[OH][C]([CH]=[CH][c]1[cH][cH][c]([OH])[cH][cH]1)=[N][CH2][CH2][c]1[cH][nH][c]2[cH][cH][c]([OH])[cH][c]12
9080,[OH][C]([CH]=[CH][c]1[cH][cH][cH][cH][cH]1)=[N][CH2][CH2][c]1[cH][nH][c]2[cH][cH][c]([OH])[cH][c]12
9081,[OH][C]([CH]=[CH][c]1[cH][cH][cH][cH][cH]1)=[N][CH2][CH2][c]1[cH][cH][c]([OH])[cH][cH]1
9082,[CH3][O][c]1[cH][c]([CH]=[CH][C]([OH])=[N][CH2][CH2][c]2[cH][cH][c]([OH])[cH][cH]2)[cH][c]([O][CH3])[c]1[OH]
9083,[OH][C]([CH]=[CH][c]1[cH][cH][c]([OH])[cH][cH]1)=[N][CH2][CH2][c]1[cH][cH][c]([OH])[cH][cH]1
9084,[O]=[C]([O][CH2][CH]1[O][CH]([OH])[CH]([OH])[CH]([OH])[CH]1[OH])[c]1[cH][c]([OH])[c]([OH])[c]([OH])[cH]1
9085,[O]=[C]([O][CH2][CH]1[O][CH]([O][C](=[O])[c]2[cH][c]([OH])[c]([OH])[c]([OH])[cH]2)[CH]([O][C](=[O])[c]2[cH][c]([OH])[c]([OH])[c]([OH])[cH]2)[CH]([OH])[CH]1[OH])[c]1[cH][c]([OH])[c]([OH])[c]([OH])[cH]1
9086,[O]=[C]([O][CH]1[O][CH]2[CH2][O][C](=[O])[c]3[cH][c]([OH])[c]([OH])[c]([OH])[c]3-[c]3[c]([cH][c]([OH])[c]([OH])[c]3[OH])[C](=[O])[O][CH]2[CH]([O][C](=[O])[c]2[cH][c]([OH])[c]([OH])[c]([OH])[cH]2)[CH]1[O][C](=[O])[c]1[cH][c]([OH])[c]([OH])[c]([OH])[cH]1)[c]1[cH][c]([OH])[c]([OH])[c]([OH])[cH]1
9087,[CH3][O][c]1[cH][c]([CH]2[c]3[cH][c]4[c]([c]([OH])[c]3[CH2][CH]3[CH2][O][C](=[O])[CH]32)[O][CH2][O]4)[cH][c]([O][CH3])[c]1[O][CH3]
9088,[CH3][O][c]1[cH][c]([CH]2[c]3[cH][c]4[c]([c]([O][CH3])[c]3[CH2][CH]3[CH2][O][C](=[O])[CH]32)[O][CH2][O]4)[cH][c]([O][CH3])[c]1[O][CH3]
9089,[CH3][O][c]1[cH][c]([CH]2[c]3[cH][c]4[c]([cH][c]3[CH]([OH])[CH]3[CH2][O][C](=[O])[CH]23)[O][CH2][O]4)[cH][c]([O][CH3])[c]1[O][CH3]
9090,[CH3][O][P]([OH])(=[S])[O][CH3]
9091,[CH3][O][P](=[S])([O][CH3])[O][c]1[cH][cH][c]([N+](=[O])[O-])[cH][cH]1
9092,[CH3][CH2][O][P](=[O])([OH])[OH]
9093,[OH][C]1=[N][CH2][NH][c]2[nH][c]([OH])[n][c]21
9094,[OH][c]1[n][c]2[cH][n][cH][n][c]2[nH]1
9095,[CH3][C]12[CH2][C]3=[C]([CH2][CH2][C](=[O])[OH])[C]([CH3])([CH2][C](=[O])[OH])[C](=[N]3)[CH]=[C]3[NH][C]([CH3])([C]4=[C]([CH2][C](=[O])[OH])[C]([CH3])([CH2][CH2][C](=[O])[OH])[C](=[N]4)[CH2][C](=[N]1)[C]([CH2][CH2][C](=[O])[OH])=[C]2[CH2][C](=[O])[OH])[C]([CH3])([CH2][C](=[O])[OH])[CH]3[CH2][CH2][C](=[O])[OH]
9096,[O]=[c]1[n][c]([OH])[c-]([OH])[c]([OH])[n]1
9097,[O]=[CH][C]1([OH])[O][CH2][CH]([OH])[CH]([OH])[CH]1[OH]
9098,[O]=[CH][C](=[O])[CH]([OH])[CH]([OH])[CH]([OH])[CH2][OH]
9099,[O]=[C]1[CH]([OH])[O][CH]([CH]([OH])[CH2][OH])[CH]1[OH]
9100,[CH3][CH2][CH]1[c]2[cH][c]3[n][c]4[c]([c]5[nH][c]([cH][c]6[nH][c]([cH][c]([n]2)[CH]1[CH3])[c]([CH]([CH3])[OH])[c]6[CH3])[CH]([CH3])[CH]5[CH2][CH2][C](=[O])[OH])[c-]([C](=[O])[O][CH3])[c](=[O])[c]-4[c]3[CH3]
9101,[CH3][CH2][C]1=[C]([CH3])[c]2[cH][c]3[nH][c]([cH][c]4[nH][c]([c]5[c]6[n][c]([cH][c]1[n]2)[c]([CH3])[c]-6[c](=[O])[c-]5[C](=[O])[O][CH3])[CH]([CH2][CH2][C](=[O])[OH])[CH]4[CH3])[c]([CH3])[c]3[CH]([CH3])[OH]
9102,[CH2]=[CH][C]1=[C]([CH3])[c]2[cH][c]3[n][c]([c]4[c]([C](=[O])[O][CH3])[c]([OH])[c]5[c]([CH3])[c]([cH][c]6[nH][c]([cH][c]1[n]2)[CH]([CH3])[CH]6[CH2][CH3])[nH][c]45)[CH]([CH2][CH2][C](=[O])[OH])[CH]3[CH3]
9103,[CH3][CH2][CH2][CH2][CH2][CH2][CH2][C]([OH])=[N][CH]1[C](=[O])[N]2[CH]1[S][C]([CH3])([CH3])[CH]2[C](=[O])[OH]
9104,[CH3][c]1[cH][cH][cH][c]([N+](=[O])[O-])[cH]1
9105,[CH3][c]1[cH][cH][cH][cH][c]1[N+](=[O])[O-]
9106,[CH3][c]1[cH][cH][c]([NH][OH])[cH][cH]1
9107,[CH3][c]1[cH][cH][c]([NH2])[c]([OH])[cH]1
9108,[CH3][c]1[cH][cH][c]([C](=[O])[OH])[n][cH]1
9109,[CH3][C]([CH]=[O])=[CH][CH]=[C]([NH2])[C](=[O])[OH]
9110,[CH3][C](=[CH][CH]=[C]([NH2])[C](=[O])[OH])[C](=[O])[OH]
9111,[O]=[N+]([O-])[c]1[cH][cH][c]([Cl])[cH][cH]1
9112,[O]=[N][c]1[cH][cH][c]([Cl])[cH][cH]1
9113,[OH][NH][c]1[cH][cH][c]([Cl])[cH][cH]1
9114,[NH2][C](=[CH][CH]=[C]([Cl])[C](=[O])[OH])[C](=[O])[OH]
9115,[CH3][C](=[O])[O][CH]1[C](=[O])[C]2([CH3])[CH]([OH])[CH2][CH]3[O][CH2][C]3([O][C]([CH3])=[O])[CH]2[CH]([O][C](=[O])[c]2[cH][cH][cH][cH][cH]2)[C]2([OH])[CH2][CH]([O][C](=[O])[CH]([OH])[CH]([N]=[C]([OH])[c]3[cH][cH][cH][cH][cH]3)[c]3[cH][cH][cH][cH][cH]3)[C]([CH3])=[C]1[C]2([CH3])[CH3]
9116,[CH2]=[C]1[CH2][C]23[CH2][C]1([OH])[CH2][CH2][CH]2[C]12[CH2][O][C](=[O])[C]([CH3])([CH2][CH]([OH])[CH2]1)[CH]2[CH]3[C](=[O])[OH]
9117,[CH3][CH]1[CH2][CH2][CH]2[CH]([CH3])[CH]3[CH]([CH2][CH]4[CH]5[CH2][CH]=[C]6[CH2][CH]([O][CH]7[O][CH]([CH2][OH])[CH]([OH])[CH]([OH])[CH]7[OH])[CH2][CH2][C]6([CH3])[CH]5[CH2][CH2][C]43[CH3])[N]2[CH2]1
9118,[CH3][CH]1[CH2][CH2][CH]2[CH]([CH3])[CH]3[CH]([CH2][CH]4[CH]5[CH2][CH]=[C]6[CH2][CH]([OH])[CH2][CH2][C]6([CH3])[CH]5[CH2][CH2][C]43[CH3])[N]2[CH2]1
9119,[CH3][CH]1[CH2][CH2][CH]2[CH]([CH3])[CH]3[CH]([CH2][CH]4[CH]5[CH2][CH]=[C]6[CH2][CH]([O][CH]7[O][CH]([CH2][OH])[CH]([OH])[CH]([O][CH]8[O][CH]([CH2][OH])[CH]([OH])[CH]([OH])[CH]8[OH])[CH]7[OH])[CH2][CH2][C]6([CH3])[CH]5[CH2][CH2][C]43[CH3])[N]2[CH2]1
9120,[CH3][CH]1[CH2][CH2][CH]2[CH]([CH3])[CH]3[CH]([CH2][CH]4[CH]5[CH2][CH]=[C]6[CH2][CH]([O][CH]7[O][CH]([OH])[CH]([OH])[CH]([OH])[CH]7[OH])[CH2][CH2][C]6([CH3])[C]5([CH3])[CH2][CH2][C]43[CH3])[N]2[CH2]1
9121,[CH3][CH]1[CH2][CH2][CH]2[CH]([CH3])[CH]3[CH]([CH2][CH]4[CH]5[CH2][CH]=[C]6[CH2][CH]([O][CH]7[O][CH]([CH2][OH])[CH]([OH])[CH]([OH])[CH]7[O][CH]7[O][CH]([CH3])[CH]([OH])[CH]([OH])[CH]7[OH])[CH2][CH2][C]6([CH3])[CH]5[CH2][CH2][C]43[CH3])[N]2[CH2]1
9122,[CH3][CH]1[CH2][CH2][CH]2[CH]([CH3])[CH]3[CH]([CH2][CH]4[CH]5[CH2][CH]=[C]6[CH2][CH]([O][CH]7[O][CH]([CH2][OH])[CH]([O][CH]8[O][CH]([CH3])[CH]([OH])[CH]([OH])[CH]8[OH])[CH]([OH])[CH]7[O][CH]7[O][CH]([CH3])[CH]([OH])[CH]([OH])[CH]7[OH])[CH2][CH2][C]6([CH3])[CH]5[CH2][CH2][C]43[CH3])[N]2[CH2]1
9123,[CH3][CH]1[CH2][CH2][CH]2[CH]([CH3])[CH]3[CH]([CH2][CH]4[CH]5[CH2][CH]=[C]6[CH2][CH]([O][CH]7[O][CH]([CH2][OH])[CH]([OH])[CH]([O][CH]8[O][CH]([CH2][OH])[CH]([OH])[CH]([OH])[CH]8[OH])[CH]7[O][CH]7[O][CH]([CH3])[CH]([OH])[CH]([OH])[CH]7[OH])[CH2][CH2][C]6([CH3])[CH]5[CH2][CH2][C]43[CH3])[N]2[CH2]1
9124,[CH2]=[CH][CH2][S](=[O])[CH2][CH]([NH2])[C](=[O])[OH]
9125,[CH2]=[CH][CH2][S][OH]
9126,[CH2]=[CH][CH2][S][S](=[O])[CH2][CH]=[CH2]
9127,[CH2]=[CH][CH]1[CH2][CH]=[CH][S][S]1
9128,[CH3][CH2][CH]=[S]=[O]
9129,[CH3][CH]=[CH][S][OH]
9130,[CH3][CH2][S](=[O])[CH2][CH]([NH2])[C](=[O])[OH]
9131,[CH3][CH2][S][CH2][CH]([NH2])[C](=[O])[OH]
9132,[CH3][CH2][SH]
9133,[CH3][C]([CH3])=[CH][CH2][CH]([OH])[C]1=[CH][C](=[O])[c]2[c]([OH])[cH][cH][c]([OH])[c]2[C]1=[O]
9134,[CH3][C]([CH3])=[CH][CH2][CH2][C]1=[CH][C](=[O])[c]2[c]([OH])[cH][cH][c]([OH])[c]2[C]1=[O]
9135,[CH2]=[CH][C]([CH3])=[CH][CH2][CH]=[C]([CH3])[CH2][CH2][CH]=[C]([CH3])[CH3]
9136,[CH3][CH2][N]=[c]1[n][c]([Cl])[nH][c](=[N][CH2][CH3])[nH]1
9137,[CH3][O][c]1[cH][cH][c]([CH]2[CH2][O][c]3[cH][c]([OH])[cH][cH][c]3[CH2]2)[c]([O][CH3])[cH]1
9138,[CH3][CH]([CH3])[N]=[C]([OH])[CH2][CH2][CH]([NH2])[C](=[O])[OH]
9139,[CH3][CH]([CH3])[NH2]
9140,[CH3][CH]([CH2][OH])[N]=[C]([OH])[CH2][CH2][CH]([NH2])[C](=[O])[OH]
9141,[CH3][CH]([NH2])[CH2][OH]
9142,[CH3][CH]([NH2])[CH]=[O]
9143,[O]=[C]([OH])[CH]1[CH2][CH2][CH]2[CH2][C](=[O])[N]21
9144,[CH3][CH2][CH2][CH]1[CH2][CH2][CH2][CH2][N]1[CH3]
9145,[CH3][C]1([CH3])[CH2][CH2][C]2([C](=[O])[OH])[CH2][CH2][C]3([CH3])[C](=[CH][CH2][CH]4[C]5([CH3])[CH2][CH2][CH]([O][CH]6[O][CH]([C](=[O])[OH])[CH]([OH])[CH]([OH])[CH]6[OH])[C]([CH3])([CH3])[CH]5[CH2][CH2][C]43[CH3])[CH]2[CH2]1
9146,[CH3][C]1([CH3])[CH2][CH2][C]2([C](=[O])[OH])[CH2][CH2][C]3([CH3])[C](=[CH][CH2][CH]4[C]5([CH3])[CH2][CH2][CH]([O][CH]6[O][CH]([C](=[O])[OH])[CH]([OH])[CH]([O][CH]7[O][CH]([CH2][OH])[CH]([OH])[CH]([OH])[CH]7[OH])[CH]6[OH])[C]([CH3])([CH3])[CH]5[CH2][CH2][C]43[CH3])[CH]2[CH2]1
9147,[CH3][C]1([CH3])[CH2][CH2][C]2([C](=[O])[O][CH]3[O][CH]([CH2][OH])[CH]([OH])[CH]([OH])[CH]3[OH])[CH2][CH2][C]3([CH3])[C](=[CH][CH2][CH]4[C]5([CH3])[CH2][CH2][CH]([O][CH]6[O][CH]([C](=[O])[OH])[CH]([OH])[CH]([OH])[CH]6[OH])[C]([CH3])([CH3])[CH]5[CH2][CH2][C]43[CH3])[CH]2[CH2]1
9148,[CH3][C]1([CH3])[CH2][CH2][C]2([C](=[O])[O][CH]3[O][CH]([CH2][OH])[CH]([OH])[CH]([OH])[CH]3[OH])[CH2][CH2][C]3([CH3])[C](=[CH][CH2][CH]4[C]5([CH3])[CH2][CH2][CH]([O][CH]6[O][CH]([C](=[O])[OH])[CH]([OH])[CH]([O][CH]7[O][CH]([CH2][OH])[CH]([OH])[CH]([OH])[CH]7[OH])[CH]6[OH])[C]([CH3])([CH3])[CH]5[CH2][CH2][C]43[CH3])[CH]2[CH2]1
9149,[CH3][C]1([CH3])[CH2][CH2][C]2([C](=[O])[OH])[CH2][CH2][C]3([CH3])[C](=[CH][CH2][CH]4[C]5([CH3])[CH2][CH2][CH]([O][CH]6[O][CH]([C](=[O])[OH])[CH]([O][CH]7[O][CH]([CH2][OH])[CH]([OH])[CH]([OH])[CH]7[OH])[CH]([O][CH]7[O][CH]([CH2][OH])[CH]([OH])[CH]([OH])[CH]7[OH])[CH]6[OH])[C]([CH3])([CH3])[CH]5[CH2][CH2][C]43[CH3])[CH]2[CH2]1
9150,[CH3][C]1([CH3])[CH2][CH2][C]2([C](=[O])[O][CH]3[O][CH]([CH2][OH])[CH]([OH])[CH]([OH])[CH]3[OH])[CH2][CH2][C]3([CH3])[C](=[CH][CH2][CH]4[C]5([CH3])[CH2][CH2][CH]([O][CH]6[O][CH]([C](=[O])[OH])[CH]([O][CH]7[O][CH]([CH2][OH])[CH]([OH])[CH]([OH])[CH]7[OH])[CH]([O][CH]7[O][CH]([CH2][OH])[CH]([OH])[CH]([OH])[CH]7[OH])[CH]6[OH])[C]([CH3])([CH3])[CH]5[CH2][CH2][C]43[CH3])[CH]2[CH2]1
9151,[CH3][C]1([CH3])[CH2][CH2][C]2([C](=[O])[O][CH]3[O][CH]([CH2][OH])[CH]([OH])[CH]([OH])[CH]3[OH])[CH2][CH2][C]3([CH3])[C](=[CH][CH2][CH]4[C]5([CH3])[CH2][CH2][CH]([OH])[C]([CH3])([CH]=[O])[CH]5[CH2][CH2][C]43[CH3])[CH]2[CH2]1
9152,[CH3][C]1([CH3])[CH2][CH2][C]2([C](=[O])[OH])[CH2][CH2][C]3([CH3])[C](=[CH][CH2][CH]4[C]5([CH3])[CH2][CH2][CH]([OH])[C]([CH3])([CH]=[O])[CH]5[CH2][CH2][C]43[CH3])[CH]2[CH2]1
9153,[CH3][C]1([CH3])[CH2][CH2][C]2([C](=[O])[OH])[CH2][CH2][C]3([CH3])[C](=[CH][CH2][CH]4[C]5([CH3])[CH2][CH2][CH]([OH])[C]([CH3])([C](=[O])[OH])[CH]5[CH2][CH2][C]43[CH3])[CH]2[CH2]1
9154,[CH3][C]1([CH3])[CH2][CH2][C]2([C](=[O])[O][CH]3[O][CH]([CH2][OH])[CH]([OH])[CH]([OH])[CH]3[OH])[CH2][CH2][C]3([CH3])[C](=[CH][CH2][CH]4[C]5([CH3])[CH2][CH2][CH]([OH])[C]([CH3])([C](=[O])[OH])[CH]5[CH2][CH2][C]43[CH3])[CH]2[CH2]1
9155,[CH3][C]1([CH3])[CH2][CH2][C]2([C](=[O])[OH])[CH]([OH])[CH2][C]3([CH3])[C](=[CH][CH2][CH]4[C]5([CH3])[CH2][CH2][CH]([OH])[C]([CH3])([C](=[O])[OH])[CH]5[CH2][CH2][C]43[CH3])[CH]2[CH2]1
9156,[CH3][C]1([CH3])[CH2][CH2][C]2([C](=[O])[O][CH]3[O][CH]([CH2][OH])[CH]([OH])[CH]([OH])[CH]3[OH])[CH]([OH])[CH2][C]3([CH3])[C](=[CH][CH2][CH]4[C]5([CH3])[CH2][CH2][CH]([OH])[C]([CH3])([C](=[O])[OH])[CH]5[CH2][CH2][C]43[CH3])[CH]2[CH2]1
9157,[CH3][O][c]1[cH][c]([CH3])[cH][c]([OH])[cH]1
9158,[CH3][O][c]1[cH][c]([CH3])[cH][c]([O][CH3])[cH]1
9159,[CH3][C]([CH3])([CH2][O][P](=[O])([OH])[O][P](=[O])([OH])[O][CH2][CH]1[O][CH]([n]2[cH][n][c]3[c]([NH2])[n][cH][n][c]32)[CH]([OH])[CH]1[O][P](=[O])([OH])[OH])[CH]([OH])[C]([OH])=[N][CH2][CH2][C]([OH])=[N][CH2][CH2][S][C](=[O])[CH]([CH2][C](=[O])[OH])[CH]([OH])[c]1[cH][cH][cH][cH][cH]1
9160,[CH3][O][c]1[cH][c]([OH])[cH][c]([OH])[cH]1
9161,[CH3][O][c]1[cH][c]([OH])[cH][c]([O][CH3])[cH]1
9162,[CH3][O][c]1[cH][c]([O][CH3])[cH][c]([O][CH3])[cH]1
9163,[CH3][C]1=[CH][CH]2[C](=[C]([CH3])[CH2][CH2][CH]2[CH]([CH3])[CH3])[CH]([OH])[CH2]1
9164,[CH3][c]1[cH][c]([OH])[c]2[c]([CH]=[O])[c]([OH])[c]([OH])[c]([CH]([CH3])[CH3])[c]2[cH]1
9165,[CH3][c]1[cH][c]2[c]3[c]([c]([OH])[c]([OH])[c]([CH]([CH3])[CH3])[c]3[cH]1)[CH2][O]2
9166,[CH3][O][c]1[c]([OH])[c]2[c]3[c]([cH][c]([CH3])[cH][c]3[c]1[CH]([CH3])[CH3])[O][CH2]2
9167,[CH3][O][c]1[c]([OH])[c]([CH]=[O])[c]2[c]([OH])[cH][c]([CH3])[cH][c]2[c]1[CH]([CH3])[CH3]
9168,[CH3][O][c]1[c]([OH])[c]([CH]=[O])[c]2[c]([OH])[c](-[c]3[c]([OH])[cH][c]4[c]([CH]=[O])[c]([OH])[c]([O][CH3])[c]([CH]([CH3])[CH3])[c]4[c]3[CH3])[c]([CH3])[cH][c]2[c]1[CH]([CH3])[CH3]
9169,[CH3][O][c]1[cH][cH][c](-[c]2[cH][o][c]3[cH][c]([OH])[cH][cH][c]3[c]2=[O])[cH][c]1[O][CH3]
9170,[CH3][O][c]1[cH][c]([OH])[c](-[c]2[cH][o][c]3[cH][c]([OH])[cH][cH][c]3[c]2=[O])[cH][c]1[O][CH3]
9171,[CH2]=[C]([CH2][OH])[CH]1[CH2][c]2[c]([cH][cH][c]3[c]2[O][CH]2[CH2][O][c]4[cH][c]([O][CH3])[c]([O][CH3])[cH][c]4[CH]2[C]3=[O])[O]1
9172,[CH2]=[C]([CH3])[CH]1[CH2][c]2[c]([cH][cH][c]3[c]2[O][CH]2[CH2][O][c]4[cH][c]([O][CH3])[c]([O][CH3])[cH][c]4[CH]2[C]3=[O])[O]1
9173,[O]=[C]([OH])[c]1[c]2[nH][c]3[cH][cH][cH][cH][c]3[n][c]-2[cH][cH][c]1=[O]
9174,[O]=[c]1[cH][cH][c]2[n][c]3[cH][cH][cH][cH][c]3[nH][c]-2[cH]1
9175,[CH3][CH]1[O][C](=[O])[CH]([CH3])[O][C]1=[O]
9176,[CH3][c]1[cH][c]([OH])[c]2[c](=[O])[c]3[c]([OH])[cH][c]([OH])[c]4[c]5[c]([OH])[cH][c]([OH])[c]6[c](=[O])[c]7[c]([OH])[cH][c]([CH3])[cH][c]7[c]([c]65)[c]([c]2[cH]1)[c]34
9177,[CH3][c]1[cH][c]([OH])[c]2[c](=[O])[c]3[c]([OH])[cH][c]([OH])[c]4[c]5[c]([OH])[cH][c]([OH])[c]6[c](=[O])[c]7[c]([OH])[cH][c]([CH3])[c]8[c]1[c]2[c]([c]34)[c]([c]78)[c]65
9178,[O]=[C]([OH])[CH2][CH]([N]=[C]([OH])[CH2][c]1[cH][n]([CH]2[O][CH]([CH2][OH])[CH]([OH])[CH]([OH])[CH]2[OH])[c]2[cH][cH][cH][cH][c]12)[C](=[O])[OH]
9179,[O]=[C]([OH])[CH2][c]1[cH][n]([CH]2[O][CH]([CH2][OH])[CH]([OH])[CH]([OH])[CH]2[OH])[c]2[cH][cH][cH][cH][c]12
9180,[O]=[C]([OH])[CH2][CH2][CH]([N]=[C]([OH])[CH2][c]1[cH][n]([CH]2[O][CH]([CH2][OH])[CH]([OH])[CH]([OH])[CH]2[OH])[c]2[cH][cH][cH][cH][c]12)[C](=[O])[OH]
9181,[CH3][CH]([CH3])[CH]([N]=[C]([OH])[CH2][c]1[cH][nH][c]2[cH][cH][cH][cH][c]12)[C](=[O])[OH]
9182,[O]=[C]([OH])[CH]([CH2][c]1[cH][cH][cH][cH][cH]1)[N]=[C]([OH])[CH2][c]1[cH][nH][c]2[cH][cH][cH][cH][c]12
9183,[CH3][O][c]1[cH][c]([CH]=[CH][CH]=[O])[cH][cH][c]1[O][CH]1[O][CH]([CH2][OH])[CH]([OH])[CH]([OH])[CH]1[OH]
9184,[CH3][C]([CH3])=[CH][CH2][CH2][C]([CH3])=[CH][CH2][CH2][C]([CH3])=[CH][CH2][CH2][C]([CH3])=[CH][CH2][CH2][C]([CH3])=[CH][CH2][CH2][C]([CH3])=[CH][CH2][CH2][C]([CH3])=[CH][CH2][CH2][C]([CH3])=[CH][CH2][CH2][C]([CH3])=[CH][CH2][CH2][C]([CH3])=[CH][CH2][CH2][C]([CH3])=[CH][CH2][CH2][C]([CH3])=[CH][CH2][O][P](=[O])([OH])[O][P](=[O])([OH])[OH]
9185,[O]=[C]([OH])[CH]([Cl])[Cl]
9186,[OH][CH2][CH]1[O][CH]([O][CH2][C]([Cl])([Cl])[Cl])[CH]([OH])[CH]([OH])[CH]1[OH]
9187,[CH2]=[C]1[CH2][CH]1[CH2][CH]([NH2])[C](=[O])[OH]
9188,[CH2]=[C]1[CH2][CH]1[CH2][CH]([N]=[C]([OH])[CH2][CH2][CH]([NH2])[C](=[O])[OH])[C](=[O])[OH]
9189,[CH3][O][c]1[cH][c]2[c]([cH][c]1[O][CH]1[O][CH]([CH2][O][CH]3[O][CH2][C]([OH])([O][CH3])[CH]3[OH])[CH]([OH])[CH]([OH])[CH]1[OH])[O][CH2][CH]([c]1[cH][c]3[c]([cH][c]1[O][CH3])[O][CH2][O]3)[C]2=[O]
9190,[CH3][O][c]1[cH][c]2[c](=[O])[c](-[c]3[cH][c]4[c]([cH][c]3[O][CH3])[O][CH2][O]4)[cH][o][c]2[cH][c]1[OH]
9191,[CH2]=[C]1[CH2][CH]1[C]([OH])([CH2][C](=[O])[OH])[C](=[O])[OH]
9192,[CH2]=[C]1[CH2][CH]1[C](=[O])[C](=[O])[OH]
9193,[CH2]=[C]1[CH2][CH]1[CH]([C](=[O])[OH])[CH]([OH])[C](=[O])[OH]
9194,[CH2]=[C]1[CH2][CH]1[CH]([C](=[O])[OH])[C](=[O])[C](=[O])[OH]
9195,[CH2]=[C]1[CH2][CH]1[CH2][C](=[O])[C](=[O])[OH]
9196,[CH3][C]([CH3])=[CH][CH2][CH2][C]1=[CH][CH2][C]2([CH3])[C](=[O])[c]3[c]([c]([CH]=[O])[c]([OH])[c]([OH])[c]3[CH]([CH3])[CH3])[C](=[O])[CH]2[CH2]1
9197,[CH3][CH]1[CH2][C](=[O])[c]2[c]([CH]=[O])[c]([OH])[c]([OH])[c]([CH]([CH3])[CH3])[c]2[C]1=[O]
9198,[CH3][C]([CH3])=[CH][CH2][CH2][C]1=[CH][CH2][CH]2[C](=[O])[c]3[c]([CH]=[O])[c]([OH])[c]([OH])[c]([CH]([CH3])[CH3])[c]3[C](=[O])[C]2([CH3])[CH2]1
9199,[CH3][C]([CH3])=[CH][CH2][CH]1[C]([CH3])=[CH][CH2][C]2([CH3])[C](=[O])[c]3[c]([c]([CH]=[O])[c]([OH])[c]([OH])[c]3[CH]([CH3])[CH3])[C](=[O])[CH]12
9200,[CH3][C]([CH3])=[CH][CH2][CH]1[C]([CH3])=[CH][CH2][CH]2[C](=[O])[c]3[c]([CH]=[O])[c]([OH])[c]([OH])[c]([CH]([CH3])[CH3])[c]3[C](=[O])[C]21[CH3]
9201,[CH3][O][c]1[c]([OH])[c]([CH]=[O])[c]2[c]([c]1[CH]([CH3])[CH3])[C](=[O])[C]1([CH3])[CH2][CH]=[C]([CH2][CH2][CH]=[C]([CH3])[CH3])[CH2][CH]1[C]2=[O]
9202,[CH3][O][c]1[c]([OH])[c]([CH]=[O])[c]2[c]([c]1[CH]([CH3])[CH3])[C](=[O])[CH]([CH3])[CH2][C]2=[O]
9203,[CH3][O][c]1[c]([OH])[c]([CH]=[O])[c]2[c]([c]1[CH]([CH3])[CH3])[C](=[O])[C]1([CH3])[CH2][C]([CH2][CH2][CH]=[C]([CH3])[CH3])=[CH][CH2][CH]1[C]2=[O]
9204,[CH3][O][c]1[c]([OH])[c]([CH]=[O])[c]2[c]([c]1[CH]([CH3])[CH3])[C](=[O])[C]1([CH3])[CH2][CH]=[C]([CH3])[CH]([CH2][CH]=[C]([CH3])[CH3])[CH]1[C]2=[O]
9205,[CH3][O][c]1[c]([OH])[c]([CH]=[O])[c]2[c]([c]1[CH]([CH3])[CH3])[C](=[O])[C]1([CH3])[CH]([CH2][CH]=[C]([CH3])[CH]1[CH2][CH]=[C]([CH3])[CH3])[C]2=[O]
9206,[CH3][c]1[cH][c]2[c]([CH]([CH3])[CH3])[cH][c]([OH])[c]([CH3])[c]2[cH][c]1[OH]
9207,[CH3][C](=[O])[O][CH2][CH]=[C]([CH3])[CH2][CH2][CH]=[C]([CH3])[CH3]
9208,[CH3][N]1[CH2][CH2][CH2][CH]1[CH2][C](=[O])[CH2][C](=[O])[S][CH2][CH2][N]=[C]([OH])[CH2][CH2][N]=[C]([OH])[CH]([OH])[C]([CH3])([CH3])[CH2][O][P](=[O])([OH])[O][P](=[O])([OH])[O][CH2][CH]1[O][CH]([n]2[cH][n][c]3[c]([NH2])[n][cH][n][c]32)[CH]([OH])[CH]1[O][P](=[O])([OH])[OH]
9209,[CH3][N]1[CH2][CH2][CH2][CH]1[CH2][C](=[O])[S][CH2][CH2][N]=[C]([OH])[CH2][CH2][N]=[C]([OH])[CH]([OH])[C]([CH3])([CH3])[CH2][O][P](=[O])([OH])[O][P](=[O])([OH])[O][CH2][CH]1[O][CH]([n]2[cH][n][c]3[c]([NH2])[n][cH][n][c]32)[CH]([OH])[CH]1[O][P](=[O])([OH])[OH]
9210,[CH3][O][C](=[O])[CH2][C](=[O])[CH2][CH]1[CH2][N]([CH3])[CH2][CH]1[OH]
9211,[CH3][O][c]1[cH][c]([CH]=[CH][CH]=[O])[cH][c]([O][CH3])[c]1[O][CH]1[O][CH]([CH2][OH])[CH]([OH])[CH]([OH])[CH]1[OH]
9212,[CH3][O][c]1[cH][c]2[c]([c]([O][CH3])[c]1[O][CH3])-[c]1[cH][cH][c]([O][CH3])[c](=[O])[cH][c]1[CH]([NH2])[CH2][CH2]2
9213,[CH3][C]([CH3])=[CH][CH2][CH2][C]([CH3])=[CH][CH2][CH2][C]([CH3])=[CH][CH2][CH2][C]([CH3])=[CH][CH2][CH2][C]([CH3])=[CH][CH2][CH2][C]([CH3])=[CH][CH2][CH2][C]([CH3])=[CH][CH2][c]1[cH][cH][cH][cH][c]1[OH]
9214,[CH3][C]([CH3])=[CH][CH2][CH2][C]([CH3])=[CH][CH2][CH2][C]([CH3])=[CH][CH2][CH2][C]([CH3])=[CH][CH2][CH2][C]([CH3])=[CH][CH2][CH2][C]([CH3])=[CH][CH2][CH2][C]([CH3])=[CH][CH2][c]1[cH][c]([C](=[O])[OH])[cH][cH][c]1[OH]
9215,[CH3][C]([CH3])=[CH][CH2][CH2][C]([CH3])=[CH][CH2][CH2][C]([CH3])=[CH][CH2][CH2][C]([CH3])=[CH][CH2][CH2][C]([CH3])=[CH][CH2][CH2][C]([CH3])=[CH][CH2][CH2][C]([CH3])=[CH][CH2][c]1[cH][cH][cH][c]([OH])[c]1[OH]
9216,[CH3][O][c]1[cH][cH][cH][c]([CH2][CH]=[C]([CH3])[CH2][CH2][CH]=[C]([CH3])[CH2][CH2][CH]=[C]([CH3])[CH2][CH2][CH]=[C]([CH3])[CH2][CH2][CH]=[C]([CH3])[CH2][CH2][CH]=[C]([CH3])[CH2][CH2][CH]=[C]([CH3])[CH3])[c]1[OH]
9217,[CH3][O][c]1[cH][c]([OH])[cH][c]([CH2][CH]=[C]([CH3])[CH2][CH2][CH]=[C]([CH3])[CH2][CH2][CH]=[C]([CH3])[CH2][CH2][CH]=[C]([CH3])[CH2][CH2][CH]=[C]([CH3])[CH2][CH2][CH]=[C]([CH3])[CH2][CH2][CH]=[C]([CH3])[CH3])[c]1[OH]
9218,[CH3][O][c]1[cH][c]([OH])[c]([CH3])[c]([CH2][CH]=[C]([CH3])[CH2][CH2][CH]=[C]([CH3])[CH2][CH2][CH]=[C]([CH3])[CH2][CH2][CH]=[C]([CH3])[CH2][CH2][CH]=[C]([CH3])[CH2][CH2][CH]=[C]([CH3])[CH2][CH2][CH]=[C]([CH3])[CH3])[c]1[OH]
9219,[CH3][O][c]1[c]([OH])[c]([OH])[c]([CH3])[c]([CH2][CH]=[C]([CH3])[CH2][CH2][CH]=[C]([CH3])[CH2][CH2][CH]=[C]([CH3])[CH2][CH2][CH]=[C]([CH3])[CH2][CH2][CH]=[C]([CH3])[CH2][CH2][CH]=[C]([CH3])[CH2][CH2][CH]=[C]([CH3])[CH3])[c]1[OH]
9220,[CH3][O][c]1[c]([OH])[c]([CH3])[c]([CH2][CH]=[C]([CH3])[CH2][CH2][CH]=[C]([CH3])[CH2][CH2][CH]=[C]([CH3])[CH2][CH2][CH]=[C]([CH3])[CH2][CH2][CH]=[C]([CH3])[CH2][CH2][CH]=[C]([CH3])[CH2][CH2][CH]=[C]([CH3])[CH3])[c]([OH])[c]1[O][CH3]
9221,[CH3][C]([CH3])=[CH][CH2][CH2][C]([CH3])=[CH][CH2][CH2][C]([CH3])=[CH][CH2][CH2][C]([CH3])=[CH][CH2][CH2][C]([CH3])=[CH][CH2][CH2][C]([CH3])=[CH][CH2][CH2][C]([CH3])=[CH][CH2][CH2][C]([CH3])=[CH][CH2][CH2][C]([CH3])=[CH][CH2][CH2][C]([CH3])=[CH][CH2][c]1[cH][cH][cH][cH][c]1[OH]
9222,[CH3][C]([CH3])=[CH][CH2][CH2][C]([CH3])=[CH][CH2][CH2][C]([CH3])=[CH][CH2][CH2][C]([CH3])=[CH][CH2][CH2][C]([CH3])=[CH][CH2][CH2][C]([CH3])=[CH][CH2][CH2][C]([CH3])=[CH][CH2][CH2][C]([CH3])=[CH][CH2][CH2][C]([CH3])=[CH][CH2][CH2][C]([CH3])=[CH][CH2][c]1[cH][c]([C](=[O])[OH])[cH][cH][c]1[OH]
9223,[CH3][C]([CH3])=[CH][CH2][CH2][C]([CH3])=[CH][CH2][CH2][C]([CH3])=[CH][CH2][CH2][C]([CH3])=[CH][CH2][CH2][C]([CH3])=[CH][CH2][CH2][C]([CH3])=[CH][CH2][CH2][C]([CH3])=[CH][CH2][CH2][C]([CH3])=[CH][CH2][CH2][C]([CH3])=[CH][CH2][CH2][C]([CH3])=[CH][CH2][c]1[cH][cH][cH][c]([OH])[c]1[OH]
9224,[CH3][O][c]1[cH][cH][cH][c]([CH2][CH]=[C]([CH3])[CH2][CH2][CH]=[C]([CH3])[CH2][CH2][CH]=[C]([CH3])[CH2][CH2][CH]=[C]([CH3])[CH2][CH2][CH]=[C]([CH3])[CH2][CH2][CH]=[C]([CH3])[CH2][CH2][CH]=[C]([CH3])[CH2][CH2][CH]=[C]([CH3])[CH2][CH2][CH]=[C]([CH3])[CH2][CH2][CH]=[C]([CH3])[CH3])[c]1[OH]
9225,[CH3][O][c]1[cH][c]([OH])[cH][c]([CH2][CH]=[C]([CH3])[CH2][CH2][CH]=[C]([CH3])[CH2][CH2][CH]=[C]([CH3])[CH2][CH2][CH]=[C]([CH3])[CH2][CH2][CH]=[C]([CH3])[CH2][CH2][CH]=[C]([CH3])[CH2][CH2][CH]=[C]([CH3])[CH2][CH2][CH]=[C]([CH3])[CH2][CH2][CH]=[C]([CH3])[CH2][CH2][CH]=[C]([CH3])[CH3])[c]1[OH]
9226,[CH3][O][c]1[cH][c]([OH])[c]([CH3])[c]([CH2][CH]=[C]([CH3])[CH2][CH2][CH]=[C]([CH3])[CH2][CH2][CH]=[C]([CH3])[CH2][CH2][CH]=[C]([CH3])[CH2][CH2][CH]=[C]([CH3])[CH2][CH2][CH]=[C]([CH3])[CH2][CH2][CH]=[C]([CH3])[CH2][CH2][CH]=[C]([CH3])[CH2][CH2][CH]=[C]([CH3])[CH2][CH2][CH]=[C]([CH3])[CH3])[c]1[OH]
9227,[CH3][O][c]1[c]([OH])[c]([OH])[c]([CH3])[c]([CH2][CH]=[C]([CH3])[CH2][CH2][CH]=[C]([CH3])[CH2][CH2][CH]=[C]([CH3])[CH2][CH2][CH]=[C]([CH3])[CH2][CH2][CH]=[C]([CH3])[CH2][CH2][CH]=[C]([CH3])[CH2][CH2][CH]=[C]([CH3])[CH2][CH2][CH]=[C]([CH3])[CH2][CH2][CH]=[C]([CH3])[CH2][CH2][CH]=[C]([CH3])[CH3])[c]1[OH]
9228,[CH3][C]([CH3])=[CH][CH2][CH2][C]([CH3])=[CH][CH2][CH2][C]([CH3])=[CH][CH2][CH2][C]([CH3])=[CH][CH2][CH2][C]([CH3])=[CH][CH2][CH2][C]([CH3])=[CH][CH2][CH2][C]([CH3])=[CH][CH2][CH2][C]([CH3])=[CH][CH2][CH2][C]([CH3])=[CH][CH2][c]1[cH][c]([C](=[O])[OH])[cH][cH][c]1[OH]
9229,[CH3][C]([CH3])=[CH][CH2][CH2][C]([CH3])=[CH][CH2][CH2][C]([CH3])=[CH][CH2][CH2][C]([CH3])=[CH][CH2][CH2][C]([CH3])=[CH][CH2][CH2][C]([CH3])=[CH][CH2][CH2][C]([CH3])=[CH][CH2][CH2][C]([CH3])=[CH][CH2][CH2][C]([CH3])=[CH][CH2][c]1[cH][cH][cH][c]([OH])[c]1[OH]
9230,[CH3][O][c]1[cH][cH][cH][c]([CH2][CH]=[C]([CH3])[CH2][CH2][CH]=[C]([CH3])[CH2][CH2][CH]=[C]([CH3])[CH2][CH2][CH]=[C]([CH3])[CH2][CH2][CH]=[C]([CH3])[CH2][CH2][CH]=[C]([CH3])[CH2][CH2][CH]=[C]([CH3])[CH2][CH2][CH]=[C]([CH3])[CH2][CH2][CH]=[C]([CH3])[CH3])[c]1[OH]
9231,[CH3][O][c]1[cH][c]([OH])[cH][c]([CH2][CH]=[C]([CH3])[CH2][CH2][CH]=[C]([CH3])[CH2][CH2][CH]=[C]([CH3])[CH2][CH2][CH]=[C]([CH3])[CH2][CH2][CH]=[C]([CH3])[CH2][CH2][CH]=[C]([CH3])[CH2][CH2][CH]=[C]([CH3])[CH2][CH2][CH]=[C]([CH3])[CH2][CH2][CH]=[C]([CH3])[CH3])[c]1[OH]
9232,[CH3][O][c]1[cH][c]([OH])[c]([CH3])[c]([CH2][CH]=[C]([CH3])[CH2][CH2][CH]=[C]([CH3])[CH2][CH2][CH]=[C]([CH3])[CH2][CH2][CH]=[C]([CH3])[CH2][CH2][CH]=[C]([CH3])[CH2][CH2][CH]=[C]([CH3])[CH2][CH2][CH]=[C]([CH3])[CH2][CH2][CH]=[C]([CH3])[CH2][CH2][CH]=[C]([CH3])[CH3])[c]1[OH]
9233,[CH3][C]([CH3])=[CH][CH2][CH2][C]([CH3])=[CH][CH2][CH2][C]([CH3])=[CH][CH2][CH2][C]([CH3])=[CH][CH2][CH2][C]([CH3])=[CH][CH2][CH2][C]([CH3])=[CH][CH2][CH2][C]([CH3])=[CH][CH2][CH2][C]([CH3])=[CH][CH2][c]1[cH][c]([C](=[O])[OH])[cH][c]([OH])[c]1[OH]
9234,[CH3][C]([CH3])=[CH][CH2][CH2][C]([CH3])=[CH][CH2][CH2][C]([CH3])=[CH][CH2][CH2][C]([CH3])=[CH][CH2][CH2][C]([CH3])=[CH][CH2][CH2][C]([CH3])=[CH][CH2][CH2][C]([CH3])=[CH][CH2][CH2][C]([CH3])=[CH][CH2][CH2][C]([CH3])=[CH][CH2][CH2][C]([CH3])=[CH][CH2][c]1[cH][c]([C](=[O])[OH])[cH][c]([OH])[c]1[OH]
9235,[CH3][O][c]1[cH][c]([C](=[O])[OH])[cH][c]([CH2][CH]=[C]([CH3])[CH2][CH2][CH]=[C]([CH3])[CH2][CH2][CH]=[C]([CH3])[CH2][CH2][CH]=[C]([CH3])[CH2][CH2][CH]=[C]([CH3])[CH2][CH2][CH]=[C]([CH3])[CH2][CH2][CH]=[C]([CH3])[CH2][CH2][CH]=[C]([CH3])[CH3])[c]1[OH]
9236,[CH3][C]([CH3])=[CH][CH2][CH2][C]([CH3])=[CH][CH2][CH2][C]([CH3])=[CH][CH2][CH2][C]([CH3])=[CH][CH2][CH2][C]([CH3])=[CH][CH2][CH2][C]([CH3])=[CH][CH2][CH2][C]([CH3])=[CH][CH2][CH2][C]([CH3])=[CH][CH2][CH2][C]([CH3])=[CH][CH2][c]1[cH][c]([C](=[O])[OH])[cH][c]([OH])[c]1[OH]
9237,[CH3][O][c]1[cH][c]([C](=[O])[OH])[cH][c]([CH2][CH]=[C]([CH3])[CH2][CH2][CH]=[C]([CH3])[CH2][CH2][CH]=[C]([CH3])[CH2][CH2][CH]=[C]([CH3])[CH2][CH2][CH]=[C]([CH3])[CH2][CH2][CH]=[C]([CH3])[CH2][CH2][CH]=[C]([CH3])[CH2][CH2][CH]=[C]([CH3])[CH2][CH2][CH]=[C]([CH3])[CH3])[c]1[OH]
9238,[CH3][O][c]1[cH][c]([C](=[O])[OH])[cH][c]([CH2][CH]=[C]([CH3])[CH2][CH2][CH]=[C]([CH3])[CH2][CH2][CH]=[C]([CH3])[CH2][CH2][CH]=[C]([CH3])[CH2][CH2][CH]=[C]([CH3])[CH2][CH2][CH]=[C]([CH3])[CH2][CH2][CH]=[C]([CH3])[CH2][CH2][CH]=[C]([CH3])[CH2][CH2][CH]=[C]([CH3])[CH2][CH2][CH]=[C]([CH3])[CH3])[c]1[OH]
9239,[CH3][C]([CH3])=[CH][CH2][CH2][C]([CH3])=[CH][CH2][CH2][C]([CH3])=[CH][CH2][CH2][C]([CH3])=[CH][CH2][CH2][C]([CH3])=[CH][CH2][CH2][C]([CH3])=[CH][CH2][CH2][C]([CH3])=[CH][CH2][c]1[cH][c]([C](=[O])[OH])[cH][c]([OH])[c]1[OH]
9240,[CH3][O][c]1[cH][c]([C](=[O])[OH])[cH][c]([CH2][CH]=[C]([CH3])[CH2][CH2][CH]=[C]([CH3])[CH2][CH2][CH]=[C]([CH3])[CH2][CH2][CH]=[C]([CH3])[CH2][CH2][CH]=[C]([CH3])[CH2][CH2][CH]=[C]([CH3])[CH2][CH2][CH]=[C]([CH3])[CH3])[c]1[OH]
9241,[CH3][c]1[n][cH][cH][c]2[c]1[nH][c]1[cH][c]([OH])[cH][cH][c]12
9242,[CH3][C]1=[N][CH2][CH2][c]2[c]1[nH][c]1[cH][c]([OH])[cH][cH][c]21
9243,[CH3][CH]=[CH][c]1[cH][c]([O][CH3])[cH][cH][c]1[OH]
9244,[CH3][CH2][CH]([CH3])[C](=[O])[OH]
9245,[CH3][CH2][CH]([CH3])[C](=[O])[O][c]1[cH][cH][c]([O][CH3])[cH][c]1[CH]1[O][CH]1[CH3]
9246,[CH3][O][C]1=[C]([O][CH3])[C](=[O])[C]([CH2][CH]=[C]([CH3])[CH2][CH2][CH]=[C]([CH3])[CH2][CH2][CH]=[C]([CH3])[CH2][CH2][CH]=[C]([CH3])[CH2][CH2][CH]=[C]([CH3])[CH2][CH2][CH]=[C]([CH3])[CH2][CH2][CH]=[C]([CH3])[CH3])=[C]([CH3])[C]1=[O]
9247,[CH3][O][C]1=[C]([NH2])[C](=[O])[C]([CH3])=[C]([CH2][CH]=[C]([CH3])[CH2][CH2][CH]=[C]([CH3])[CH2][CH2][CH]=[C]([CH3])[CH2][CH2][CH]=[C]([CH3])[CH2][CH2][CH]=[C]([CH3])[CH2][CH2][CH]=[C]([CH3])[CH2][CH2][CH]=[C]([CH3])[CH2][CH2][CH]=[C]([CH3])[CH2][CH2][CH]=[C]([CH3])[CH2][CH2][CH]=[C]([CH3])[CH3])[C]1=[O]
9248,[CH3][CH2][CH2][CH2][CH2][CH2][CH2][CH2][CH2][CH2][CH2][CH2][CH2][CH2][CH2][CH2][CH2][CH2][CH2][C](=[O])[O][CH2][CH2][CH2][CH2][CH2][CH2][CH2][CH2][CH2][CH2][CH2][CH3]
9249,[CH3][O][C]1=[C]([NH2])[C](=[O])[C]([CH3])=[C]([CH2][CH]=[C]([CH3])[CH2][CH2][CH]=[C]([CH3])[CH2][CH2][CH]=[C]([CH3])[CH2][CH2][CH]=[C]([CH3])[CH2][CH2][CH]=[C]([CH3])[CH2][CH2][CH]=[C]([CH3])[CH2][CH2][CH]=[C]([CH3])[CH2][CH2][CH]=[C]([CH3])[CH2][CH2][CH]=[C]([CH3])[CH3])[C]1=[O]
9250,[CH3][C]([CH3])=[CH][CH2][CH2][C]([CH3])=[CH][CH2][CH2][C]([CH3])=[CH][CH2][CH2][C]([CH3])=[CH][CH2][CH2][C]([CH3])=[CH][CH2][CH2][C]([CH3])=[CH][CH2][CH2][C]([CH3])=[CH][CH2][CH2][C]([CH3])=[CH][CH2][CH2][C]([CH3])=[CH][CH2][CH2][C]([CH3])=[CH][CH2][CH2][C]([CH3])=[CH][CH2][CH2][C]([CH3])=[CH][CH2][CH2][C]([CH3])=[CH][CH2][O][P](=[O])([OH])[O][P](=[O])([OH])[OH]
9251,[CH3][CH]1[O][C](=[O])[CH]([N]=[C]([OH])[CH2][N]=[C]([OH])[c]2[cH][cH][cH][c]([OH])[c]2[OH])[CH]([CH3])[O][C](=[O])[CH]([N]=[C]([OH])[CH2][N]=[C]([OH])[c]2[cH][cH][cH][c]([OH])[c]2[OH])[CH]([CH3])[O][C](=[O])[CH]1[N]=[C]([OH])[CH2][N]=[C]([OH])[c]1[cH][cH][cH][c]([OH])[c]1[OH]
9252,[NH2][CH2][C](=[O])[O][P](=[O])([OH])[O][CH2][CH]1[O][CH]([n]2[cH][n][c]3[c]([NH2])[n][cH][n][c]32)[CH]([OH])[CH]1[OH]
9253,[CH3][CH]([OH])[CH]([NH2])[C](=[O])[O][P](=[O])([OH])[O][CH2][CH]1[O][CH]([n]2[cH][n][c]3[c]([NH2])[n][cH][n][c]32)[CH]([OH])[CH]1[OH]
9254,[CH2]=[CH][CH2][CH]1[CH]=[C]([CH3])[CH2][CH]([CH3])[CH2][CH]([O][CH3])[CH]2[O][C]([OH])([C](=[O])[C](=[O])[N]3[CH2][CH2][CH2][CH2][CH]3[C](=[O])[O][CH]([C]([CH3])=[CH][CH]3[CH2][CH2][CH]([OH])[CH]([OH])[CH2]3)[CH]([CH3])[CH]([OH])[CH2][C]1=[O])[CH]([CH3])[CH2][CH]2[O][CH3]
9255,[CH2]=[CH][CH2][CH]1[CH]=[C]([CH3])[CH2][CH]([CH3])[CH2][CH]([O][CH3])[CH]2[O][C]([OH])([C](=[O])[C](=[O])[N]3[CH2][CH2][CH2][CH2][CH]3[C](=[O])[O][CH]([C]([CH3])=[CH][CH]3[CH2][CH2][CH]([OH])[CH]([O][CH3])[CH2]3)[CH]([CH3])[CH]([OH])[CH2][C]1=[O])[CH]([CH3])[CH2][CH]2[O][CH3]
9256,[CH2]=[C]([CH3])[CH]1[CH2][CH2][CH]([CH3])[O][C](=[O])[CH2]1
9257,[CH2]=[C]([CH3])[CH]([CH2][CH2][CH]([CH3])[OH])[CH2][C](=[O])[OH]
9258,[CH2]=[C]([CH3])[CH]([CH2][CH2][CH]([CH3])[OH])[CH2][C](=[O])[OH]
9259,[CH2]=[C]([CH3])[CH]1[CH2][CH2][CH]([CH3])[C](=[O])[O][CH2]1
9260,[CH2]=[C]([CH3])[CH]1[CH2][CH2][CH]([CH3])[C](=[O])[O][CH2]1
9261,[OH][c]1[cH][cH][c]([NH][c]2[cH][c]([Cl])[c]([OH])[c]([Cl])[cH]2)[cH][cH]1
9262,[O]=[C]1[C]([Cl])=[CH][C](=[N][c]2[cH][cH][c]([OH])[cH][cH]2)[CH]=[C]1[Cl]
9263,[CH2]=[C]([CH3])[CH]1[CH2][CH2][C]([CH3])([OH])[O][C](=[O])[CH2]1
9264,[CH2]=[C]([CH3])[CH]1[CH2][CH2][C]([CH3])([OH])[O][C](=[O])[CH2]1
9265,[CH3][c]1[cH][cH][cH][c]([CH2][CH]([CH2][C](=[O])[OH])[C](=[O])[OH])[cH]1
9266,[CH2]=[C]([CH3])[CH]([CH2][CH2][CH]([CH3])[OH])[CH2][C](=[O])[OH]
9267,[CH2]=[C]([CH3])[CH]([CH2][CH2][C]([CH3])=[O])[CH2][C](=[O])[S][CH2][CH2][N]=[C]([OH])[CH2][CH2][N]=[C]([OH])[CH]([OH])[C]([CH3])([CH3])[CH2][O][P](=[O])([OH])[O][P](=[O])([OH])[O][CH2][CH]1[O][CH]([n]2[cH][n][c]3[c]([NH2])[n][cH][n][c]32)[CH]([OH])[CH]1[O][P](=[O])([OH])[OH]
9268,[CH3][c]1[cH][cH][cH][c]([CH2][CH]([CH2][C](=[O])[OH])[C](=[O])[S][CH2][CH2][N]=[C]([OH])[CH2][CH2][N]=[C]([OH])[CH]([OH])[C]([CH3])([CH3])[CH2][O][P](=[O])([OH])[O][P](=[O])([OH])[O][CH2][CH]2[O][CH]([n]3[cH][n][c]4[c]([NH2])[n][cH][n][c]43)[CH]([OH])[CH]2[O][P](=[O])([OH])[OH])[cH]1
9269,[CH3][O][c]1[cH][cH][c](-[c]2[cH][o][c]3[cH][c]([OH])[c]([O][CH3])[cH][c]3[c]2=[O])[cH][cH]1
9270,[CH3][O][c]1[cH][cH][c](-[c]2[cH][o][c]3[cH][c]([O][CH]4[O][CH]([CH2][OH])[CH]([OH])[CH]([OH])[CH]4[OH])[c]([O][CH3])[cH][c]3[c]2=[O])[cH][cH]1
9271,[CH3][O][c]1[cH][cH][c](-[c]2[cH][o][c]3[cH][c]([O][CH]4[O][CH]([CH2][O][C](=[O])[CH2][C](=[O])[OH])[CH]([OH])[CH]([OH])[CH]4[OH])[c]([O][CH3])[cH][c]3[c]2=[O])[cH][cH]1
9272,[CH3][c]1[cH][cH][cH][c]([CH]=[C]([CH2][C](=[O])[OH])[C](=[O])[S][CH2][CH2][N]=[C]([OH])[CH2][CH2][N]=[C]([OH])[CH]([OH])[C]([CH3])([CH3])[CH2][O][P](=[O])([OH])[O][P](=[O])([OH])[O][CH2][CH]2[O][CH]([n]3[cH][n][c]4[c]([NH2])[n][cH][n][c]43)[CH]([OH])[CH]2[O][P](=[O])([OH])[OH])[cH]1
9273,[CH3][CH]1[CH2][CH2][CH]([CH]([CH3])[CH3])[C](=[O])[CH2]1
9274,[CH3][CH]1[CH2][CH2][CH]([CH]([CH3])[CH3])[O][C](=[O])[CH2]1
9275,[CH3][CH]1[CH2][CH2][CH]([CH]([CH3])[CH3])[C](=[O])[CH2]1
9276,[CH2]=[C]([CH3])[CH]([CH2][OH])[CH2][CH2][CH]([CH3])[C](=[O])[OH]
9277,[NH2][c]1[n][cH][n][c]2[c]1[n][cH][n]2[CH]1[O][CH]([CH2][O][P](=[O])([OH])[O][P](=[O])([OH])[O][P](=[O])([OH])[OH])[C](=[O])[CH]1[OH]
9278,[NH2][c]1[n][cH][n][c]2[c]1[n][cH][n]2[CH]1[O][CH]([CH2][OH])[CH]([N]=[C]([OH])[CH]([NH2])[CH2][c]2[cH][cH][c]([OH])[cH][cH]2)[CH]1[OH]
9279,[NH2][c]1[n][cH][n][c]2[c]1[n][cH][n]2[CH]1[O][CH]([CH2][OH])[CH]([NH2])[CH]1[OH]
9280,[CH3][C]([OH])=[N][CH]([CH2][c]1[cH][cH][c]([OH])[cH][cH]1)[C]([OH])=[N][CH]1[CH]([CH2][OH])[O][CH]([n]2[cH][n][c]3[c]([NH2])[n][cH][n][c]32)[CH]1[OH]
9281,[CH3][c]1[cH][cH][cH][c]([C](=[O])[S][CH2][CH2][N]=[C]([OH])[CH2][CH2][N]=[C]([OH])[CH]([OH])[C]([CH3])([CH3])[CH2][O][P](=[O])([OH])[O][P](=[O])([OH])[O][CH2][CH]2[O][CH]([n]3[cH][n][c]4[c]([NH2])[n][cH][n][c]43)[CH]([OH])[CH]2[O][P](=[O])([OH])[OH])[cH]1
9282,[CH3][NH][c]1[n][cH][n][c]2[c]1[n][cH][n]2[CH]1[O][CH]([CH2][OH])[CH]([N]=[C]([OH])[CH]([CH2][c]2[cH][cH][c]([OH])[cH][cH]2)[N]=[C]([CH3])[OH])[CH]1[OH]
9283,[CH2]=[C]([CH3])[CH]1[CH2][CH2][C]2([CH3])[O][CH]2[CH2]1
9284,[CH2]=[C]1[CH2][C]23[CH2][CH]1[CH2][CH2][CH]2[C]1([CH3])[CH2][CH]([OH])[CH2][C]([CH3])([C](=[O])[OH])[CH]1[CH]3[C](=[O])[OH]
9285,[CH3][NH][CH]1[CH]([O][P](=[O])([OH])[O][P](=[O])([OH])[O][CH2][CH]2[O][CH]([n]3[cH][cH][c](=[NH])[n][c]3[OH])[CH]([OH])[CH]2[OH])[O][CH]([CH2][OH])[CH]([OH])[CH]1[OH]
9286,[CH3][CH]1[CH2][CH2][CH2][C]2([CH3])[CH2][CH2][CH]=[CH][CH]12
9287,[CH3][O][c]1[cH][c]([CH2][CH2][CH2][OH])[cH][cH][c]1[O][CH]1[O][CH]([CH2][OH])[CH]([OH])[CH]([OH])[CH]1[OH]
9288,[CH3][CH2][CH2][CH2][CH2][CH2][CH2][CH2][CH2][CH2][CH2][CH2][CH2][CH2][CH2][CH]([OH])[CH2][C](=[O])[S][CH2][CH2][N]=[C]([OH])[CH2][CH2][N]=[C]([OH])[CH]([OH])[C]([CH3])([CH3])[CH2][O][P](=[O])([OH])[O][P](=[O])([OH])[O][CH2][CH]1[O][CH]([n]2[cH][n][c]3[c]([NH2])[n][cH][n][c]32)[CH]([OH])[CH]1[O][P](=[O])([OH])[OH]
9289,[CH3][CH]=[C]1[O][C]([CH3])=[C]([OH])[C]1=[O]
9290,[CH3][CH2][CH]=[C]1[O][C]([CH3])=[C]([OH])[C]1=[O]
9291,[CH3][CH2][CH2][CH]=[C]1[O][C]([CH3])=[C]([OH])[C]1=[O]
9292,[CH3][CH2][CH2][CH2][CH]1[O][C]([CH3])=[C]([OH])[C]1=[O]
9293,[CH3][CH2][CH2][CH]1[O][C]([CH3])=[C]([OH])[C]1=[O]
9294,[CH3][O][c]1[c]([CH3])[o][c]([CH3])[c]1[OH]
9295,[O]=[C]1[CH]([OH])[CH]([CH2][OH])[O][CH]([O][P](=[O])([OH])[O][P](=[O])([OH])[O][CH2][CH]2[O][CH]([n]3[cH][cH][c]([OH])[n][c]3=[O])[CH]([OH])[CH]2[OH])[CH]1[OH]
9296,[NH2][CH]1[CH]([OH])[CH]([CH2][O][P](=[O])([OH])[OH])[O][C]1([OH])[CH2][OH]
9297,[CH3][C]1=[CH][CH]([CH3])[CH]([OH])[CH]([CH3])[CH]([OH])[CH]([CH3])[CH]([OH])[CH]([CH3])[CH]([OH])[CH]([CH3])[CH]=[CH][CH]=[C]([CH3])[C]([OH])=[N][C]2=[CH][C](=[O])[c]3[c]([c]([OH])[c]([CH3])[c]([OH])[c]3[C]2=[O])[C]1=[O]
9298,[CH3][C]1=[CH][CH]=[CH][CH]([CH3])[CH]([OH])[CH]([CH3])[CH]([OH])[CH]([CH3])[CH]([OH])[CH]([CH3])[CH]([OH])[CH]=[CH][O][C]2([CH3])[O][c]3[c]([CH3])[c]([OH])[c]4[c]([OH])[c]([cH][c]([OH])[c]4[c]3[C]2=[O])[N]=[C]1[OH]
9299,[CH3][CH2][CH2][CH]=[CH][CH2][CH]=[CH][CH2][CH2][CH2][CH2][CH2][CH2][CH2][C](=[O])[S][CH2][CH2][N]=[C]([OH])[CH2][CH2][N]=[C]([OH])[CH]([OH])[C]([CH3])([CH3])[CH2][O][P](=[O])([OH])[O][P](=[O])([OH])[O][CH2][CH]1[O][CH]([n]2[cH][n][c]3[c]([NH2])[n][cH][n][c]32)[CH]([OH])[CH]1[O][P](=[O])([OH])[OH]
9300,[CH2]=[CH][CH2][CH]=[CH][CH2][CH]=[CH][CH2][CH2][CH2][CH2][CH2][CH2][CH2][C](=[O])[S][CH2][CH2][N]=[C]([OH])[CH2][CH2][N]=[C]([OH])[CH]([OH])[C]([CH3])([CH3])[CH2][O][P](=[O])([OH])[O][P](=[O])([OH])[O][CH2][CH]1[O][CH]([n]2[cH][n][c]3[c]([NH2])[n][cH][n][c]32)[CH]([OH])[CH]1[O][P](=[O])([OH])[OH]
9301,[CH2]=[CH][CH2][CH]=[CH][CH2][CH]=[CH][CH2][CH2][CH2][CH2][CH2][CH2][CH2][c]1[cH][c]([OH])[cH][c]([OH])[cH]1
9302,[CH2]=[CH][CH2][CH]=[CH][CH2][CH]=[CH][CH2][CH2][CH2][CH2][CH2][CH2][CH2][c]1[cH][c]([OH])[cH][c]([O][CH3])[cH]1
9303,[CH3][CH2][CH2][CH2][CH2][CH2][CH2][CH2][CH2][CH2][CH2][CH2][CH2][C](=[O])[OH]
9304,[CH3][CH2][CH]([CH3])[C]#[N]
9305,[O]=[c]1[cH][c](-[c]2[cH][cH][c]([OH])[cH][cH]2)[o][c]2[cH][c]([O][CH]3[O][CH]([CH2][OH])[CH]([OH])[CH]([OH])[CH]3[OH])[c]([CH]3[O][CH]([CH2][OH])[CH]([OH])[CH]([OH])[CH]3[OH])[c]([OH])[c]12
9306,[CH3][CH]1[O][CH]([O][CH]2[CH]([c]3[c]([O][CH]4[O][CH]([CH2][OH])[CH]([OH])[CH]([OH])[CH]4[OH])[cH][c]4[o][c](-[c]5[cH][cH][c]([OH])[cH][cH]5)[cH][c](=[O])[c]4[c]3[OH])[O][CH]([CH2][OH])[CH]([OH])[CH]2[OH])[CH]([OH])[CH]([OH])[CH]1[OH]
9307,[CH3][CH]1[O][CH]([O][CH]2[CH]([c]3[c]([OH])[cH][c]4[o][c](-[c]5[cH][cH][c]([OH])[cH][cH]5)[cH][c](=[O])[c]4[c]3[OH])[O][CH]([CH2][OH])[CH]([OH])[CH]2[OH])[CH]([OH])[CH]([OH])[CH]1[OH]
9308,[CH3][O][c]1[cH][c]([CH]=[CH][CH2][O][C](=[O])[CH2][CH2][CH2][CH2][CH]=[CH][CH]([CH3])[CH3])[cH][cH][c]1[OH]
9309,[O]=[S](=[O])([OH])[CH2][CH2][S](=[O])(=[O])[OH]
9310,[CH3][c]1[c]([N]=[O])[cH][c]([N+](=[O])[O-])[cH][c]1[N+](=[O])[O-]
9311,[CH3][c]1[c]([N+](=[O])[O-])[cH][c]([N+](=[O])[O-])[cH][c]1[N+](=[O])[O-]
9312,[CH3][c]1[c]([NH][O][CH]2[O][CH]([CH2][OH])[CH]([OH])[CH]([OH])[CH]2[OH])[cH][c]([N+](=[O])[O-])[cH][c]1[N+](=[O])[O-]
9313,[CH3][c]1[c]([NH][CH]2[O][CH]([CH2][OH])[CH]([OH])[CH]([OH])[CH]2[OH])[cH][c]([N+](=[O])[O-])[cH][c]1[N+](=[O])[O-]
9314,[CH3][c]1[c]([N+](=[O])[O-])[cH][c]([N]=[O])[cH][c]1[N+](=[O])[O-]
9315,[CH3][c]1[c]([N+](=[O])[O-])[cH][c]([NH][O][CH]2[O][CH]([CH2][OH])[CH]([OH])[CH]([OH])[CH]2[OH])[cH][c]1[N+](=[O])[O-]
9316,[CH3][c]1[c]([N+](=[O])[O-])[cH][c]([NH][CH]2[O][CH]([CH2][OH])[CH]([OH])[CH]([OH])[CH]2[OH])[cH][c]1[N+](=[O])[O-]
9317,[CH3][c]1[c]([N+](=[O])[O-])[cH][c]([N+](=[O])[O-])[c]([CH]2[O][CH]([CH2][OH])[CH]([OH])[CH]([OH])[CH]2[OH])[c]1[NH][OH]
9318,[CH3][S][CH2][CH2][CH]([OH])[C](=[O])[OH]
9319,[CH3][S+]([CH3])[CH2][CH2][CH]([OH])[C](=[O])[OH]
9320,[CH3][S+]([CH3])[CH2][CH2][CH2][NH2]
9321,[CH3][S+]([CH3])[CH2][CH2][CH]=[O]
9322,[CH3][S+]([CH3])[CH2][CH2][C](=[O])[S][CH2][CH2][N]=[C]([OH])[CH2][CH2][N]=[C]([OH])[CH]([OH])[C]([CH3])([CH3])[CH2][O][P](=[O])([OH])[O][P](=[O])([OH])[O][CH2][CH]1[O][CH]([n]2[cH][n][c]3[c]([NH2])[n][cH][n][c]32)[CH]([OH])[CH]1[O][P](=[O])([OH])[OH]
9323,[O]=[C]([OH])[CH2][CH2][CH2][CH2][CH2][CH2][CH2][CH2][CH2][CH2][CH2][CH2][CH2][CH2][C](=[O])[OH]
9324,[CH3][CH2][CH2][CH2][CH2][CH2][CH2][CH2][CH]([OH])[CH]([OH])[CH2][CH2][CH2][CH2][CH2][CH2][CH2][C](=[O])[OH]
9325,[CH3][O][c]1[cH][c](-[c]2[o][c]3[cH][c]([O][CH3])[c]([OH])[c]([OH])[c]3[c](=[O])[c]2[O][CH3])[cH][cH][c]1[OH]
9326,[CH3][O][c]1[cH][c](-[c]2[o][c]3[cH][c]([O][CH3])[c]([O][CH3])[c]([OH])[c]3[c](=[O])[c]2[O][CH3])[cH][cH][c]1[OH]
9327,[OH][CH]1[NH][c]2[cH][cH][cH][cH][c]2[CH]1[OH]
9328,[O]=[C]1[C](=[C]2[NH][c]3[cH][cH][cH][cH][c]3[C]2=[O])[NH][c]2[cH][cH][cH][cH][c]21
9329,[CH3][CH]([OH])[c]1[cH][cH][c]([OH])[cH][cH]1
9330,[O]=[C]([OH])[CH2][C](=[O])[c]1[cH][cH][c]([OH])[cH][cH]1
9331,[CH3][CH2][c]1[cH][cH][c]([OH])[c]([O][CH3])[cH]1
9332,[NH]=[c]1[n][c]([OH])[c]2[n][cH][n]([CH]3[O][CH]([CH2][O][P](=[O])([OH])[O][P](=[O])([OH])[O][C](=[O])[CH]([OH])[CH]([OH])[CH]([OH])[CH]([OH])[CH]=[O])[CH]([OH])[CH]3[OH])[c]2[nH]1
9333,[CH3][CH]([CH2][OH])[CH2][CH2][CH2][CH]([CH3])[CH]1[CH2][CH2][CH]2[CH]3[CH]([OH])[CH2][CH]4[CH2][CH]([OH])[CH2][CH2][C]4([CH3])[CH]3[CH2][CH2][C]12[CH3]
9334,[CH3][CH]([CH]=[O])[CH2][CH2][CH2][CH]([CH3])[CH]1[CH2][CH2][CH]2[CH]3[CH]([OH])[CH2][CH]4[CH2][CH]([OH])[CH2][CH2][C]4([CH3])[CH]3[CH2][CH2][C]12[CH3]
9335,[CH3][CH]([CH2][CH2][CH]([OH])[CH]([CH3])[C](=[O])[S][CH2][CH2][N]=[C]([OH])[CH2][CH2][N]=[C]([OH])[CH]([OH])[C]([CH3])([CH3])[CH2][O][P](=[O])([OH])[O][P](=[O])([OH])[O][CH2][CH]1[O][CH]([n]2[cH][n][c]3[c]([NH2])[n][cH][n][c]32)[CH]([OH])[CH]1[O][P](=[O])([OH])[OH])[CH]1[CH2][CH2][CH]2[CH]3[CH]([OH])[CH2][CH]4[CH2][CH]([OH])[CH2][CH2][C]4([CH3])[CH]3[CH2][CH2][C]12[CH3]
9336,[CH3][CH]([C](=[O])[CH2][CH2][CH]([CH3])[CH]1[CH2][CH2][CH]2[CH]3[CH]([OH])[CH2][CH]4[CH2][CH]([OH])[CH2][CH2][C]4([CH3])[CH]3[CH2][CH2][C]12[CH3])[C](=[O])[S][CH2][CH2][N]=[C]([OH])[CH2][CH2][N]=[C]([OH])[CH]([OH])[C]([CH3])([CH3])[CH2][O][P](=[O])([OH])[O][P](=[O])([OH])[O][CH2][CH]1[O][CH]([n]2[cH][n][c]3[c]([NH2])[n][cH][n][c]32)[CH]([OH])[CH]1[O][P](=[O])([OH])[OH]
9337,[Cl][c]1[cH][cH][cH][c]([Cl])[cH]1
9338,[OH][CH]1[CH]=[C]([Cl])[CH]=[C]([Cl])[CH]1[OH]
9339,[OH][CH]1[CH]=[CH][CH]=[C]([Cl])[CH]1[OH]
9340,[O]=[C]([OH])[CH2][CH]1[CH]=[C]([Cl])[C](=[O])[O]1
9341,[CH3][c]1[cH][c]([Cl])[cH][cH][c]1[O][CH2][C](=[O])[OH]
9342,[CH3][c]1[cH][c]([Cl])[cH][c]([OH])[c]1[OH]
9343,[O]=[C]([OH])[C]1([OH])[CH]=[CH][CH]=[C]([Cl])[CH]1[OH]
9344,[O]=[C]([OH])[C]1([OH])[CH]=[C]([Cl])[CH]=[CH][CH]1[OH]
9345,[Cl][c]1[cH][c]([Cl])[c]([Cl])[cH][c]1[Cl]
9346,[OH][CH]1[C]([Cl])=[C]([Cl])[CH]=[C]([Cl])[C]1([OH])[Cl]
9347,[Cl][c]1[cH][cH][cH][cH][c]1[Cl]
9348,[OH][CH]1[CH]=[C]([Cl])[C]([Cl])=[CH][CH]1[OH]
9349,[Cl][c]1[cH][cH][cH][c]([Cl])[c]1[Cl]
9350,[OH][CH]1[CH]=[C]([Cl])[C]([Cl])=[C]([Cl])[CH]1[OH]
9351,[OH][c]1[cH][c]([Cl])[c]([Cl])[c]([Cl])[c]1[OH]
9352,[O]=[C]([OH])[CH]=[CH][C]([Cl])=[C]([Cl])[C](=[O])[OH]
9353,[O]=[C]([OH])[CH]=[CH][C](=[O])[CH]([Cl])[C](=[O])[OH]
9354,[O]=[C]1[O][C]([Cl])([CH]([Cl])[C](=[O])[OH])[CH]=[C]1[Cl]
9355,[CH3][C](=[CH][C](=[O])[OH])[CH]=[C]([Cl])[C](=[O])[OH]
9356,[CH3][c]1[cH][c]([OH])[c]([OH])[c]([Cl])[cH]1
9357,[CH3][C]1([CH2][C](=[O])[OH])[CH]=[C]([Cl])[C](=[O])[O]1
9358,[CH3][c]1[cH][cH][c]([OH])[c]([Cl])[cH]1
9359,[CH3][c]1[cH][cH][c]([O][CH2][C](=[O])[OH])[c]([Cl])[cH]1
9360,[CH3][C](=[CH][C]([Cl])=[CH][C](=[O])[OH])[C](=[O])[OH]
9361,[CH3][C]1=[CH][C](=[CH][C](=[O])[OH])[O][C]1=[O]
9362,[CH3][C]1=[CH][C]([Cl])=[CH][CH]([OH])[CH]1[OH]
9363,[CH3][c]1[cH][cH][cH][c]([Cl])[cH]1
9364,[OH][CH2][c]1[cH][cH][cH][c]([Cl])[cH]1
9365,[O]=[CH][c]1[cH][cH][cH][c]([Cl])[cH]1
9366,[CH2]=[C]1[CH2][C]23[CH2][C]1([OH])[CH2][CH2][CH]2[C]1([CH3])[CH2][CH]([OH])[CH2][C]([CH3])([C](=[O])[OH])[CH]1[CH]3[C](=[O])[OH]
9367,[O]=[C]([OH])[c]1[cH][cH][c]([Cl])[cH][c]1[OH]
9368,[O]=[C]([OH])[c]1[cH][c]([Cl])[cH][cH][c]1[OH]
9369,[OH][CH2][CH]1[O][CH]([O][CH]2[CH]([OH])[CH]([CH2][OH])[O][CH]([O][C]3([CH2][OH])[O][CH]([CH2][OH])[CH]([OH])[CH]3[OH])[CH]2[OH])[CH]([OH])[CH]([OH])[CH]1[OH]
9370,[CH3][C]([CH3])=[CH][CH2][CH2][C]([CH3])=[CH][CH2][CH2][C]([CH3])=[CH][CH2][CH2][C]([CH3])=[CH][CH2][CH2][C]([CH3])=[CH][CH2][CH2][C]([CH3])=[CH][CH2][CH2][C]([CH3])=[CH][CH2][CH2][C]([CH3])=[CH][CH2][CH2][C]([CH3])=[CH][CH2][CH2][C]([CH3])=[CH][CH2][CH2][C]([CH3])=[CH][CH2][CH2][C]([CH3])=[CH][CH2][CH2][C]([CH3])=[CH][CH2][CH2][C]([CH3])=[CH][CH2][CH2][C]([CH3])=[CH][CH2][CH2][C]([CH3])=[CH][CH2][O][P](=[O])([OH])[O][P](=[O])([OH])[OH]
9371,[CH3][C]([OH])=[N][CH]1[CH]([OH])[O][CH]([CH2][OH])[CH]([OH])[CH]1[OH]
9372,[CH3][C]([OH])=[N][CH]1[CH]([OH])[CH2][C]([OH])([C](=[O])[OH])[O][CH]1[CH]([OH])[CH]([OH])[CH2][O][P](=[O])([OH])[OH]
9373,[O]=[C]([OH])[C]1([OH])[CH2][CH]([OH])[CH]([OH])[CH]([CH]([OH])[CH]([OH])[CH2][OH])[O]1
9374,[O]=[N+]([O-])[c]1[cH][cH][c]([O][P](=[O])([OH])[O][c]2[cH][cH][c]([N+](=[O])[O-])[cH][cH]2)[cH][cH]1
9375,[CH3][CH2][O][C](=[O])[CH]([CH3])[CH]([CH3])[OH]
9376,[CH3][CH2][O][C](=[O])[CH]([CH3])[C]([CH3])=[O]
9377,[CH3][C]([CH3])([CH2][O][P](=[O])([OH])[O][P](=[O])([OH])[O][CH2][CH]1[O][CH]([n]2[cH][n][c]3[c]([NH2])[n][cH][n][c]32)[CH]([OH])[CH]1[O][P](=[O])([OH])[OH])[CH]([OH])[C]([OH])=[N][CH2][CH2][C]([OH])=[N][CH2][CH2][S][C](=[O])[CH2][C]1([OH])[CH]=[CH][CH]=[CH][CH]1[OH]
9378,[NH]=[C]([OH])[N]([CH2][C](=[O])[OH])[c]1[cH][cH][cH][cH][cH]1
9379,[OH][C]1=[N][CH]([c]2[cH][cH][cH][cH][cH]2)[C]([OH])=[N]1
9380,[O]=[C]([OH])[CH]=[CH][CH]=[C]([C](=[O])[OH])[C](=[O])[OH]
9381,[CH3][O][C](=[O])[CH]([CH2][CH2][CH2][CH2][NH2])[N]=[C]([CH3])[OH]
9382,[CH3][O][C](=[O])[CH]([CH2][CH2][CH2][CH2][NH][P](=[O])([OH])[O][CH2][CH]1[O][CH]([n]2[cH][n][c]3[c]([OH])[n][c](=[NH])[nH][c]32)[CH]([OH])[CH]1[OH])[N]=[C]([CH3])[OH]
9383,[CH3][CH2][CH2][CH2][CH2][CH2][CH2][CH2][CH2][CH2][CH2][CH]([OH])[CH2][C](=[O])[O][CH]1[CH]([OH])[CH]([CH2][O][CH]2[O][CH]([CH2][O][C]3([C](=[O])[OH])[CH2][CH]([O][C]4([C](=[O])[OH])[CH2][CH]([OH])[CH]([OH])[CH]([CH]([OH])[CH2][OH])[O]4)[CH]([O][CH]4[O][CH]([CH]([OH])[CH2][OH])[CH]([OH])[CH]([OH])[CH]4[OH])[CH]([CH]([OH])[CH2][OH])[O]3)[CH]([O][P](=[O])([OH])[OH])[CH]([O][C](=[O])[CH2][CH]([OH])[CH2][CH2][CH2][CH2][CH2][CH2][CH2][CH2][CH2][CH2][CH3])[CH]2[N]=[C]([OH])[CH2][CH]([OH])[CH2][CH2][CH2][CH2][CH2][CH2][CH2][CH2][CH2][CH2][CH3])[O][CH]([O][P](=[O])([OH])[OH])[CH]1[N]=[C]([OH])[CH2][CH]([OH])[CH2][CH2][CH2][CH2][CH2][CH2][CH2][CH2][CH2][CH2][CH3]
9384,[CH3][C]([CH3])([CH2][O][P](=[O])([OH])[O][P](=[O])([OH])[O][CH2][CH]1[O][CH]([n]2[cH][n][c]3[c]([NH2])[n][cH][n][c]32)[CH]([OH])[CH]1[O][P](=[O])([OH])[OH])[CH]([OH])[C]([OH])=[N][CH2][CH2][C]([OH])=[N][CH2][CH2][S][C](=[O])[CH2][c]1[cH][cH][c]([OH])[c]([OH])[cH]1
9385,[CH3][CH2][N]1[C](=[O])[CH2][CH2][C]1=[O]
9386,[CH3][CH2][N]1[C](=[O])[CH]=[CH][C]1=[O]
9387,[CH3][CH2][CH2][CH2][CH2][CH2][CH2][CH2][CH2][CH2][CH2][CH2][CH2][C](=[O])[O][CH]([CH2][CH2][CH2][CH2][CH2][CH2][CH2][CH2][CH2][CH2][CH3])[CH2][C](=[O])[O][CH]1[CH]([N]=[C]([OH])[CH2][CH]([CH2][CH2][CH2][CH2][CH2][CH2][CH2][CH2][CH2][CH2][CH3])[O][C](=[O])[CH2][CH2][CH2][CH2][CH2][CH2][CH2][CH2][CH2][CH2][CH3])[CH]([O][CH2][CH]2[O][CH]([O][P](=[O])([OH])[OH])[CH]([N]=[C]([OH])[CH2][CH]([OH])[CH2][CH2][CH2][CH2][CH2][CH2][CH2][CH2][CH2][CH2][CH3])[CH]([O][C](=[O])[CH2][CH]([OH])[CH2][CH2][CH2][CH2][CH2][CH2][CH2][CH2][CH2][CH2][CH3])[CH]2[OH])[O][CH]([CH2][O][C]2([C](=[O])[OH])[CH2][CH]([O][C]3([C](=[O])[OH])[CH2][CH]([OH])[CH]([OH])[CH]([CH]([OH])[CH2][OH])[O]3)[CH]([O][CH]3[O][CH]([CH]([OH])[CH2][OH])[CH]([OH])[CH]([O][CH]4[O][CH]([CH]([OH])[CH2][OH])[CH]([OH])[CH]([O][CH]5[O][CH]([CH2][OH])[CH]([OH])[CH]([OH])[CH]5[OH])[CH]4[OH])[CH]3[OH])[CH]([CH]([OH])[CH2][OH])[O]2)[CH]1[O][P](=[O])([OH])[OH]
9388,[CH3][CH2][CH2][CH2][CH2][CH2][CH2][CH2][CH2][CH2][CH2][CH2][CH2][C](=[O])[O][CH]([CH2][CH2][CH2][CH2][CH2][CH2][CH2][CH2][CH2][CH2][CH3])[CH2][C](=[O])[O][CH]1[CH]([N]=[C]([OH])[CH2][CH]([CH2][CH2][CH2][CH2][CH2][CH2][CH2][CH2][CH2][CH2][CH3])[O][C](=[O])[CH2][CH2][CH2][CH2][CH2][CH2][CH2][CH2][CH2][CH2][CH3])[CH]([O][CH2][CH]2[O][CH]([O][P](=[O])([OH])[OH])[CH]([N]=[C]([OH])[CH2][CH]([OH])[CH2][CH2][CH2][CH2][CH2][CH2][CH2][CH2][CH2][CH2][CH3])[CH]([O][C](=[O])[CH2][CH]([OH])[CH2][CH2][CH2][CH2][CH2][CH2][CH2][CH2][CH2][CH2][CH3])[CH]2[OH])[O][CH]([CH2][O][C]2([C](=[O])[OH])[CH2][CH]([O][C]3([C](=[O])[OH])[CH2][CH]([OH])[CH]([OH])[CH]([CH]([OH])[CH2][OH])[O]3)[CH]([O][CH]3[O][CH]([CH]([OH])[CH2][OH])[CH]([O][P](=[O])([OH])[OH])[CH]([O][CH]4[O][CH]([CH]([OH])[CH2][O][CH]5[O][CH]([CH]([OH])[CH2][OH])[CH]([OH])[CH]([OH])[CH]5[OH])[CH]([O][P](=[O])([OH])[OH])[CH]([O][CH]5[O][CH]([CH2][OH])[CH]([OH])[CH]([OH])[CH]5[OH])[CH]4[OH])[CH]3[OH])[CH]([CH]([OH])[CH2][OH])[O]2)[CH]1[O][P](=[O])([OH])[OH]
9389,[CH3][CH2][CH2][CH2][CH2][CH2][CH2][CH2][CH2][CH2][CH2][CH2][CH2][C](=[O])[O][CH]([CH2][CH2][CH2][CH2][CH2][CH2][CH2][CH2][CH2][CH2][CH3])[CH2][C](=[O])[O][CH]1[CH]([N]=[C]([OH])[CH2][CH]([CH2][CH2][CH2][CH2][CH2][CH2][CH2][CH2][CH2][CH2][CH3])[O][C](=[O])[CH2][CH2][CH2][CH2][CH2][CH2][CH2][CH2][CH2][CH2][CH3])[CH]([O][CH2][CH]2[O][CH]([O][P](=[O])([OH])[OH])[CH]([N]=[C]([OH])[CH2][CH]([OH])[CH2][CH2][CH2][CH2][CH2][CH2][CH2][CH2][CH2][CH2][CH3])[CH]([O][C](=[O])[CH2][CH]([OH])[CH2][CH2][CH2][CH2][CH2][CH2][CH2][CH2][CH2][CH2][CH3])[CH]2[OH])[O][CH]([CH2][O][C]2([C](=[O])[OH])[CH2][CH]([O][C]3([C](=[O])[OH])[CH2][CH]([OH])[CH]([OH])[CH]([CH]([OH])[CH2][OH])[O]3)[CH]([O][CH]3[O][CH]([CH]([OH])[CH2][OH])[CH]([O][P](=[O])([OH])[OH])[CH]([O][CH]4[O][CH]([CH]([OH])[CH2][O][CH]5[O][CH]([CH]([OH])[CH2][OH])[CH]([OH])[CH]([OH])[CH]5[OH])[CH]([OH])[CH]([O][CH]5[O][CH]([CH2][OH])[CH]([OH])[CH]([OH])[CH]5[OH])[CH]4[OH])[CH]3[OH])[CH]([CH]([OH])[CH2][OH])[O]2)[CH]1[O][P](=[O])([OH])[OH]
9390,[CH3][CH2][CH2][CH2][CH2][CH2][CH2][CH2][CH2][CH2][CH2][CH2][CH2][C](=[O])[O][CH]([CH2][CH2][CH2][CH2][CH2][CH2][CH2][CH2][CH2][CH2][CH3])[CH2][C](=[O])[O][CH]1[CH]([N]=[C]([OH])[CH2][CH]([CH2][CH2][CH2][CH2][CH2][CH2][CH2][CH2][CH2][CH2][CH3])[O][C](=[O])[CH2][CH2][CH2][CH2][CH2][CH2][CH2][CH2][CH2][CH2][CH3])[CH]([O][CH2][CH]2[O][CH]([O][P](=[O])([OH])[OH])[CH]([N]=[C]([OH])[CH2][CH]([OH])[CH2][CH2][CH2][CH2][CH2][CH2][CH2][CH2][CH2][CH2][CH3])[CH]([O][C](=[O])[CH2][CH]([OH])[CH2][CH2][CH2][CH2][CH2][CH2][CH2][CH2][CH2][CH2][CH3])[CH]2[OH])[O][CH]([CH2][O][C]2([C](=[O])[OH])[CH2][CH]([O][C]3([C](=[O])[OH])[CH2][CH]([OH])[CH]([OH])[CH]([CH]([OH])[CH2][OH])[O]3)[CH]([O][CH]3[O][CH]([CH]([OH])[CH2][OH])[CH]([O][P](=[O])([OH])[OH])[CH]([O][CH]4[O][CH]([CH]([OH])[CH2][O][CH]5[O][CH]([CH]([OH])[CH2][OH])[CH]([OH])[CH]([OH])[CH]5[OH])[CH]([O][P](=[O])([OH])[OH])[CH]([O][CH]5[O][CH]([CH2][O][CH]6[O][CH]([CH2][OH])[CH]([OH])[CH]([OH])[CH]6[OH])[CH]([OH])[CH]([OH])[CH]5[OH])[CH]4[OH])[CH]3[OH])[CH]([CH]([OH])[CH2][OH])[O]2)[CH]1[O][P](=[O])([OH])[OH]
9391,[CH3][CH2][CH2][CH2][CH2][CH2][CH2][CH2][CH2][CH2][CH2][CH2][CH2][C](=[O])[O][CH]([CH2][CH2][CH2][CH2][CH2][CH2][CH2][CH2][CH2][CH2][CH3])[CH2][C](=[O])[O][CH]1[CH]([N]=[C]([OH])[CH2][CH]([CH2][CH2][CH2][CH2][CH2][CH2][CH2][CH2][CH2][CH2][CH3])[O][C](=[O])[CH2][CH2][CH2][CH2][CH2][CH2][CH2][CH2][CH2][CH2][CH3])[CH]([O][CH2][CH]2[O][CH]([O][P](=[O])([OH])[OH])[CH]([N]=[C]([OH])[CH2][CH]([OH])[CH2][CH2][CH2][CH2][CH2][CH2][CH2][CH2][CH2][CH2][CH3])[CH]([O][C](=[O])[CH2][CH]([OH])[CH2][CH2][CH2][CH2][CH2][CH2][CH2][CH2][CH2][CH2][CH3])[CH]2[OH])[O][CH]([CH2][O][C]2([C](=[O])[OH])[CH2][CH]([O][C]3([C](=[O])[OH])[CH2][CH]([OH])[CH]([OH])[CH]([CH]([OH])[CH2][OH])[O]3)[CH]([O][CH]3[O][CH]([CH]([OH])[CH2][OH])[CH]([O][P](=[O])([OH])[OH])[CH]([O][CH]4[O][CH]([CH]([OH])[CH2][O][CH]5[O][CH]([CH]([OH])[CH2][OH])[CH]([OH])[CH]([OH])[CH]5[OH])[CH]([O][P](=[O])([OH])[OH])[CH]([O][CH]5[O][CH]([CH2][O][CH]6[O][CH]([CH2][OH])[CH]([OH])[CH]([OH])[CH]6[OH])[CH]([OH])[CH]([O][CH]6[O][CH]([CH2][OH])[CH]([OH])[CH]([OH])[CH]6[OH])[CH]5[OH])[CH]4[OH])[CH]3[OH])[CH]([CH]([OH])[CH2][OH])[O]2)[CH]1[O][P](=[O])([OH])[OH]
9392,[CH3][CH2][CH2][CH2][CH2][CH2][CH2][CH2][CH2][CH2][CH2][CH2][CH2][C](=[O])[O][CH]([CH2][CH2][CH2][CH2][CH2][CH2][CH2][CH2][CH2][CH2][CH3])[CH2][C](=[O])[O][CH]1[CH]([N]=[C]([OH])[CH2][CH]([CH2][CH2][CH2][CH2][CH2][CH2][CH2][CH2][CH2][CH2][CH3])[O][C](=[O])[CH2][CH2][CH2][CH2][CH2][CH2][CH2][CH2][CH2][CH2][CH3])[CH]([O][CH2][CH]2[O][CH]([O][P](=[O])([OH])[OH])[CH]([N]=[C]([OH])[CH2][CH]([OH])[CH2][CH2][CH2][CH2][CH2][CH2][CH2][CH2][CH2][CH2][CH3])[CH]([O][C](=[O])[CH2][CH]([OH])[CH2][CH2][CH2][CH2][CH2][CH2][CH2][CH2][CH2][CH2][CH3])[CH]2[OH])[O][CH]([CH2][O][C]2([C](=[O])[OH])[CH2][CH]([O][C]3([C](=[O])[OH])[CH2][CH]([OH])[CH]([OH])[CH]([CH]([OH])[CH2][OH])[O]3)[CH]([O][CH]3[O][CH]([CH]([OH])[CH2][OH])[CH]([O][P](=[O])([OH])[OH])[CH]([O][CH]4[O][CH]([CH]([OH])[CH2][O][CH]5[O][CH]([CH]([OH])[CH2][OH])[CH]([OH])[CH]([OH])[CH]5[OH])[CH]([O][P](=[O])([OH])[OH])[CH]([O][CH]5[O][CH]([CH2][O][CH]6[O][CH]([CH2][OH])[CH]([OH])[CH]([OH])[CH]6[OH])[CH]([OH])[CH]([O][CH]6[O][CH]([CH2][OH])[CH]([OH])[CH]([OH])[CH]6[O][CH]6[O][CH]([CH2][OH])[CH]([OH])[CH]([OH])[CH]6[OH])[CH]5[OH])[CH]4[OH])[CH]3[OH])[CH]([CH]([OH])[CH2][OH])[O]2)[CH]1[O][P](=[O])([OH])[OH]
9393,[NH2][CH2][CH2][CH2][CH]([NH2])[CH2][C](=[O])[OH]
9394,[CH3][CH2][CH2][CH2][CH2][CH2][CH2][CH2][O][CH]1[O][CH]([CH2][O][CH]2[O][CH]([CH]([OH])[CH2][OH])[CH]([OH])[CH]2[OH])[CH]([OH])[CH]([OH])[CH]1[OH]
9395,[CH3][CH2][CH2][CH2][CH2][CH2][CH2][CH2][O][CH]1[O][CH]([CH2][OH])[CH]([OH])[CH]([OH])[CH]1[OH]
9396,[CH3][C]([OH])=[N][CH]1[CH]([O][CH]2[CH]3[CH2][O][CH]([O]3)[CH]([N]=[C]([CH3])[OH])[CH]2[O][CH]([CH3])[C](=[O])[OH])[O][CH]([CH2][OH])[CH]([OH])[CH]1[OH]
9397,[CH3][CH]([NH2])[C]([OH])=[N][CH]([CH2][CH2][C]([OH])=[N][CH]([CH2][CH2][CH2][CH]([NH2])[C](=[O])[OH])[C]([OH])=[N][CH]([CH3])[C](=[O])[OH])[C](=[O])[OH]
9398,[CH3][C]([OH])=[N][CH]1[CH]([O][CH]2[CH]3[CH2][O][CH]([O]3)[CH]([N]=[C]([CH3])[OH])[CH]2[O][CH]([CH3])[C]([OH])=[N][CH]([CH3])[C]([OH])=[N][CH]([CH2][CH2][C]([OH])=[N][CH]([CH2][CH2][CH2][CH]([NH2])[C](=[O])[OH])[C]([OH])=[N][CH]([CH3])[C](=[O])[OH])[C](=[O])[OH])[O][CH]([CH2][OH])[CH]([OH])[CH]1[OH]
9399,[CH3][CH]([OH])[CH]([NH2])[C](=[O])[OH]
9400,[OH][CH2][CH]1[O][CH]([O][CH2][CH]2[O][CH]([OH])[CH]([OH])[CH]([OH])[CH]2[OH])[CH]([OH])[CH]([OH])[CH]1[OH]
9401,[CH3][N]([CH3])[c]1[cH][cH][c]([N]=[N][c]2[cH][cH][cH][cH][c]2[C](=[O])[OH])[cH][cH]1
9402,[CH3][C]1=[CH][CH]([OH])[CH]=[CH][CH]1[OH]
9403,[CH3][C]1=[CH][C](=[O])[CH]=[CH][C]1=[O]
9404,[CH3][CH2][CH2][CH2][CH2][CH2][CH2][CH2][CH]=[CH][CH]=[CH][CH2][C](=[O])[OH]
9405,[O]=[CH][CH]([OH])[CH2][O][P](=[O])([OH])[OH]
9406,[OH][CH2][CH2][S][S][CH2][CH2][OH]
9407,[OH][CH2][CH2][SH]
9408,[NH]=[c]1[n][c]([OH])[c]2[c]([nH]1)[NH][CH2][C]([CH]([OH])[CH]([OH])[CH2][O][P](=[O])([OH])[O][P](=[O])([OH])[O][P](=[O])([OH])[OH])=[N]2
9409,[O]=[C]([OH])[CH2][Br]
9410,[NH2][CH]([CH2][CH2][C]([OH])=[N][CH]([CH2][S][CH2][C](=[O])[OH])[C]([OH])=[N][CH2][C](=[O])[OH])[C](=[O])[OH]
9411,[O]=[Te]([OH])[OH]
9412,[CH3][Te](=[O])(=[O])[OH]
9413,[CH3][O][c]1[cH][c]([CH]=[CH][C](=[O])[CH2][C](=[O])[CH2][CH2][c]2[cH][cH][c]([OH])[c]([O][CH3])[cH]2)[cH][cH][c]1[OH]
9414,[CH3][O][c]1[cH][c]([CH2][CH2][C](=[O])[CH2][C](=[O])[CH2][CH2][c]2[cH][cH][c]([OH])[c]([O][CH3])[cH]2)[cH][cH][c]1[OH]
9415,[CH3][C](=[O])[CH]([OH])[C]([OH])([OH])[CH2][O][P](=[O])([OH])[OH]
9416,[O]=[C]([OH])[CH]([CH2][O][C](=[O])[CH]([CH2][O][C](=[O])[CH]([CH2][OH])[N]=[C]([OH])[c]1[cH][cH][cH][c]([OH])[c]1[OH])[N]=[C]([OH])[c]1[cH][cH][cH][c]([OH])[c]1[OH])[N]=[C]([OH])[c]1[cH][cH][cH][c]([OH])[c]1[OH]
9417,[O]=[C]1[O][CH2][CH]([N]=[C]([OH])[c]2[cH][cH][cH][c]([OH])[c]2[OH])[C](=[O])[O][CH2][CH]([N]=[C]([OH])[c]2[cH][cH][cH][c]([OH])[c]2[OH])[C](=[O])[O][CH2][CH]1[N]=[C]([OH])[c]1[cH][cH][cH][c]([OH])[c]1[OH]
9418,[CH3][CH]([NH2])[C]([OH])=[N][CH]([CH2][C](=[O])[OH])[C](=[O])[OH]
9419,[CH3][CH]([NH2])[C]([OH])=[N][CH]([CH2][c]1[cH][n][cH][nH]1)[C](=[O])[OH]
9420,[CH3][CH]([NH2])[C]([OH])=[N][CH]([C](=[O])[OH])[CH]([CH3])[OH]
9421,[NH]=[C]([OH])[CH2][CH]([N]=[C]([OH])[CH2][NH2])[C](=[O])[OH]
9422,[NH2][CH2][C]([OH])=[N][CH]([CH2][CH2][C](=[O])[OH])[C](=[O])[OH]
9423,[CH3][S][CH2][CH2][CH]([NH2])[C]([OH])=[N][CH]([CH3])[C](=[O])[OH]
9424,[NH2][CH2][C]([OH])=[N][CH]([CH2][C](=[O])[OH])[C](=[O])[OH]
9425,[CH3][O][CH]1[O][CH]([CH2][O][P](=[O])([OH])[OH])[CH]([OH])[CH]([OH])[CH]1[OH]
9426,[CH3][C]([OH])=[N][CH]1[CH]([O][CH]2[CH]([CH2][OH])[O][CH]([OH])[CH]([NH2])[CH]2[OH])[O][CH]([CH2][O][P](=[O])([OH])[OH])[CH]([OH])[CH]1[OH]
9427,[CH3][n+]1[cH][n]([CH]2[O][CH]([CH2][O][P](=[O])([OH])[OH])[CH]([OH])[CH]2[OH])[c]2[nH][c](=[NH])[n][c]([OH])[c]21
9428,[CH3][n+]1[cH][n]([CH]2[O][CH]([CH2][O][P](=[O])([OH])[O][P](=[O])([OH])[O][P](=[O])([OH])[OH])[CH]([OH])[CH]2[OH])[c]2[nH][c](=[NH])[n][c]([OH])[c]21
9429,[OH]
9430,[CH3][C]([CH3])([CH2][O][P](=[O])([OH])[O][P](=[O])([OH])[O][CH2][CH]1[O][CH]([n]2[cH][n][c]3[c]([NH2])[n][cH][n][c]32)[CH]([OH])[CH]1[O][P](=[O])([OH])[OH])[CH]([OH])[C]([OH])=[N][CH2][CH2][C]([OH])=[N][CH2][CH2][S][C](=[O])[C]1=[C]([OH])[CH2][CH]=[CH][CH]=[CH]1
9431,[O]=[C]([OH])[C]1=[C]([OH])[CH2][CH]=[CH][CH]=[CH]1
9432,[CH3][n]1[c]([OH])[n][cH][cH][c]1=[NH]
9433,[CH2]=[C]([CH3])[CH]([CH2][CH]=[C]([CH3])[CH2][OH])[CH2][CH2][C]([CH3])=[CH][CH]=[CH][C]([CH3])=[CH][CH]=[CH][C]([CH3])=[CH][CH]=[CH][CH]=[C]([CH3])[CH]=[CH][CH]=[C]([CH3])[CH]=[CH][CH]=[C]([CH3])[CH2][CH2][CH]([CH2][CH]=[C]([CH3])[CH2][OH])[C](=[CH2])[CH3]
9434,[CH3][C]([CH]=[CH][CH]=[C]([CH3])[CH]=[CH][CH]1[C]([CH3])=[CH][CH2][CH]([CH2][CH]=[C]([CH3])[CH2][OH])[C]1([CH3])[CH3])=[CH][CH]=[CH][CH]=[C]([CH3])[CH]=[CH][CH]=[C]([CH3])[CH]=[CH][CH]1[C]([CH3])=[CH][CH2][CH]([CH2][CH]=[C]([CH3])[CH2][OH])[C]1([CH3])[CH3]
9435,[CH2]=[C]([CH3])[CH2][CH2][CH2][C]([CH3])=[CH][CH]=[CH][C]([CH3])=[CH][CH]=[CH][C]([CH3])=[CH][CH]=[CH][CH]=[C]([CH3])[CH]=[CH][CH]=[C]([CH3])[CH]=[CH][CH]=[C]([CH3])[CH2][CH2][CH]([CH2][CH]=[C]([CH3])[CH2][OH])[C](=[CH2])[CH3]
9436,[CH3][C](=[O])[C]1=[C]([CH2][C](=[O])[CH2][C](=[O])[OH])[CH2][c]2[cH][cH][cH][c]([OH])[c]2[C]1=[O]
9437,[CH3][CH]1[O][CH]([CH2][C](=[O])[OH])[CH2][c]2[cH][c]3[cH][cH][cH][c]([OH])[c]3[c]([OH])[c]21
9438,[NH2][CH]([CH2][S][CH]([OH])[c]1[cH][nH][c]2[cH][cH][cH][cH][c]12)[C](=[O])[OH]
9439,[O]=[CH][c]1[cH][nH][c]2[cH][cH][cH][cH][c]12
9440,[O]=[C]([OH])[CH]1[CH2][S][CH]([c]2[cH][nH][c]3[cH][cH][cH][cH][c]23)[NH]1
9441,[O]=[C]([OH])[c]1[cH][s][c](-[c]2[cH][nH][c]3[cH][cH][cH][cH][c]23)[n]1
9442,[CH3][CH]1[O][CH]([O][c]2[cH][c]([OH])[c]3[c](=[O])[c]([O][CH]4[O][CH]([CH2][OH])[CH]([OH])[CH]([OH])[CH]4[OH])[c](-[c]4[cH][cH][c]([OH])[cH][cH]4)[o][c]3[cH]2)[CH]([OH])[CH]([OH])[CH]1[OH]
9443,[CH3][CH]1[O][CH]([O][c]2[cH][c]([OH])[c]3[c](=[O])[c]([O][CH]4[O][CH]([CH3])[CH]([OH])[CH]([OH])[CH]4[OH])[c](-[c]4[cH][cH][c]([OH])[cH][cH]4)[o][c]3[cH]2)[CH]([OH])[CH]([OH])[CH]1[OH]
9444,[CH3][c]1[c]([CH3])[n]2[c]([CH2][Br])[c]([CH3])[c](=[O])[n]2[c]1=[O]
9445,[CH3][C]([OH])=[N][CH]([CH2][S][CH2][c]1[c]([CH3])[c](=[O])[n]2[c](=[O])[c]([CH3])[c]([CH3])[n]12)[C]([OH])=[N][CH]1[CH]([O][CH]2[CH]([OH])[CH]([OH])[CH]([OH])[CH]([OH])[CH]2[OH])[O][CH]([CH2][OH])[CH]([OH])[CH]1[OH]
9446,[CH3][CH2][CH2][CH2][CH2][CH2][CH2][CH2][CH2][CH2][CH2][CH2][CH2][CH2][CH2][CH2][CH2][CH2][CH2][CH2][CH2][CH2][CH2][CH2][CH]([C](=[O])[O][CH2][CH]1[O][CH]([O][CH]2[O][CH]([CH2][O][C](=[O])[CH]([CH2][CH2][CH2][CH2][CH2][CH2][CH2][CH2][CH2][CH2][CH2][CH2][CH2][CH2][CH2][CH2][CH2][CH2][CH2][CH2][CH2][CH2][CH2][CH3])[CH]([OH])[CH2][CH2][CH2][CH2][CH2][CH2][CH2][CH2][CH2][CH2][CH2][CH2][CH2][CH2][CH2][CH2][CH2][CH]3[CH2][CH]3[CH2][CH2][CH2][CH2][CH2][CH2][CH2][CH2][CH2][CH2][CH2][CH2][CH2][CH2][CH2][CH2][CH]([O][CH3])[CH]([CH3])[CH2][CH2][CH2][CH2][CH2][CH2][CH2][CH2][CH2][CH2][CH2][CH2][CH2][CH2][CH2][CH2][CH2][CH3])[CH]([OH])[CH]([OH])[CH]2[OH])[CH]([OH])[CH]([OH])[CH]1[OH])[CH]([OH])[CH2][CH2][CH2][CH2][CH2][CH2][CH2][CH2][CH2][CH2][CH2][CH2][CH2][CH2][CH2][CH2][CH2][CH]1[CH2][CH]1[CH2][CH2][CH2][CH2][CH2][CH2][CH2][CH2][CH2][CH2][CH2][CH2][CH2][CH2][CH2][CH2][CH]([O][CH3])[CH]([CH3])[CH2][CH2][CH2][CH2][CH2][CH2][CH2][CH2][CH2][CH2][CH2][CH2][CH2][CH2][CH2][CH2][CH2][CH3]
9447,[CH3][CH2][CH2][CH2][CH2][CH2][CH2][CH2][CH2][CH2][CH2][CH2][CH2][CH2][CH2][CH2][CH2][CH2][CH2][CH2][CH2][CH2][CH2][CH2][CH]([C](=[O])[O][CH2][CH]1[O][CH]([O][CH]2[O][CH]([CH2][OH])[CH]([OH])[CH]([OH])[CH]2[OH])[CH]([OH])[CH]([OH])[CH]1[OH])[CH]([OH])[CH2][CH2][CH2][CH2][CH2][CH2][CH2][CH2][CH2][CH2][CH2][CH2][CH2][CH2][CH2][CH2][CH2][CH]1[CH2][CH]1[CH2][CH2][CH2][CH2][CH2][CH2][CH2][CH2][CH2][CH2][CH2][CH2][CH2][CH2][CH2][CH2][CH]([O][CH3])[CH]([CH3])[CH2][CH2][CH2][CH2][CH2][CH2][CH2][CH2][CH2][CH2][CH2][CH2][CH2][CH2][CH2][CH2][CH2][CH3]
9448,[CH3][CH2][CH2][CH2][CH2][CH2][CH2][CH2][CH2][CH2][CH2][CH2][CH2][CH2][CH2][CH2][CH2][CH2][CH2][CH2][CH2][CH2][CH2][CH2][CH2][CH2][CH]([C](=[O])[O][CH2][CH]1[O][CH]([O][CH]2[O][CH]([CH2][O][C](=[O])[CH]([CH2][CH2][CH2][CH2][CH2][CH2][CH2][CH2][CH2][CH2][CH2][CH2][CH2][CH2][CH2][CH2][CH2][CH2][CH2][CH2][CH2][CH2][CH2][CH2][CH2][CH3])[CH]([OH])[CH2][CH2][CH2][CH2][CH2][CH2][CH2][CH2][CH2][CH2][CH2][CH2][CH2][CH2][CH2][CH]3[CH2][CH]3[CH]([CH3])[CH2][CH2][CH2][CH2][CH2][CH2][CH2][CH2][CH2][CH2][CH2][CH2][CH2][CH2][CH2][CH]([O][CH3])[CH]([CH3])[CH2][CH2][CH2][CH2][CH2][CH2][CH2][CH2][CH2][CH2][CH2][CH2][CH2][CH2][CH2][CH2][CH2][CH3])[CH]([OH])[CH]([OH])[CH]2[OH])[CH]([OH])[CH]([OH])[CH]1[OH])[CH]([OH])[CH2][CH2][CH2][CH2][CH2][CH2][CH2][CH2][CH2][CH2][CH2][CH2][CH2][CH2][CH2][CH]1[CH2][CH]1[CH]([CH3])[CH2][CH2][CH2][CH2][CH2][CH2][CH2][CH2][CH2][CH2][CH2][CH2][CH2][CH2][CH2][CH]([O][CH3])[CH]([CH3])[CH2][CH2][CH2][CH2][CH2][CH2][CH2][CH2][CH2][CH2][CH2][CH2][CH2][CH2][CH2][CH2][CH2][CH3]
9449,[CH3][CH2][CH2][CH2][CH2][CH2][CH2][CH2][CH2][CH2][CH2][CH2][CH2][CH2][CH2][CH2][CH2][CH2][CH2][CH2][CH2][CH2][CH2][CH2][CH2][CH2][CH]([C](=[O])[O][CH2][CH]1[O][CH]([O][CH]2[O][CH]([CH2][OH])[CH]([OH])[CH]([OH])[CH]2[OH])[CH]([OH])[CH]([OH])[CH]1[OH])[CH]([OH])[CH2][CH2][CH2][CH2][CH2][CH2][CH2][CH2][CH2][CH2][CH2][CH2][CH2][CH2][CH2][CH]1[CH2][CH]1[CH]([CH3])[CH2][CH2][CH2][CH2][CH2][CH2][CH2][CH2][CH2][CH2][CH2][CH2][CH2][CH2][CH2][CH]([O][CH3])[CH]([CH3])[CH2][CH2][CH2][CH2][CH2][CH2][CH2][CH2][CH2][CH2][CH2][CH2][CH2][CH2][CH2][CH2][CH2][CH3]
9450,[CH3][CH2][CH2][CH2][CH2][CH2][CH2][CH2][CH2][CH2][CH2][CH2][CH2][CH2][CH2][CH2][CH2][CH2][CH2][CH2][CH2][CH2][CH2][CH2][CH]([C](=[O])[O][CH2][CH]1[O][CH]([O][CH]2[O][CH]([CH2][O][C](=[O])[CH]([CH2][CH2][CH2][CH2][CH2][CH2][CH2][CH2][CH2][CH2][CH2][CH2][CH2][CH2][CH2][CH2][CH2][CH2][CH2][CH2][CH2][CH2][CH2][CH3])[CH]([OH])[CH2][CH2][CH2][CH2][CH2][CH2][CH2][CH2][CH2][CH2][CH2][CH2][CH2][CH2][CH2][CH2][CH2][CH2][CH2][CH]3[CH2][CH]3[CH2][CH2][CH2][CH2][CH2][CH2][CH2][CH2][CH2][CH2][CH2][CH2][CH2][CH2][CH2][CH2][C](=[O])[CH]([CH3])[CH2][CH2][CH2][CH2][CH2][CH2][CH2][CH2][CH2][CH2][CH2][CH2][CH2][CH2][CH2][CH2][CH2][CH3])[CH]([OH])[CH]([OH])[CH]2[OH])[CH]([OH])[CH]([OH])[CH]1[OH])[CH]([OH])[CH2][CH2][CH2][CH2][CH2][CH2][CH2][CH2][CH2][CH2][CH2][CH2][CH2][CH2][CH2][CH2][CH2][CH2][CH2][CH]1[CH2][CH]1[CH2][CH2][CH2][CH2][CH2][CH2][CH2][CH2][CH2][CH2][CH2][CH2][CH2][CH2][CH2][CH2][C](=[O])[CH]([CH3])[CH2][CH2][CH2][CH2][CH2][CH2][CH2][CH2][CH2][CH2][CH2][CH2][CH2][CH2][CH2][CH2][CH2][CH3]
9451,[CH3][CH2][CH2][CH2][CH2][CH2][CH2][CH2][CH2][CH2][CH2][CH2][CH2][CH2][CH2][CH2][CH2][CH2][CH2][CH2][CH2][CH2][CH2][CH2][CH]([C](=[O])[O][CH2][CH]1[O][CH]([O][CH]2[O][CH]([CH2][OH])[CH]([OH])[CH]([OH])[CH]2[OH])[CH]([OH])[CH]([OH])[CH]1[OH])[CH]([OH])[CH2][CH2][CH2][CH2][CH2][CH2][CH2][CH2][CH2][CH2][CH2][CH2][CH2][CH2][CH2][CH2][CH2][CH2][CH2][CH]1[CH2][CH]1[CH2][CH2][CH2][CH2][CH2][CH2][CH2][CH2][CH2][CH2][CH2][CH2][CH2][CH2][CH2][CH2][C](=[O])[CH]([CH3])[CH2][CH2][CH2][CH2][CH2][CH2][CH2][CH2][CH2][CH2][CH2][CH2][CH2][CH2][CH2][CH2][CH2][CH3]
9452,[CH3][CH2][CH2][CH2][CH2][CH2][CH2][CH2][CH2][CH2][CH2][CH2][CH2][CH2][CH2][CH2][CH2][CH2][CH2][CH2][CH2][CH2][CH2][CH2][CH2][CH2][CH]([C](=[O])[O][CH2][CH]1[O][CH]([O][CH]2[O][CH]([CH2][O][P](=[O])([OH])[OH])[CH]([OH])[CH]([OH])[CH]2[OH])[CH]([OH])[CH]([OH])[CH]1[OH])[CH]([OH])[CH2][CH2][CH2][CH2][CH2][CH2][CH2][CH2][CH2][CH2][CH2][CH2][CH2][CH2][CH2][CH]1[CH2][CH]1[CH2][CH2][CH2][CH2][CH2][CH2][CH2][CH2][CH2][CH2][CH]1[CH2][CH]1[CH2][CH2][CH2][CH2][CH2][CH2][CH2][CH2][CH2][CH2][CH2][CH2][CH2][CH2][CH2][CH2][CH2][CH3]
9453,[CH3][CH2][CH2][CH2][CH2][CH2][CH2][CH2][CH2][CH2][CH2][CH2][CH2][CH2][CH2][CH2][CH2][CH2][CH2][CH2][CH2][CH2][CH2][CH2][CH2][CH2][CH]([C](=[O])[O][CH2][CH]1[O][CH]([O][CH]2[O][CH]([CH2][OH])[CH]([OH])[CH]([OH])[CH]2[OH])[CH]([OH])[CH]([OH])[CH]1[OH])[CH]([OH])[CH2][CH2][CH2][CH2][CH2][CH2][CH2][CH2][CH2][CH2][CH2][CH2][CH2][CH2][CH2][CH]1[CH2][CH]1[CH2][CH2][CH2][CH2][CH2][CH2][CH2][CH2][CH2][CH2][CH]1[CH2][CH]1[CH2][CH2][CH2][CH2][CH2][CH2][CH2][CH2][CH2][CH2][CH2][CH2][CH2][CH2][CH2][CH2][CH2][CH3]
9454,[CH3][CH2][CH2][CH2][CH2][CH2][CH2][CH2][CH2][CH2][CH2][CH2][CH2][CH2][CH2][CH2][CH2][CH2][CH2][CH2][CH2][CH2][CH2][CH2][CH]([C](=[O])[O][CH2][CH]1[O][CH]([O][CH]2[O][CH]([CH2][O][P](=[O])([OH])[OH])[CH]([OH])[CH]([OH])[CH]2[OH])[CH]([OH])[CH]([OH])[CH]1[OH])[CH]([OH])[CH2][CH2][CH2][CH2][CH2][CH2][CH2][CH2][CH2][CH2][CH2][CH2][CH2][CH2][CH2][CH2][CH2][CH]1[CH2][CH]1[CH2][CH2][CH2][CH2][CH2][CH2][CH2][CH2][CH2][CH2][CH2][CH2][CH2][CH2][CH2][CH2][CH]([O][CH3])[CH]([CH3])[CH2][CH2][CH2][CH2][CH2][CH2][CH2][CH2][CH2][CH2][CH2][CH2][CH2][CH2][CH2][CH2][CH2][CH3]
9455,[CH3][CH2][CH2][CH2][CH2][CH2][CH2][CH2][CH2][CH2][CH2][CH2][CH2][CH2][CH2][CH2][CH2][CH2][CH2][CH2][CH2][CH2][CH2][CH2][CH2][CH2][CH]([C](=[O])[O][CH2][CH]1[O][CH]([O][CH]2[O][CH]([CH2][O][P](=[O])([OH])[OH])[CH]([OH])[CH]([OH])[CH]2[OH])[CH]([OH])[CH]([OH])[CH]1[OH])[CH]([OH])[CH2][CH2][CH2][CH2][CH2][CH2][CH2][CH2][CH2][CH2][CH2][CH2][CH2][CH2][CH2][CH]1[CH2][CH]1[CH]([CH3])[CH2][CH2][CH2][CH2][CH2][CH2][CH2][CH2][CH2][CH2][CH2][CH2][CH2][CH2][CH2][CH]([O][CH3])[CH]([CH3])[CH2][CH2][CH2][CH2][CH2][CH2][CH2][CH2][CH2][CH2][CH2][CH2][CH2][CH2][CH2][CH2][CH2][CH3]
9456,[CH3][CH2][CH2][CH2][CH2][CH2][CH2][CH2][CH2][CH2][CH2][CH2][CH2][CH2][CH2][CH2][CH2][CH2][CH2][CH2][CH2][CH2][CH2][CH2][CH]([C](=[O])[O][CH2][CH]1[O][CH]([O][CH]2[O][CH]([CH2][O][P](=[O])([OH])[OH])[CH]([OH])[CH]([OH])[CH]2[OH])[CH]([OH])[CH]([OH])[CH]1[OH])[CH]([OH])[CH2][CH2][CH2][CH2][CH2][CH2][CH2][CH2][CH2][CH2][CH2][CH2][CH2][CH2][CH2][CH2][CH2][CH2][CH2][CH]1[CH2][CH]1[CH2][CH2][CH2][CH2][CH2][CH2][CH2][CH2][CH2][CH2][CH2][CH2][CH2][CH2][CH2][CH2][C](=[O])[CH]([CH3])[CH2][CH2][CH2][CH2][CH2][CH2][CH2][CH2][CH2][CH2][CH2][CH2][CH2][CH2][CH2][CH2][CH2][CH3]
9457,[CH3][CH2][CH2][CH2][CH2][CH2][CH2][CH2][CH2][CH2][CH2][CH2][CH2][CH2][CH2][CH2][CH2][CH2][CH2][CH2][CH2][CH2][CH2][CH2][CH2][CH2][CH]([C](=[O])[O][CH2][CH]1[O][CH]([O][CH]2[O][CH]([CH2][O][P](=[O])([OH])[OH])[CH]([OH])[CH]([OH])[CH]2[OH])[CH]([OH])[CH]([OH])[CH]1[OH])[CH]([OH])[CH2][CH2][CH2][CH2][CH2][CH2][CH2][CH2][CH2][CH2][CH2][CH2][CH2][CH2][CH2][CH2][CH]1[CH2][CH]1[CH]([CH3])[CH2][CH2][CH2][CH2][CH2][CH2][CH2][CH2][CH2][CH2][CH2][CH2][CH2][CH2][CH2][CH2][C](=[O])[CH]([CH3])[CH2][CH2][CH2][CH2][CH2][CH2][CH2][CH2][CH2][CH2][CH2][CH2][CH2][CH2][CH2][CH2][CH3]
9458,[CH3][CH2][CH2][CH2][CH2][CH2][CH2][CH2][CH2][CH2][CH2][CH2][CH2][CH2][CH2][CH2][CH2][CH2][CH2][CH2][CH2][CH2][CH2][CH2][CH2][CH2][CH]([C](=[O])[O][CH2][CH]1[O][CH]([O][CH]2[O][CH]([CH2][OH])[CH]([OH])[CH]([OH])[CH]2[OH])[CH]([OH])[CH]([OH])[CH]1[OH])[CH]([OH])[CH2][CH2][CH2][CH2][CH2][CH2][CH2][CH2][CH2][CH2][CH2][CH2][CH2][CH2][CH2][CH2][CH]1[CH2][CH]1[CH]([CH3])[CH2][CH2][CH2][CH2][CH2][CH2][CH2][CH2][CH2][CH2][CH2][CH2][CH2][CH2][CH2][CH2][C](=[O])[CH]([CH3])[CH2][CH2][CH2][CH2][CH2][CH2][CH2][CH2][CH2][CH2][CH2][CH2][CH2][CH2][CH2][CH2][CH3]
9459,[CH3][C]([OH])=[N][CH]([CH2][S][CH2][c]1[c]([CH3])[c](=[O])[n]2[c](=[O])[c]([CH3])[c]([CH3])[n]12)[C](=[O])[OH]
9460,[CH3][CH2][CH2][CH2][CH2][CH2][CH2][CH2][CH2][CH2][CH2][CH2][CH2][CH2][CH2][CH2][CH2][CH2][CH2][CH2][CH2][CH2][CH2][CH2][CH]([C](=[O])[OH])[C](=[O])[S][CH2][CH2][N]=[C]([OH])[CH2][CH2][N]=[C]([OH])[CH]([OH])[C]([CH3])([CH3])[CH2][O][P](=[O])([OH])[O][P](=[O])([OH])[O][CH2][CH]1[O][CH]([n]2[cH][n][c]3[c]([NH2])[n][cH][n][c]32)[CH]([OH])[CH]1[O][P](=[O])([OH])[OH]
9461,[CH3][O][c]1[c]([OH])[c]([OH])[c]([CH3])[c]([CH2][CH]=[C]([CH3])[CH2][CH2][CH]=[C]([CH3])[CH2][CH2][CH]=[C]([CH3])[CH2][CH2][CH]=[C]([CH3])[CH2][CH2][CH]=[C]([CH3])[CH2][CH2][CH]=[C]([CH3])[CH3])[c]1[OH]
9462,[CH3][N]([CH3])[CH2][CH2][O][P](=[O])([OH])[O][P](=[O])([OH])[O][CH2][CH]1[O][CH]([n]2[cH][cH][c](=[NH])[n][c]2[OH])[CH]([OH])[CH]1[OH]
9463,[NH]=[c]1[n][c]([OH])[c]2[n][cH][n]([CH]3[O][CH]([CH2][O][P](=[O])([OH])[O][P](=[O])([OH])[O][CH]4[O][CH]([CH2][OH])[CH]([OH])[CH]([OH])[CH]4[OH])[CH]([OH])[CH]3[OH])[c]2[nH]1
9464,[O]=[P]([OH])([OH])[O][CH]1[O][CH]([CH2][OH])[CH]([OH])[CH]([OH])[CH]1[OH]
9465,[cH]1[cH][n][cH][c]([CH]2[CH2][CH2][CH2][NH]2)[cH]1
9466,[OH][C]1=[N][CH]([c]2[cH][cH][cH][n][cH]2)[CH2][CH2]1
9467,[CH3][CH]([CH3])[CH2][CH2][CH2][CH]([CH3])[CH]1[CH2][CH2][C]2([CH2][OH])[C]3=[C]([CH2][CH2][C]12[CH3])[C]1([CH3])[CH2][CH2][CH]([OH])[C]([CH3])([CH3])[CH]1[CH2][CH2]3
9468,[CH3][CH]([CH3])[CH2][CH2][CH2][CH]([CH3])[CH]1[CH2][CH2][C]2([CH]=[O])[C]3=[C]([CH2][CH2][C]12[CH3])[C]1([CH3])[CH2][CH2][CH]([OH])[C]([CH3])([CH3])[CH]1[CH2][CH2]3
9469,[O]=[C]([OH])[CH2][CH2][CH]([OH])[c]1[cH][cH][cH][n][cH]1
9470,[O]=[C]([OH])[CH2][CH]=[CH][c]1[cH][cH][cH][n][cH]1
9471,[O]=[C]([OH])[CH2][CH2][CH2][c]1[cH][cH][cH][n][cH]1
9472,[CH3][N]1[CH2][CH2][CH2][C]1([OH])[c]1[cH][cH][cH][n][cH]1
9473,[CH3][CH]([CH3])[CH2][CH2][CH2][CH]([CH3])[CH]1[CH2][CH2][CH]2[C]3=[C]([CH2][CH2][C]21[CH3])[C]1([CH3])[CH2][CH2][CH]([OH])[C]([CH3])([CH2][OH])[CH]1[CH2][CH2]3
9474,[CH3][CH]([CH3])[CH2][CH2][CH2][CH]([CH3])[CH]1[CH2][CH2][CH]2[C]3=[C]([CH2][CH2][C]21[CH3])[C]1([CH3])[CH2][CH2][CH]([OH])[C]([CH3])([CH]=[O])[CH]1[CH2][CH2]3
9475,[CH3][N]1[C](=[O])[CH2][CH2][CH]1[c]1[cH][cH][cH][n][cH]1
9476,[CH3][N]1[C](=[O])[CH]([OH])[CH2][CH]1[c]1[cH][cH][cH][n][cH]1
9477,[CH3][N]1[C](=[O])[CH]([O][CH]2[O][CH]([C](=[O])[OH])[CH]([OH])[CH]([OH])[CH]2[OH])[CH2][CH]1[c]1[cH][cH][cH][n][cH]1
9478,[CH3][N]1[C](=[O])[CH2][CH2][C]1([OH])[c]1[cH][cH][cH][n][cH]1
9479,[CH3][N]=[C]([OH])[CH2][CH2][C](=[O])[c]1[cH][cH][cH][n][cH]1
9480,[O]=[C]1[CH2][CH2][CH]([c]2[cH][cH][cH][n][cH]2)[N]1[CH2][OH]
9481,[CH3][CH]([CH3])[CH2][CH2][CH2][CH]([CH3])[CH]1[CH2][CH2][CH]2[C]3=[C]([CH2][CH2][C]21[CH3])[C]1([CH3])[CH2][CH2][C](=[O])[CH]([CH3])[CH]1[CH2][CH2]3
9482,[CH3][CH]([NH][C]([CH3])([CH3])[CH3])[C](=[O])[c]1[cH][cH][cH][c]([Cl])[cH]1
9483,[CH3][CH]([NH][C]([CH3])([CH3])[CH2][OH])[C](=[O])[c]1[cH][cH][cH][c]([Cl])[cH]1
9484,[CH3][CH]([NH][C]([CH3])([CH3])[CH3])[CH]([OH])[c]1[cH][cH][cH][c]([Cl])[cH]1
9485,[CH3][CH]([NH][C]([CH3])([CH3])[CH3])[CH]([OH])[c]1[cH][cH][cH][c]([Cl])[cH]1
9486,[CH3][CH]([CH3])[CH2][CH2][CH2][CH]([CH3])[CH]1[CH2][CH2][CH]2[C]3=[C]([CH2][CH2][C]21[CH3])[C]1([CH3])[CH2][CH2][CH]([OH])[CH]([CH3])[CH]1[CH2][CH2]3
9487,[CH3][CH]([CH3])[CH2][CH2][CH2][CH]([CH3])[CH]1[CH2][CH2][CH]2[C]3=[C]([CH2][CH2][C]21[CH3])[C]1([CH3])[CH2][CH2][CH]([OH])[CH]([CH]=[O])[CH]1[CH2][CH2]3
9488,[CH3][CH]([CH3])[CH2][CH2][CH2][CH]([CH3])[CH]1[CH2][CH2][CH]2[C]3=[C]([CH2][CH2][C]21[CH3])[C]1([CH3])[CH2][CH2][CH]([OH])[CH]([CH2][OH])[CH]1[CH2][CH2]3
9489,[CH3][CH]([CH3])[CH2][CH2][CH2][CH]([CH3])[CH]1[CH2][CH2][CH]2[C]3=[C]([CH2][CH2][C]21[CH3])[C]1([CH3])[CH2][CH2][CH]([OH])[CH]([C](=[O])[OH])[CH]1[CH2][CH2]3
9490,[CH3][CH]([CH3])[CH2][CH2][CH2][CH]([CH3])[CH]1[CH2][CH2][CH]2[C]3=[C]([CH2][CH2][C]21[CH3])[C]1([CH3])[CH2][CH2][C](=[O])[CH2][CH]1[CH2][CH2]3
9491,[CH3][C]([CH3])=[CH][CH2][CH2][CH]([CH3])[CH]1[CH2][CH2][C]2([CH2][OH])[C]3=[C]([CH2][CH2][C]12[CH3])[C]1([CH3])[CH2][CH2][CH]([OH])[C]([CH3])([CH3])[CH]1[CH2][CH2]3
9492,[CH3][C]([CH3])=[CH][CH2][CH2][CH]([CH3])[CH]1[CH2][CH2][C]2([CH]=[O])[C]3=[C]([CH2][CH2][C]12[CH3])[C]1([CH3])[CH2][CH2][CH]([OH])[C]([CH3])([CH3])[CH]1[CH2][CH2]3
9493,[CH3][C]([CH3])=[CH][CH2][CH2][CH]([CH3])[CH]1[CH2][CH2][CH]2[C]3=[C]([CH2][CH2][C]21[CH3])[C]1([CH3])[CH2][CH2][CH]([OH])[C]([CH3])([CH2][OH])[CH]1[CH2][CH2]3
9494,[CH3][C]([CH3])=[CH][CH2][CH2][CH]([CH3])[CH]1[CH2][CH2][CH]2[C]3=[C]([CH2][CH2][C]21[CH3])[C]1([CH3])[CH2][CH2][CH]([OH])[C]([CH3])([CH]=[O])[CH]1[CH2][CH2]3
9495,[CH3][C]([CH3])=[CH][CH2][CH2][CH]([CH3])[CH]1[CH2][CH2][CH]2[C]3=[C]([CH2][CH2][C]21[CH3])[C]1([CH3])[CH2][CH2][C](=[O])[CH]([CH3])[CH]1[CH2][CH2]3
9496,[CH3][C]([CH3])=[CH][CH2][CH2][CH]([CH3])[CH]1[CH2][CH2][CH]2[C]3=[C]([CH2][CH2][C]21[CH3])[C]1([CH3])[CH2][CH2][CH]([OH])[CH]([CH2][OH])[CH]1[CH2][CH2]3
9497,[CH3][C]([CH3])=[CH][CH2][CH2][CH]([CH3])[CH]1[CH2][CH2][CH]2[C]3=[C]([CH2][CH2][C]21[CH3])[C]1([CH3])[CH2][CH2][CH]([OH])[CH]([CH]=[O])[CH]1[CH2][CH2]3
9498,[CH3][C]([CH3])=[CH][CH2][CH2][CH]([CH3])[CH]1[CH2][CH2][CH]2[C]3=[C]([CH2][CH2][C]21[CH3])[C]1([CH3])[CH2][CH2][C](=[O])[CH2][CH]1[CH2][CH2]3
9499,[CH3][CH2][C]([CH3])([CH3])[C](=[O])[O][CH]1[CH2][CH]([CH3])[CH]=[C]2[CH]=[CH][CH]([CH3])[CH]([CH2][CH2][CH]3[CH2][CH]([OH])[CH2][C](=[O])[O]3)[CH]21