﻿substrate_ID,original_compound
1500,[CH3][C]([OH])=[N][CH]1[CH]([O][P](=[O])([OH])[O][P](=[O])([OH])[O][CH2][CH]2[O][CH]([n]3[cH][cH][c]([OH])[n][c]3=[O])[CH]([OH])[CH]2[OH])[O][CH]([CH2][OH])[CH]([OH])[CH]1[O][CH]([CH3])[C]([OH])=[N][CH]([CH3])[C]([OH])=[N][CH]([CH2][CH2][C]([OH])=[N][CH]([CH2][CH2][CH2][CH2][NH2])[C](=[O])[OH])[C](=[O])[OH]
1501,[CH3][C]([OH])=[N][CH]1[CH]([O][P](=[O])([OH])[O][P](=[O])([OH])[O][CH2][CH]2[O][CH]([n]3[cH][cH][c]([OH])[n][c]3=[O])[CH]([OH])[CH]2[OH])[O][CH]([CH2][OH])[CH]([OH])[CH]1[O][CH]([CH3])[C]([OH])=[N][CH]([CH3])[C]([OH])=[N][CH]([CH2][CH2][C](=[O])[OH])[C](=[O])[OH]
1502,[CH3][C]([OH])=[N][CH]1[CH]([O][P](=[O])([OH])[O][P](=[O])([OH])[O][CH2][CH]2[O][CH]([n]3[cH][cH][c]([OH])[n][c]3=[O])[CH]([OH])[CH]2[OH])[O][CH]([CH2][OH])[CH]([OH])[CH]1[OH]
1503,[CH2]=[C]([O][CH]1[CH]([OH])[CH]([CH2][OH])[O][CH]([O][P](=[O])([OH])[O][P](=[O])([OH])[O][CH2][CH]2[O][CH]([n]3[cH][cH][c]([OH])[n][c]3=[O])[CH]([OH])[CH]2[OH])[CH]1[N]=[C]([CH3])[OH])[C](=[O])[OH]
1504,[NH2][CH]1[CH]([O][P](=[O])([OH])[O][P](=[O])([OH])[O][CH2][CH]2[O][CH]([n]3[cH][cH][c]([OH])[n][c]3=[O])[CH]([OH])[CH]2[OH])[O][CH]([CH2][OH])[CH]([OH])[CH]1[OH]
1505,[CH3][C]([CH3])=[CH][CH2][CH2][C]([CH3])=[CH][CH2][CH2][C]([CH3])=[CH][CH2][CH2][C]([CH3])=[CH][CH2][CH2][C]([CH3])=[CH][CH2][CH2][C]([CH3])=[CH][CH2][CH2][C]([CH3])=[CH][CH2][CH2][C]([CH3])=[CH][CH2][CH2][C]([CH3])=[CH][CH2][CH2][C]([CH3])=[CH][CH2][CH2][C]([CH3])=[CH][CH2][O][P](=[O])([OH])[O][P](=[O])([OH])[O][CH]1[O][CH]([CH2][OH])[CH]([O][CH]2[O][CH]([CH2][OH])[CH]([OH])[CH]([OH])[CH]2[N]=[C]([CH3])[OH])[CH]([O][CH]([CH3])[C]([OH])=[N][CH]([CH3])[C]([OH])=[N][CH]([CH2][CH2][C]([OH])=[N][CH]([CH2][CH2][CH2][CH]([NH2])[C](=[O])[OH])[C]([OH])=[N][CH]([CH3])[C]([OH])=[N][CH]([CH3])[C](=[O])[OH])[C](=[O])[OH])[CH]1[N]=[C]([CH3])[OH]
1506,[CH3][C]([OH])=[N][CH]1[CH]([O][P](=[O])([OH])[O][P](=[O])([OH])[O][CH2][CH]2[O][CH]([n]3[cH][cH][c]([OH])[n][c]3=[O])[CH]([OH])[CH]2[OH])[O][CH]([CH2][OH])[CH]([OH])[CH]1[O][CH]([CH3])[C]([OH])=[N][CH]([CH3])[C](=[O])[OH]
1507,[CH3][C]([OH])=[N][CH]1[CH]([O][P](=[O])([OH])[O][P](=[O])([OH])[O][CH2][CH]2[O][CH]([n]3[cH][cH][c]([OH])[n][c]3=[O])[CH]([OH])[CH]2[OH])[O][CH]([CH2][OH])[CH]([OH])[CH]1[O][CH]([CH3])[C](=[O])[OH]
1508,[CH3][C]([CH3])=[CH][CH2][CH2][C]([CH3])=[CH][CH2][CH2][C]([CH3])=[CH][CH2][CH2][C]([CH3])=[CH][CH2][CH2][C]([CH3])=[CH][CH2][CH2][C]([CH3])=[CH][CH2][CH2][C]([CH3])=[CH][CH2][CH2][C]([CH3])=[CH][CH2][CH2][C]([CH3])=[CH][CH2][CH2][C]([CH3])=[CH][CH2][CH2][C]([CH3])=[CH][CH2][OH]
1509,[O]=[C]([OH])[CH]1[O][CH]([O][P](=[O])([OH])[OH])[CH]([OH])[CH]([OH])[CH]1[OH]
1510,[O]=[C]([OH])[CH]1[O][CH]([O][P](=[O])([OH])[O][P](=[O])([OH])[O][CH2][CH]2[O][CH]([n]3[cH][cH][c]([OH])[n][c]3=[O])[CH]([OH])[CH]2[OH])[CH]([OH])[CH]([OH])[CH]1[OH]
1511,[O]=[C]([OH])[CH]1[O][CH]([O][P](=[O])([OH])[O][P](=[O])([OH])[O][CH2][CH]2[O][CH]([n]3[cH][cH][c]([OH])[n][c]3=[O])[CH]([OH])[CH]2[OH])[CH]([OH])[CH]([OH])[CH]1[OH]
1512,[O]=[C]1[CH2][O][CH]([O][P](=[O])([OH])[O][P](=[O])([OH])[O][CH2][CH]2[O][CH]([n]3[cH][cH][c]([OH])[n][c]3=[O])[CH]([OH])[CH]2[OH])[CH]([OH])[CH]1[OH]
1513,[O]=[c]1[n][c]([OH])[cH][cH][n]1[CH]1[O][CH]([CH2][O][P](=[O])([OH])[O][P](=[O])([OH])[O][CH]2[O][CH2][CH]([OH])[CH]([OH])[CH]2[OH])[CH]([OH])[CH]1[OH]
1514,[NH2][CH]1[CH2][O][CH]([O][P](=[O])([OH])[O][P](=[O])([OH])[O][CH2][CH]2[O][CH]([n]3[cH][cH][c]([OH])[n][c]3=[O])[CH]([OH])[CH]2[OH])[CH]([OH])[CH]1[OH]
1515,[CH3][CH2][CH2][CH2][CH2][CH2][CH2][CH2][CH2][CH2][CH2][CH]([OH])[CH2][C](=[O])[O][CH]1[CH]([NH2])[CH]([O][P](=[O])([OH])[O][P](=[O])([OH])[O][CH2][CH]2[O][CH]([n]3[cH][cH][c]([OH])[n][c]3=[O])[CH]([OH])[CH]2[OH])[O][CH]([CH2][OH])[CH]1[OH]
1516,[CH3][CH2][CH2][CH2][CH2][CH2][CH2][CH2][CH2][CH2][CH2][CH]([OH])[CH2][C](=[O])[O][CH]1[CH]([OH])[CH]([CH2][OH])[O][CH]([O][P](=[O])([OH])[O][P](=[O])([OH])[O][CH2][CH]2[O][CH]([n]3[cH][cH][c]([OH])[n][c]3=[O])[CH]([OH])[CH]2[OH])[CH]1[N]=[C]([CH3])[OH]
1517,[O]=[c]1[n][c]([OH])[cH][cH][n]1[CH]1[O][CH]([CH2][O][P](=[O])([OH])[O][P](=[O])([OH])[O][CH]2[O][CH2][CH]([N]=[CH][OH])[CH]([OH])[CH]2[OH])[CH]([OH])[CH]1[OH]
1518,[O]=[P]([OH])([OH])[O][CH]1[O][CH2][CH]([OH])[CH]([OH])[CH]1[OH]
1519,[O]=[c]1[n][c]([OH])[cH][cH][n]1[CH]1[O][CH]([CH2][O][P](=[O])([OH])[O][P](=[O])([OH])[O][CH]2[O][CH2][CH]([OH])[CH]([OH])[CH]2[OH])[CH]([OH])[CH]1[OH]
1520,[CH3][C]([CH3])=[CH][CH2][CH2][C]([CH3])=[CH][CH2][CH2][C]([CH3])=[CH][CH2][CH2][C]([CH3])=[CH][CH2][CH2][C]([CH3])=[CH][CH2][CH2][C]([CH3])=[CH][CH2][CH2][C]([CH3])=[CH][CH2][CH2][C]([CH3])=[CH][CH2][CH2][C]([CH3])=[CH][CH2][CH2][C]([CH3])=[CH][CH2][CH2][C]([CH3])=[CH][CH2][O][P](=[O])([OH])[O][CH]1[O][CH2][C]([NH2])([CH]=[O])[CH]([OH])[CH]1[OH]
1521,[O]=[C]([OH])[CH2][CH2][c]1[c]2[nH][c]([c]1[CH2][C](=[O])[OH])[CH2][c]1[nH][c]([c]([CH2][C](=[O])[OH])[c]1[CH2][CH2][C](=[O])[OH])[CH2][c]1[nH][c]([c]([CH2][C](=[O])[OH])[c]1[CH2][CH2][C](=[O])[OH])[CH2][c]1[nH][c]([c]([CH2][C](=[O])[OH])[c]1[CH2][CH2][C](=[O])[OH])[CH2]2
1522,[O]=[C]([OH])[CH2][CH2][C]1=[C]([CH2][C](=[O])[OH])[c]2[cH][c]3[nH][c]([cH][c]4[n][c]([cH][c]5[nH][c]([cH][c]1[n]2)[c]([CH2][C](=[O])[OH])[c]5[CH2][CH2][C](=[O])[OH])[C]([CH2][C](=[O])[OH])=[C]4[CH2][CH2][C](=[O])[OH])[c]([CH2][C](=[O])[OH])[c]3[CH2][CH2][C](=[O])[OH]
1523,[O]=[C]([OH])[CH2][CH2][c]1[c]2[nH][c]([c]1[CH2][C](=[O])[OH])[CH2][c]1[nH][c]([c]([CH2][C](=[O])[OH])[c]1[CH2][CH2][C](=[O])[OH])[CH2][c]1[nH][c]([c]([CH2][C](=[O])[OH])[c]1[CH2][CH2][C](=[O])[OH])[CH2][c]1[nH][c]([c]([CH2][CH2][C](=[O])[OH])[c]1[CH2][C](=[O])[OH])[CH2]2
1524,[O]=[C]([OH])[CH2][CH2][C]1=[C]([CH2][C](=[O])[OH])[c]2[cH][c]3[nH][c]([cH][c]4[n][c]([cH][c]5[nH][c]([cH][c]1[n]2)[c]([CH2][C](=[O])[OH])[c]5[CH2][CH2][C](=[O])[OH])[C]([CH2][CH2][C](=[O])[OH])=[C]4[CH2][C](=[O])[OH])[c]([CH2][C](=[O])[OH])[c]3[CH2][CH2][C](=[O])[OH]
1525,[CH3][c]1[c]2[nH][c]([c]1[CH2][CH2][C](=[O])[OH])[CH2][c]1[nH][c]([c]([CH2][CH2][C](=[O])[OH])[c]1[CH3])[CH2][c]1[nH][c]([c]([CH2][CH2][C](=[O])[OH])[c]1[CH3])[CH2][c]1[nH][c]([c]([CH2][CH2][C](=[O])[OH])[c]1[CH3])[CH2]2
1526,[CH3][O][C]1=[CH][C](=[O])[CH]=[C]([CH2][CH]=[C]([CH3])[CH2][CH2][CH]=[C]([CH3])[CH2][CH2][CH]=[C]([CH3])[CH2][CH2][CH]=[C]([CH3])[CH2][CH2][CH]=[C]([CH3])[CH2][CH2][CH]=[C]([CH3])[CH2][CH2][CH]=[C]([CH3])[CH2][CH2][CH]=[C]([CH3])[CH3])[C]1=[O]
1527,[CH3][O][C]1=[CH][C](=[O])[C]([CH3])=[C]([CH2][CH]=[C]([CH3])[CH2][CH2][CH]=[C]([CH3])[CH2][CH2][CH]=[C]([CH3])[CH2][CH2][CH]=[C]([CH3])[CH2][CH2][CH]=[C]([CH3])[CH2][CH2][CH]=[C]([CH3])[CH2][CH2][CH]=[C]([CH3])[CH2][CH2][CH]=[C]([CH3])[CH3])[C]1=[O]
1528,[CH3][O][c]1[cH][c]([C](=[O])[OH])[cH][cH][c]1[OH]
1529,[OH][CH]1[CH2][O][CH]([OH])[CH]([OH])[CH]1[OH]
1530,[O]=[C]1[O][CH2][CH]([OH])[CH]([OH])[CH]1[OH]
1531,[OH][CH2][CH]([OH])[CH]([OH])[CH]([OH])[CH2][OH]
1532,[CH3][C]([CH3])=[CH][CH2][CH2][C]([CH3])=[CH][CH2][CH2][C]([CH3])=[CH][CH]=[CH][C]([CH3])=[CH][CH]=[CH][CH]=[C]([CH3])[CH]=[CH][CH]=[C]([CH3])[CH2][CH2][CH]=[C]([CH3])[CH2][CH2][CH]=[C]([CH3])[CH3]
1533,[CH3][C]([CH3])=[CH][CH2][CH2][C]([CH3])=[CH][CH]=[CH][C]([CH3])=[CH][CH]=[CH][C]([CH3])=[CH][CH]=[CH][CH]=[C]([CH3])[CH]=[CH][CH]=[C]([CH3])[CH2][CH2][CH]=[C]([CH3])[CH2][CH2][CH]=[C]([CH3])[CH3]
1534,[CH3][CH]([CH3])[CH2][CH2][CH2][CH]([CH3])[CH]1[CH2][CH2][CH]2[C]3=[C]([CH2][CH2][C]21[CH3])[C]1([CH3])[CH2][CH2][CH]([OH])[CH2][CH]1[CH2][CH2]3
1535,[CH3][C](=[O])[O][P](=[O])([OH])[O][CH2][CH]1[O][CH]([n]2[cH][n][c]3[c]([NH2])[n][cH][n][c]32)[CH]([OH])[CH]1[OH]
1536,[O]=[C]([OH])[CH2][CH]([C](=[O])[OH])[C](=[O])[C](=[O])[OH]
1537,[NH]=[C]([OH])[CH2][CH2][C](=[O])[C](=[O])[OH]
1538,[CH3][c]1[n][cH][c]([CH2][n+]2[c]([CH]([OH])[CH2][CH2][C](=[O])[OH])[s][c]([CH2][CH2][O][P](=[O])([OH])[O][P](=[O])([OH])[OH])[c]2[CH3])[c](=[NH])[nH]1
1539,[O]=[C]([OH])[C]1([OH])[CH2][CH]([OH])[CH]([N]=[C]([OH])[CH2][OH])[CH]([CH]([OH])[CH]([OH])[CH2][OH])[O]1
1540,[CH3][NH][CH2][CH2][O][P](=[O])([OH])[OH]
1541,[O]=[C]([OH])[c]1[cH][c]([OH])[cH][cH][c]1[OH]
1542,[O]=[CH][c]1[cH][c]([OH])[cH][cH][c]1[OH]
1543,[N]#[C][CH2][CH]([NH2])[C](=[O])[OH]
1544,[N]#[C][CH2][CH]([N]=[C]([OH])[CH2][CH2][CH]([NH2])[C](=[O])[OH])[C](=[O])[OH]
1545,[N]#[C][CH2][CH2][N]=[C]([OH])[CH2][CH2][CH]([NH2])[C](=[O])[OH]
1546,[CH3][CH]([OH])[C](=[O])[CH]1[CH2][NH][c]2[nH][c](=[NH])[n][c]([OH])[c]2[NH]1
1547,[O]=[C]1[CH]([OH])[CH]([CH2][OH])[O][CH]([O][CH]2[CH]([CH2][OH])[O][CH]([OH])[CH]([OH])[CH]2[OH])[CH]1[OH]
1548,[O]=[C]1[CH]([OH])[CH]([OH])[O][CH]([CH2][OH])[CH]1[OH]
1549,[CH3][N]([CH3])[CH2][CH2][O][P](=[O])([OH])[OH]
1550,[CH3][C](=[O])[C]([CH3])([OH])[C](=[O])[OH]
1551,[CH3][C]([OH])([CH2][C](=[O])[C](=[O])[OH])[C](=[O])[OH]
1552,[OH][CH2][CH]1[O][CH]([O][C]2([CH2][O][C]3([CH2][OH])[O][CH]([CH2][OH])[CH]([OH])[CH]3[OH])[O][CH]([CH2][OH])[CH]([OH])[CH]2[OH])[CH]([OH])[CH]([OH])[CH]1[OH]
1553,[OH][N]=[N][OH]
1554,[CH3][CH2][N+](=[O])[O-]
1555,[OH][CH2][CH]1[O][CH]([OH])[CH]([OH])[CH]([OH])[CH]1[OH]
1556,[O]=[C]([c]1[cH][cH][cH][cH][cH]1)[CH]([OH])[c]1[cH][cH][cH][cH][cH]1
1557,[NH2][CH]([CH2][c]1[cH][cH][c]([OH])[c]([OH])[cH]1)[C](=[O])[OH]
1558,[CH3][c]1[n][cH][c]([CH2][n+]2[cH][s][c]([CH2][CH]=[O])[c]2[CH3])[c](=[NH])[nH]1
1559,[CH3][CH2][C](=[O])[CH]([OH])[CH2][CH3]
1560,[OH][CH2][CH]1[O][CH]([O][CH2][CH]2[O][CH]([O][C]3([CH2][O][CH]4[O][CH]([CH2][OH])[CH]([OH])[CH]([OH])[CH]4[OH])[O][CH]([CH2][OH])[CH]([OH])[CH]3[OH])[CH]([OH])[CH]([OH])[CH]2[OH])[CH]([OH])[CH]([OH])[CH]1[OH]
1561,[CH3][O][c]1[cH][c]([CH]=[CH][c]2[cH][cH][c]([OH])[c]([O][CH3])[cH]2)[cH][cH][c]1[OH]
1562,[CH3][O][c]1[cH][cH][c]2[cH][c]3[n+]([cH][c]2[c]1[O][CH3])[CH2][CH2][c]1[cH][c]2[c]([cH][c]1-3)[O][CH2][O]2
1563,[CH3][O][c]1[cH][c]2[c]([cH][c]1[OH])-[c]1[cH][c]3[cH][cH][c]([O][CH3])[c]([O][CH3])[c]3[cH][n+]1[CH2][CH2]2
1564,[NH2][CH]([CH2][C]1=[CH][C](=[O])[C](=[O])[CH]=[CH]1)[C](=[O])[OH]
1565,[CH3][CH]([OH])[CH2][C](=[O])[O][CH]([CH3])[CH2][C](=[O])[OH]
1566,[O]=[C]([O][CH]1[O][CH]([CH2][OH])[CH]([OH])[CH]([OH])[CH]1[OH])[c]1[cH][c]([OH])[c]([OH])[c]([OH])[cH]1
1567,[O]=[C]([O][CH2][CH]1[O][CH]([O][C](=[O])[c]2[cH][c]([OH])[c]([OH])[c]([OH])[cH]2)[CH]([OH])[CH]([OH])[CH]1[OH])[c]1[cH][c]([OH])[c]([OH])[c]([OH])[cH]1
1568,[O]=[C]([OH])[c]1[cH][c]([OH])[c]([OH])[c]([O][C](=[O])[c]2[cH][c]([OH])[c]([OH])[c]([OH])[cH]2)[cH]1
1569,[CH3][c]1[cH][c]([OH])[cH][c]([OH])[c]1[C](=[O])[OH]
1570,[CH3][c]1[cH][c]([O][C](=[O])[c]2[c]([CH3])[cH][c]([OH])[cH][c]2[OH])[cH][c]([OH])[c]1[C](=[O])[OH]
1571,[O]=[CH][CH]1[O][CH]([n]2[cH][n][c]3[c]([OH])[n][cH][n][c]32)[CH]([OH])[CH]1[OH]
1572,[O]=[C]1[CH]=[CH][CH]=[CH][C]1=[O]
1573,[CH3][O][C](=[O])[c]1[cH][c]([OH])[cH][c]([O][CH3])[c]1[C](=[O])[c]1[c]([OH])[cH][c]([CH3])[cH][c]1[OH]
1574,[CH3][O][C](=[O])[C]1=[CH][C](=[O])[CH]=[C]([O][CH3])[C]12[O][c]1[cH][c]([CH3])[cH][c]([OH])[c]1[C]2=[O]
1575,[CH3][O][C](=[O])[C]1=[CH][C](=[O])[CH]=[C]([O][CH3])[C]12[O][c]1[cH][c]([CH3])[cH][c]([OH])[c]1[C]2=[O]
1576,[CH3][O][c]1[cH][c]([CH]=[CH][C](=[O])[O][CH]2[O][CH]([CH2][OH])[CH]([OH])[CH]([OH])[CH]2[OH])[cH][c]([O][CH3])[c]1[OH]
1577,[CH3][O][c]1[cH][c]([CH]=[CH][C](=[O])[O][CH]2[O][CH]([CH2][OH])[CH]([OH])[CH]([OH])[CH]2[O][C](=[O])[CH]=[CH][c]2[cH][c]([O][CH3])[c]([OH])[c]([O][CH3])[cH]2)[cH][c]([O][CH3])[c]1[OH]
1578,[O]=[C]([OH])[CH2][CH2][CH]1[N]=[C]([OH])[N]=[C]1[OH]
1579,[CH2]=[CH][C]1=[C]([CH3])[CH]([CH2][C]2=[N][C](=[CH][c]3[nH][c]([CH2][CH]4[N]=[C]([OH])[C]([CH3])=[C]4[CH2][CH3])[c]([CH3])[c]3[CH2][CH2][C](=[O])[OH])[C]([CH2][CH2][C](=[O])[OH])=[C]2[CH3])[N]=[C]1[OH]
1580,[CH2]=[CH][C]1=[C]([CH3])[CH]([CH2][c]2[nH][c]([CH2][c]3[nH][c]([CH2][CH]4[N]=[C]([OH])[C]([CH3])=[C]4[CH2][CH3])[c]([CH3])[c]3[CH2][CH2][C](=[O])[OH])[c]([CH2][CH2][C](=[O])[OH])[c]2[CH3])[N]=[C]1[OH]
1581,[CH3][c]1[n][cH][c]([CH2][n+]2[cH][s][c]([CH2][C](=[O])[OH])[c]2[CH3])[c](=[NH])[nH]1
1582,[CH3][CH2][CH2][CH2][CH2][CH]([CH]=[CH][CH]1[CH]2[CH2][CH]([O][O]2)[CH]1[CH2][CH]=[CH][CH2][CH2][CH2][C](=[O])[OH])[O][OH]
1583,[CH3][CH2][CH2][CH2][CH2][CH]([OH])[CH]=[CH][CH]1[CH]2[CH2][CH]([O][O]2)[CH]1[CH2][CH]=[CH][CH2][CH2][CH2][C](=[O])[OH]
1584,[NH2][c]1[cH][cH][cH][cH][c]1[OH]
1585,[NH2][c]1[cH][c]2[n][c]3[cH][cH][cH][cH][c]3[o][c]-2[cH][c]1=[O]
1586,[NH2][CH]([CH2][CH2][NH][CH]([CH2][CH2][N]1[CH2][CH2][CH]1[C](=[O])[OH])[C](=[O])[OH])[C](=[O])[OH]
1587,[O]=[c]1[cH][c]2[o][c]3[cH][cH][cH][cH][c]3[o][c]-2[cH][c]1=[O]
1588,[CH3][C]([CH3])([CH2][O][P](=[O])([OH])[O][P](=[O])([OH])[O][CH2][CH]1[O][CH]([n]2[cH][n][c]3[c]([NH2])[n][cH][n][c]32)[CH]([OH])[CH]1[O][P](=[O])([OH])[OH])[CH]([OH])[C]([OH])=[N][CH2][CH2][C]([OH])=[N][CH2][CH2][S][S][CH2][CH2][N]=[C]([OH])[CH2][CH2][N]=[C]([OH])[CH]([OH])[C]([CH3])([CH3])[CH2][O][P](=[O])([OH])[O][P](=[O])([OH])[O][CH2][CH]1[O][CH]([n]2[cH][n][c]3[c]([NH2])[n][cH][n][c]32)[CH]([OH])[CH]1[O][P](=[O])([OH])[OH]
1589,[NH2][c]1[n][cH][n][c]2[c]1[n][cH][n]2[CH]1[O][CH]([CH2][O][P](=[O])([OH])[O][P](=[O])([OH])[O][CH2][CH]2[O][CH]([n+]3[cH][cH][cH][c]([C](=[O])[OH])[cH]3)[CH]([OH])[CH]2[OH])[CH]([OH])[CH]1[O][P](=[O])([OH])[OH]
1590,[NH2][c]1[n][cH][n][c]2[c]1[n][cH][n]2[CH]1[O][CH]([CH2][O][P](=[O])([OH])[O][P](=[O])([OH])[O][P](=[O])([OH])[O][P](=[O])([OH])[OH])[CH]([OH])[CH]1[OH]
1591,[NH]=[C]([OH])[C]1=[CH][N]([CH]2[O][CH]([CH2][O][P](=[O])([OH])[O][P](=[O])([OH])[O][CH2][CH]3[O][CH]([n]4[cH][n][c]5[c]([NH2])[n][cH][n][c]54)[CH]([OH])[CH]3[OH])[CH]([OH])[CH]2[OH])[CH]([OH])[CH2][CH2]1
1592,[NH]=[c]1[n][c]([OH])[n]([CH]2[CH2][CH]([OH])[CH]([CH2][O][P](=[O])([OH])[O][P](=[O])([OH])[OH])[O]2)[cH][c]1[CH2][OH]
1593,[NH]=[c]1[n][c]([OH])[n]([CH]2[CH2][CH]([OH])[CH]([CH2][O][P](=[O])([OH])[O][P](=[O])([OH])[O][P](=[O])([OH])[OH])[O]2)[cH][c]1[CH2][OH]
1594,[NH]=[c]1[n][c]([OH])[n]([CH]2[CH2][CH]([OH])[CH]([CH2][O][P](=[O])([OH])[OH])[O]2)[cH][c]1[CH2][OH]
1595,[NH2][P](=[O])([OH])[OH]
1596,[CH]#[N]
1597,[NH2][NH2]
1598,[NH2][CH]1[CH2][CH2][O][C]1=[O]
1599,[O]=[P]([OH])([OH])[O][CH2][CH]1[O][CH]([OH])[CH]([OH])[CH]1[OH]
1600,[NH2][CH]([CH2][CH2][S][CH2][CH]1[O][CH]([n]2[cH][n][c]3[c]([OH])[n][cH][n][c]32)[CH]([OH])[CH]1[OH])[C](=[O])[OH]
1601,[NH]=[C]([OH])[O][CH2][CH]([NH2])[C](=[O])[OH]
1602,[O]=[C]([OH])[C]#[C][C](=[O])[OH]
1603,[CH3][C]([OH])([CH2][C](=[O])[S][CH2][CH2][N]=[C]([OH])[CH2][CH2][N]=[C]([OH])[CH]([OH])[C]([CH3])([CH3])[CH2][O][P](=[O])([OH])[O][P](=[O])([OH])[O][CH2][CH]1[O][CH]([n]2[cH][n][c]3[c]([NH2])[n][cH][n][c]32)[CH]([OH])[CH]1[O][P](=[O])([OH])[OH])[C](=[O])[OH]
1604,[NH2][CH]([CH2][CH2][C](=[O])[OH])[C](=[O])[O][P](=[O])([OH])[OH]
1605,[CH3][CH]([C](=[O])[OH])[CH]([NH2])[C](=[O])[OH]
1606,[O]=[CH][CH2][CH2][C](=[O])[C](=[O])[OH]
1607,[O]=[C]([OH])[CH2][CH2][C]([OH])([CH2][C](=[O])[OH])[C](=[O])[OH]
1608,[CH3][CH]1[O][CH]([O][P](=[O])([OH])[O][P](=[O])([OH])[O][CH2][CH]2[O][CH]([n]3[cH][cH][c]([OH])[n][c]3=[O])[CH]([OH])[CH]2[OH])[CH]([OH])[CH]([OH])[C]1=[O]
1609,[O]=[C]1[O][CH]([CH2][OH])[CH]([OH])[CH]([OH])[CH]1[OH]
1610,[O]=[C]1[O][CH]([CH]([OH])[CH2][OH])[CH]([OH])[CH]1[OH]
1611,[O]=[C]1[CH]([OH])[O][CH]([CH2][OH])[CH]([OH])[CH]1[OH]
1612,[O]=[C]([OH])[CH2][P](=[O])([OH])[OH]
1613,[CH3][C](=[O])[CH2][C](=[O])[C](=[O])[OH]
1614,[CH3][C]([OH])([CH2][C](=[O])[OH])[C](=[O])[OH]
1615,[NH]=[c]1[n][c]([OH])[c]2[n][cH][n]([CH]3[O][CH]([CH2][O][P](=[O])([OH])[O][P](=[O])([OH])[O][CH]4[O][CH]([CH2][OH])[CH]([OH])[CH]([OH])[CH]4[OH])[CH]([OH])[CH]3[OH])[c]2[nH]1
1616,[NH2][CH]([C](=[O])[OH])[CH]([OH])[C](=[O])[OH]
1617,[NH]=[C]([OH])[CH2][C](=[O])[C](=[O])[OH]
1618,[O]=[C]([OH])[CH2][C]([OH])([CH2][C](=[O])[C](=[O])[OH])[C](=[O])[OH]
1619,[CH3][C]([CH3])([CH2][O][P](=[O])([OH])[O][P](=[O])([OH])[O][CH2][CH]1[O][CH]([n]2[cH][n][c]3[c]([NH2])[n][cH][n][c]32)[CH]([OH])[CH]1[O][P](=[O])([OH])[OH])[CH]([OH])[C]([OH])=[N][CH2][CH2][C]([OH])=[N][CH2][CH2][S][C](=[O])[CH2][C]([OH])([CH2][C](=[O])[OH])[C](=[O])[OH]
1620,[CH3][CH]([NH][CH2][C](=[O])[OH])[C](=[O])[OH]
1621,[CH3][CH]([NH][CH]([CH3])[C](=[O])[OH])[C](=[O])[OH]
1622,[CH3][C](=[O])[CH2][CH]([NH2])[C](=[O])[OH]
1623,[CH3][C]([CH3])([CH2][O][P](=[O])([OH])[O][P](=[O])([OH])[O][CH2][CH]1[O][CH]([n]2[cH][n][c]3[c]([NH2])[n][cH][n][c]32)[CH]([OH])[CH]1[O][P](=[O])([OH])[OH])[CH]([OH])[C]([OH])=[N][CH2][CH2][C]([OH])=[N][CH2][CH2][S][C](=[O])[CH2][CH]([OH])[C](=[O])[OH]
1624,[CH3][C]([OH])=[N][CH]1[CH]([O][P](=[O])([OH])[OH])[O][CH]([CH2][OH])[CH]([OH])[CH]1[OH]
1625,[CH3][C]([OH])=[N][CH]1[CH]([O][P](=[O])([OH])[O][P](=[O])([OH])[O][CH2][CH]2[O][CH]([n]3[cH][cH][c]([OH])[n][c]3=[O])[CH]([OH])[CH]2[OH])[O][CH]([C](=[O])[OH])[CH]([OH])[CH]1[OH]
1626,[NH2][CH]([CH2][CH2][CH2][CH2][NH][OH])[C](=[O])[OH]
1627,[CH3][CH]([NH][CH]([CH2][CH2][CH2][CH2][NH2])[C](=[O])[OH])[C](=[O])[OH]
1628,[CH3][C]([OH])=[N][CH2][CH2][CH2][CH2][CH]([NH2])[C](=[O])[OH]
1629,[NH2][CH]1[CH2][CH2][CH2][CH2][N]=[C]1[OH]
1630,[O]=[C]([OH])[C](=[O])[CH2][CH]([OH])[C](=[O])[OH]
1631,[O]=[C]([OH])[CH2][CH2][C](=[O])[CH]([OH])[C](=[O])[OH]
1632,[O]=[C]([OH])[C](=[O])[CH]([C](=[O])[OH])[CH]([OH])[C](=[O])[OH]
1633,[CH3][C]([OH])=[N][CH]([CH2][C](=[O])[OH])[C](=[O])[OH]
1634,[NH2][CH]([CH2][CH2][C]([OH])=[N][CH]([CH2][S][C](=[O])[CH2][CH2][C](=[O])[OH])[C]([OH])=[N][CH2][C](=[O])[OH])[C](=[O])[OH]
1635,[CH3][C]([OH])=[N][CH]1[CH]([O][P](=[O])([OH])[O][P](=[O])([OH])[O][CH2][CH]2[O][CH]([n]3[cH][cH][c]([OH])[n][c]3=[O])[CH]([OH])[CH]2[OH])[O][CH]([CH2][O][P](=[O])([OH])[O][CH]2[O][CH]([CH2][OH])[CH]([OH])[CH]([OH])[CH]2[OH])[CH]([OH])[CH]1[OH]
1636,[O]=[CH][O][P](=[O])([OH])[OH]
1637,[O]=[C]([OH])[CH2][CH]([N]=[CH][OH])[C](=[O])[OH]
1638,[NH2][CH]([CH2][O][S](=[O])(=[O])[OH])[C](=[O])[OH]
1639,[O]=[CH][CH]([OH])[CH]([OH])[CH]([OH])[CH]([OH])[CH2][O][S](=[O])(=[O])[OH]
1640,[CH3][C]12[CH2][CH2][CH]3[c]4[cH][cH][c]([O][S](=[O])(=[O])[OH])[cH][c]4[CH2][CH2][CH]3[CH]1[CH2][CH2][CH]2[OH]
1641,[CH3][O][c]1[cH][c]2[c]([cH][c]1[O][S](=[O])(=[O])[OH])[CH2][CH2][CH]1[CH]2[CH2][CH2][C]2([CH3])[C](=[O])[CH2][CH2][CH]12
1642,[CH3][O][c]1[cH][c]2[c]([cH][c]1[O][S](=[O])(=[O])[OH])[CH2][CH2][CH]1[CH]2[CH2][CH2][C]2([CH3])[CH]([OH])[CH2][CH2][CH]12
1643,[NH]=[C]([NH2])[NH][CH2][C](=[O])[OH]
1644,[NH]=[c]1[cH][cH][n]([CH]2[O][CH]3[CH2][O][P](=[O])([OH])[O][CH]3[CH]2[OH])[c]([OH])[n]1
1645,[Cl][CH2][Cl]
1646,[CH3][NH][CH]([CH2][CH2][C](=[O])[OH])[C](=[O])[OH]
1647,[CH3][NH][CH2][CH2][CH2][CH2][CH]([NH2])[C](=[O])[OH]
1648,[CH3][S][CH2][CH2][CH2][NH2]
1649,[O]=[C]([OH])[CH]([CH2][CH2][CH2][N]=[C]([OH])[c]1[cH][cH][cH][cH][cH]1)[N]=[C]([OH])[c]1[cH][cH][cH][cH][cH]1
1650,[CH3][CH]([NH][CH2][CH2][CH2][CH]([NH2])[C](=[O])[OH])[C](=[O])[OH]
1651,[O]=[CH][CH]([OH])[c]1[cH][nH][c]2[cH][cH][cH][cH][c]12
1652,[NH]=[C]([OH])[CH]([NH2])[CH2][c]1[cH][nH][c]2[cH][cH][cH][cH][c]12
1653,[CH3][C]([OH])=[N][CH]([CH2][c]1[cH][cH][cH][cH][cH]1)[C](=[O])[OH]
1654,[O]=[C]([OH])[CH]([CH2][c]1[cH][cH][c]([OH])[cH][cH]1)[NH][OH]
1655,[NH]=[C]([NH2])[NH][CH2][CH2][CH2][CH]([N]=[C]([OH])[CH]([NH2])[CH2][c]1[cH][cH][c]([OH])[cH][cH]1)[C](=[O])[OH]
1656,[NH2][CH]([CH2][C](=[O])[OH])[c]1[cH][cH][c]([OH])[cH][cH]1
1657,[O]=[C]([OH])[CH2][C](=[O])[OH]
1658,[O]=[P]([OH])([OH])[O][CH2][CH]1[O][C]([OH])([CH2][OH])[CH]([OH])[CH]1[OH]
1659,[NH]=[C]([NH2])[NH][CH]([CH2][C](=[O])[OH])[C](=[O])[OH]
1660,[N]#[C][NH2]
1661,[S]
1662,[O]=[C]1[CH]([OH])[CH]([CH2][OH])[O][CH]([O][C]2([CH2][OH])[O][CH]([CH2][OH])[CH]([OH])[CH]2[OH])[CH]1[OH]
1663,[OH][CH2][CH]1[O][CH]([O][CH2][CH]2[O][C]([CH2][OH])([O][CH]3[O][CH]([CH2][OH])[CH]([OH])[CH]([OH])[CH]3[OH])[CH]([OH])[CH]2[OH])[CH]([OH])[CH]([OH])[CH]1[OH]
1664,[OH][CH]1[CH]=[CH][CH]=[CH][CH]1[OH]
1665,[CH3][O][c]1[cH][cH][cH][cH][c]1[OH]
1666,[O]=[N+]([O-])[c]1[cH][cH][cH][cH][c]1[OH]
1667,[O]=[P]([OH])([OH])[O][CH2][CH]([CH2][OH])[O][CH]1[O][CH]([CH2][OH])[CH]([OH])[CH]([OH])[CH]1[OH]
1668,[O]=[P]([OH])([OH])[O][CH2][CH]([OH])[CH2][O][CH]1[O][CH]([CH2][OH])[CH]([OH])[CH]([OH])[CH]1[OH]
1669,[O]=[C]([CH2][OH])[CH]([OH])[CH]([OH])[C](=[O])[CH2][OH]
1670,[NH]=[c]1[n][c]([OH])[c]2[n][cH][n]([CH]3[O][CH]([CH2][O][P](=[O])([OH])[O][P](=[O])([OH])[O][CH]4[O][CH]([C](=[O])[OH])[CH]([OH])[CH]([OH])[CH]4[OH])[CH]([OH])[CH]3[OH])[c]2[nH]1
1671,[NH2][CH]([CH2][CH2][C]([OH])=[N][CH]([CH2][S][S][CH2][CH]([NH2])[C](=[O])[OH])[C]([OH])=[N][CH2][C](=[O])[OH])[C](=[O])[OH]
1672,[CH3][CH]([NH][CH2][CH2][C](=[O])[OH])[C](=[O])[OH]
1673,[CH3][C]([OH])=[N][CH2][CH2][C](=[O])[OH]
1674,[NH2][CH2][CH2][CH2][CH2][CH]([N]=[C]([OH])[CH2][CH2][NH2])[C](=[O])[OH]
1675,[NH]=[C]([NH2])[NH][CH2][CH2][CH2][CH]([N]=[C]([OH])[CH2][CH2][NH2])[C](=[O])[OH]
1676,[NH]=[C]([NH2])[NH][CH2][CH2][C](=[O])[OH]
1677,[N]#[C][CH2][CH2][NH2]
1678,[CH3][CH2][C](=[O])[OH]
1679,[O]=[C]([OH])[CH2][CH2][CH]([OH])[C](=[O])[OH]
1680,[CH3][CH]([C](=[O])[S][CH2][CH2][N]=[C]([OH])[CH2][CH2][N]=[C]([OH])[CH]([OH])[C]([CH3])([CH3])[CH2][O][P](=[O])([OH])[O][P](=[O])([OH])[O][CH2][CH]1[O][CH]([n]2[cH][n][c]3[c]([NH2])[n][cH][n][c]32)[CH]([OH])[CH]1[O][P](=[O])([OH])[OH])[CH]([OH])[C](=[O])[OH]
1681,[O]=[P]([OH])([OH])[O][CH2][CH]1[O][CH]([O][P](=[O])([OH])[OH])[CH]([OH])[CH]([OH])[CH]1[OH]
1682,[O]=[c]1[n][c]([OH])[cH][cH][n]1[CH]1[O][CH]([CH2][O][P](=[O])([OH])[O][P](=[O])([OH])[O][P](=[O])([OH])[O][P](=[O])([OH])[O][CH2][CH]2[O][CH]([n]3[cH][cH][c]([OH])[n][c]3=[O])[CH]([OH])[CH]2[OH])[CH]([OH])[CH]1[OH]
1683,[O]=[C]([OH])[c]1[cH][n][c]([OH])[n][c]1[OH]
1684,[CH3][C]([CH3])([CH2][O][P](=[O])([OH])[O][P](=[O])([OH])[O][CH2][CH]1[O][CH]([n]2[cH][n][c]3[c]([NH2])[n][cH][n][c]32)[CH]([OH])[CH]1[O][P](=[O])([OH])[OH])[CH]([OH])[C]([OH])=[N][CH2][CH2][C]([OH])=[N][CH2][CH2][S][C](=[O])[c]1[cH][cH][cH][cH][c]1[NH2]
1685,[OH][c]1[nH][c]2[cH][cH][cH][cH][c]2[c]1[OH]
1686,[CH3][NH][c]1[cH][cH][cH][cH][c]1[C](=[O])[OH]
1687,[O]=[C]([OH])[c]1[cH][cH][cH][cH][c]1[N]=[CH][OH]
1688,[O]=[C]([OH])[CH2][C]([OH])=[N][c]1[cH][cH][cH][cH][c]1[C](=[O])[OH]
1689,[NH2][c]1[cH][cH][cH][cH][cH]1
1690,[CH3][CH]([C](=[O])[OH])[C](=[O])[C](=[O])[OH]
1691,[CH3][CH2][C]([OH])([CH2][C](=[O])[OH])[C](=[O])[OH]
1692,[O]=[C]([CH2][O][P](=[O])([OH])[OH])[CH]([OH])[CH2][OH]
1693,[NH2][CH]([CH2][Cl])[C](=[O])[OH]
1694,[NH2][CH]([CH2][Cl])[C](=[O])[OH]
1695,[O]=[C]([OH])[c]1[cH][cH][cH][cH][c]1[Cl]
1696,[O]=[P]([OH])([OH])[O][CH2][CH]([OH])[CH2][OH]
1697,[O]=[P]([OH])([OH])[O][CH2][CH]1[O][CH]([c]2[cH][n][c]([OH])[n][c]2[OH])[CH]([OH])[CH]1[OH]
1698,[CH3][C]([CH3])([CH2][O][P](=[O])([OH])[O][P](=[O])([OH])[O][CH2][CH]1[O][CH]([n]2[cH][n][c]3[c]([NH2])[n][cH][n][c]32)[CH]([OH])[CH]1[O][P](=[O])([OH])[OH])[CH]([OH])[C]([OH])=[N][CH2][CH2][C]([OH])=[N][CH2][CH2][S][C](=[O])[CH2][CH2][CH2][CH2][CH]1[S][CH2][CH]2[N]=[C]([OH])[NH][CH]21
1699,[NH]=[C]([OH])[CH2][CH2][CH2][CH2][CH]1[S][CH2][CH]2[N]=[C]([OH])[NH][CH]21
1700,[NH2][CH]([CH2][CH2][CH2][CH2][N]=[C]([OH])[CH2][CH2][CH2][CH2][CH]1[S][CH2][CH]2[N]=[C]([OH])[NH][CH]21)[C](=[O])[OH]
1701,[O]=[C]([OH])[CH]([OH])[CH]([OH])[CH]([OH])[CH2][OH]
1702,[CH3][C]([OH])=[N][CH]([CH2][CH]([CH3])[CH3])[C](=[O])[OH]
1703,[CH3][CH]([CH3])[CH]([NH2])[CH2][C](=[O])[OH]
1704,[O]=[C]1[O][CH]([CH]([OH])[CH2][OH])[CH]([OH])[CH]1[OH]
1705,[O]=[C]1[O][CH]([CH2][OH])[CH]([OH])[CH]([OH])[CH]1[OH]
1706,[O]=[CH][CH]([OH])[CH]([OH])[CH]([OH])[CH]([OH])[CH]=[O]
1707,[NH2][CH]([CH2][S][S][CH2][CH]([NH2])[C](=[O])[OH])[C](=[O])[OH]
1708,[NH2][CH]([CH2][CH2][S][S][CH2][CH2][CH]([NH2])[C](=[O])[OH])[C](=[O])[OH]
1709,[CH3][C]([CH3])([CH2][O][P](=[O])([OH])[O][P](=[O])([OH])[O][CH2][CH]1[O][CH]([n]2[cH][n][c]3[c]([NH2])[n][cH][n][c]32)[CH]([OH])[CH]1[O][P](=[O])([OH])[OH])[CH]([OH])[C]([OH])=[N][CH2][CH2][C]([OH])=[N][CH2][CH2][S][S][CH2][CH]([N]=[C]([OH])[CH2][CH2][CH]([NH2])[C](=[O])[OH])[C]([OH])=[N][CH2][C](=[O])[OH]
1710,[CH4]
1711,[CH3][O][C](=[O])[CH2][C](=[O])[C](=[O])[OH]
1712,[CH3][O][S](=[O])(=[O])[OH]
1713,[CH3][CH]([N]=[C]([OH])[CH2][CH2][CH]([NH2])[C](=[O])[OH])[C](=[O])[OH]
1714,[CH3][C]([OH])=[N][CH]([CH2][c]1[cH][n][cH][nH]1)[C](=[O])[OH]
1715,[O]=[C]([OH])[C](=[O])[CH2][c]1[cH][n][cH][nH]1
1716,[NH2][CH]([CH]=[O])[CH2][c]1[cH][n][cH][nH]1
1717,[NH2][CH2][CH2][C]([OH])=[N][CH]([CH2][c]1[cH][n][cH][nH]1)[C](=[O])[OH]
1718,[CH3][N+]([CH3])([CH3])[CH]([CH2][c]1[cH][n][cH][nH]1)[C](=[O])[OH]
1719,[CH3][CH2][CH2][C](=[O])[OH]
1720,[CH3][CH2][CH]([C](=[O])[OH])[CH]([OH])[C](=[O])[OH]
1721,[CH3][O][CH]1[CH]([OH])[CH]([OH])[CH]([OH])[CH]([OH])[CH]1[OH]
1722,[CH3][O][CH]1[CH]([OH])[CH]([OH])[CH]([OH])[CH]([OH])[CH]1[OH]
1723,[CH3][O][CH]1[CH]([OH])[CH]([OH])[CH]([OH])[CH]([OH])[CH]1[OH]
1724,[CH3][C]([OH])=[N][CH]([C](=[O])[OH])[CH]([OH])[CH]([OH])[CH]([OH])[CH2][OH]
1725,[CH3][C]([OH])=[N][CH]1[CH]([OH])[O][CH]([CH2][OH])[CH]([OH])[CH]1[OH]
1726,[CH3][C]([OH])=[N][CH]1[CH]([OH])[O][CH]([CH2][OH])[CH]([O][CH]2[O][CH]([CH2][OH])[CH]([OH])[CH]([OH])[CH]2[OH])[CH]1[OH]
1727,[CH3][C]([CH3])([OH])[CH]([OH])[C](=[O])[OH]
1728,[CH3][C]([CH3])([C](=[O])[OH])[CH]([OH])[C](=[O])[OH]
1729,[CH3][C]([NH2])([CH2][OH])[C](=[O])[OH]
1730,[CH3][O][c]1[cH][cH][cH][cH][cH]1
1731,[OH][CH2][CH]1[O][CH]([O][c]2[cH][cH][cH][cH][cH]2)[CH]([OH])[CH]([OH])[CH]1[OH]
1732,[O]=[S](=[O])([OH])[O][c]1[cH][cH][cH][cH][cH]1
1733,[O]=[C]([OH])[C]1=[N][CH2][CH2][CH2]1
1734,[CH3][C]([OH])=[N][CH]1[CH]([N]=[C]([OH])[CH2][CH]([NH2])[C](=[O])[OH])[O][CH]([CH2][OH])[CH]([OH])[CH]1[OH]
1735,[NH2][CH]([CH2][CH2][S][CH2][CH]([NH2])[C](=[O])[OH])[C](=[O])[OH]
1736,[O]=[C]([OH])[c]1[cH][cH][c]([O][CH]2[O][CH]([CH2][OH])[CH]([OH])[CH]([OH])[CH]2[OH])[cH][cH]1
1737,[O]=[C]([CH2][OH])[c]1[cH][cH][c]([OH])[cH][cH]1
1738,[CH3][O][c]1[cH][cH][c]([C](=[O])[OH])[cH][cH]1
1739,[O]=[C]([OH])[c]1[cH][cH][c]([Cl])[cH][cH]1
1740,[O]=[C]([CH2][OH])[CH2][C](=[O])[C](=[O])[OH]
1741,[O]=[C]([OH])[CH2][O][CH]([CH2][C](=[O])[OH])[C](=[O])[OH]
1742,[CH3][CH]([C](=[O])[OH])[C]([CH3])([OH])[C](=[O])[OH]
1743,[CH3][C]([OH])([CH2][C](=[O])[OH])[CH2][C](=[O])[S][CH2][CH2][N]=[C]([OH])[CH2][CH2][N]=[C]([OH])[CH]([OH])[C]([CH3])([CH3])[CH2][O][P](=[O])([OH])[O][P](=[O])([OH])[O][CH2][CH]1[O][CH]([n]2[cH][n][c]3[c]([NH2])[n][cH][n][c]32)[CH]([OH])[CH]1[O][P](=[O])([OH])[OH]
1744,[CH]#[C][CH2][C](=[O])[OH]
1745,[O]=[c]1[n][c]([OH])[cH][cH][n]1[CH]1[O][CH]([CH2][O][P](=[O])([OH])[O][P](=[O])([OH])[O][CH]2[O][CH2][C]([OH])([CH2][OH])[CH]2[OH])[CH]([OH])[CH]1[OH]
1746,[NH]=[C]([OH])[NH][CH2][CH2][CH2][CH2][CH]([NH2])[C](=[O])[OH]
1747,[OH][CH2][c]1[cH][n][c]([OH])[n][c]1[OH]
1748,[CH3][c-]1[c]([OH])[n][c](=[O])[n][c]1[OH]
1749,[CH3][CH]1[CH2][N]=[C]([OH])[N]=[C]1[OH]
1750,[NH]=[C]([NH2])[NH][CH2][CH2][CH2][CH2][NH][P](=[O])([OH])[OH]
1751,[NH]=[C]([NH2])[NH][CH2][CH2][CH2][CH2][NH][C](=[NH])[NH2]
1752,[O]=[C]([O][P](=[O])([OH])[OH])[c]1[cH][cH][cH][cH][cH]1
1753,[NH]=[C]([NH2])[NH][CH2][CH2][CH2][CH2][N]=[C]([OH])[c]1[cH][cH][cH][cH][cH]1
1754,[CH3][CH]([CH3])[CH2][NH2]
1755,[O]=[C]1[O][CH]([CH2][OH])[CH]([O][CH]2[O][CH]([CH2][OH])[CH]([OH])[CH]([OH])[CH]2[OH])[CH]([OH])[CH]1[OH]
1756,[OH][CH2][CH]1[O][CH]([O][CH]2[CH]([CH2][OH])[O][CH]([O][CH]3[CH]([CH2][OH])[O][CH]([OH])[CH]([OH])[CH]3[OH])[CH]([OH])[CH]2[OH])[CH]([OH])[CH]([OH])[CH]1[OH]
1757,[CH3][CH]([O][S](=[O])(=[O])[OH])[C](=[O])[OH]
1758,[CH3][CH]([CH3])[CH2][CH2][CH2][CH]([CH3])[CH]1[CH2][CH2][CH]2[C]3=[CH][CH]=[C]4[CH2][CH]([OH])[CH2][CH2][C]4([CH3])[CH]3[CH2][CH2][C]21[CH3]
1759,[CH3][CH]([CH3])[CH2][CH2][CH2][CH]([CH3])[CH]1[CH2][CH2][CH]2[CH]3[CH2][CH]4[O][C]45[CH2][CH]([OH])[CH2][CH2][C]5([CH3])[CH]3[CH2][CH2][C]12[CH3]
1760,[CH3][CH]([CH3])[CH2][CH2][CH2][CH]([CH3])[CH]1[CH2][CH2][CH]2[CH]3[CH2][CH]4[O][C]45[CH2][CH]([OH])[CH2][CH2][C]5([CH3])[CH]3[CH2][CH2][C]12[CH3]
1761,[CH3][CH]([CH3])[CH2][CH2][CH2][C]([CH3])([OH])[CH]1[CH2][CH2][CH]2[CH]3[CH2][CH]=[C]4[CH2][CH]([OH])[CH2][CH2][C]4([CH3])[CH]3[CH2][CH2][C]21[CH3]
1762,[CH3][C]([CH3])=[CH][CH2][CH2][CH]([CH3])[CH]1[CH2][CH2][CH]2[CH]3[CH2][CH]=[C]4[CH2][CH]([OH])[CH2][CH2][C]4([CH3])[CH]3[CH2][CH2][C]12[CH3]
1763,[CH3][CH]([CH3])[CH2][CH2][CH2][CH]([CH3])[CH]1[CH2][CH2][CH]2[CH]3[CH2][CH2][C]4=[CH][C](=[O])[CH2][CH2][C]4([CH3])[CH]3[CH2][CH2][C]12[CH3]
1764,[CH3][CH]([CH3])[CH2][CH2][CH2][CH]([CH3])[CH]1[CH2][CH2][CH]2[CH]3[CH2][CH]=[C]4[CH2][CH]([O][CH]5[O][CH]([CH2][OH])[CH]([OH])[CH]([OH])[CH]5[OH])[CH2][CH2][C]4([CH3])[CH]3[CH2][CH2][C]12[CH3]
1765,[CH3][CH]([CH3])[CH2][CH2][CH2][CH]([CH3])[CH]1[CH2][CH2][CH]2[CH]3[CH]([OH])[CH]=[C]4[CH2][CH]([OH])[CH2][CH2][C]4([CH3])[CH]3[CH2][CH2][C]12[CH3]
1766,[O]=[P]([OH])([OH])[O][CH]1[O][CH2][CH]([OH])[CH]([OH])[CH]1[OH]
1767,[O]=[CH][CH]1[O][C](=[O])[CH]([OH])[CH]([OH])[CH]1[OH]
1768,[NH2][CH]([CH2][C]([OH])=[N][OH])[C](=[O])[OH]
1769,[O]=[C]([OH])[CH]=[CH][CH]=[C]([C](=[O])[OH])[C](=[O])[OH]
1770,[O]=[CH][CH]=[CH][C]([C](=[O])[OH])=[C]([OH])[C](=[O])[OH]
1771,[O]=[C]([OH])[c]1[cH][cH][cH][c]([OH])[cH]1
1772,[O]=[P]([OH])([OH])[O][CH2][CH]([OH])[CH]([OH])[CH]([OH])[CH2][OH]
1773,[CH3][CH]([CH3])[O][P](=[O])([OH])[O][CH]([CH3])[CH3]
1774,[CH3][CH]([CH3])[O][P](=[O])([F])[O][CH]([CH3])[CH3]
1775,[CH3][C]([CH3])=[CH][CH2][CH2][C]([CH3])=[CH][CH2][CH2][C]([CH3])=[CH][CH2][CH2][C]([CH3])=[CH][CH2][CH2][C]([CH3])=[CH][CH2][CH2][C]([CH3])=[CH][CH2][CH2][C]([CH3])=[CH][CH2][CH2][C]([CH3])=[CH][CH2][CH2][C]([CH3])=[CH][CH2][CH2][C]([CH3])=[CH][CH2][CH2][C]([CH3])=[CH][CH2][O][P](=[O])([OH])[O][P](=[O])([OH])[O][CH]1[O][CH]([CH2][OH])[CH]([OH])[CH]([OH])[CH]1[OH]
1776,[CH3][C]([CH3])=[CH][CH2][CH2][C]([CH3])=[CH][CH2][CH2][C]([CH3])=[CH][CH2][CH2][C]([CH3])=[CH][CH2][CH2][C]([CH3])=[CH][CH2][CH2][C]([CH3])=[CH][CH2][CH2][C]([CH3])=[CH][CH2][CH2][C]([CH3])=[CH][CH2][CH2][C]([CH3])=[CH][CH2][CH2][C]([CH3])=[CH][CH2][CH2][C]([CH3])=[CH][CH2][O][P](=[O])([OH])[OH]
1777,[CH3][C]([CH3])([OH])[C]#[N]
1778,[CH3][N]([CH2][C](=[O])[OH])[C](=[NH])[OH]
1779,[CH3][N]([CH2][C](=[O])[OH])[C](=[NH])[NH2]
1780,[O]=[C]([OH])[C](=[O])[CH2][CH]([OH])[CH]([OH])[CH]([OH])[CH]([OH])[CH2][OH]
1781,[NH]=[C]([OH])[CH2][CH2][CH]([NH2])[C](=[O])[OH]
1782,[O]=[C]([OH])[CH]1[CH2][CH2][C]([OH])=[N]1
1783,[CH3][NH][CH]([CH3])[C](=[O])[OH]
1784,[CH3][N]=[C]([OH])[CH2][CH2][CH]([NH2])[C](=[O])[OH]
1785,[CH3][N]=[C]([OH])[CH2][CH2][C](=[O])[C](=[O])[OH]
1786,[CH3][NH][C](=[NH])[NH2]
1787,[CH3][CH2][CH2][CH2][CH2][CH]=[CH][CH2][CH]=[CH][CH2][CH]=[CH][CH2][CH]=[CH][CH2][CH2][CH2][C](=[O])[OH]
1788,[CH3][CH2][CH2][CH2][CH2][CH]([CH]=[CH][CH]=[CH][CH2][CH]=[CH][CH2][CH]=[CH][CH2][CH2][CH2][C](=[O])[OH])[O][OH]
1789,[CH3][CH2][CH2][CH2][CH2][CH]=[CH][CH2][CH]=[CH][CH]=[CH][CH]([CH2][CH]=[CH][CH2][CH2][CH2][C](=[O])[OH])[O][OH]
1790,[CH3][CH2][CH2][CH2][CH2][CH]=[CH][CH2][CH]=[CH][CH2][CH]=[CH][CH]=[CH][CH]([CH2][CH2][CH2][C](=[O])[OH])[O][OH]
1791,[CH3][CH2][CH2][CH2][CH2][CH]=[CH][CH2][CH]([CH]=[CH][CH]=[CH][CH2][CH]=[CH][CH2][CH2][CH2][C](=[O])[OH])[O][OH]
1792,[CH3][CH2][CH2][CH2][CH2][CH]=[CH][CH2][CH]=[CH][CH2][CH]=[CH][CH2][CH]=[CH][CH2][CH2][CH2][C](=[O])[S][CH2][CH2][N]=[C]([OH])[CH2][CH2][N]=[C]([OH])[CH]([OH])[C]([CH3])([CH3])[CH2][O][P](=[O])([OH])[O][P](=[O])([OH])[O][CH2][CH]1[O][CH]([n]2[cH][n][c]3[c]([NH2])[n][cH][n][c]32)[CH]([OH])[CH]1[O][P](=[O])([OH])[OH]
1793,[O]=[C]([OH])[CH2][CH]=[N+]([O-])[OH]
1794,[CH]#[C][C](=[O])[OH]
1795,[OH][c]1[cH][cH][c]([CH]=[CH][c]2[cH][c]([OH])[cH][c]([OH])[cH]2)[cH][cH]1
1796,[O]=[CH][CH]=[CH][c]1[cH][cH][c]([OH])[cH][cH]1
1797,[NH]=[C]([NH2])[NH][CH2][CH2][CH2][CH2][N]=[C]([OH])[CH]=[CH][c]1[cH][cH][c]([OH])[cH][cH]1
1798,[NH2][c]1[n][cH][n][c]2[c]1[n][cH][n]2[CH]1[O][CH]([CH2][O][P]([NH2])(=[O])[OH])[CH]([OH])[CH]1[OH]
1799,[OH][c]1[cH][cH][c]([OH])[c]([OH])[cH]1
1800,[O]=[CH][CH]=[C]([CH]=[C]([OH])[C](=[O])[OH])[C](=[O])[OH]
1801,[O]=[C]([OH])[C]1=[CH][CH]([OH])[C]([OH])([C](=[O])[OH])[CH]=[CH]1
1802,[O]=[C]([OH])[c]1[cH][cH][c]([OH])[c]([OH])[c]1[C](=[O])[OH]
1803,[O]=[C]([OH])[c]1[cH][c]([OH])[c]([OH])[cH][c]1[C](=[O])[OH]
1804,[O]=[C]([OH])[c]1[cH][cH][c]([S](=[O])(=[O])[OH])[cH][cH]1
1805,[CH3][C]([OH])=[N][CH]=[C]([CH2][C](=[O])[OH])[C](=[O])[OH]
1806,[CH3][C]([CH3])=[CH][CH2][c]1[cH][cH][cH][c]2[nH][cH][c]([CH2][CH]([NH2])[C](=[O])[OH])[c]12
1807,[CH3][C]([CH3])=[CH][CH2][CH2][C]([CH3])=[CH][CH2][O][P](=[O])([OH])[O][P](=[O])([OH])[OH]
1808,[O]=[C]([OH])[CH]([CH2][O][P](=[O])([OH])[OH])[O][P](=[O])([OH])[OH]
1809,[CH3][c]1[cH][n]([CH]2[CH2][CH]([OH])[CH]([CH2][O][P](=[O])([OH])[OH])[O]2)[c]([OH])[n][c]1=[NH]
1810,[NH2][CH2][CH2][S](=[O])[OH]
1811,[CH3][CH]([NH][CH2][CH2][S](=[O])(=[O])[OH])[C](=[O])[OH]
1812,[NH]=[C]([NH2])[NH][CH2][CH2][S](=[O])(=[O])[OH]
1813,[CH3][CH]=[CH][C](=[O])[OH]
1814,[CH3][CH2][CH2][C](=[O])[O][P](=[O])([OH])[O][CH2][CH]1[O][CH]([n]2[cH][n][c]3[c]([OH])[n][cH][n][c]32)[CH]([OH])[CH]1[OH]
1815,[OH][CH2][C]1([OH])[O][CH2][CH]([OH])[CH]([OH])[CH]1[OH]
1816,[CH3][CH2][CH2][CH2][CH2][CH2][CH2][CH2][CH2][CH2][CH2][CH2][CH2][CH2][CH]=[O]
1817,[CH3][c]1[n][cH][c]2[c]([c]1[OH])[C](=[O])[O][CH2]2
1818,[CH3][c]1[n][cH][c]([CH2][OH])[c]([C](=[O])[OH])[c]1[OH]
1819,[CH3][n+]1[cH][cH][cH][c]([C](=[O])[OH])[cH]1
1820,[O]=[C]([OH])[CH2][N]=[C]([OH])[c]1[cH][cH][cH][n][cH]1
1821,[CH3][c]1[cH][c]2[n][c]3[n][c]([OH])[n][c]([OH])[c]3[n][c]2[cH][c]1[CH3]
1822,[OH][CH]1[CH2][O][CH]([OH])[CH]([OH])[CH]1[OH]
1823,[O]=[C]1[O][CH]([CH2][OH])[CH]([OH])[CH]1[OH]
1824,[OH][CH2][CH]([OH])[CH]([OH])[CH]([OH])[CH2][OH]
1825,[O]=[C]([OH])[C](=[O])[c]1[cH][cH][cH][cH][cH]1
1826,[NH2][CH]([C](=[O])[OH])[CH]([OH])[c]1[cH][cH][cH][cH][cH]1
1827,[N]#[C][CH]([OH])[c]1[cH][cH][cH][cH][cH]1
1828,[OH][CH2][CH2][OH]
1829,[O]=[C]([OH])[C](=[O])[CH2][CH]([OH])[CH2][OH]
1830,[O]=[C]([OH])[C](=[O])[CH2][CH]([OH])[CH2][OH]
1831,[CH3][C]([OH])=[N][CH]1[CH]([OH])[CH2][C]([OH])([C](=[O])[OH])[O][CH]1[CH]([OH])[CH]([OH])[CH2][O][P](=[O])([OH])[OH]
1832,[CH3][C](=[O])[O][CH]1[CH2][C]([OH])([C](=[O])[OH])[O][CH]([CH]([OH])[CH]([OH])[CH2][OH])[CH]1[N]=[C]([CH3])[OH]
1833,[CH3][C](=[O])[O][CH]([CH]([OH])[CH2][OH])[CH]1[O][C]([OH])([C](=[O])[OH])[CH2][CH]([OH])[CH]1[N]=[C]([CH3])[OH]
1834,[CH3][C](=[O])[O][CH2][CH]([OH])[CH]([OH])[CH]1[O][C]([OH])([C](=[O])[OH])[CH2][CH]([OH])[CH]1[N]=[C]([CH3])[OH]
1835,[CH3][C]12[CH2][CH2][CH]3[CH]([CH2][CH2][C]4=[CH][C](=[O])[CH2][CH2][C]43[CH3])[CH]1[CH2][CH2][C](=[O])[O]2
1836,[CH3][C]12[CH2][CH2][CH]3[CH]([CH2][CH2][C]4=[CH][C](=[O])[CH2][CH2][C]43[CH3])[CH]1[CH2][CH2][C]2=[O]
1837,[CH3][C]12[CH2][CH2][CH]3[CH]([CH2][CH2][CH]4[CH2][C](=[O])[CH2][CH2][C]43[CH3])[CH]1[CH2][CH2][C]2=[O]
1838,[CH3][C]12[CH2][CH2][CH]3[CH]([CH2][CH2][CH]4[CH2][C](=[O])[CH2][CH2][C]43[CH3])[CH]1[CH2][CH2][C]2=[O]
1839,[CH3][C]12[CH2][CH2][C](=[O])[CH]=[C]1[CH2][CH2][CH]1[CH]2[CH2][CH2][C]2([CH3])[CH]([OH])[CH2][CH2][CH]12
1840,[CH3][C]12[CH2][CH2][CH]3[CH]([CH2][CH2][C]4=[CH][C](=[O])[CH2][CH2][C]43[CH2][OH])[CH]1[CH2][CH2][C]2=[O]
1841,[CH3][C]12[CH2][CH2][CH]3[CH]([CH]([OH])[CH2][C]4=[CH][C](=[O])[CH2][CH2][C]43[CH3])[CH]1[CH2][CH2][C]2=[O]
1842,[O]=[C]([CH2][OH])[CH]([OH])[CH]([OH])[CH]([OH])[CH]([OH])[CH2][OH]
1843,[CH3][C](=[O])[SH]
1844,[O]=[S](=[O])([OH])[NH][c]1[cH][cH][cH][cH][cH]1
1845,[CH3][N]([CH2][C](=[O])[OH])[C](=[NH])[NH][P](=[O])([OH])[OH]
1846,[CH3][N]1[CH2][C]([OH])=[N][C]1=[NH]
1847,[NH]=[C]([NH][CH2][CH2][CH2][CH]([NH2])[C](=[O])[OH])[NH][CH]1[O][CH]([CH2][O][P](=[O])([OH])[O][P](=[O])([OH])[O][CH2][CH]2[O][CH]([n]3[cH][n][c]4[c]([NH2])[n][cH][n][c]43)[CH]([OH])[CH]2[OH])[CH]([OH])[CH]1[OH]
1848,[NH2][CH2][CH]1[O][CH]([O][CH]2[CH]([NH2])[CH2][CH]([NH2])[CH]([O][CH]3[O][CH]([CH2][OH])[CH]([OH])[CH]([NH2])[CH]3[OH])[CH]2[OH])[CH]([OH])[CH]([O][P](=[O])([OH])[OH])[CH]1[OH]
1849,[NH2][CH2][CH]1[O][CH]([O][CH]2[CH]([NH2])[CH2][CH]([NH2])[CH]([O][CH]3[O][CH]([CH2][OH])[CH]([OH])[CH]([NH2])[CH]3[OH])[CH]2[OH])[CH]([OH])[CH]([OH])[CH]1[OH]
1850,[CH3][C]([OH])=[N][CH2][CH]1[O][CH]([O][CH]2[CH]([NH2])[CH2][CH]([NH2])[CH]([O][CH]3[O][CH]([CH2][OH])[CH]([OH])[CH]([NH2])[CH]3[OH])[CH]2[OH])[CH]([NH2])[CH]([OH])[CH]1[OH]
1851,[NH2][CH2][CH]1[O][CH]([O][CH]2[CH]([NH2])[CH2][CH]([NH2])[CH]([O][CH]3[O][CH]([CH2][OH])[CH]([OH])[CH]([NH2])[CH]3[OH])[CH]2[OH])[CH]([NH2])[CH]([OH])[CH]1[OH]
1852,[OH][CH]1[CH2][O][CH]([OH])[CH]([OH])[CH]1[OH]
1853,[CH3][c]1[n][cH][c]([CH]=[O])[c]([CH2][OH])[c]1[OH]
1854,[CH3][c]1[n][cH][c]([CH2][O][CH]2[O][CH]([CH2][OH])[CH]([OH])[CH]([OH])[CH]2[OH])[c]([CH2][OH])[c]1[OH]
1855,[NH2][CH2][CH2][CH2][NH2]
1856,[CH3][N+]([CH3])([CH3])[CH2][C](=[O])[CH2][C](=[O])[OH]
1857,[CH3][N+]([CH3])([CH3])[CH2][CH]([OH])[CH2][C](=[NH])[OH]
1858,[CH3][CH2][CH2][CH2][CH2][CH2][CH2][CH2][CH2][CH2][CH2][CH2][CH2][CH2][CH2][C](=[O])[O][CH]([CH2][C](=[O])[OH])[CH2][N+]([CH3])([CH3])[CH3]
1859,[CH3][CH2][CH2][CH2][CH2][CH2][CH2][CH2][CH2][CH2][CH2][CH2][CH2][CH]=[CH][CH]([OH])[CH]([NH2])[CH2][O][P](=[O])([OH])[OH]
1860,[CH3][CH2][CH2][CH2][CH2][CH2][CH2][CH2][CH2][CH2][CH2][CH2][CH2][CH]=[CH][CH]([OH])[CH]([NH2])[CH2][OH]
1861,[CH3][CH2][CH2][CH2][CH2][CH2][CH2][CH2][CH2][CH2][CH2][CH2][CH2][CH]=[CH][CH]([OH])[CH]([NH2])[CH2][O][CH]1[O][CH]([CH2][OH])[CH]([OH])[CH]([OH])[CH]1[OH]
1862,[CH3][CH2][CH2][CH2][CH2][CH2][CH2][CH2][CH2][CH2][CH2][CH2][CH2][CH]=[CH][CH]([OH])[CH]([NH2])[CH2][O][P](=[O])([OH])[O][CH2][CH2][N+]([CH3])([CH3])[CH3]
1863,[O]=[C]([OH])[CH2][CH2][CH2][CH]([OH])[C](=[O])[OH]
1864,[O]=[CH][CH]=[CH][c]1[cH][cH][c]([OH])[c]([OH])[cH]1
1865,[NH2][CH2][CH2][CH2][CH2][N]=[C]([OH])[CH]=[CH][c]1[cH][cH][c]([OH])[c]([OH])[cH]1
1866,[O]=[C]([OH])[CH2][CH]([C](=[O])[OH])[CH]([O][C](=[O])[CH]=[CH][c]1[cH][cH][c]([OH])[c]([OH])[cH]1)[C](=[O])[OH]
1867,[NH2][c]1[cH][cH][cH][cH][c]1[C](=[O])[CH2][C](=[O])[C](=[O])[OH]
1868,[NH2][CH]([C](=[O])[OH])[CH]([OH])[CH]([OH])[CH]([OH])[CH2][OH]
1869,[O]=[S](=[O])([OH])[NH][CH]1[CH]([OH])[O][CH]([CH2][OH])[CH]([OH])[CH]1[OH]
1870,[O]=[C]([OH])[CH]([OH])[CH2][c]1[cH][nH][c]2[cH][cH][cH][cH][c]12
1871,[CH3][CH]([C](=[O])[C](=[O])[OH])[c]1[cH][nH][c]2[cH][cH][cH][cH][c]12
1872,[CH3][CH]([C](=[O])[C](=[O])[OH])[c]1[cH][nH][c]2[cH][cH][cH][cH][c]12
1873,[CH3][CH]([OH])[CH2][C](=[O])[S][CH2][CH2][N]=[C]([OH])[CH2][CH2][N]=[C]([OH])[CH]([OH])[C]([CH3])([CH3])[CH2][O][P](=[O])([OH])[O][P](=[O])([OH])[O][CH2][CH]1[O][CH]([n]2[cH][n][c]3[c]([NH2])[n][cH][n][c]32)[CH]([OH])[CH]1[O][P](=[O])([OH])[OH]
1874,[O]=[C]([OH])[CH]1[O][CH]([O][P](=[O])([OH])[OH])[CH]([OH])[CH]([OH])[CH]1[OH]
1875,[O]=[CH][CH]([OH])[CH]1[O][C](=[O])[CH]([OH])[CH]1[OH]
1876,[CH3][C]12[CH2][CH2][CH]([CH2]1)[C]([CH3])([CH3])[CH]2[OH]
1877,[CH3][CH]([CH3])[C]12[CH2][CH2][C]([CH3])([OH])[CH]1[CH2]2
1878,[CH3][C]1([CH3])[CH]2[CH2][CH2][C]1([CH3])[CH]([O][P](=[O])([OH])[O][P](=[O])([OH])[OH])[CH2]2
1879,[CH3][C]([CH]=[O])=[CH][CH2][CH2][C]([CH3])=[CH][CH]=[O]
1880,[CH3][CH]([CH]=[O])[CH]1[CH2][CH2][CH]([CH3])[CH]1[CH]=[O]
1881,[CH2]=[CH][C](=[CH2])[CH2][CH2][CH]=[C]([CH3])[CH3]
1882,[CH3][C]1=[CH][CH2][C](=[C]([CH3])[CH3])[CH2][CH2]1
1883,[CH2]=[C]1[CH]2[CH2][CH2][CH]([CH2]2)[C]1([CH3])[CH3]
1884,[CH2]=[C]([CH3])[CH]1[CH2][CH]=[C]([CH3])[CH2][CH2]1
1885,[CH3][C]1=[CH][CH2][CH2][C]([CH3])=[CH][CH]2[CH]([CH2][CH2][C]([CH3])=[CH][CH2][CH2]1)[C]2([CH3])[CH3]
1886,[CH2]=[C]1[CH2][CH2][CH]2[C]([CH3])([CH3])[CH2][CH2][CH2][C]2([CH3])[CH]1[CH2][CH2][C]([CH3])=[CH][CH2][O][P](=[O])([OH])[O][P](=[O])([OH])[OH]
1887,[NH2][CH]([CH2][C](=[CH][CH]=[O])[CH]=[C]([OH])[C](=[O])[OH])[C](=[O])[OH]
1888,[NH2][CH]([CH2][C]([CH]=[O])=[CH][CH]=[C]([OH])[C](=[O])[OH])[C](=[O])[OH]
1889,[O]=[C]([OH])[C](=[O])[CH2][c]1[cH][cH][c]([OH])[c]([OH])[cH]1
1890,[CH3][C]([OH])([CH2][C](=[O])[OH])[CH2][C](=[O])[OH]
1891,[CH3][C](=[CH][CH2][NH][c]1[n][cH][nH][c]2[n][cH][n][c]1-2)[CH2][O][CH]1[O][CH2][CH]([OH])[CH]([OH])[CH]1[OH]
1892,[CH3][C](=[CH][CH2][NH][c]1[n][cH][nH][c]2[n][cH][n][c]1-2)[CH2][OH]
1893,[CH3][C]([CH]=[CH][CH]=[C]([CH3])[CH]=[CH][C]1=[C]([CH3])[CH]=[CH][CH2][C]1([CH3])[CH3])=[CH][CH]=[O]
1894,[O]=[P]([OH])([OH])[O][CH2][CH]([OH])[CH]([OH])[CH]([OH])[CH2][OH]
1895,[NH]=[C]([OH])[NH][c]1[nH][cH][n][c]1[C](=[O])[OH]
1896,[CH3][C]([OH])=[N][CH2][CH2][c]1[cH][n][cH][nH]1
1897,[CH3][O][c]1[c](-[c]2[cH][cH][c]([OH])[c]([OH])[cH]2)[o][c]2[cH][c]([OH])[cH][c]([OH])[c]2[c]1=[O]
1898,[O]=[c]1[c]([O][CH]2[O][CH]([CH2][OH])[CH]([OH])[CH]([OH])[CH]2[OH])[c](-[c]2[cH][cH][c]([OH])[c]([OH])[cH]2)[o][c]2[cH][c]([OH])[cH][c]([OH])[c]12
1899,[O]=[c]1[c]([O][S](=[O])(=[O])[OH])[c](-[c]2[cH][cH][c]([OH])[c]([OH])[cH]2)[o][c]2[cH][c]([OH])[cH][c]([OH])[c]12
1900,[O]=[C]1[c]2[c]([OH])[cH][c]([OH])[cH][c]2[O][CH]([c]2[cH][cH][c]([OH])[c]([OH])[cH]2)[CH]1[OH]
1901,[CH3][NH][CH2][CH2][c]1[cH][nH][c]2[cH][cH][cH][cH][c]12
1902,[CH3][O][C]1=[C]([OH])[C](=[O])[C]([CH3])=[C]([CH2][CH]=[C]([CH3])[CH2][CH2][CH]=[C]([CH3])[CH2][CH2][CH]=[C]([CH3])[CH2][CH2][CH]=[C]([CH3])[CH2][CH2][CH]=[C]([CH3])[CH2][CH2][CH]=[C]([CH3])[CH3])[C]1=[O]
1903,[CH3][CH]1[CH2][CH2][CH]([CH]([CH3])[CH3])[CH]([OH])[CH2]1
1904,[CH3][CH]1[CH2][CH2][CH]([CH]([CH3])[CH3])[C](=[O])[CH2]1
1905,[CH3][CH]1[CH2][CH2][CH]([C]([CH3])([CH3])[OH])[CH]([OH])[CH2]1
1906,[CH3][CH]1[CH2][CH2][CH]([CH]([CH3])[CH3])[CH]([O][CH]2[O][CH]([CH2][OH])[CH]([OH])[CH]([OH])[CH]2[OH])[CH2]1
1907,[CH3][O][c]1[cH][c]([CH]=[CH][C](=[O])[O][CH]2[CH2][C]([OH])([C](=[O])[OH])[CH2][CH]([OH])[CH]2[OH])[cH][cH][c]1[OH]
1908,[O]=[C]([OH])[CH]1[CH2][CH2][CH2][CH]=[N]1
1909,[CH3][C](=[O])[CH]1[CH2][CH2][CH]2[CH]3[CH2][CH2][C]4=[CH][C](=[O])[CH2][CH2][C]4([CH3])[CH]3[CH2][CH2][C]12[CH3]
1910,[CH3][CH]([OH])[CH]1[CH2][CH2][CH]2[CH]3[CH2][CH2][C]4=[CH][C](=[O])[CH2][CH2][C]4([CH3])[CH]3[CH2][CH2][C]12[CH3]
1911,[CH3][C](=[O])[O][CH]1[CH2][CH2][CH]2[CH]3[CH2][CH2][C]4=[CH][C](=[O])[CH2][CH2][C]4([CH3])[CH]3[CH2][CH2][C]12[CH3]
1912,[CH3][C](=[O])[C]1([OH])[CH2][CH2][CH]2[CH]3[CH2][CH2][C]4=[CH][C](=[O])[CH2][CH2][C]4([CH3])[CH]3[CH2][CH2][C]21[CH3]
1913,[CH3][C]12[CH2][CH2][C](=[O])[CH]=[C]1[CH2][CH2][CH]1[CH]2[CH2][CH2][C]2([CH3])[CH]([C](=[O])[CH2][OH])[CH2][CH2][CH]12
1914,[CH3][C](=[O])[CH]1[CH2][CH2][CH]2[CH]3[CH2][CH2][C]4=[CH][C](=[O])[CH2][CH2][C]4([CH3])[CH]3[CH]([OH])[CH2][C]12[CH3]
1915,[CH3][C](=[O])[CH]1[CH2][CH2][CH]2[CH]3[CH2][CH2][CH]4[CH2][C](=[O])[CH2][CH2][C]4([CH3])[CH]3[CH2][CH2][C]12[CH3]
1916,[CH3][C](=[O])[CH]1[CH2][CH2][CH]2[CH]3[CH2][CH]=[C]4[CH2][CH]([OH])[CH2][CH2][C]4([CH3])[CH]3[CH2][CH2][C]12[CH3]
1917,[CH3][C](=[O])[CH]1[CH2][CH2][CH]2[CH]3[CH2][CH2][C]4=[CH][C](=[O])[CH2][CH2][C]4([CH3])[CH]3[CH]([OH])[CH2][C]12[CH3]
1918,[CH3][O][c]1[cH][c]([CH]=[CH][CH]=[O])[cH][c]([O][CH3])[c]1[OH]
1919,[CH3][O][c]1[cH][c]([CH]=[CH][C](=[O])[S][CH2][CH2][N]=[C]([OH])[CH2][CH2][N]=[C]([OH])[CH]([OH])[C]([CH3])([CH3])[CH2][O][P](=[O])([OH])[O][P](=[O])([OH])[O][CH2][CH]2[O][CH]([n]3[cH][n][c]4[c]([NH2])[n][cH][n][c]43)[CH]([OH])[CH]2[O][P](=[O])([OH])[OH])[cH][c]([O][CH3])[c]1[OH]
1920,[CH3][O][c]1[cH][c]([CH]=[CH][C](=[O])[OH])[cH][c]([O][CH3])[c]1[OH]
1921,[CH3][CH2][CH2][CH2][CH2][CH2][CH2][CH2][CH2][CH2][CH2][CH2][CH2][CH2][CH2][CH2][CH2][CH2][CH2][C](=[O])[S][CH2][CH2][N]=[C]([OH])[CH2][CH2][N]=[C]([OH])[CH]([OH])[C]([CH3])([CH3])[CH2][O][P](=[O])([OH])[O][P](=[O])([OH])[O][CH2][CH]1[O][CH]([n]2[cH][n][c]3[c]([NH2])[n][cH][n][c]32)[CH]([OH])[CH]1[O][P](=[O])([OH])[OH]
1922,[CH3][NH][CH]1[CH]([O][CH]2[CH]([O][CH]3[CH]([OH])[CH]([OH])[CH]([NH][C](=[NH])[NH2])[CH]([OH])[CH]3[NH][C](=[NH])[NH2])[O][CH]([CH3])[C]2([OH])[CH]=[O])[O][CH]([CH2][OH])[CH]([OH])[CH]1[OH]
1923,[CH3][NH][CH]1[CH]([O][CH]2[CH]([O][CH]3[CH]([OH])[CH]([O][P](=[O])([OH])[OH])[CH]([NH][C](=[NH])[NH2])[CH]([OH])[CH]3[NH][C](=[NH])[NH2])[O][CH]([CH3])[C]2([OH])[CH]=[O])[O][CH]([CH2][OH])[CH]([OH])[CH]1[OH]
1924,[CH3][NH][CH]1[CH]([O][CH]2[CH]([O][CH]3[CH]([OH])[CH]([OH])[CH]([NH][C](=[NH])[NH2])[CH]([OH])[CH]3[NH][C](=[NH])[NH2])[O][CH]([CH3])[C]2([OH])[CH]=[O])[O][CH]([CH2][OH])[CH]([OH])[CH]1[O][P](=[O])([OH])[O][CH2][CH]1[O][CH]([n]2[cH][n][c]3[c]([NH2])[n][cH][n][c]32)[CH]([OH])[CH]1[OH]
1925,[CH3][NH][CH]1[CH]([O][CH]2[CH]([O][CH]3[CH]([OH])[CH]([OH])[CH]([NH][C](=[NH])[NH2])[CH]([OH])[CH]3[NH][C](=[NH])[NH2])[O][CH]([CH3])[C]2([OH])[CH]=[O])[O][CH]([CH2][OH])[CH]([OH])[CH]1[O][P](=[O])([OH])[OH]
1926,[O]=[C]1[CH2][CH2][CH2][CH2][CH2]1
1927,[OH][CH]1[CH2][CH2][CH2][CH2][CH2]1
1928,[O]=[C]1[CH2][CH2][CH2][CH2][CH2][O]1
1929,[CH3][C]([CH3])([CH2][O][P](=[O])([OH])[O][P](=[O])([OH])[O][CH2][CH]1[O][CH]([n]2[cH][n][c]3[c]([NH2])[n][cH][n][c]32)[CH]([OH])[CH]1[O][P](=[O])([OH])[OH])[CH]([OH])[C]([OH])=[N][CH2][CH2][C]([OH])=[N][CH2][CH2][S][C](=[O])[CH2][C]1([OH])[CH2][CH2][CH2][CH2][CH2]1
1930,[NH2][CH]1[CH2][CH2][CH2][CH2][CH2]1
1931,[O]=[C]1[CH]=[CH][CH2][CH2][CH2]1
1932,[NH]=[c]1[n][c]([OH])[c]2[c]([nH]1)[NH][CH2][C]([CH2][N]([CH]=[O])[c]1[cH][cH][c]([C](=[O])[NH][CH]([CH2][CH2][C](=[O])[OH])[C](=[O])[OH])[cH][cH]1)=[N]2
1933,[CH3][C]([OH])([CH2][CH]=[O])[CH2][C](=[O])[OH]
1934,[O]=[C]([OH])[CH]=[CH][c]1[cH][cH][cH][cH][c]1[OH]
1935,[CH3][C]([CH3])([CH2][O][P](=[O])([OH])[O][P](=[O])([OH])[O][CH2][CH]1[O][CH]([n]2[cH][n][c]3[c]([NH2])[n][cH][n][c]32)[CH]([OH])[CH]1[O][P](=[O])([OH])[OH])[CH]([OH])[C]([OH])=[N][CH2][CH2][C]([OH])=[N][CH2][CH2][S][C](=[O])[CH]=[CH][c]1[cH][cH][cH][cH][cH]1
1936,[O]=[C]([CH]=[CH][c]1[cH][cH][cH][cH][cH]1)[O][CH]1[O][CH]([CH2][OH])[CH]([OH])[CH]([OH])[CH]1[OH]
1937,[CH3][CH]([OH])[CH2][OH]
1938,[CH3][CH]([OH])[CH]([OH])[CH2][C](=[O])[C](=[O])[OH]
1939,[CH3][CH2][CH2][CH2][CH2][CH]([OH])[CH]=[CH][CH]1[CH]([OH])[CH2][CH]([OH])[CH]1[CH2][CH]=[CH][CH2][CH2][CH2][C](=[O])[OH]
1940,[CH3][CH2][CH2][CH2][CH2][CH]([OH])[CH]=[CH][CH]1[CH]([OH])[CH2][C](=[O])[CH]1[CH2][CH]=[CH][CH2][CH2][CH2][C](=[O])[OH]
1941,[CH3][CH2][CH2][CH2][CH2][CH]([OH])[CH]=[CH][CH]1[C](=[O])[CH2][CH]([OH])[CH]1[CH2][CH]=[CH][CH2][CH2][CH2][C](=[O])[OH]
1942,[CH3][CH2][CH2][CH2][CH2][CH]([OH])[CH]=[CH][CH]1[CH]([OH])[CH2][CH]2[O][C](=[CH][CH2][CH2][CH2][C](=[O])[OH])[CH2][CH]21
1943,[O]=[CH][C](=[O])[CH2][CH2][C](=[O])[OH]
1944,[CH3][C]([OH])=[N][CH2][CH2][CH2][CH2][C](=[O])[OH]
1945,[O]=[C]([OH])[C]1=[N][CH2][CH]([OH])[CH2]1
1946,[O]=[C]([OH])[CH2][CH]1[N]=[C]([OH])[N]=[C]1[OH]
1947,[CH3][C]([CH3])=[CH][CH2][CH2][C]([CH3])=[CH][CH2][CH2][C]([CH3])=[CH][CH2][O][P](=[O])([OH])[O][P](=[O])([OH])[O][P](=[O])([OH])[OH]
1948,[CH3][C]1=[CH][CH]2[CH2][C]([CH3])([CH3])[CH2][C]23[CH]([CH3])[CH2][CH2][CH]13
1949,[CH2]=[C]1[CH2][CH2][CH2][C]1([CH3])[C]1([CH3])[CH2][CH]=[C]([CH3])[CH2][CH2]1
1950,[CH2]=[C]([CH3])[CH]1[CH2][CH]=[C]2[CH2][CH2][CH2][CH]([CH3])[C]2([CH3])[CH2]1
1951,[CH2]=[CH][C]([CH3])([CH2][CH2][CH]=[C]([CH3])[CH2][CH2][CH]=[C]([CH3])[CH3])[O][P](=[O])([OH])[O][P](=[O])([OH])[OH]
1952,[CH3][C]1=[CH][CH]2[C](=[C]([CH3])[CH2][CH2][CH]2[CH]([CH3])[CH3])[CH2][CH2]1
1953,[O]=[CH][c]1[cH][cH][cH][cH][c]1[N]=[CH][OH]
1954,[OH][c]1[cH][nH][c]2[cH][cH][cH][cH][c]12
1955,[CH3][C](=[O])[CH]([CH3])[OH]
1956,[CH3][C](=[O])[C]([CH3])=[O]
1957,[CH3][CH]([OH])[CH]([CH3])[OH]
1958,[CH3][C](=[O])[CH]([OH])[CH]([OH])[CH]([OH])[CH]([OH])[CH2][O][P](=[O])([OH])[OH]
1959,[CH3][C]12[CH2][CH2][CH]3[c]4[cH][cH][c]([OH])[cH][c]4[CH2][CH2][CH]3[CH]1[CH2][CH2][CH]2[OH]
1960,[CH3][C]12[CH2][CH2][CH]3[c]4[cH][cH][c]([O][S](=[O])(=[O])[OH])[cH][c]4[CH2][CH2][CH]3[CH]1[CH2][CH2][C]2=[O]
1961,[CH3][C]12[CH2][CH2][CH]3[CH]([CH2][CH2][C]4=[CH][C](=[O])[CH2][CH2][C]43[CH]=[O])[CH]1[CH2][CH2][C]2=[O]
1962,[CH3][C]12[CH2][CH2][CH]3[c]4[cH][cH][c]([O][CH]5[O][CH]([C](=[O])[OH])[CH]([OH])[CH]([OH])[CH]5[OH])[cH][c]4[CH2][CH2][CH]3[CH]1[CH2][CH2][C]2=[O]
1963,[CH3][CH2][O][C](=[NH])[OH]
1964,[CH3][CH]([CH]([OH])[CH2][CH2][C]([CH3])([CH3])[OH])[CH]1[CH2][CH2][C]2([OH])[C]3=[CH][C](=[O])[CH]4[CH2][CH]([OH])[CH]([OH])[CH2][C]4([CH3])[CH]3[CH2][CH2][C]12[CH3]
1965,[CH3][CH]([CH]([OH])[CH2][CH2][C]([CH3])([CH3])[OH])[CH]1[CH2][CH2][C]2([OH])[C]3=[CH][C](=[O])[CH]4[CH2][C](=[O])[CH]([OH])[CH2][C]4([CH3])[CH]3[CH2][CH2][C]12[CH3]
1966,[CH3][C]([CH3])([OH])[CH2][CH2][CH]([OH])[C]([CH3])([OH])[CH]1[CH2][CH2][C]2([OH])[C]3=[CH][C](=[O])[CH]4[CH2][CH]([OH])[CH]([OH])[CH2][C]4([CH3])[CH]3[CH2][CH2][C]12[CH3]
1967,[CH3][CH2][CH2][CH2][CH2][CH2][CH2][CH2][CH2][CH2][CH2][CH2][CH2][CH2][CH2][C](=[O])[O][CH]1[CH2][CH]2[C](=[O])[CH]=[C]3[CH]([CH2][CH2][C]4([CH3])[CH]([CH]([CH3])[CH]([OH])[CH2][CH2][C]([CH3])([CH3])[OH])[CH2][CH2][C]34[OH])[C]2([CH3])[CH2][CH]1[OH]
1968,[cH]1[cH][n][nH][cH]1
1969,[NH2][CH]([CH2][n]1[cH][cH][cH][n]1)[C](=[O])[OH]
1970,[CH3][O][c]1[cH][c]([CH]=[CH][C](=[O])[OH])[cH][c]([OH])[c]1[OH]
1971,[CH3][O][c]1[cH][c]([CH]=[CH][C](=[O])[O][CH2][CH2][N+]([CH3])([CH3])[CH3])[cH][c]([O][CH3])[c]1[OH]
1972,[CH3][O][c]1[cH][c]([CH]=[CH][C]([OH])=[N][CH2][CH2][c]2[cH][cH][c]([OH])[cH][cH]2)[cH][cH][c]1[OH]
1973,[CH3][C]([OH])=[N][c]1[cH][cH][cH][cH][cH]1
1974,[OH][CH2][CH]1[O][CH]([NH][c]2[cH][cH][cH][cH][cH]2)[CH]([OH])[CH]([OH])[CH]1[OH]
1975,[CH3][CH]([OH])[CH2][N+]([CH3])([CH3])[CH3]
1976,[O]=[C]([CH]=[CH][c]1[cH][cH][c]([OH])[cH][cH]1)[O][CH]1[CH2][C]([C](=[O])[OH])=[CH][CH]([OH])[CH]1[OH]
1977,[CH3][O][c]1[cH][c]([OH])[cH][c]([C](=[O])[OH])[c]1[C](=[O])[c]1[c]([OH])[cH][c]([CH3])[cH][c]1[OH]
1978,[CH3][O][c]1[cH][c]([OH])[cH][c]2[c]1[C](=[O])[c]1[c]([OH])[cH][c]([CH3])[cH][c]1[C]2=[O]
1979,[NH]=[C]([OH])[NH][CH]([NH2])[C](=[O])[OH]
1980,[NH]=[C]([OH])[NH][CH]1[N]=[C]([OH])[N]=[C]1[OH]
1981,[O]=[C]([OH])[CH]([OH])[CH]([OH])[CH]([OH])[CH2][OH]
1982,[O]=[C]1[O][CH]([CH2][OH])[CH]([OH])[CH]1[OH]
1983,[O]=[P]([OH])([OH])[O][CH2][CH]([OH])[CH]([OH])[CH2][OH]
1984,[OH][CH2][CH]([OH])[CH]([OH])[CH2][OH]
1985,[O]=[C]1[CH2][CH]([c]2[cH][cH][c]([OH])[c]([OH])[cH]2)[O][c]2[cH][c]([OH])[cH][c]([OH])[c]21
1986,[O]=[C]1[CH2][CH]([c]2[cH][cH][c]([OH])[cH][cH]2)[O][c]2[cH][c]([OH])[cH][c]([OH])[c]21
1987,[O]=[C]1[c]2[c]([OH])[cH][c]([OH])[cH][c]2[O][CH]([c]2[cH][cH][c]([OH])[cH][cH]2)[CH]1[OH]
1988,[O]=[c]1[cH][c](-[c]2[cH][cH][c]([OH])[cH][cH]2)[o][c]2[cH][c]([OH])[cH][c]([OH])[c]12
1989,[O]=[C]([c]1[cH][cH][cH][cH][cH]1)[c]1[c]([OH])[cH][c]([OH])[cH][c]1[OH]
1990,[CH3][C]([CH3])([CH2][O][P](=[O])([OH])[O][P](=[O])([OH])[O][CH2][CH]1[O][CH]([n]2[cH][n][c]3[c]([NH2])[n][cH][n][c]32)[CH]([OH])[CH]1[O][P](=[O])([OH])[OH])[CH]([OH])[C]([OH])=[N][CH2][CH2][C]([OH])=[N][CH2][CH2][S][C](=[O])[c]1[cH][cH][cH][c]([OH])[cH]1
1991,[O]=[C]([OH])[c]1[cH][cH][cH][cH][c]1[N]=[C]([OH])[c]1[cH][cH][cH][cH][cH]1
1992,[O]=[CH][CH]([OH])[CH]([OH])[CH]([OH])[CH]([OH])[C](=[O])[OH]
1993,[CH3][CH]([NH2])[CH2][CH]([NH2])[C](=[O])[OH]
1994,[CH3][CH2][CH2][CH2][CH2][CH2][CH2][CH2][CH2][CH2][CH2][CH2][CH2][CH2][CH2][CH2][OH]
1995,[CH3][CH2][CH2][CH2][CH2][CH2][CH2][CH2][CH2][CH2][CH2][CH2][CH2][CH]=[CH][CH]=[O]
1996,[CH2]=[C]([CH3])[CH]1[CH2][CH]=[C]([CH3])[CH]([OH])[CH2]1
1997,[CH3][C]([CH3])([CH]=[O])[CH]([OH])[C](=[O])[OH]
1998,[CH3][C]12[CH2][CH2][CH]3[CH]([CH2][CH2][CH]4[CH2][CH]([OH])[CH2][CH2][C]43[CH3])[CH]1[CH2][CH2][C]2=[O]
1999,[CH3][C]12[CH2][CH2][CH]3[CH]([CH2][CH2][CH]4[CH2][CH]([O][CH]5[O][CH]([C](=[O])[OH])[CH]([OH])[CH]([OH])[CH]5[OH])[CH2][CH2][C]43[CH3])[CH]1[CH2][CH2][C]2=[O]