﻿substrate_ID,original_compound
5000,[O]=[P]([OH])([OH])[O][CH2][CH]([OH])[CH]([OH])[CH]([OH])[CH2][OH]
5001,[O]=[S](=[O])([OH])[CH2][CH]([OH])[CH2][OH]
5002,[CH2]=[C]([CH2][OH])[CH]1[CH2][CH]=[C]([CH3])[CH2][CH2][CH]=[C]([CH3])[CH2][CH2]1
5003,[CH2]=[C]([CH]=[O])[CH]1[CH2][CH]=[C]([CH3])[CH2][CH2][CH]=[C]([CH3])[CH2][CH2]1
5004,[CH2]=[C]([C](=[O])[OH])[CH]1[CH2][CH]=[C]([CH3])[CH2][CH2][CH]=[C]([CH3])[CH2][CH2]1
5005,[CH3][N]([CH3])[c]1[cH][cH][c]([NH][OH])[cH][cH]1
5006,[CH3][N]([CH3])[c]1[cH][cH][c]([N]=[O])[cH][cH]1
5007,[CH3][C]([CH3])([CH2][O][P](=[O])([OH])[O][P](=[O])([OH])[O][CH2][CH]1[O][CH]([n]2[cH][n][c]3[c]([NH2])[n][cH][n][c]32)[CH]([OH])[CH]1[O][P](=[O])([OH])[OH])[CH]([OH])[C]([OH])=[N][CH2][CH2][C]([OH])=[N][CH2][CH2][S][C](=[O])[CH2][CH]=[CH][CH2][C](=[O])[OH]
5008,[CH3][C]([CH3])([CH2][O][P](=[O])([OH])[O][P](=[O])([OH])[O][CH2][CH]1[O][CH]([n]2[cH][n][c]3[c]([NH2])[n][cH][n][c]32)[CH]([OH])[CH]1[O][P](=[O])([OH])[OH])[CH]([OH])[C]([OH])=[N][CH2][CH2][C]([OH])=[N][CH2][CH2][S][C](=[O])[CH2][CH]=[CH][CH2][CH]=[O]
5009,[CH3][C]([CH3])([CH2][O][P](=[O])([OH])[O][P](=[O])([OH])[O][CH2][CH]1[O][CH]([n]2[cH][n][c]3[c]([NH2])[n][cH][n][c]32)[CH]([OH])[CH]1[O][P](=[O])([OH])[OH])[CH]([OH])[C]([OH])=[N][CH2][CH2][C]([OH])=[N][CH2][CH2][S][C](=[O])[C]1=[CH][CH]=[CH][CH]2[O][CH]12
5010,[CH3][C]([CH3])([CH2][O][P](=[O])([OH])[O][P](=[O])([OH])[O][CH2][CH]1[O][CH]([n]2[cH][n][c]3[c]([NH2])[n][cH][n][c]32)[CH]([OH])[CH]1[O][P](=[O])([OH])[OH])[CH]([OH])[C]([OH])=[N][CH2][CH2][C]([OH])=[N][CH2][CH2][S][C](=[O])[CH2][S](=[O])(=[O])[OH]
5011,[CH2]=[C]1[CH]=[CH][CH]([CH]([CH3])[CH3])[CH2][CH2][C]([CH3])=[CH][CH2][CH2]1
5012,[CH2]=[C]([O][c]1[cH][cH][cH][c]([C](=[O])[OH])[c]1[NH2])[C](=[O])[OH]
5013,[NH2][CH]([CH2][c]1[cH][nH][c]2[c]([Cl])[cH][cH][cH][c]12)[C](=[O])[OH]
5014,[NH]=[C]([CH2][c]1[cH][nH][c]2[c]([Cl])[cH][cH][cH][c]12)[C](=[O])[OH]
5015,[NH]=[C]([OH])[CH2][N]=[C]([OH])[CH]([CH2][S][S][CH2][CH]([N]=[C]([OH])[CH2][CH2][CH]([NH2])[C](=[O])[OH])[C]([OH])=[N][CH2][C](=[NH])[OH])[N]=[C]([OH])[CH2][CH2][CH]([NH2])[C](=[O])[OH]
5016,[NH]=[C]([OH])[CH2][N]=[C]([OH])[CH]([CH2][SH])[N]=[C]([OH])[CH2][CH2][CH]([NH2])[C](=[O])[OH]
5017,[CH3][C]([CH3])=[CH][CH2][CH2][C]([CH3])=[CH][CH2][CH2][C]([CH3])=[CH][CH2][S][CH2][CH]([NH2])[C](=[O])[OH]
5018,[O]=[C]([OH])[c]1[nH][c]([C](=[O])[OH])[c](-[c]2[cH][nH][c]3[c]([Cl])[cH][cH][cH][c]23)[c]1-[c]1[cH][nH][c]2[c]([Cl])[cH][cH][cH][c]12
5019,[O]=[C]1[N]=[C]([OH])[c]2[c]1[c]1[c]3[cH][cH][cH][c]([Cl])[c]3[nH][c]1[c]1[nH][c]3[c]([Cl])[cH][cH][cH][c]3[c]21
5020,[O]=[C]1[N]=[C]([OH])[c]2[c]1[c]1[c]3[cH][cH][cH][c]([Cl])[c]3[n]([CH]3[O][CH]([CH2][OH])[CH]([OH])[CH]([OH])[CH]3[OH])[c]1[c]1[nH][c]3[c]([Cl])[cH][cH][cH][c]3[c]21
5021,[CH3][O][CH]1[CH]([CH2][OH])[O][CH]([n]2[c]3[c]([Cl])[cH][cH][cH][c]3[c]3[c]4[c]([c]5[c]6[cH][cH][cH][c]([Cl])[c]6[nH][c]5[c]32)[C]([OH])=[N][C]4=[O])[CH]([OH])[CH]1[OH]
5022,[O]=[C]([OH])[CH]1[NH][CH2][CH2][CH]1[OH]
5023,[CH2]=[C]([CH3])[CH]1[CH2][CH]=[C]2[CH2][CH2][CH2][CH]([CH3])[C]2([CH3])[CH2]1
5024,[CH2]=[C]([CH3])[CH]1[CH2][CH]=[C]2[CH]([OH])[CH2][CH]([OH])[CH]([CH3])[C]2([CH3])[CH2]1
5025,[CH2]=[C]1[C](=[O])[O][CH]2[CH]=[C]([CH3])[CH2][CH2][CH]=[C]([CH3])[CH2][CH2][CH]12
5026,[CH2]=[C]([CH3])[CH]1[CH2][CH2][C]2([CH2]1)[C]([CH3])=[CH][CH]([OH])[CH2][CH]2[CH3]
5027,[CH2]=[C]([CH3])[CH]1[CH2][CH2][C]2([CH2]1)[C]([CH3])=[CH][C](=[O])[CH2][CH]2[CH3]
5028,[OH][N]=[CH][CH2][c]1[cH][cH][cH][cH][cH]1
5029,[O]=[C]([OH])[CH]([CH2][c]1[cH][cH][cH][cH][cH]1)[NH][OH]
5030,[O]=[C]([OH])[CH]([CH2][c]1[cH][cH][cH][cH][cH]1)[N]([OH])[OH]
5031,[O]=[C]([OH])[CH]([CH2][c]1[cH][nH][c]2[cH][cH][cH][cH][c]12)[NH][OH]
5032,[O]=[C]([OH])[CH]([CH2][c]1[cH][nH][c]2[cH][cH][cH][cH][c]12)[N]([OH])[OH]
5033,[O]=[C]([OH])[c]1[cH][cH][c]([OH])[nH]1
5034,[CH3][C](=[O])[CH]1[CH2][CH]([OH])[CH]2[CH]3[CH2][CH2][C]4=[CH][C](=[O])[CH2][CH2][C]4([CH3])[CH]3[CH2][CH2][C]12[CH3]
5035,[CH3][CH]([NH2])[C](=[O])[O][CH]([CH3])[C](=[O])[OH]
5036,[NH2][CH]1[CH]([O][CH]2[CH]([OH])[CH]([OH])[CH]([OH])[CH]([OH])[CH]2[OH])[O][CH]([CH2][OH])[CH]([OH])[CH]1[OH]
5037,[NH2][CH]([CH2][SH])[C]([OH])=[N][CH]1[CH]([O][CH]2[CH]([OH])[CH]([OH])[CH]([OH])[CH]([OH])[CH]2[OH])[O][CH]([CH2][OH])[CH]([OH])[CH]1[OH]
5038,[CH3][CH]([NH2])[C]([OH])=[N][CH]([CH2][OH])[C](=[O])[OH]
5039,[CH3][C]([OH])=[N][CH]1[CH]([O][P](=[O])([OH])[O][P](=[O])([OH])[O][CH2][CH]2[O][CH]([n]3[cH][cH][c]([OH])[n][c]3=[O])[CH]([OH])[CH]2[OH])[O][CH]([CH2][OH])[CH]([OH])[CH]1[O][CH]([CH3])[C]([OH])=[N][CH]([CH3])[C]([OH])=[N][CH]([CH2][CH2][C]([OH])=[N][CH2][CH2][CH2][CH2][CH]([NH2])[C](=[O])[OH])[C](=[O])[OH]
5040,[CH3][C]1=[C]2[N]=[C]([CH]=[C]3[N]=[C]([C]([CH3])=[C]4[NH][C]([CH3])([CH]5[N]=[C]1[C]([CH3])([CH2][CH2][C](=[O])[OH])[CH]5[CH2][C](=[O])[OH])[C]([CH3])([CH2][C](=[O])[OH])[CH]4[CH2][CH2][C](=[O])[OH])[C]([CH3])([CH2][C](=[NH])[OH])[CH]3[CH2][CH2][C](=[O])[OH])[C]([CH3])([CH3])[CH]2[CH2][CH2][C](=[O])[OH]
5041,[CH3][C]([CH]=[O])=[CH][CH]=[CH][C]([CH3])=[CH][CH]=[O]
5042,[CH3][C]([CH]=[O])=[CH][CH]=[CH][C]([CH3])=[CH][CH]=[CH][CH]=[C]([CH3])[CH]=[CH][CH]=[C]([CH3])[CH]=[CH][C]1=[C]([CH3])[CH2][CH2][CH2][C]1([CH3])[CH3]
5043,[O]=[c]1[c](-[c]2[cH][cH][c]3[c]([cH]2)[O][CH2][O]3)[cH][o][c]2[cH][c]([OH])[cH][c]([OH])[c]12
5044,[CH3][C]1=[C]([CH]=[O])[C]([CH3])([CH3])[CH2][CH]([OH])[CH2]1
5045,[CH3][C]([CH]=[O])=[CH][CH]=[CH][C]([CH3])=[CH][CH]=[CH][CH]=[C]([CH3])[CH]=[CH][CH]=[C]([CH3])[CH]=[O]
5046,[CH3][C]1([CH3])[CH2][CH2][C]2([CH3])[CH2][CH2][C]3([CH3])[C](=[CH][CH2][CH]4[C]5([CH3])[CH2][CH2][CH]([OH])[C]([CH3])([CH2][OH])[CH]5[CH2][CH2][C]43[CH3])[CH]2[CH2]1
5047,[CH3][C]1([CH3])[CH2][CH]([OH])[C]2([CH3])[CH2][CH2][C]3([CH3])[C](=[CH][CH2][CH]4[C]5([CH3])[CH2][CH2][CH]([OH])[C]([CH3])([CH3])[CH]5[CH2][CH2][C]43[CH3])[CH]2[CH2]1
5048,[CH3][C]1=[C]2[CH]([CH2][CH2]1)[CH]([CH3])[CH2][CH2][CH]1[CH]2[C]1([CH3])[CH3]
5049,[CH3][C]([CH3])=[CH][CH2][CH2][C]1([CH3])[CH]2[CH2][CH]=[C]([CH3])[CH]1[CH2]2
5050,[CH3][C]([CH3])=[CH][CH2][CH2][C]([CH3])=[CH][CH2][CH2][C]([CH3])=[CH][CH2][O][P](=[O])([OH])[O][P](=[O])([OH])[OH]
5051,[CH3][C]([CH3])=[CH][CH2][CH2][C]1([CH3])[CH]2[CH2][CH]3[CH]([CH2]2)[C]31[CH3]
5052,[CH2]=[C]1[CH2][CH2][CH]2[CH2][CH]1[C]2([CH3])[CH2][CH2][CH]=[C]([CH3])[CH3]
5053,[CH2]=[C]1[CH2][CH2][CH]([CH]([CH3])[CH3])[CH]2[CH]=[C]([CH3])[CH2][CH2][CH]12
5054,[CH3][O][c]1[cH][c](-[c]2[cH][c](=[O])[c]3[c]([OH])[cH][c]([OH])[cH][c]3[o]2)[cH][c]([O][CH3])[c]1[OH]
5055,[CH3][O][c]1[cH][c](-[c]2[cH][c](=[O])[c]3[c]([OH])[cH][c]([OH])[cH][c]3[o]2)[cH][c]([OH])[c]1[OH]
5056,[CH3][C]1=[CH][CH2][C]2([CH3])[CH2][CH]1[C]1([CH3])[CH2][CH2][CH2][C]21[CH3]
5057,[CH3][C]1=[CH][CH]2[C](=[CH][CH2]1)[CH]([CH3])[CH2][CH2][CH]2[CH]([CH3])[CH3]
5058,[CH3][C]1=[C]2[CH]=[C]([CH]([CH3])[CH3])[CH2][CH2][C]2([CH3])[CH2][CH2][CH2]1
5059,[CH3][C]1=[CH][CH]2[CH]([CH]([CH3])[CH3])[CH2][CH2][CH]([CH3])[C]2([OH])[CH2][CH2]1
5060,[CH2]=[CH][C]([CH3])([OH])[CH2][CH2][CH]=[C]([CH3])[CH2][CH2][CH]=[C]([CH3])[CH3]
5061,[CH3][C]([CH3])=[CH][CH2][CH2][C]([CH3])=[C]1[CH2][CH]=[C]([CH3])[CH2][CH2]1
5062,[CH3][C]([CH3])=[CH][CH2][CH2][C]([CH3])=[C]1[CH2][CH]=[C]([CH3])[CH2][CH2]1
5063,[OH][c]1[cH][c]([OH])[cH][c](-[c]2[cH][cH][cH][cH][cH]2)[cH]1
5064,[CH2]=[C]([CH2][CH2][CH]=[C]([CH3])[CH3])[CH]1[CH2][CH]=[C]([CH3])[CH2][CH2]1
5065,[CH3][C]1=[CH][CH]=[C]([CH]([CH3])[CH3])[CH2][CH2][C]([CH3])=[CH][CH2][CH2]1
5066,[CH3][C]1=[CH][CH2][CH]([C]2=[CH][CH2][CH2][C]([CH3])([CH3])[CH2]2)[CH2][CH2]1
5067,[CH3][C]1=[CH][CH2][CH]2[C](=[CH]1)[CH]([CH]([CH3])[CH3])[CH2][CH2][CH]2[CH3]
5068,[CH2]=[C]1[CH]=[C]2[CH]([CH]([CH3])[CH3])[CH2][CH2][CH]([CH3])[CH]2[CH2][CH2]1
5069,[CH3][C]1=[CH][CH2][CH]2[C]([CH3])([CH3])[CH2][CH2][CH2][C]2([CH3])[CH]1[CH2][OH]
5070,[CH3][CH]1[CH2][CH2][C]2([OH])[C]([CH3])([CH3])[CH]3[CH2][CH2][C]2([CH3])[CH]1[CH2]3
5071,[CH3][CH]1[CH2][CH2][CH]2[C]([CH3])([CH3])[CH2][C]3([CH3])[CH2][CH2][CH]1[C]23[OH]
5072,[CH3][CH2][CH]=[CH][CH2][CH2][O][C]([CH3])=[O]
5073,[CH3][CH2][CH]=[CH][CH2][CH2][OH]
5074,[CH3][C]([OH])=[N][CH]1[CH]([O][CH]2[CH]([OH])[CH]([OH])[CH]([OH])[CH]([O][P](=[O])([OH])[OH])[CH]2[OH])[O][CH]([CH2][OH])[CH]([OH])[CH]1[OH]
5075,[O]=[C]([OH])[CH]1[O][CH]([O][CH]2[CH]([O][c]3[cH][c]4[c]([OH])[cH][c]([OH])[cH][c]4[o+][c]3-[c]3[cH][cH][c]([OH])[c]([OH])[cH]3)[O][CH]([CH2][OH])[CH]([OH])[CH]2[OH])[CH]([OH])[CH]([OH])[CH]1[OH]
5076,[CH3][C]1([CH3])[CH2][CH]([OH])[C]2([CH3])[CH2][CH2][C]3([CH3])[C](=[CH][CH2][CH]4[C]5([CH3])[CH2][CH2][CH]([O][CH]6[O][CH]([C](=[O])[OH])[CH]([OH])[CH]([OH])[CH]6[OH])[C]([CH3])([CH2][OH])[CH]5[CH2][CH2][C]43[CH3])[CH]2[CH2]1
5077,[NH2][c]1[n][cH][n][c]2[c]1[n][cH][n]2[CH]1[O][CH]([CH2][F])[CH]([OH])[CH]1[OH]
5078,[CH3][C]([CH3])=[CH][CH2][c]1[cH][cH][cH][c]2[c]([CH2][CH]([NH2])[C](=[O])[OH])[cH][nH][c]12
5079,[NH2][c]1[n][cH][n][c]2[c]1[n][cH][n]2[CH]1[O][CH]([CH2][Cl])[CH]([OH])[CH]1[OH]
5080,[CH3][C]([OH])=[N][CH]1[CH]([OH])[O][CH]([CH2][O][P](=[O])([OH])[OH])[CH]([OH])[CH]1[O][CH]([CH3])[C](=[O])[OH]
5081,[CH3][C]([OH])=[N][CH]1[CH]2[O][CH2][CH]([O]2)[CH]([OH])[CH]1[O][CH]([CH3])[C](=[O])[OH]
5082,[CH3][C]([CH3])=[CH][CH2][CH2][C]([CH3])=[CH][CH2][CH2][C]([CH3])=[CH][CH2][CH2][C]([CH3])=[CH][CH2][CH2][C]([CH3])=[CH][CH2][CH2][C]([CH3])=[CH][CH2][CH2][C]([CH3])=[CH][CH2][CH2][C]([CH3])=[CH][CH2][CH2][C]([CH3])=[CH][CH2][CH2][C]([CH3])=[CH][CH2][CH2][C]([CH3])=[CH][CH2][O][P](=[O])([OH])[O][P](=[O])([OH])[O][CH]1[O][CH]([CH2][OH])[CH]([OH])[CH]([OH])[CH]1[OH]
5083,[O]=[P]([OH])([O][CH2][CH]1[O][CH]([O][CH]2[CH]([OH])[CH]([OH])[O][CH]([CH2][OH])[CH]2[OH])[CH]([OH])[CH]([OH])[CH]1[OH])[O][CH]1[O][CH2][CH]([OH])[CH]([OH])[CH]1[OH]
5084,[OH][CH2][CH]1[O][CH]([O][CH]2[CH]([OH])[CH]([OH])[O][CH]([CH2][OH])[CH]2[OH])[CH]([OH])[CH]([OH])[CH]1[OH]
5085,[CH3][C]([CH3])([CH2][O][P](=[O])([OH])[O][P](=[O])([OH])[O][CH2][CH]1[O][CH]([n]2[cH][n][c]3[c]([NH2])[n][cH][n][c]32)[CH]([OH])[CH]1[O][P](=[O])([OH])[OH])[CH]([OH])[C]([OH])=[N][CH2][CH2][C]([OH])=[N][CH2][CH2][S][C](=[O])[CH2][F]
5086,[O]=[C]([OH])[CH]1[CH2][NH][CH2][CH2][NH]1
5087,[NH]=[C]([OH])[CH]1[CH2][NH][CH2][CH2][NH]1
5088,[NH]=[C]([OH])[CH2][CH2][NH2]
5089,[O]=[C]([OH])[CH]1[CH2][NH][CH2][CH2][NH]1
5090,[NH]=[C]([OH])[CH]1[CH2][NH][CH2][CH2][NH]1
5091,[NH]=[C]([OH])[CH]1[CH2][CH2][CH2][NH]1
5092,[CH3][C]([OH])=[N][CH]1[CH]([O][CH]2[CH]([OH])[CH]([OH])[CH]([OH])[CH]([OH])[CH]2[OH])[O][CH]([CH2][OH])[CH]([OH])[CH]1[OH]
5093,[NH]=[C]([OH])[O][CH]1[CH]([CH2][OH])[O][CH]([NH][C]2=[N][CH]3[CH]([OH])[CH2][N]=[C]([OH])[CH]3[NH]2)[CH]([N]=[C]([OH])[CH2][CH]([NH2])[CH2][CH2][CH2][NH2])[CH]1[OH]
5094,[NH]=[C]([OH])[O][CH]1[CH]([CH2][OH])[O][CH]([NH][C]2=[N][CH]([CH]([OH])[CH2][NH2])[CH]([C](=[O])[OH])[NH]2)[CH]([N]=[C]([OH])[CH2][CH]([NH2])[CH2][CH2][CH2][NH2])[CH]1[OH]
5095,[CH3][S][CH2][CH]1[O][CH]([n]2[cH][n][c]3[c]([OH])[n][cH][n][c]32)[CH]([OH])[CH]1[OH]
5096,[O]=[C]([OH])[c]1[cH][c]([N+](=[O])[O-])[cH][cH][c]1[OH]
5097,[NH2][c]1[cH][cH][c]([N+](=[O])[O-])[cH][c]1[C](=[O])[OH]
5098,[O]=[C]([OH])[CH]([CH2][O][P](=[O])([OH])[OH])[O][CH]1[O][CH]([CH2][OH])[CH]([OH])[CH]([OH])[CH]1[OH]
5099,[O]=[C]([OH])[CH]([CH2][OH])[O][CH]1[O][CH]([CH2][OH])[CH]([OH])[CH]([OH])[CH]1[OH]
5100,[O]=[C]([OH])[CH]([CH2][O][P](=[O])([OH])[OH])[O][CH]1[O][CH]([CH2][OH])[CH]([OH])[CH]([OH])[CH]1[O][CH]1[O][CH]([CH2][OH])[CH]([OH])[CH]([OH])[CH]1[OH]
5101,[NH]=[c]1[cH][cH][n]([CH]2[O][CH]([CH2][O][P](=[O])([OH])[O][P](=[O])([OH])[O][CH]3[CH]([OH])[CH]([OH])[CH]([OH])[CH]([OH])[CH]3[OH])[CH]([OH])[CH]2[OH])[c]([OH])[n]1
5102,[O]=[P]([OH])([OH])[O][CH]1[CH]([OH])[CH]([OH])[CH]([OH])[CH]([O][P](=[O])([OH])[O][CH]2[CH]([OH])[CH]([OH])[CH]([OH])[CH]([OH])[CH]2[OH])[CH]1[OH]
5103,[CH3][C]([CH3])=[CH][CH]=[CH][C]([CH3])=[CH][CH]=[CH][C]([CH3])=[CH][CH]=[CH][CH]=[C]([CH3])[CH]=[CH][CH]=[C]([CH3])[CH]=[CH][CH]=[C]([CH3])[CH3]
5104,[CH3][C]([CH]=[O])=[CH][CH]=[CH][C]([CH3])=[CH][CH]=[CH][C]([CH3])=[CH][CH]=[CH][CH]=[C]([CH3])[CH]=[CH][CH]=[C]([CH3])[CH]=[CH][CH]=[C]([CH3])[CH]=[O]
5105,[CH3][CH2][CH2][CH2][CH]([CH3])[CH]([OH])[CH]([OH])[CH2][CH]([CH3])[CH2][CH]([OH])[CH2][CH2][CH2][CH2][CH]([OH])[CH2][CH]([OH])[CH]([CH3])[NH2]
5106,[CH3][CH2][CH2][CH2][CH]([CH3])[CH]([O][C](=[O])[CH2][CH]([CH2][C](=[O])[OH])[C](=[O])[OH])[CH]([CH2][CH]([CH3])[CH2][CH]([OH])[CH2][CH2][CH2][CH2][CH]([OH])[CH2][CH]([OH])[CH]([CH3])[NH2])[O][C](=[O])[CH2][CH]([CH2][C](=[O])[OH])[C](=[O])[OH]
5107,[CH3][O][c]1[cH][c](-[c]2[cH][c](=[O])[c]3[c]([OH])[cH][c]([OH])[cH][c]3[o]2)[cH][c]([O][CH3])[c]1[O][CH3]
5108,[NH]=[C]([OH])[CH]1[CH2][CH2][CH2][CH2][NH]1
5109,[CH2]=[CH][C]1([CH3])[CH2][CH]=[C]2[CH]([CH2][CH2][CH]3[C]([CH3])([CH3])[CH2][CH2][CH2][C]23[CH3])[CH2]1
5110,[NH2][CH]([C](=[O])[OH])[CH]([OH])[C](=[O])[OH]
5111,[CH2]=[CH][C](=[CH2])[CH2][CH2][C]1([CH3])[CH]([CH3])[CH2][CH2][C]2([CH3])[C]([CH3])=[CH][CH2][CH2][CH]21
5112,[CH3][C](=[CH][CH2][O][P](=[O])([OH])[O][P](=[O])([OH])[OH])[CH2][CH2][C]1([CH3])[CH]([CH3])[CH2][CH2][C]2([CH3])[C]([CH3])=[CH][CH2][CH2][CH]21
5113,[CH2]=[C]1[CH]=[C]2[CH]([CH2][CH2]1)[CH]([CH3])[CH2][CH2][CH]2[CH]([CH3])[CH2][CH2][CH]=[C]([CH3])[CH3]
5114,[CH2]=[C]1[CH]=[CH][CH]([CH]([CH3])[CH3])[CH2][CH2]1
5115,[CH3][C]([CH3])=[CH][CH2][CH2][CH]([CH3])[CH]1[CH2][CH2][C]2([CH3])[CH]3[CH2][CH]=[C]4[CH]([CH2][CH2][CH]([OH])[C]4([CH3])[CH3])[C]3([CH3])[CH2][CH2][C]12[CH3]
5116,[CH3][C]([CH3])=[CH][CH2][CH2][C]([CH3])=[C]1[CH2][CH2][C]2([CH3])[CH]1[CH2][CH2][CH]1[C]3([CH3])[CH2][CH2][CH]([OH])[C]([CH3])([CH3])[CH]3[CH2][CH2][C]12[CH3]
5117,[O]=[C]1[CH]=[CH][CH2][O][C]1([OH])[CH2][OH]
5118,[CH3][C]([OH])=[N][CH]1[CH]([O][P](=[O])([OH])[O][P](=[O])([OH])[O][CH2][CH]2[O][CH]([n]3[cH][cH][c]([OH])[n][c]3=[O])[CH]([OH])[CH]2[OH])[O][CH]([CH3])[C](=[O])[CH]1[OH]
5119,[CH3][CH2][CH2][CH2][CH2][CH]=[CH][CH]=[CH][O][CH]=[CH][CH2][CH2][CH2][CH2][CH2][CH2][C](=[O])[OH]
5120,[CH3][C]([CH3])=[CH][CH2][CH2][C]([CH3])=[CH][CH2][CH2][C]([CH3])([OH])[CH]1[CH2][CH2][CH]2[C]1([CH3])[CH2][CH2][CH]1[C]([CH3])([CH3])[CH]([OH])[CH2][CH2][C]12[CH3]
5121,[CH3][C]([CH3])=[CH][CH2][CH2][C]([CH3])([OH])[CH]1[CH2][CH2][C]2([CH3])[CH]1[CH2][CH2][CH]1[C]3([CH3])[CH2][CH2][CH]([OH])[C]([CH3])([CH3])[CH]3[CH2][CH2][C]12[CH3]
5122,[CH3][C]([CH3])=[CH][CH]=[CH][C]([CH3])=[CH][CH]=[CH][C]([CH3])=[CH][CH]=[CH][C]([CH3])=[CH][CH]=[CH][CH]=[C]([CH3])[CH]=[CH][CH]=[C]([CH3])[CH]=[CH][CH]=[C]([CH3])[CH2][CH2][CH]=[C]([CH3])[CH3]
5123,[NH2][CH]1[C]([C](=[O])[OH])=[CH][CH]=[CH][CH]1[OH]
5124,[NH2][CH]1[C](=[O])[CH2][CH]=[CH][CH]1[C](=[O])[OH]
5125,[CH3][C]([CH3])=[CH][CH2][CH2][C]([CH3])=[CH][CH2][CH2][CH]([CH3])[C]1([CH3])[CH2][CH2][C]2=[C]1[CH2][CH2][CH]1[C]2([CH3])[CH2][CH2][CH]([OH])[C]1([CH3])[CH3]
5126,[CH3][C]1([CH3])[CH]=[C]2[CH]3[CH2][CH2][CH]4[C]5([CH3])[CH2][CH2][CH]([OH])[C]([CH3])([CH3])[CH]5[CH2][CH2][C]4([CH3])[C]3([CH3])[CH2][CH2][C]2([CH3])[CH2][CH2]1
5127,[CH3][C]1([CH3])[CH2][CH2][C]2([CH3])[CH2][CH2][C]3([CH3])[C]4=[C]([CH2][CH2][C]3([CH3])[CH]2[CH2]1)[C]1([CH3])[CH2][CH2][CH]([OH])[C]([CH3])([CH3])[CH]1[CH2][CH2]4
5128,[CH2]=[C]([CH2][CH2][CH]=[C]([CH3])[CH3])[CH]1[CH2][CH2][C]2([CH3])[CH]1[CH2][CH2][CH]1[C]3([CH3])[CH2][CH2][CH2][C]([CH3])([CH3])[CH]3[CH2][CH2][C]12[CH3]
5129,[CH3][C]([CH3])=[CH][CH2][CH2][C]([CH3])=[CH][CH2][CH2][C]([CH3])=[CH][CH2][CH2][CH]=[C]([CH3])[CH2][CH2][CH]1[C]([CH3])=[CH][CH2][CH]([OH])[C]1([CH3])[CH3]
5130,[CH3][C](=[CH][CH2][O][P](=[O])([OH])[O][P](=[O])([OH])[OH])[CH2][CH2][C]1([CH3])[CH]([CH3])[CH2][CH]=[C]2[CH]1[CH2][CH2][CH2][C]2([CH3])[CH3]
5131,[NH2][CH]([C](=[O])[OH])[CH]([OH])[C](=[O])[OH]
5132,[CH3][C]1([CH3])[CH]([CH]=[C]([Cl])[Cl])[CH]1[C](=[O])[OH]
5133,[OH][CH2][c]1[cH][cH][cH][c]([O][c]2[cH][cH][cH][cH][cH]2)[cH]1
5134,[CH3][C]1([CH3])[CH]([CH]=[C]([Cl])[Cl])[CH]1[C](=[O])[O][CH2][c]1[cH][cH][cH][c]([O][c]2[cH][cH][cH][cH][cH]2)[cH]1
5135,[CH3][C]([CH3])=[CH][CH2][CH2][C]([CH3])=[CH][CH]=[CH][C]([CH3])=[CH][CH]=[CH][CH]=[C]([CH3])[CH]=[CH][CH]=[C]([CH3])[CH]=[CH][CH]=[C]([CH3])[CH]=[O]
5136,[CH3][NH][CH]1[CH2][CH]([NH2])[CH]([OH])[CH]([O][CH]2[O][CH]([CH2][OH])[CH]([OH])[CH]3[O][C]4([O][CH]([CH]([NH2])[CH2][OH])[CH]([OH])[CH]([OH])[CH]4[OH])[O][CH]23)[CH]1[O][P](=[O])([OH])[OH]
5137,[CH3][C]([CH3])=[CH][CH2][CH2][C]([CH3])=[CH][CH2][CH2][C]([CH3])=[CH][CH2][CH2][C]([CH3])=[CH][CH2][CH2][C]([CH3])=[CH][CH2][CH2][C]([CH3])=[CH][CH2][CH2][C]([CH3])=[CH][CH2][CH2][C]([CH3])=[CH][CH2][CH2][C]([CH3])=[CH][CH2][CH2][C]([CH3])=[CH][CH2][CH2][C]([CH3])=[CH][CH2][O][P](=[O])([OH])[O][P](=[O])([OH])[OH]
5138,[CH3][C]([CH3])=[CH][CH2][CH2][C]([CH3])=[CH][CH2][CH2][C]([CH3])=[CH][CH2][CH2][C]([CH3])=[CH][CH2][O][P](=[O])([OH])[O][P](=[O])([OH])[OH]
5139,[CH3][C]([CH3])=[CH][CH2][CH2][C]([CH3])=[CH][CH2][CH2][C]([CH3])=[CH][CH2][CH2][C]([CH3])=[CH][CH2][CH2][C]([CH3])=[CH][CH2][CH2][C]([CH3])=[CH][CH2][CH2][C]([CH3])=[CH][CH2][CH2][C]([CH3])=[CH][CH2][CH2][C]([CH3])=[CH][CH2][CH2][C]([CH3])=[CH][CH2][CH2][C]([CH3])=[CH][CH2][O][P](=[O])([OH])[O][P](=[O])([OH])[O][CH]1[O][CH]([CH2][OH])[CH]([O][CH]2[O][CH]([CH2][OH])[CH]([OH])[CH]([O][CH]3[O][CH]([CH2][OH])[CH]([OH])[CH]([OH])[CH]3[O][CH]3[O][CH]([C](=[O])[OH])[CH]([OH])[CH]([OH])[CH]3[OH])[CH]2[OH])[CH]([OH])[CH]1[OH]
5140,[CH3][C]([CH3])=[CH][CH2][CH2][C]([CH3])=[CH][CH2][CH2][C]([CH3])=[CH][CH2][CH2][C]([CH3])=[CH][CH2][CH2][C]([CH3])=[CH][CH2][CH2][C]([CH3])=[CH][CH2][CH2][C]([CH3])=[CH][CH2][CH2][C]([CH3])=[CH][CH2][CH2][C]([CH3])=[CH][CH2][CH2][C]([CH3])=[CH][CH2][CH2][C]([CH3])=[CH][CH2][O][P](=[O])([OH])[O][P](=[O])([OH])[O][CH]1[O][CH]([CH2][OH])[CH]([O][CH]2[O][CH]([CH2][OH])[CH]([OH])[CH]([O][CH]3[O][CH]([CH2][OH])[CH]([OH])[CH]([OH])[CH]3[OH])[CH]2[OH])[CH]([OH])[CH]1[OH]
5141,[CH3][C]([CH3])=[CH][CH2][CH2][C]([CH3])=[CH][CH2][CH2][C]([CH3])=[CH][CH2][CH2][C]([CH3])=[CH][CH2][CH2][C]([CH3])=[CH][CH2][CH2][C]([CH3])=[CH][CH2][CH2][C]([CH3])=[CH][CH2][CH2][C]([CH3])=[CH][CH2][CH2][C]([CH3])=[CH][CH2][CH2][C]([CH3])=[CH][CH2][CH2][C]([CH3])=[CH][CH2][O][P](=[O])([OH])[O][P](=[O])([OH])[O][CH]1[O][CH]([CH2][OH])[CH]([O][CH]2[O][CH]([CH2][OH])[CH]([OH])[CH]([OH])[CH]2[OH])[CH]([OH])[CH]1[OH]
5142,[CH3][C]([CH3])=[CH][CH2][CH2][C]([CH3])=[CH][CH2][CH2][C]([CH3])=[CH][CH2][CH2][C]([CH3])=[CH][CH2][CH2][C]([CH3])=[CH][CH2][CH2][C]([CH3])=[CH][CH2][CH2][C]([CH3])=[CH][CH2][CH2][C]([CH3])=[CH][CH2][CH2][C]([CH3])=[CH][CH2][CH2][C]([CH3])=[CH][CH2][CH2][C]([CH3])=[CH][CH2][O][P](=[O])([OH])[O][P](=[O])([OH])[O][CH]1[O][CH]([CH2][OH])[CH]([O][CH]2[O][CH]([CH2][OH])[CH]([OH])[CH]([O][CH]3[O][CH]([CH2][OH])[CH]([OH])[CH]([OH])[CH]3[O][CH]3[O][CH]([C](=[O])[OH])[CH]([O][CH]4[O][CH]([CH2][OH])[CH]([OH])[CH]([OH])[CH]4[OH])[CH]([OH])[CH]3[OH])[CH]2[OH])[CH]([OH])[CH]1[OH]
5143,[CH3][C]([CH3])([OH])[CH]1[CH2][CH2][C]2([CH3])[CH2][CH2][C]3([CH3])[CH]([CH2][CH2][CH]4[C]5([CH3])[CH2][CH2][CH]([OH])[C]([CH3])([CH3])[CH]5[CH2][CH2][C]43[CH3])[CH]12
5144,[CH3][C]1([CH3])[CH2][CH]([OH])[C]2([CH3])[CH2][CH2][C]3([CH3])[C](=[CH][CH2][CH]4[C]5([CH3])[CH2][CH2][CH]([O][CH]6[O][CH]([C](=[O])[OH])[CH]([OH])[CH]([OH])[CH]6[O][CH]6[O][CH]([CH2][OH])[CH]([OH])[CH]([OH])[CH]6[OH])[C]([CH3])([CH2][OH])[CH]5[CH2][CH2][C]43[CH3])[CH]2[CH2]1
5145,[CH3][CH]1[O][CH]([O][CH]2[CH]([O][CH]3[CH]([O][CH]4[CH2][CH2][C]5([CH3])[CH]([CH2][CH2][C]6([CH3])[CH]5[CH2][CH]=[C]5[CH]7[CH2][C]([CH3])([CH3])[CH2][CH]([OH])[C]7([CH3])[CH2][CH2][C]56[CH3])[C]4([CH3])[CH2][OH])[O][CH]([C](=[O])[OH])[CH]([OH])[CH]3[OH])[O][CH]([CH2][OH])[CH]([OH])[CH]2[OH])[CH]([OH])[CH]([OH])[CH]1[OH]
5146,[CH3][C](=[O])[CH2][CH2][CH]([CH2][OH])[c]1[c]([OH])[cH][c]2[c]([c]1[OH])[C](=[O])[c]1[c]([OH])[cH][c]([OH])[cH][c]1[C]2=[O]
5147,[CH3][C](=[O])[CH2][CH2][CH]1[c]2[c]([cH][c]3[c]([c]2[OH])[C](=[O])[c]2[c]([OH])[cH][c]([OH])[cH][c]2[C]3=[O])[O][CH]1[OH]
5148,[CH3][C]([CH]=[CH][CH]=[C]([CH3])[C](=[O])[OH])=[CH][CH]=[CH][CH]=[C]([CH3])[CH]=[CH][CH]=[C]([CH3])[C](=[O])[O][CH]1[O][CH]([CH2][OH])[CH]([OH])[CH]([OH])[CH]1[OH]
5149,[CH3][C]([CH]=[CH][CH]=[C]([CH3])[C](=[O])[OH])=[CH][CH]=[CH][CH]=[C]([CH3])[CH]=[CH][CH]=[C]([CH3])[C](=[O])[OH]
5150,[CH3][C]([CH]=[CH][CH]=[C]([CH3])[C](=[O])[O][CH]1[O][CH]([CH2][OH])[CH]([OH])[CH]([OH])[CH]1[OH])=[CH][CH]=[CH][CH]=[C]([CH3])[CH]=[CH][CH]=[C]([CH3])[C](=[O])[O][CH]1[O][CH]([CH2][OH])[CH]([OH])[CH]([OH])[CH]1[OH]
5151,[CH3][C]([CH]=[CH][CH]=[C]([CH3])[C](=[O])[O][CH]1[O][CH]([CH2][OH])[CH]([OH])[CH]([OH])[CH]1[OH])=[CH][CH]=[CH][CH]=[C]([CH3])[CH]=[CH][CH]=[C]([CH3])[C](=[O])[O][CH]1[O][CH]([CH2][O][CH]2[O][CH]([CH2][OH])[CH]([OH])[CH]([OH])[CH]2[OH])[CH]([OH])[CH]([OH])[CH]1[OH]
5152,[CH3][C]([CH]=[CH][CH]=[C]([CH3])[C](=[O])[OH])=[CH][CH]=[CH][CH]=[C]([CH3])[CH]=[CH][CH]=[C]([CH3])[C](=[O])[O][CH]1[O][CH]([CH2][O][CH]2[O][CH]([CH2][OH])[CH]([OH])[CH]([OH])[CH]2[OH])[CH]([OH])[CH]([OH])[CH]1[OH]
5153,[CH3][C]([CH3])=[CH][CH2][CH2][C]([CH3])=[CH][CH2][CH2][C]([CH3])=[CH][CH2][CH2][C]([CH3])=[CH][CH2][CH2][C]([CH3])=[CH][CH2][CH2][C]([CH3])=[CH][CH2][CH2][C]([CH3])=[CH][CH2][CH2][C]([CH3])=[CH][CH2][CH2][C]([CH3])=[CH][CH2][CH2][C]([CH3])=[CH][CH2][CH2][C]([CH3])=[CH][CH2][O][P](=[O])([OH])[O][P](=[O])([OH])[O][CH]1[O][CH]([CH2][OH])[CH]([O][CH]2[O][CH]([CH2][OH])[CH]([OH])[CH]([O][CH]3[O][CH]([CH2][OH])[CH]([OH])[CH]([OH])[CH]3[O][CH]3[O][CH]([C](=[O])[OH])[CH]([O][CH]4[O][CH]5[CH2][O][C]([CH3])([C](=[O])[OH])[O][CH]5[CH]([OH])[CH]4[OH])[CH]([OH])[CH]3[OH])[CH]2[OH])[CH]([OH])[CH]1[OH]
5154,[CH3][CH2][CH2][CH2][CH2][CH2][CH2][CH2][CH2][CH2][CH2][CH]([OH])[CH2][C](=[O])[O][CH]1[CH]([OH])[CH]([CH2][O][CH]2[O][CH]([CH2][O][C]3([C](=[O])[OH])[CH2][CH]([O][C]4([C](=[O])[OH])[CH2][CH]([OH])[CH]([OH])[CH]([CH]([OH])[CH2][O][C]5([C](=[O])[OH])[CH2][CH]([OH])[CH]([OH])[CH]([CH]([OH])[CH2][OH])[O]5)[O]4)[CH]([OH])[CH]([CH]([OH])[CH2][OH])[O]3)[CH]([O][P](=[O])([OH])[OH])[CH]([O][C](=[O])[CH2][CH]([OH])[CH2][CH2][CH2][CH2][CH2][CH2][CH2][CH2][CH2][CH2][CH3])[CH]2[N]=[C]([OH])[CH2][CH]([OH])[CH2][CH2][CH2][CH2][CH2][CH2][CH2][CH2][CH2][CH2][CH3])[O][CH]([O][P](=[O])([OH])[OH])[CH]1[N]=[C]([OH])[CH2][CH]([OH])[CH2][CH2][CH2][CH2][CH2][CH2][CH2][CH2][CH2][CH2][CH3]
5155,[CH3][CH2][CH2][CH2][CH2][CH2][CH2][CH2][CH2][CH2][CH2][CH]([OH])[CH2][C](=[O])[O][CH]1[CH]([OH])[CH]([CH2][O][CH]2[O][CH]([CH2][O][C]3([C](=[O])[OH])[CH2][CH]([O][C]4([C](=[O])[OH])[CH2][CH]([O][C]5([C](=[O])[OH])[CH2][CH]([OH])[CH]([OH])[CH]([CH]([OH])[CH2][OH])[O]5)[CH]([OH])[CH]([CH]([OH])[CH2][O][C]5([C](=[O])[OH])[CH2][CH]([OH])[CH]([OH])[CH]([CH]([OH])[CH2][OH])[O]5)[O]4)[CH]([OH])[CH]([CH]([OH])[CH2][OH])[O]3)[CH]([O][P](=[O])([OH])[OH])[CH]([O][C](=[O])[CH2][CH]([OH])[CH2][CH2][CH2][CH2][CH2][CH2][CH2][CH2][CH2][CH2][CH3])[CH]2[N]=[C]([OH])[CH2][CH]([OH])[CH2][CH2][CH2][CH2][CH2][CH2][CH2][CH2][CH2][CH2][CH3])[O][CH]([O][P](=[O])([OH])[OH])[CH]1[N]=[C]([OH])[CH2][CH]([OH])[CH2][CH2][CH2][CH2][CH2][CH2][CH2][CH2][CH2][CH2][CH3]
5156,[CH3][CH2][CH2][CH2][CH2][CH2][CH2][CH2][CH2][CH2][CH2][CH]([OH])[CH2][C](=[O])[O][CH]1[CH]([OH])[CH]([CH2][O][CH]2[O][CH]([CH2][O][C]3([C](=[O])[OH])[CH2][CH]([O][P](=[O])([OH])[OH])[CH]([OH])[CH]([CH]([OH])[CH2][OH])[O]3)[CH]([O][P](=[O])([OH])[OH])[CH]([O][C](=[O])[CH2][CH]([OH])[CH2][CH2][CH2][CH2][CH2][CH2][CH2][CH2][CH2][CH2][CH3])[CH]2[N]=[C]([OH])[CH2][CH]([OH])[CH2][CH2][CH2][CH2][CH2][CH2][CH2][CH2][CH2][CH2][CH3])[O][CH]([O][P](=[O])([OH])[OH])[CH]1[N]=[C]([OH])[CH2][CH]([OH])[CH2][CH2][CH2][CH2][CH2][CH2][CH2][CH2][CH2][CH2][CH3]
5157,[O]=[P]([OH])([OH])[O][CH2][CH]([OH])[CH]1[O][CH]([OH])[CH]([OH])[CH]([OH])[CH]1[OH]
5158,[O]=[P]([OH])([OH])[O][CH2][CH]([OH])[CH]1[O][CH]([O][P](=[O])([OH])[OH])[CH]([OH])[CH]([OH])[CH]1[OH]
5159,[O]=[P]([OH])([OH])[O][CH]1[O][CH]([CH]([OH])[CH2][OH])[CH]([OH])[CH]([OH])[CH]1[OH]
5160,[NH]=[c]1[n][c]([OH])[c]2[n][cH][n]([CH]3[O][CH]([CH2][O][P](=[O])([OH])[O][P](=[O])([OH])[O][CH]4[O][CH]([CH]([OH])[CH2][OH])[CH]([OH])[CH]([OH])[CH]4[OH])[CH]([OH])[CH]3[OH])[c]2[nH]1
5161,[CH3][CH2][CH2][CH2][CH2][CH2][CH2][CH2][CH2][CH2][CH2][CH]([OH])[CH2][C](=[O])[O][CH]1[CH]([OH])[CH]([CH2][O][CH]2[O][CH]([CH2][OH])[CH]([O][P](=[O])([OH])[OH])[CH]([O][C](=[O])[CH2][CH]([OH])[CH2][CH2][CH2][CH2][CH2][CH2][CH2][CH2][CH2][CH2][CH3])[CH]2[N]=[C]([OH])[CH2][CH]([OH])[CH2][CH2][CH2][CH2][CH2][CH2][CH2][CH2][CH2][CH2][CH3])[O][CH]([O][P](=[O])([OH])[O][CH]2[O][CH2][CH]([NH2])[CH]([OH])[CH]2[OH])[CH]1[N]=[C]([OH])[CH2][CH]([OH])[CH2][CH2][CH2][CH2][CH2][CH2][CH2][CH2][CH2][CH2][CH3]
5162,[CH3][C]([CH]=[O])=[CH][CH]=[CH][C]([CH3])=[CH][CH]=[CH][C]([CH3])=[CH][CH]=[CH][CH]=[C]([CH3])[CH]=[CH][CH]=[C]([CH3])[CH]=[CH][C]1=[C]([CH3])[CH2][CH2][CH2][C]1([CH3])[CH3]
5163,[CH3][C]([CH3])=[CH][CH]=[CH][C]([CH3])=[CH][CH]=[CH][C]([CH3])=[CH][CH]=[CH][C]([CH3])=[CH][CH]=[CH][CH]=[C]([CH3])[CH]=[CH][CH]=[C]([CH3])[CH]=[CH][C]1=[C]([CH3])[CH2][CH2][CH2][C]1([CH3])[CH3]
5164,[CH3][C]([CH]=[CH][CH]=[C]([CH3])[CH]=[CH][CH]=[C]([CH3])[C](=[O])[OH])=[CH][CH]=[CH][CH]=[C]([CH3])[CH]=[CH][CH]=[C]([CH3])[CH]=[CH][C]1=[C]([CH3])[CH2][CH2][CH2][C]1([CH3])[CH3]
5165,[CH3][C]1=[CH][CH2][CH2][C]2([CH3])[CH2][CH2][CH]([C]([CH3])([CH3])[OH])[CH2][CH]12
5166,[CH3][C]1=[C]2[CH2][CH]([C]([CH3])([CH3])[OH])[CH2][CH2][C]2([CH3])[CH2][CH2][CH2]1
5167,[CH3][C]([CH]=[CH][CH]=[C]([CH3])[CH]=[CH][CH]=[C]([CH3])[CH2][CH2][CH2][C]([CH3])([CH3])[OH])=[CH][CH]=[CH][CH]=[C]([CH3])[CH]=[CH][CH]=[C]([CH3])[CH]=[CH][CH]=[C]([CH3])[CH2][CH2][CH2][C]([CH3])([CH3])[OH]
5168,[CH3][O][c]1[cH][c]([OH])[c]2[c]([cH]1)[O][CH]([c]1[cH][cH][c]([OH])[cH][cH]1)[CH2][C]2=[O]
5169,[cH]1[cH][cH][nH][cH]1
5170,[O]=[C]([OH])[CH2][NH][CH2][C](=[O])[OH]
5171,[O]=[C]([OH])[CH2][N]([CH2][C](=[O])[OH])[CH2][C](=[O])[OH]
5172,[CH3][C]([OH])=[N][CH]([CH2][CH2][NH2])[C](=[O])[OH]
5173,[CH3][CH]1[O][CH]([O][c]2[c](-[c]3[cH][cH][c]([OH])[cH][cH]3)[o][c]3[cH][c]([OH])[cH][c]([OH])[c]3[c]2=[O])[CH]([OH])[CH]([OH])[CH]1[OH]
5174,[CH3][CH]1[O][CH]([O][c]2[c](-[c]3[cH][cH][c]([OH])[c]([OH])[cH]3)[o][c]3[cH][c]([OH])[cH][c]([OH])[c]3[c]2=[O])[CH]([OH])[CH]([OH])[CH]1[OH]
5175,[CH3][CH]1[O][CH]([O][c]2[c](-[c]3[cH][cH][c]([OH])[c]([OH])[cH]3)[o][c]3[cH][c]([O][CH]4[O][CH]([CH2][OH])[CH]([OH])[CH]([OH])[CH]4[OH])[cH][c]([OH])[c]3[c]2=[O])[CH]([OH])[CH]([OH])[CH]1[OH]
5176,[CH3][C](=[O])[O][CH]1[CH]2[CH]3[CH2][CH]4[C]5=[N][c]6[cH][cH][cH][cH][c]6[C]51[CH2][CH]2[N]4[CH]([CH3])[CH]3[CH]=[O]
5177,[CH3][C](=[O])[O][CH]1[CH]2[CH]3[CH2][CH]4[C]5=[N][c]6[cH][cH][cH][cH][c]6[C]51[CH2][CH]2[N]4[CH]([CH3])[CH]3[CH2][OH]
5178,[CH3][CH]=[CH][CH]=[CH][CH2][CH2][CH2][CH2][CH]=[CH][c]1[cH][c]([O][CH3])[c]([CH]=[O])[c](=[O])[o]1
5179,[CH3][CH]=[CH][CH]=[CH][CH2][CH2][CH2][CH2][CH]=[CH][c]1[cH][c]([O][CH3])[c]([CH2][OH])[c](=[O])[o]1
5180,[CH3][CH2][CH]=[CH][CH2][CH]=[CH][CH]=[CH][CH]([CH2][CH2][CH2][CH2][CH2][CH2][CH2][C](=[O])[OH])[O][OH]
5181,[CH3][CH2][CH2][CH2][CH2][CH]=[CH][CH2][CH]([CH]=[CH][CH2][CH2][CH2][CH2][CH2][CH2][C](=[O])[OH])[O][OH]
5182,[CH3][CH]1[CH2][CH2][CH]2[C]([CH2][OH])=[CH][CH]3[CH2][C]([CH3])([CH3])[CH2][C]132
5183,[CH3][CH]1[CH2][CH2][CH]2[C]([CH]=[O])=[CH][CH]3[CH2][C]([CH3])([CH3])[CH2][C]132
5184,[CH3][C]1([CH3])[CH2][CH2][C]2([CH3])[CH2][CH2][C]3([CH3])[C](=[CH][CH]([OH])[CH]4[C]5([CH3])[CH2][CH2][CH]([OH])[C]([CH3])([CH3])[CH]5[CH2][CH2][C]43[CH3])[CH]2[CH2]1
5185,[CH3][C]1([CH3])[CH2][CH2][C]2([CH3])[CH2][CH2][C]3([CH3])[C](=[CH][C](=[O])[CH]4[C]5([CH3])[CH2][CH2][CH]([OH])[C]([CH3])([CH3])[CH]5[CH2][CH2][C]43[CH3])[CH]2[CH2]1
5186,[CH3][C]([CH3])([CH2][O][P](=[O])([OH])[O][P](=[O])([OH])[O][CH2][CH]1[O][CH]([n]2[cH][n][c]3[c]([NH2])[n][cH][n][c]32)[CH]([OH])[CH]1[O][P](=[O])([OH])[OH])[CH]([OH])[C]([OH])=[N][CH2][CH2][C]([OH])=[N][CH2][CH2][S][C](=[O])[CH2][C](=[O])[CH2][CH]=[CH][CH2][CH]=[O]
5187,[CH3][c]1[cH][n]([CH]2[CH2][CH]([OH])[CH]([CH2][O][P](=[O])([OH])[O][P](=[O])([OH])[O][CH]3[O][CH]([CH3])[CH]([OH])[CH]([NH2])[CH]3[OH])[O]2)[c](=[O])[n][c]1[OH]
5188,[CH3][c]1[cH][n]([CH]2[CH2][CH]([OH])[CH]([CH2][O][P](=[O])([OH])[O][P](=[O])([OH])[O][CH]3[O][CH]([CH3])[CH]([OH])[CH]([N]([CH3])[CH3])[CH]3[OH])[O]2)[c](=[O])[n][c]1[OH]
5189,[CH3][CH2][CH]1[O][C](=[O])[CH]=[CH][CH]([CH3])[CH]([O][CH]2[O][CH]([CH3])[CH2][CH]([N]([CH3])[CH3])[CH]2[OH])[CH]([CH3])[CH2][CH]([CH3])[C](=[O])[CH]=[CH][CH]=[CH][CH]1[CH2][O][CH]1[O][CH]([CH3])[CH]([OH])[CH]([OH])[CH]1[OH]
5190,[CH3][CH2][CH]1[O][C](=[O])[CH]=[CH][CH]([CH3])[CH]([O][CH]2[O][CH]([CH3])[CH2][CH]([N]([CH3])[CH3])[CH]2[OH])[CH]([CH3])[CH2][CH]([CH3])[C](=[O])[CH]=[CH][CH]=[CH][CH]1[CH2][O][CH]1[O][CH]([CH3])[CH]([OH])[CH]([OH])[CH]1[O][CH3]
5191,[CH3][CH2][CH]1[O][C](=[O])[CH]=[CH][CH]([CH3])[CH]([O][CH]2[O][CH]([CH3])[CH2][CH]([N]([CH3])[CH3])[CH]2[OH])[CH]([CH3])[CH2][CH]([CH3])[C](=[O])[CH]=[CH][CH]=[CH][CH]1[CH2][O][CH]1[O][CH]([CH3])[CH]([OH])[CH]([O][CH3])[CH]1[O][CH3]
5192,[CH3][c]1[cH][n]([CH]2[CH2][CH]([OH])[CH]([CH2][O][P](=[O])([OH])[O][P](=[O])([OH])[O][CH]3[O][CH]([CH3])[CH]([OH])[C](=[O])[CH]3[OH])[O]2)[c](=[O])[n][c]1[OH]
5193,[CH3][C]([OH])=[N][CH]1[CH]([O][P](=[O])([OH])[O][P](=[O])([OH])[O][CH2][CH]2[O][CH]([n]3[cH][cH][c]([OH])[n][c]3=[O])[CH]([OH])[CH]2[OH])[O][CH]([CH3])[CH]([NH2])[CH]1[OH]
5194,[CH3][C](=[CH][CH2][OH])[CH2][CH2][C]1([CH3])[CH]([CH3])[CH2][CH]=[C]2[CH]1[CH2][CH2][CH2][C]2([CH3])[CH3]
5195,[CH2]=[CH][C]([CH3])([OH])[CH2][CH2][C]1([CH3])[CH]([CH3])[CH2][CH]=[C]2[CH]1[CH2][CH2][CH2][C]2([CH3])[CH3]
5196,[CH3][CH]1[O][CH]([O][CH]2[CH]([OH])[CH]([OH])[O][CH]([CH2][OH])[CH]2[OH])[CH]([OH])[CH]([OH])[CH]1[O][CH]1[O][CH]([CH2][OH])[CH]([O][CH]2[O][C]([C](=[O])[OH])=[CH][CH]([OH])[CH]2[OH])[CH]([OH])[CH]1[OH]
5197,[CH3][CH]1[O][CH]([O][CH]2[CH]([OH])[CH]([OH])[O][CH]([CH2][OH])[CH]2[OH])[CH]([OH])[CH]([OH])[CH]1[O][CH]1[O][CH]([CH2][OH])[CH]([OH])[CH]([OH])[CH]1[OH]
5198,[NH]=[c]1[n][c]([OH])[c]2[n][c]([OH])[n]([CH]3[CH2][CH]([OH])[CH]([CH2][O][P](=[O])([OH])[OH])[O]3)[c]2[nH]1
5199,[NH]=[c]1[n][c]([OH])[c]2[n][c]([OH])[n]([CH]3[CH2][CH]([OH])[CH]([CH2][O][P](=[O])([OH])[O][P](=[O])([OH])[O][P](=[O])([OH])[OH])[O]3)[c]2[nH]1
5200,[NH2][c]1[n][c]([OH])[n][c]2[c]1[n][cH][n]2[CH]1[CH2][CH]([OH])[CH]([CH2][O][P](=[O])([OH])[OH])[O]1
5201,[NH2][c]1[n][c]([OH])[n][c]2[c]1[n][cH][n]2[CH]1[CH2][CH]([OH])[CH]([CH2][O][P](=[O])([OH])[O][P](=[O])([OH])[O][P](=[O])([OH])[OH])[O]1
5202,[CH3][C]([OH])=[N][CH]1[CH]([CH3])[O][CH]([OH])[CH]([N]=[C]([CH3])[OH])[CH]1[OH]
5203,[CH3][C]([OH])=[N][CH]1[CH]([CH3])[O][CH]([O][P](=[O])([OH])[O][P](=[O])([OH])[O][CH2][CH]2[O][CH]([n]3[cH][cH][c]([OH])[n][c]3=[O])[CH]([OH])[CH]2[OH])[CH]([N]=[C]([CH3])[OH])[CH]1[OH]
5204,[CH2]=[C]1[CH2][CH2][CH]=[C]([CH3])[CH2][CH2][CH]2[CH]1[CH2][C]2([CH3])[CH3]
5205,[CH3][C]12[CH2][CH2][CH2][C]([OH])([CH2]1)[CH]1[CH2][C]([CH3])([CH3])[CH]1[CH2][CH2]2
5206,[CH3][C]([CH3])([CH2][O][P](=[O])([OH])[O][P](=[O])([OH])[O][CH2][CH]1[O][CH]([n]2[cH][n][c]3[c]([NH2])[n][cH][n][c]32)[CH]([OH])[CH]1[O][P](=[O])([OH])[OH])[CH]([OH])[C]([OH])=[N][CH2][CH2][C]([OH])=[N][CH2][CH2][S][C](=[O])[CH2][C]12[CH]=[CH][CH]=[CH][CH]1[O]2
5207,[CH3][C]([OH])=[N][CH]([CH]([CH3])[OH])[CH]1[O][C]([OH])([C](=[O])[OH])[CH2][CH]([OH])[CH]1[N]=[C]([CH3])[OH]
5208,[CH3][C]([OH])=[N][CH]([CH]([CH3])[OH])[CH]1[O][C]([O][P](=[O])([OH])[O][CH2][CH]2[O][CH]([n]3[cH][cH][c](=[NH])[n][c]3[OH])[CH]([OH])[CH]2[OH])([C](=[O])[OH])[CH2][CH]([OH])[CH]1[N]=[C]([CH3])[OH]
5209,[CH3][C]([CH3])=[CH][CH2][CH2][C]([CH3])=[CH][CH2][CH2][C]([CH3])=[CH][CH2][O][P](=[O])([OH])[OH]
5210,[CH3][O][c]1[cH][c]2[cH][c]([c]1[Cl])[N]=[C]([OH])[CH2][CH]([OH])[C]([CH3])=[CH][CH]([CH3])[CH]1[CH2][C]([OH])([N]=[C]([OH])[O]1)[CH]([O][CH3])[CH]=[CH][CH]=[C]([CH3])[CH2]2
5211,[CH3][O][c]1[cH][c]2[cH][c]([c]1[Cl])[N]=[C]([OH])[CH2][CH]([OH])[C]([CH3])=[CH][CH]([CH3])[CH]([OH])[CH2][C](=[O])[CH]([O][CH3])[CH]=[CH][CH]=[C]([CH3])[CH2]2
5212,[CH3][O][c]1[cH][c]2[cH][c]([c]1[Cl])[N]=[C]([OH])[CH2][CH]([O][C](=[O])[CH]([CH3])[CH3])[C]([CH3])=[CH][CH]([CH3])[CH]1[CH2][C]([OH])([N]=[C]([OH])[O]1)[CH]([O][CH3])[CH]=[CH][CH]=[C]([CH3])[CH2]2
5213,[CH3][O][c]1[cH][c]2[cH][c]([c]1[Cl])[N]=[C]([OH])[CH2][CH]([O][C](=[O])[CH]([CH3])[CH3])[C]1([CH3])[O][CH]1[CH]([CH3])[CH]1[CH2][C]([OH])([N]=[C]([OH])[O]1)[CH]([O][CH3])[CH]=[CH][CH]=[C]([CH3])[CH2]2
5214,[CH3][O][c]1[cH][c]2[cH][c]([c]1[Cl])[N]([CH3])[C](=[O])[CH2][CH]([O][C](=[O])[CH]([CH3])[CH3])[C]1([CH3])[O][CH]1[CH]([CH3])[CH]1[CH2][C]([OH])([N]=[C]([OH])[O]1)[CH]([O][CH3])[CH]=[CH][CH]=[C]([CH3])[CH2]2
5215,[CH3][O][c]1[cH][c]2[cH][c]([c]1[Cl])[N]([CH]1[O][CH]([CH2][OH])[CH]([OH])[CH]([OH])[CH]1[OH])[C](=[O])[CH2][CH]([O][C](=[O])[CH]([CH3])[CH3])[C]1([CH3])[O][CH]1[CH]([CH3])[CH]1[CH2][C]([OH])([N]=[C]([OH])[O]1)[CH]([O][CH3])[CH]=[CH][CH]=[C]([CH3])[CH2]2
5216,[CH3][O][c]1[cH][c]2[cH][c]([c]1[Cl])[N]([CH]1[O][CH]([CH2][OH])[CH]([O][C](=[NH])[OH])[CH]([OH])[CH]1[OH])[C](=[O])[CH2][CH]([O][C](=[O])[CH]([CH3])[CH3])[C]1([CH3])[O][CH]1[CH]([CH3])[CH]1[CH2][C]([OH])([N]=[C]([OH])[O]1)[CH]([O][CH3])[CH]=[CH][CH]=[C]([CH3])[CH2]2
5217,[CH3][CH]([CH2][OH])[CH2][CH2][CH2][CH]([CH3])[CH]1[CH2][CH2][CH]2[CH]3[CH2][CH2][C]4=[CH][C](=[O])[CH2][CH2][C]4([CH3])[CH]3[CH2][CH2][C]12[CH3]
5218,[CH3][C]12[CH]=[CH][C](=[O])[CH]=[C]1[CH2][CH2][CH]1[CH]2[CH2][CH2][C]2([CH3])[C](=[O])[CH2][CH2][CH]12
5219,[CH3][C]12[CH2][CH2][C]3([OH])[CH]([CH2][CH2][C]4=[CH][C](=[O])[CH]=[CH][C]43[CH3])[CH]1[CH2][CH2][C]2=[O]
5220,[CH3][C]1=[CH][C]23[CH2][CH2][CH]4[C]([CH3])([CH3])[CH2][CH2][CH2][C]4([CH3])[CH]2[CH2][CH2][CH]1[CH2]3
5221,[CH3][C]1=[CH][C]23[CH2][CH2][CH]4[C]([CH3])([CH3])[CH2][CH]([OH])[CH2][C]4([CH3])[CH]2[CH2][CH2][CH]1[CH2]3
5222,[CH2]=[CH][C]1([CH3])[CH2][CH2][CH]2[C](=[CH][CH2][CH]3[C]([CH3])([CH2][OH])[CH2][CH2][CH2][C]23[CH3])[CH2]1
5223,[CH2]=[CH][C]1([CH3])[CH2][CH2][CH]2[C](=[CH][CH2][CH]3[C]([CH3])([CH]=[O])[CH2][CH2][CH2][C]23[CH3])[CH2]1
5224,[CH2]=[CH][C]1([CH3])[CH2][CH2][CH]2[C](=[CH][CH2][CH]3[C]([CH3])([C](=[O])[OH])[CH2][CH2][CH2][C]23[CH3])[CH2]1
5225,[CH2]=[CH][C]1=[CH][CH]([OH])[CH]2[CH]([CH2][CH2][CH]3[C]([CH3])([CH3])[CH2][CH2][CH2][C]23[CH3])[CH]1[CH3]
5226,[CH2]=[C]1[CH]([O][C]([CH3])=[O])[CH2][CH2][C]2([CH3])[CH2][CH]([OH])[C]3=[C]([CH3])[CH2][CH]([OH])[CH]([CH2][CH]12)[C]3([CH3])[CH3]
5227,[CH2]=[C]1[CH]([O][C]([CH3])=[O])[CH2][CH2][C]2([CH3])[CH]1[CH2][CH]1[CH2][CH]([O][C]([CH3])=[O])[C]([CH3])=[C]([CH]([O][C]([CH3])=[O])[CH]2[O][C]([CH3])=[O])[C]1([CH3])[CH3]
5228,[CH2]=[C]1[CH]([O][C]([CH3])=[O])[CH2][CH]([OH])[C]2([CH3])[CH]1[CH2][CH]1[CH2][CH]([O][C]([CH3])=[O])[C]([CH3])=[C]([CH]([O][C]([CH3])=[O])[CH]2[O][C]([CH3])=[O])[C]1([CH3])[CH3]
5229,[CH3][O][c]1[cH][c]([OH])[cH][c]([CH]=[CH][c]2[cH][cH][c]([OH])[cH][cH]2)[cH]1
5230,[CH3][O][c]1[cH][c]([CH]=[CH][c]2[cH][cH][c]([OH])[cH][cH]2)[cH][c]([O][CH3])[cH]1
5231,[CH3][C]([OH])=[N][CH]1[CH]([OH])[CH]([CH3])[O][CH]([O][P](=[O])([OH])[O][P](=[O])([OH])[O][CH2][CH]2[O][CH]([n]3[cH][c]([CH3])[c]([OH])[n][c]3=[O])[CH2][CH]2[OH])[CH]1[OH]
5232,[NH]=[c]1[n][c]([OH])[c]2[n][c]([OH])[nH][c]2[nH]1
5233,[NH]=[c]1[n][c]([OH])[c]2[n][c]([OH])[n]([CH]3[CH2][CH]([OH])[CH]([CH2][O][P](=[O])([OH])[O][P](=[O])([OH])[OH])[O]3)[c]2[nH]1
5234,[NH2][c]1[n][cH][n][c]2[c]1[n][cH][n]2[CH]1[O][CH]([CH2][O][P](=[O])([OH])[O][P](=[O])([OH])[O][P](=[O])([OH])[O][P](=[O])([OH])[O][P](=[O])([OH])[O][P](=[O])([OH])[O][CH2][CH]2[O][CH]([n]3[cH][n][c]4[c]([NH2])[n][cH][n][c]43)[CH]([OH])[CH]2[OH])[CH]([OH])[CH]1[OH]
5235,[NH2][c]1[n][cH][n][c]2[c]1[n][cH][n]2[CH]1[O][CH]([CH2][O][P](=[O])([OH])[O][P](=[O])([OH])[O][P](=[O])([OH])[O][P](=[O])([OH])[O][P](=[O])([OH])[OH])[CH]([OH])[CH]1[OH]
5236,[CH3][C]12[CH2][CH2][C](=[O])[CH]([CH2][CH2][C](=[O])[OH])[CH]1[CH2][CH2][C]2=[O]
5237,[CH3][c]1[cH][cH][c]([OH])[cH][c]1[CH2][CH2][CH]1[C](=[O])[CH2][CH2][C]2([CH3])[C](=[O])[CH2][CH2][CH]12
5238,[CH2]=[C]([CH3])[CH]1[CH2][CH2][C]2([CH3])[CH2][CH2][CH]=[C]([CH3])[CH]2[CH2]1
5239,[CH2]=[C]([CH3])[CH]1[CH2][CH2][CH]([CH3])[C]2=[C]([CH2]1)[CH]([CH3])[CH2][CH2]2
5240,[CH3][C]1=[C]2[CH2][CH2][CH]([CH3])[CH]2[CH]2[CH]([CH2][CH2]1)[C]2([CH3])[CH3]
5241,[CH2]=[C]([CH3])[CH]1[CH2][CH2][C]2([CH3])[CH2][CH2][CH]=[C]([CH3])[CH]2[CH2]1
5242,[CH3][CH]([CH3])[CH]1[CH2][CH2][CH]([CH3])[C]23[CH2][CH2][C]([CH3])([OH])[CH]2[CH]13
5243,[CH2]=[C]1[CH2][CH2][CH]([CH]([CH3])[CH3])[CH]2[CH]=[C]([CH3])[CH2][CH2][CH]12
5244,[CH2]=[C]([CH3])[CH]1[CH2][CH2][C]([CH3])=[C]2[CH2][CH2][CH]([CH3])[CH]2[CH2]1
5245,[CH3][C]([CH3])=[CH][CH2][CH2][CH]([CH3])[C]1=[CH][CH]=[C]([CH3])[CH2][CH2]1
5246,[CH3][C]1=[CH][CH]=[C]([C]2([CH3])[CH2][CH2][CH2][C]2([CH3])[CH3])[CH2][CH2]1
5247,[CH3][CH]1[CH2][CH2][CH]([OH])[C]2([CH3])[CH2][CH2][CH]3[CH]([CH]12)[C]3([CH3])[CH3]
5248,[CH3][C]1=[CH][CH]2[C](=[C]([CH3])[CH2][CH2][CH]2[CH]([CH3])[CH3])[CH2][CH2]1
5249,[CH3][C]1=[CH][CH]2[CH]([CH]([CH3])[CH3])[CH2][CH2][C]([CH3])([OH])[CH]2[CH2][CH2]1
5250,[CH2]=[CH][C]([CH3])=[CH][CH2][CH]1[C](=[CH2])[CH2][CH2][CH]2[C]([CH3])([CH3])[CH2][CH2][CH2][C]12[CH3]
5251,[CH3][C]1=[CH][CH]2[CH]([CH2][CH2][C]([CH3])=[CH][CH2][CH2]1)[C]2([CH3])[CH3]
5252,[CH3][C]([CH3])=[CH][CH2][CH2][CH]([CH3])[C]12[CH2][CH]=[C]([CH3])[CH]1[CH2]2
5253,[CH3][CH2][CH2][CH2][CH2][CH]=[CH][CH2][CH]=[CH][CH]([OH])[CH2][CH2][CH]([OH])[CH2][CH2][CH2][C](=[O])[OH]
5254,[CH3][C]([CH3])=[CH][CH2][CH2][C]1([CH3])[CH2][CH2][C]2([CH3])[CH]3[CH2][CH2][C]4([CH3])[CH]([CH3])[C](=[O])[CH2][CH2][CH]4[C]3([CH3])[CH2][CH2][C]2([CH3])[CH2]1
5255,[CH3][C]([CH3])=[CH][CH2][CH2][CH]([CH3])[CH]1[CH2][CH2][C]2([CH3])[CH]3[CH2][CH2][CH]4[C]([CH3])([CH2][CH2][CH]([OH])[C]4([CH3])[CH3])[C]3=[CH][CH2][C]12[CH3]
5256,[CH2]=[C]1[CH2][CH2][CH]([OH])[C]([CH3])([CH3])[CH]1[CH2][CH2][C]([CH3])=[CH][CH2][CH2][C]1=[C]([CH3])[CH2][CH2][C]2([CH3])[CH2][CH2][C]([CH3])([CH3])[CH2][CH]12
5257,[CH3][C]1([CH3])[CH2][CH2][C]2([CH3])[CH2][CH2][C]3([CH3])[CH]4[CH2][CH]=[C]5[CH]([CH2][CH2][CH]([OH])[C]5([CH3])[CH3])[C]4([CH3])[CH2][CH2][C]3([CH3])[CH]2[CH2]1
5258,[CH3][CH]1[C](=[O])[CH2][CH2][CH]2[C]1([CH3])[CH2][CH2][CH]1[C]2([CH3])[CH2][CH2][C]2([CH3])[CH]3[CH2][C]([CH3])([CH3])[CH2][CH2][C]3([CH3])[CH2][CH2][C]12[CH3]
5259,[CH3][C]([CH3])=[CH][CH2][CH2][C]1([CH3])[CH2][CH2][C]2([CH3])[CH]3[CH2][CH2][CH]4[C]([CH3])([CH3])[CH]5[CH2][CH2][C]4([O]5)[C]3([CH3])[CH2][CH2][C]2([CH3])[CH2]1
5260,[CH3][C]1=[CH][CH2][CH]2[C]([CH3])([CH3])[CH]([OH])[CH2][CH2][C]2([CH3])[CH]1[CH2][CH2][C]1=[C]([CH3])[CH2][CH2][C]2([CH3])[CH2][CH2][CH]([CH3])[CH]([CH3])[CH]12
5261,[CH3][C]([CH3])=[CH][CH2][CH2][C]([CH3])=[CH][CH2][CH2][C]([CH3])=[CH][CH2][CH2][C]1([CH3])[CH]([CH3])[CH2][CH2][C](=[C]([CH3])[CH3])[CH]1[CH2][CH2][CH]=[O]
5262,[CH3][C]1=[CH][CH2][CH]2[C]([CH3])([CH3])[CH]([OH])[CH2][CH2][C]2([CH3])[CH]1[CH2][CH2][C]1=[C]([CH3])[CH2][CH2][C]2([CH3])[CH2][CH2][C]([CH3])([CH3])[CH2][CH]12
5263,[CH3][C]1([CH3])[CH2][CH2][C]2([CH3])[CH2][CH2][C]3([CH3])[C](=[C]2[CH2]1)[CH2][CH2][CH]1[C]2([CH3])[CH2][CH2][CH]([OH])[C]([CH3])([CH3])[CH]2[CH2][CH2][C]13[CH3]
5264,[CH3][C]([CH3])=[CH][CH2][CH2][CH]([CH3])[CH]1[CH2][CH2][C]2([CH3])[C]3=[CH][CH2][CH]4[C]([CH3])([CH3])[CH]([OH])[CH2][CH2][C]4([CH3])[CH]3[CH2][CH2][C]12[CH3]
5265,[CH3][C]([CH3])=[CH][CH2][CH2][C]1([CH3])[CH2][CH2][C]2([CH3])[CH]3[CH2][CH]=[C]4[CH]([CH2][CH2][CH]([OH])[C]4([CH3])[CH3])[C]3([CH3])[CH2][CH2][C]2([CH3])[CH2]1
5266,[CH3][O][c]1[cH][c]([CH]2[CH]([CH3])[CH]=[CH][CH]3[CH2][CH2][CH2][CH2][CH]32)[o][c](=[O])[c]1[CH]=[O]
5267,[CH2]=[C]1[CH2][CH2][C]23[CH2][CH]1[CH2][CH]2[CH2][CH2][CH]1[C]([CH3])([C](=[O])[OH])[CH2][CH2][CH2][C]13[CH3]
5268,[CH2]=[CH][C]([CH3])([OH])[CH2][CH2][CH]=[C]([CH3])[CH]=[O]
5269,[CH3][C](=[CH][CH2][CH2][C]([CH3])=[CH][CH]=[O])[CH2][OH]
5270,[CH3][C]([CH]=[O])=[CH][CH2][CH2][C]([CH3])=[CH][CH2][OH]
5271,[CH3][O][c]1[cH][c]([CH]=[CH][CH2][O][C]([CH3])=[O])[cH][cH][c]1[OH]
5272,[O]=[C]([C](=[O])[c]1[cH][cH][cH][cH][cH]1)[c]1[cH][cH][cH][cH][cH]1
5273,[O]=[C]([c]1[cH][cH][cH][cH][cH]1)[CH]([OH])[c]1[cH][cH][cH][cH][cH]1
5274,[O]=[C]([c]1[cH][cH][cH][cH][cH]1)[CH]([OH])[c]1[cH][cH][cH][cH][cH]1
5275,[CH3][C]1=[CH][CH2][C]([CH3])([CH3])[CH]=[CH][CH]([OH])[C]([CH3])=[CH][CH2][CH2]1
5276,[CH2]=[C]1[CH2][CH2][C]2([CH]([CH3])[CH3])[CH2][CH]12
5277,[CH3][CH]([CH2][CH2][NH][C](=[NH])[NH2])[C](=[O])[C](=[O])[OH]
5278,[CH3][C]([CH3])=[CH][CH2][CH2][C]([CH3])=[C]([CH3])[CH2][O][P](=[O])([OH])[O][P](=[O])([OH])[OH]
5279,[OH][CH2][CH]1[O][CH]([O][CH]2[CH]([OH])[CH]([OH])[O][CH]([CH2][OH])[CH]2[OH])[CH]([OH])[CH]([OH])[CH]1[OH]
5280,[OH][CH2][CH]1[O][CH]([O][CH]2[CH]([CH2][OH])[O][CH]([OH])[CH]([OH])[CH]2[OH])[CH]([OH])[CH]([OH])[CH]1[OH]
5281,[O]=[P]([OH])([OH])[O][CH]1[O][CH]([CH2][OH])[CH]([O][CH]2[O][CH]([CH2][OH])[CH]([OH])[CH]([OH])[CH]2[OH])[CH]([OH])[CH]1[OH]
5282,[CH3][C]([OH])=[N][CH]1[CH]([O][P](=[O])([OH])[O][P](=[O])([OH])[O][CH2][CH]2[O][CH]([n]3[cH][cH][c]([OH])[n][c]3=[O])[CH]([OH])[CH]2[OH])[O][CH]([CH2][OH])[CH]([OH])[CH]1[O][P](=[O])([OH])[OH]
5283,[CH3][C](=[CH][NH2])[C](=[O])[O][OH]
5284,[CH3][C](=[CH][NH][C](=[NH])[OH])[C](=[O])[O][OH]
5285,[OH][CH]1[CH]([OH])[CH]([OH])[CH]([OH])[CH]([OH])[CH]1[OH]
5286,[CH3][C]12[CH2][CH2][CH]3[CH]([CH2][CH]=[C]4[CH2][C](=[O])[CH2][CH2][C]43[CH3])[CH]1[CH2][CH2][C]2=[O]
5287,[CH3][C]12[CH2][CH2][CH]3[CH]([CH2][CH2][CH]4[CH2][CH]([OH])[CH2][CH2][C]43[CH3])[CH]1[CH2][CH2][C]2=[O]
5288,[CH3][C]1([CH3])[CH]2[CH2][CH]3[CH]([CH2]2)[C]31[CH3]
5289,[CH2]=[CH][C]([CH3])=[CH][CH2][CH]=[C]([CH3])[CH3]
5290,[CH3][C]1=[CH][CH2][CH]2[CH]([CH2]1)[C]2([CH3])[CH3]
5291,[CH2]=[C]1[CH2][CH2][C]2([CH]([CH3])[CH3])[CH2][CH]12
5292,[CH3][C](=[CH][CH2][O][P](=[O])([OH])[O][P](=[O])([OH])[OH])[CH2][CH2][CH]1[C]([CH3])([OH])[CH2][CH2][CH]2[C]([CH3])([CH3])[CH2][CH2][CH2][C]21[CH3]
5293,[CH3][C]1=[CH][CH2][C]([CH]([CH3])[CH3])=[CH][CH2]1
5294,[CH3][C]1=[CH][CH]=[C]([CH]([CH3])[CH3])[CH2][CH2]1
5295,[CH2]=[C]1[CH]2[CH2][CH2][CH]([CH2]2)[C]1([CH3])[CH3]
5296,[CH2]=[C]1[CH]2[CH2][CH2][CH]([CH2]2)[C]1([CH3])[CH3]
5297,[CH3][C]1([OH])[CH2][CH]2[CH2][CH2][C]1([CH3])[C]2([CH3])[CH3]
5298,[CH2]=[C]1[CH2][CH2][CH]2[CH2][CH]1[C]2([CH3])[CH3]
5299,[CH2]=[C]1[CH]=[CH][CH]([CH]([CH3])[CH2][CH2][CH]=[C]([CH3])[CH3])[CH2][CH2]1
5300,[CH3][C]1=[N][CH]([C](=[O])[OH])[S][C]1=[CH][CH2][O][P](=[O])([OH])[OH]
5301,[CH3][c]1[n][c]([C](=[O])[OH])[s][c]1[CH2][CH2][O][P](=[O])([OH])[OH]
5302,[NH]=[C]([OH])[NH][CH]=[CH][C](=[O])[OH]
5303,[CH3][C]12[CH2][CH2][CH]([CH2]1)[C]([CH3])([CH3])[C]2=[O]
5304,[CH3][CH]1[C](=[O])[CH2][C]2([CH]([CH3])[CH3])[CH2][CH]12
5305,[CH3][CH]1[CH]([OH])[CH2][C]2([CH]([CH3])[CH3])[CH2][CH]12
5306,[CH3][C]1=[CH][CH2][C]([CH3])([CH3])[CH]=[CH][C](=[O])[C]([CH3])=[CH][CH2][CH2]1
5307,[CH3][CH]([OH])[CH]([OH])[CH]1[CH2][NH][c]2[nH][c](=[NH])[n][c]([OH])[c]2[NH]1
5308,[CH3][c]1[n][cH][c]([CH2][NH2])[c](=[NH])[nH]1
5309,[CH3][C]1=[CH][C](=[O])[CH]([CH2][C](=[O])[S][CH2][CH2][N]=[C]([OH])[CH2][CH2][N]=[C]([OH])[CH]([OH])[C]([CH3])([CH3])[CH2][O][P](=[O])([OH])[O][P](=[O])([OH])[O][CH2][CH]2[O][CH]([n]3[cH][n][c]4[c]([NH2])[n][cH][n][c]43)[CH]([OH])[CH]2[O][P](=[O])([OH])[OH])[C]1([CH3])[CH3]
5310,[CH3][C]1=[CH][C](=[O])[CH]([CH2][C](=[O])[OH])[C]1([CH3])[CH3]
5311,[CH3][C]1=[CH][CH]2[CH]([CH2][CH2]1)[C]([CH3])=[CH][CH2][CH]2[CH]([CH3])[CH3]
5312,[CH2]=[C]1[CH2][CH2][CH]([CH]([CH3])[CH3])[CH]2[CH]=[C]([CH3])[CH2][CH2][CH]12
5313,[CH2]=[C]1[CH2][CH2][CH]2[CH]3[CH]([CH]([CH3])[CH3])[CH2][CH2][C]2([CH3])[CH]13
5314,[CH2]=[C]1[CH2][CH2][C]23[CH]([CH3])[CH2][CH2][CH]([CH]([CH3])[CH3])[CH]2[CH]13
5315,[CH2]=[C]1[CH]2[CH2][CH2][CH]3[CH]2[CH]([CH]([CH3])[CH3])[CH2][CH2][C]13[CH3]
5316,[CH3][C]([CH3])=[CH][CH2][CH2][C]([CH3])=[CH][CH2][CH2][C]([CH3])=[CH][CH2][CH2][C]([CH3])=[CH][CH2][CH2][C]([CH3])=[CH][CH2][CH2][CH]([CH3])[C]1=[CH][CH2][C]([CH3])=[CH][CH2]1
5317,[CH3][CH]([CH2][CH2][NH2])[CH]([NH2])[C](=[O])[OH]
5318,[CH3][CH]([CH2][CH]=[O])[CH]([NH2])[C]([OH])=[N][CH2][CH2][CH2][CH2][CH]([NH2])[C](=[O])[OH]
5319,[CH3][CH]([CH2][CH2][NH2])[CH]([NH2])[C]([OH])=[N][CH2][CH2][CH2][CH2][CH]([NH2])[C](=[O])[OH]
5320,[CH3][CH]1[CH2][CH]=[N][CH]1[C]([OH])=[N][CH2][CH2][CH2][CH2][CH]([NH2])[C](=[O])[OH]
5321,[CH3][C]12[CH2][CH]([OH])[CH]([CH2][C]1=[O])[C]2([CH3])[CH3]
5322,[CH2]=[C]([CH2][OH])[CH]1[CH2][CH2][CH]([CH3])[CH]2[CH2][CH2][C]([CH3])=[CH][CH]12
5323,[CH2]=[C]([CH]=[O])[CH]1[CH2][CH2][CH]([CH3])[CH]2[CH2][CH2][C]([CH3])=[CH][CH]12
5324,[CH2]=[C]([C](=[O])[OH])[CH]1[CH2][CH2][CH]([CH3])[CH]2[CH2][CH2][C]([CH3])=[CH][CH]12
5325,[CH3][CH2][CH]([CH3])[CH]([NH][OH])[C](=[O])[OH]
5326,[CH3][CH2][CH]([CH3])[CH]([C](=[O])[OH])[N]([OH])[OH]
5327,[CH3][CH]([CH3])[CH]([NH][OH])[C](=[O])[OH]
5328,[CH3][CH]([CH3])[CH]([C](=[O])[OH])[N]([OH])[OH]
5329,[CH3][CH2][CH]([CH3])[CH]=[N][OH]
5330,[CH3][CH2][C]([CH3])([C]#[N])[O][CH]1[O][CH]([CH2][OH])[CH]([OH])[CH]([OH])[CH]1[OH]
5331,[CH3][CH]([CH3])[CH]=[N][OH]
5332,[CH3][C]1=[CH][C](=[O])[O][CH]([CH2][C](=[O])[S][CH2][CH2][N]=[C]([OH])[CH2][CH2][N]=[C]([OH])[CH]([OH])[C]([CH3])([CH3])[CH2][O][P](=[O])([OH])[O][P](=[O])([OH])[O][CH2][CH]2[O][CH]([n]3[cH][n][c]4[c]([NH2])[n][cH][n][c]43)[CH]([OH])[CH]2[O][P](=[O])([OH])[OH])[C]1([CH3])[CH3]
5333,[CH3][C]1([CH3])[CH]2[CH2][C](=[O])[C]1([CH3])[CH]([OH])[CH2]2
5334,[CH3][C]1=[C]([OH])[CH2][CH]([CH2][C](=[O])[OH])[C]1([CH3])[CH3]
5335,[CH3][C]12[C](=[O])[CH2][CH]([CH2][C]1=[O])[C]2([CH3])[CH3]
5336,[CH3][C]1=[CH][CH]2[CH]([CH]([CH3])[CH]=[O])[CH2][CH2][CH]([CH3])[CH]2[CH2][CH2]1
5337,[CH3][CH]([CH3])[C]1=[CH][C]2=[CH][CH2][CH]3[C]([CH3])([CH]([OH])[OH])[CH2][CH2][CH2][C]3([CH3])[CH]2[CH2][CH2]1
5338,[CH3][C](=[O])[N]([OH])[CH2][CH2][CH2][CH2][CH]([N]=[C]([OH])[CH2][C]([OH])([CH2][C](=[O])[OH])[C](=[O])[OH])[C](=[O])[OH]
5339,[CH3][C](=[O])[N]([OH])[CH2][CH2][CH2][CH2][CH]([N]=[C]([OH])[CH2][C]([OH])([CH2][C]([OH])=[N][CH]([CH2][CH2][CH2][CH2][N]([OH])[C]([CH3])=[O])[C](=[O])[OH])[C](=[O])[OH])[C](=[O])[OH]
5340,[CH2]=[C]([CH3])[CH2][CH2][O][P](=[O])([OH])[OH]
5341,[NH2][CH2][CH]1[O][CH]([O][CH]2[CH]([NH2])[CH2][CH]([NH2])[CH]([OH])[CH]2[OH])[CH]([OH])[CH]([OH])[CH]1[OH]
5342,[NH2][CH]1[CH2][CH]([NH2])[CH]([O][CH]2[O][CH]([CH]=[O])[CH]([OH])[CH]([OH])[CH]2[OH])[CH]([OH])[CH]1[OH]
5343,[CH3][C]([CH3])=[CH][CH2][CH2][C]([CH3])=[CH][CH2][CH2][C]([CH3])=[CH][CH2][CH2][C]([CH3])=[CH][CH2][CH2][C]([CH3])=[CH][CH2][CH2][C]([CH3])=[CH][CH2][CH2][C]([CH3])=[CH][CH2][CH2][C]([CH3])=[CH][CH2][CH2][C]([CH3])=[CH][CH2][CH2][C]([CH3])=[CH][CH2][O][P](=[O])([OH])[O][CH]1[O][CH]([CH2][O][P](=[O])([OH])[OH])[CH]([OH])[CH]1[OH]
5344,[CH3][C]([CH3])=[CH][CH2][CH2][C]([CH3])=[CH][CH2][CH2][C]([CH3])=[CH][CH2][CH2][C]([CH3])=[CH][CH2][CH2][C]([CH3])=[CH][CH2][CH2][C]([CH3])=[CH][CH2][CH2][C]([CH3])=[CH][CH2][CH2][C]([CH3])=[CH][CH2][CH2][C]([CH3])=[CH][CH2][CH2][C]([CH3])=[CH][CH2][O][P](=[O])([OH])[OH]
5345,[NH2][CH]1[CH2][CH]([NH2])[CH]([O][CH]2[O][CH]([CH2][OH])[CH]([OH])[CH]([OH])[CH]2[OH])[CH]([OH])[CH]1[OH]
5346,[CH3][C]([OH])=[N][CH]1[CH]([CH3])[O][CH]([O][P](=[O])([OH])[O][P](=[O])([OH])[O][CH2][CH]2[O][CH]([n]3[cH][cH][c]([OH])[n][c]3=[O])[CH]([OH])[CH]2[OH])[CH]([N]=[C]([CH3])[OH])[CH]1[OH]
5347,[CH3][C]([OH])=[N][CH]1[CH]([O][P](=[O])([OH])[O][P](=[O])([OH])[O][CH2][CH]2[O][CH]([n]3[cH][cH][c]([OH])[n][c]3=[O])[CH]([OH])[CH]2[OH])[O][CH]([C](=[O])[OH])[CH]([OH])[CH]1[N]=[C]([CH3])[OH]
5348,[CH3][C]([OH])=[N][CH]1[CH]([O][P](=[O])([OH])[O][P](=[O])([OH])[O][CH2][CH]2[O][CH]([n]3[cH][cH][c]([OH])[n][c]3=[O])[CH]([OH])[CH]2[OH])[O][CH]([C](=[O])[OH])[CH]([OH])[CH]1[NH2]
5349,[CH3][NH][CH2][CH2][CH2][C](=[O])[c]1[cH][cH][cH][n][cH]1
5350,[O]=[C]([OH])[CH2][CH2][C](=[O])[c]1[cH][cH][cH][n][cH]1
5351,[O]=[C]1[CH]=[CH][C](=[CH][C](=[O])[C](=[O])[OH])[O]1
5352,[O]=[C]([OH])[CH]=[CH][C](=[CH][C](=[O])[C](=[O])[OH])[N+](=[O])[O-]
5353,[CH3][C]([CH3])=[CH][CH2][CH2][C]([CH3])=[CH][CH2][CH2][C]([CH3])=[CH][CH2][CH2][C]([CH3])=[CH][CH2][CH2][C]([CH3])=[CH][CH2][CH2][C]([CH3])=[CH][CH2][CH2][C]([CH3])=[CH][CH2][CH2][C]([CH3])=[CH][CH2][CH2][C]([CH3])=[CH][CH2][CH2][C]([CH3])=[CH][CH2][O][P](=[O])([OH])[O][CH]1[O][CH]([CH2][OH])[CH]([OH])[C]1=[O]
5354,[CH3][C]([CH3])=[CH][CH2][CH2][C]([CH3])=[CH][CH2][CH2][C]([CH3])=[CH][CH2][CH2][C]([CH3])=[CH][CH2][CH2][C]([CH3])=[CH][CH2][CH2][C]([CH3])=[CH][CH2][CH2][C]([CH3])=[CH][CH2][CH2][C]([CH3])=[CH][CH2][CH2][C]([CH3])=[CH][CH2][CH2][C]([CH3])=[CH][CH2][O][P](=[O])([OH])[O][CH]1[O][CH]([CH2][OH])[CH]([OH])[CH]1[OH]
5355,[CH3][O][C](=[O])[CH]1[C](=[O])[CH2][CH]2[CH2][CH2][CH]1[N]2[CH3]
5356,[CH3][NH][CH]1[CH2][c]2[cH][nH][c]3[cH][cH][cH][c]([c]23)[CH]1[CH]=[C]([CH3])[CH2][OH]
5357,[CH3][NH][CH]1[CH2][c]2[cH][nH][c]3[cH][cH][cH][c]([c]23)[CH]1[CH]=[C]([CH3])[CH]=[O]
5358,[CH3][O][c]1[cH][c]([CH2][CH]2[CH2][O][C](=[O])[CH]2[CH2][c]2[cH][cH][c]([OH])[c]([O][CH3])[cH]2)[cH][cH][c]1[OH]
5359,[CH3][O][c]1[cH][c]([CH2][CH]([CH2][OH])[CH]([CH2][OH])[CH2][c]2[cH][cH][c]([OH])[c]([O][CH3])[cH]2)[cH][cH][c]1[OH]
5360,[OH][c]1[n][cH][cH][nH]1
5361,[O]=[N+]([O-])[c]1[n][cH][cH][nH]1
5362,[CH3][O][c]1[c]([CH3])[c]2[c]([c]([OH])[c]1[CH2][CH]=[C]([CH3])[CH2][CH2][C](=[O])[O][CH]1[O][CH]([C](=[O])[OH])[CH]([OH])[CH]([OH])[CH]1[OH])[C](=[O])[O][CH2]2
5363,[CH3][O][c]1[c]([CH3])[c]2[c]([c]([OH])[c]1[CH2][CH]=[C]([CH3])[CH2][CH2][C](=[O])[OH])[C](=[O])[O][CH2]2
5364,[CH3][C]([CH3])=[CH][CH2][CH2][C]([CH3])=[CH][CH2][CH2][C]([CH3])=[CH][CH2][CH2][C]([CH3])=[CH][CH2][CH2][C]([CH3])=[CH][CH2][CH2][C]([CH3])=[CH][CH2][CH2][C]([CH3])=[CH][CH2][CH2][C]([CH3])=[CH][CH2][CH2][C]([CH3])=[CH][CH2][CH2][C]([CH3])=[CH][CH2][O][P](=[O])([OH])[O][P](=[O])([OH])[O][CH]1[O][CH]([CH2][OH])[CH]([OH])[CH]([OH])[CH]1[N]=[C]([CH3])[OH]
5365,[CH3][C]([OH])=[N][CH]1[C](=[O])[CH]([OH])[CH]([C](=[O])[OH])[O][CH]1[O][P](=[O])([OH])[O][P](=[O])([OH])[O][CH2][CH]1[O][CH]([n]2[cH][cH][c]([OH])[n][c]2=[O])[CH]([OH])[CH]1[OH]
5366,[CH3][CH]1[C](=[O])[O][CH2][CH]2[C]([C](=[O])[OH])=[CH][CH]3[CH2][C]([CH3])([CH3])[CH2][C]312
5367,[CH2]=[C]1[C](=[O])[O][CH2][CH]2[C]([C](=[O])[OH])=[CH][CH]3[CH2][C]([CH3])([CH3])[CH2][C]132
5368,[CH3][C]1([CH3])[CH2][CH]2[CH]=[C]([C](=[O])[OH])[CH]3[CH2][O][C](=[O])[C]4([CH2][O]4)[C]23[CH2]1
5369,[NH2][CH]([CH2][C](=[O])[OH])[CH2][C](=[O])[OH]
5370,[CH3][CH]1[C](=[O])[CH2][CH]2[C]([C](=[O])[OH])=[CH][CH]3[CH2][C]([CH3])([CH3])[CH2][C]312
5371,[CH3][CH]1[O][C](=[O])[CH2][CH]2[C]([C](=[O])[OH])=[CH][CH]3[CH2][C]([CH3])([CH3])[CH2][C]312
5372,[CH3][CH]1[CH]([OH])[CH2][CH]2[C]([C](=[O])[OH])=[CH][CH]3[CH2][C]([CH3])([CH3])[CH2][C]321
5373,[CH3][CH]1[CH2][CH2][CH]2[C]([C](=[O])[OH])=[CH][CH]3[CH2][C]([CH3])([CH3])[CH2][C]132
5374,[CH3][CH]1[CH2][CH2][CH]2[C]([C](=[O])[OH])=[CH][CH]3[CH]([OH])[C]([CH3])([CH3])[CH2][C]123
5375,[CH2]=[C]([CH3])[CH]1[CH2][CH2][C]([CH3])=[CH][CH]1[c]1[c]([OH])[cH][c]([CH2][CH2][CH2][CH2][CH3])[c]([C](=[O])[OH])[c]1[OH]
5376,[CH3][CH2][CH2][CH2][CH2][c]1[cH][c]([OH])[c]([CH2][CH]=[C]([CH3])[CH2][CH2][CH]=[C]([CH3])[CH3])[c]([OH])[c]1[C](=[O])[OH]
5377,[CH3][C]1=[CH][C]23[CH]([CH2][O][C](=[O])[C]24[CH2][O]4)[C]([C](=[O])[OH])=[CH][CH]3[CH]1[CH3]
5378,[CH3][CH]1[CH]=[N+]([CH3])[CH]2[CH2][c]3[cH][nH][c]4[cH][cH][cH][c]([c]34)[CH]2[CH2]1
5379,[CH3][CH]1[CH2][CH]2[c]3[cH][cH][cH][c]4[nH][cH][c]([c]34)[CH2][CH]2[N]([CH3])[CH2]1
5380,[CH3][NH][CH]([CH2][c]1[cH][nH][c]2[cH][cH][cH][c]([CH2][CH]=[C]([CH3])[CH3])[c]12)[C](=[O])[OH]
5381,[CH2]=[C]([CH3])[CH]([CH3])[CH2][CH2][C]([CH3])=[CH][CH2][CH2][C]([CH3])=[CH][CH2][CH2][CH]=[C]([CH3])[CH2][CH2][CH]=[C]([CH3])[CH2][CH2][CH]=[C]([CH3])[CH3]
5382,[CH2]=[C]([CH3])[CH]([CH3])[CH2][CH2][C]([CH3])=[CH][CH2][CH2][C]([CH3])=[CH][CH2][CH2][CH]=[C]([CH3])[CH2][CH2][CH]=[C]([CH3])[CH2][CH2][CH]([CH3])[C](=[CH2])[CH3]
5383,[CH3][CH2][CH2][CH2][CH2][C](=[O])[CH2][C](=[O])[CH2][C](=[O])[CH2][C](=[O])[S][CH2][CH2][N]=[C]([OH])[CH2][CH2][N]=[C]([OH])[CH]([OH])[C]([CH3])([CH3])[CH2][O][P](=[O])([OH])[O][P](=[O])([OH])[O][CH2][CH]1[O][CH]([n]2[cH][n][c]3[c]([NH2])[n][cH][n][c]32)[CH]([OH])[CH]1[O][P](=[O])([OH])[OH]
5384,[O]=[c]1[cH][c]([OH])[c]2[cH][cH][cH][cH][c]2[o]1
5385,[CH3][C]([CH3])([CH2][O][P](=[O])([OH])[O][P](=[O])([OH])[O][CH2][CH]1[O][CH]([n]2[cH][n][c]3[c]([NH2])[n][cH][n][c]32)[CH]([OH])[CH]1[O][P](=[O])([OH])[OH])[CH]([OH])[C]([OH])=[N][CH2][CH2][C]([OH])=[N][CH2][CH2][S][C](=[O])[c]1[cH][cH][cH][cH][c]1[OH]
5386,[CH3][C]([CH3])=[CH][CH2][CH2][C]([CH3])=[CH][CH2][CH2][C]([CH3])=[CH][CH2][CH2][C]([CH3])=[CH][CH2][CH2][C]([CH3])=[CH][CH2][CH2][C]([CH3])=[CH][CH2][CH2][C]([CH3])=[CH][CH2][CH2][C]([CH3])=[CH][CH2][CH2][C]([CH3])=[CH][CH2][CH2][C]([CH3])=[CH][CH2][O][P](=[O])([OH])[O][P](=[O])([OH])[O][CH]1[O][CH]([CH2][OH])[CH]([OH])[CH]([O][CH]2[O][CH]([CH3])[CH]([OH])[CH]([OH])[CH]2[OH])[CH]1[N]=[C]([CH3])[OH]
5387,[CH3][CH2][CH2][CH2][CH2][c]1[cH][c]([OH])[cH][c]([OH])[c]1[C](=[O])[OH]
5388,[CH3][C]([OH])=[N][CH]([CH]([CH3])[OH])[CH]1[O][C]([O][P](=[O])([OH])[O][CH2][CH]2[O][CH]([n]3[cH][cH][c](=[NH])[n][c]3[OH])[CH]([OH])[CH]2[OH])([C](=[O])[OH])[CH2][CH]([OH])[CH]1[N]=[C]([CH3])[OH]
5389,[CH3][C]([OH])=[N][CH]([CH]([CH3])[OH])[CH]1[O][C]([OH])([C](=[O])[OH])[CH2][CH]([OH])[CH]1[N]=[C]([CH3])[OH]
5390,[CH3][C]([CH3])=[CH][CH2][CH2][C]([CH3])=[CH][CH2][CH2][C]([CH3])=[CH][CH2][CH2][C]([CH3])=[CH][CH2][CH2][C]([CH3])=[CH][CH2][CH2][C]([CH3])=[CH][CH2][CH2][C]([CH3])=[CH][CH2][CH2][C]([CH3])=[CH][CH2][CH2][C]([CH3])=[CH][CH2][CH2][C]([CH3])=[CH][CH2][CH2][C]([CH3])=[CH][CH2][O][P](=[O])([OH])[O][P](=[O])([OH])[O][CH]1[O][CH]([CH3])[CH]([N]=[C]([CH3])[OH])[CH]([OH])[CH]1[N]=[C]([CH3])[OH]
5391,[CH3][C]([CH3])=[CH][CH2][CH2][C]([CH3])=[CH][CH2][CH2][C]([CH3])=[CH][CH2][CH2][C]([CH3])=[CH][CH2][CH2][C]([CH3])=[CH][CH2][CH2][C]([CH3])=[CH][CH2][CH2][C]([CH3])=[CH][CH2][CH2][C]([CH3])=[CH][CH2][CH2][C]([CH3])=[CH][CH2][CH2][C]([CH3])=[CH][CH2][CH2][C]([CH3])=[CH][CH2][O][P](=[O])([OH])[OH]
5392,[CH3][P](=[O])([OH])[O][CH]1[O][CH]([CH2][O][P](=[O])([OH])[O][P](=[O])([OH])[O][P](=[O])([OH])[OH])[CH]([OH])[CH]1[OH]
5393,[CH3][P](=[O])([OH])[OH]
5394,[CH3][P](=[O])([OH])[O][CH]1[O][CH]([CH2][O][P](=[O])([OH])[OH])[CH]([OH])[CH]1[OH]
5395,[CH3][C]([OH])=[N][CH]1[CH]([CH3])[O][CH]([OH])[CH]([N]=[C]([CH3])[OH])[CH]1[OH]
5396,[CH3][C]([CH3])=[CH][CH2][CH2][C]([CH3])=[CH][CH2][CH2][C]([CH3])=[CH][CH2][CH2][C]([CH3])=[CH][CH2][CH2][C]([CH3])=[CH][CH2][CH2][C]([CH3])=[CH][CH2][CH2][C]([CH3])=[CH][CH2][CH2][C]([CH3])=[CH][CH2][CH2][C]([CH3])=[CH][CH2][CH2][C]([CH3])=[CH][CH2][CH2][C]([CH3])=[CH][CH2][O][P](=[O])([OH])[O][P](=[O])([OH])[O][CH]1[O][CH]([CH3])[CH]([N]=[C]([CH3])[OH])[CH]([O][CH]2[O][CH]([CH2][OH])[CH]([OH])[CH]([OH])[CH]2[N]=[C]([CH3])[OH])[CH]1[N]=[C]([CH3])[OH]
5397,[CH3][C]([CH]=[CH][CH]=[C]([CH3])[CH]=[CH][C]1=[C]([CH3])[CH2][CH]([OH])[CH2][C]1([CH3])[CH3])=[CH][CH]=[O]
5398,[CH3][C]([CH]=[CH][CH]=[C]([CH3])[CH]=[CH][C]1=[C]([CH3])[CH2][CH]([OH])[CH2][C]1([CH3])[CH3])=[CH][CH]=[O]
5399,[CH3][CH]1[CH]([c]2[cH][cH][c]([OH])[cH][cH]2)[O][CH]([c]2[cH][cH][c]([OH])[cH][cH]2)[CH]1[CH3]
5400,[CH3][CH]1[CH]([c]2[cH][cH][c]([OH])[cH][cH]2)[O][CH]([c]2[cH][cH][c]([OH])[c]([OH])[cH]2)[CH]1[CH3]
5401,[CH2]=[CH][C]([CH3])([CH]=[CH][CH]([CH3])[CH2][CH2][CH]=[C]([CH3])[CH2][CH2][CH]=[C]([CH3])[CH3])[CH2][CH2][CH]=[C]([CH3])[CH2][CH2][CH]=[C]([CH3])[CH3]
5402,[CH2]=[CH][C]([CH3])([CH]=[CH][CH]([CH3])[CH2][CH2][CH]=[C]([CH3])[CH2][CH2][CH]=[C]([CH3])[CH3])[CH2][CH2][CH]=[C]([CH3])[CH2][CH2][CH]([CH3])[C](=[CH2])[CH3]
5403,[CH2]=[CH][C]([CH3])([CH]=[CH][CH]([CH3])[CH2][CH2][CH]=[C]([CH3])[CH2][CH2][CH]([CH3])[C](=[CH2])[CH3])[CH2][CH2][CH]=[C]([CH3])[CH2][CH2][CH]([CH3])[C](=[CH2])[CH3]
5404,[CH2]=[CH][C]([CH3])([CH]=[CH][CH]([CH3])[CH2][CH2][CH]=[C]([CH3])[CH2][CH2][CH]([CH3])[C](=[CH2])[CH3])[CH2][CH2][CH]=[C]([CH3])[CH2][CH2][CH]=[C]([CH3])[CH3]
5405,[CH3][C](=[O])[O][CH]1[CH]([CH3])[CH2][N]([CH3])[CH]2[CH2][c]3[cH][nH][c]4[cH][cH][cH][c]([c]34)[CH]12
5406,[CH3][CH]1[CH2][N]([CH3])[CH]2[CH2][c]3[cH][nH][c]4[cH][cH][cH][c]([c]34)[CH]2[CH]1[OH]
5407,[CH2]=[CH][C]([CH3])([CH3])[c]1[nH][c]2[cH][cH][cH][c]3[c]2[c]1[CH2][CH]1[CH]3[CH]([O][C]([CH3])=[O])[CH]([CH3])[CH2][N]1[CH3]
5408,[O]=[P]([OH])([OH])[O][CH2][CH]1[O][CH]2[O][P](=[O])([OH])[O][CH]2[CH]1[OH]
5409,[CH3][C]([CH3])([CH2][O][P](=[O])([OH])[O][P](=[O])([OH])[O][CH2][CH]1[O][CH]([n]2[cH][n][c]3[c]([NH2])[n][cH][n][c]32)[CH]([OH])[CH]1[O][P](=[O])([OH])[OH])[CH]([OH])[C]([OH])=[N][CH2][CH2][C]([OH])=[N][CH2][CH2][S][C](=[O])[C](=[O])[CH2][CH2][C](=[O])[OH]
5410,[O]=[CH][c]1[cH][cH][cH][o]1
5411,[O]=[C]([OH])[c]1[cH][cH][c]([C](=[O])[OH])[o]1
5412,[O]=[CH][c]1[cH][cH][c]([CH2][OH])[o]1
5413,[O]=[C]([OH])[c]1[cH][cH][c]([CH2][OH])[o]1
5414,[OH][CH2][c]1[cH][cH][cH][o]1
5415,[OH][CH2][c]1[cH][cH][c]([CH2][OH])[o]1
5416,[CH3][CH2][CH2][CH2][CH2][C](=[O])[c]1[c]([OH])[cH][c]2[c]([c]1[OH])[C](=[O])[c]1[c]([OH])[cH][c]([OH])[cH][c]1[C]2=[O]
5417,[CH3][CH2][CH2][CH2][CH2][C](=[O])[c]1[c]([OH])[cH][c]2[c]([c]1[OH])[C](=[O])[c]1[c]([OH])[cH][c]([OH])[cH][c]1[CH2]2
5418,[CH3][O][c]1[cH][c]([CH]2[O][CH2][CH]3[CH]([c]4[cH][cH][c]([OH])[c]([O][CH3])[cH]4)[O][CH2][CH]23)[cH][cH][c]1[OH]
5419,[CH3][O][c]1[cH][c]([CH2][CH]2[CH2][O][CH]([c]3[cH][cH][c]([OH])[c]([O][CH3])[cH]3)[CH]2[CH2][OH])[cH][cH][c]1[OH]
5420,[CH3][O][c]1[cH][c]([CH]2[O][CH2][CH]3[CH]([c]4[cH][cH][c]([OH])[c]([O][CH3])[cH]4)[O][CH2][CH]23)[cH][cH][c]1[OH]
5421,[CH3][O][c]1[cH][c]([CH2][CH]2[CH2][O][CH]([c]3[cH][cH][c]([OH])[c]([O][CH3])[cH]3)[CH]2[CH2][OH])[cH][cH][c]1[OH]
5422,[CH3][O][c]1[cH][c]([CH2][CH]([CH2][OH])[CH]([CH2][OH])[CH2][c]2[cH][cH][c]([OH])[c]([O][CH3])[cH]2)[cH][cH][c]1[OH]
5423,[CH3][C]1=[CH][CH]2[c]3[cH][cH][cH][c]4[nH][cH][c]([c]34)[CH2][CH]2[N+]([CH3])=[CH]1
5424,[CH3][C]1=[CH][CH]2[c]3[cH][cH][cH][c]4[nH][cH][c]([c]34)[CH2][CH]2[N]([CH3])[CH2]1
5425,[CH3][C](=[O])[CH]=[CH][c]1[cH][cH][c]([OH])[cH][cH]1
5426,[OH][CH2][CH]1[O][CH]([O][c]2[cH][c]3[c]([OH])[cH][c]([OH])[cH][c]3[o+][c]2-[c]2[cH][cH][c]([OH])[c]([OH])[cH]2)[CH]([OH])[CH]([OH])[CH]1[OH]
5427,[CH2]=[CH][C]([CH3])([OH])[CH2][CH2][CH]1[C]([CH3])([OH])[CH2][CH2][CH]2[C]([CH3])([CH3])[CH2][CH2][CH2][C]21[CH3]
5428,[OH][CH2][CH]1[O][CH]([n]2[cH][n][c]3[cH][n][cH][n][c]32)[CH2][CH]1[OH]
5429,[CH2]=[CH][CH2][c]1[cH][cH][c]([OH])[c]([O][CH3])[cH]1
5430,[CH3][C](=[O])[O][CH2][CH]=[CH][c]1[cH][cH][c]([OH])[cH][cH]1
5431,[CH2]=[CH][CH2][c]1[cH][cH][c]([OH])[cH][cH]1
5432,[CH2]=[CH][CH2][c]1[cH][cH][c]([O][CH3])[c]([O][CH3])[cH]1
5433,[CH2]=[CH][CH2][c]1[cH][cH][c]([O][CH3])[cH][cH]1
5434,[CH3][CH]=[CH][c]1[cH][cH][c]([OH])[cH][cH]1
5435,[CH3][CH]=[CH][c]1[cH][cH][c]([O][CH3])[cH][cH]1
5436,[CH3][C]([CH3])=[CH][CH2][CH2][C]([CH3])=[CH][CH2][CH2][C]([CH3])=[CH][CH2][CH2][C]([CH3])=[CH][CH2][O][CH2][CH]([CH2][O][P](=[O])([OH])[O][CH2][CH]([NH2])[C](=[O])[OH])[O][CH2][CH]=[C]([CH3])[CH2][CH2][CH]=[C]([CH3])[CH2][CH2][CH]=[C]([CH3])[CH2][CH2][CH]=[C]([CH3])[CH3]
5437,[OH][CH2][CH]1[O][CH]([O][c]2[cH][c]3[c]([OH])[cH][c]([OH])[cH][c]3[o+][c]2-[c]2[cH][cH][c]([OH])[c]([OH])[cH]2)[CH]([O][CH]2[O][CH2][CH]([OH])[CH]([OH])[CH]2[OH])[CH]([OH])[CH]1[OH]
5438,[NH]=[C]([OH])[C]1=[CH][N]([CH]2[O][CH]([CH2][O][P](=[O])([OH])[O][P](=[O])([OH])[O][CH2][CH]3[O][CH]([n]4[cH][n][c]5[c]([NH2])[n][cH][n][c]54)[CH]([O][P](=[O])([OH])[OH])[CH]3[OH])[CH]([OH])[CH]2[OH])[CH]([OH])[CH2][CH2]1
5439,[CH3][C]1=[CH][CH2][C]([CH]([CH3])[CH2][CH2][CH]2[C]([CH3])([OH])[CH2][CH2][CH]3[C]2([CH3])[CH2][CH2][CH]2[C]4([CH3])[CH2][CH2][CH2][C]([CH3])([CH3])[CH]4[CH2][CH2][C]23[CH3])=[CH][CH2]1
5440,[CH3][C]1=[C]2[CH2][CH2][C]2([CH3])[CH]2[CH2][C]([CH3])([CH3])[CH2][CH]2[CH2]1
5441,[CH3][C]1=[CH][C]2([CH3])[CH2][CH2][CH2][C]23[CH]([CH3])[CH2][CH2][C]13[CH3]
5442,[CH2]=[C]1[CH2][CH2][CH]=[C]([CH3])[CH2][CH2][CH]2[CH]1[CH2][C]2([CH3])[CH3]
5443,[CH3][C]([CH3])=[CH][CH2][CH2][C]([CH3])([OH])[CH]1[CH2][CH]=[C]([CH3])[CH2][CH2]1
5444,[CH3][C]([CH3])=[CH][CH]1[CH2][CH2][CH]([CH3])[CH]2[CH2][CH2][C]([CH3])=[C]12
5445,[CH2]=[CH][C]([CH3])=[CH][CH2][CH]1[C]([CH3])([OH])[CH2][CH2][CH]2[C]([CH3])([CH3])[CH2][CH2][CH2][C]21[CH3]
5446,[O]=[C]([OH])[C](=[O])[CH2][CH]([OH])[C](=[O])[OH]
5447,[CH3][C]([CH3])=[CH][CH2][CH2][CH]([CH3])[CH]1[CH]=[CH][C]([CH3])=[CH][CH2]1
5448,[NH2][CH]([CH2][C](=[O])[OH])[c]1[cH][cH][cH][cH][cH]1
5449,[NH2][CH]([CH2][C](=[O])[OH])[c]1[cH][cH][cH][cH][cH]1
5450,[OH][CH2][CH]1[O][CH]([O][c]2[cH][c]3[c]([OH])[cH][c]([OH])[cH][c]3[o+][c]2-[c]2[cH][cH][c]([OH])[cH][cH]2)[CH]([O][CH]2[O][CH2][CH]([OH])[CH]([OH])[CH]2[OH])[CH]([OH])[CH]1[OH]
5451,[OH][CH2][CH]1[O][CH]([O][c]2[cH][c]3[c]([OH])[cH][c]([OH])[cH][c]3[o+][c]2-[c]2[cH][c]([OH])[c]([OH])[c]([OH])[cH]2)[CH]([O][CH]2[O][CH2][CH]([OH])[CH]([OH])[CH]2[OH])[CH]([OH])[CH]1[OH]
5452,[OH][CH2][CH]1[O][CH]([O][c]2[cH][c]([OH])[cH][c]3[o+][c](-[c]4[cH][cH][c]([OH])[cH][cH]4)[c]([O][CH]4[O][CH]([CH2][OH])[CH]([OH])[CH]([OH])[CH]4[O][CH]4[O][CH2][CH]([OH])[CH]([OH])[CH]4[OH])[cH][c]23)[CH]([OH])[CH]([OH])[CH]1[OH]
5453,[OH][CH2][CH]1[O][CH]([O][c]2[cH][c]([OH])[cH][c]3[o+][c](-[c]4[cH][c]([OH])[c]([OH])[c]([OH])[cH]4)[c]([O][CH]4[O][CH]([CH2][OH])[CH]([OH])[CH]([OH])[CH]4[O][CH]4[O][CH2][CH]([OH])[CH]([OH])[CH]4[OH])[cH][c]23)[CH]([OH])[CH]([OH])[CH]1[OH]
5454,[CH3][O][c]1[cH][c]([C](=[O])[O][CH]2[O][CH]([CH2][OH])[CH]([OH])[CH]([OH])[CH]2[OH])[cH][cH][c]1[OH]
5455,[OH][CH2][CH]1[O][CH]([O][c]2[cH][c]([OH])[c]3[cH][c]([O][CH]4[O][CH]([CH2][OH])[CH]([OH])[CH]([OH])[CH]4[OH])[c](-[c]4[cH][cH][c]([OH])[cH][cH]4)[o+][c]3[cH]2)[CH]([OH])[CH]([OH])[CH]1[OH]
5456,[OH][CH2][CH]1[O][CH]([O][c]2[cH][c]3[c]([OH])[cH][c](=[O+][CH]4[O][CH]([CH2][OH])[CH]([OH])[CH]([OH])[CH]4[OH])[cH][c]-3[o][c]2-[c]2[cH][c]([OH])[c]([OH])[c]([OH])[cH]2)[CH]([OH])[CH]([OH])[CH]1[OH]
5457,[CH3][O][c]1[cH][c]2[c]([c]3[o][c]4[cH][cH][cH][c]([OH])[c]4[c](=[O])[c]13)[CH]1[CH2][CH2][O][CH]1[O]2
5458,[CH3][O][c]1[cH][cH][cH][c]2[o][c]3[c]4[c]([cH][c]([O][CH3])[c]3[c](=[O])[c]12)[O][CH]1[O][CH2][CH2][CH]41
5459,[CH3][CH2][CH2][CH2][CH2][CH]([OH])[c]1[c]([OH])[cH][c]2[c]([c]1[OH])[C](=[O])[c]1[c]([OH])[cH][c]([OH])[cH][c]1[C]2=[O]
5460,[CH3][C](=[O])[CH2][CH2][CH2][CH]([OH])[c]1[c]([OH])[cH][c]2[c]([c]1[OH])[C](=[O])[c]1[c]([OH])[cH][c]([OH])[cH][c]1[C]2=[O]
5461,[CH3][CH]([OH])[CH2][CH2][CH2][CH]([OH])[c]1[c]([OH])[cH][c]2[c]([c]1[OH])[C](=[O])[c]1[c]([OH])[cH][c]([OH])[cH][c]1[C]2=[O]
5462,[CH3][CH]([OH])[CH2][CH2][CH2][CH]([OH])[c]1[c]([OH])[cH][c]2[c]([c]1[OH])[C](=[O])[c]1[c]([OH])[cH][c]([OH])[cH][c]1[C]2=[O]
5463,[NH2][CH2][CH]1[O][CH]([O][CH]2[CH]([NH2])[CH2][CH]([NH2])[CH]([O][CH]3[O][CH]([CH2][OH])[CH]([OH])[CH]([NH2])[CH]3[OH])[CH]2[OH])[C](=[O])[CH]([OH])[CH]1[OH]
5464,[CH3][C]1([CH2][OH])[CH2][CH2][C]2([CH3])[CH2][CH2][C]3([CH3])[C](=[CH][C](=[O])[CH]4[C]5([CH3])[CH2][CH2][CH]([OH])[C]([CH3])([CH3])[CH]5[CH2][CH2][C]43[CH3])[CH]2[CH2]1
5465,[CH3][C]1([CH]=[O])[CH2][CH2][C]2([CH3])[CH2][CH2][C]3([CH3])[C](=[CH][C](=[O])[CH]4[C]5([CH3])[CH2][CH2][CH]([OH])[C]([CH3])([CH3])[CH]5[CH2][CH2][C]43[CH3])[CH]2[CH2]1
5466,[CH3][O][c]1[cH][c]2[c]([c]3[o][c](=[O])[c]4[c]([c]13)[CH2][CH2][C]4=[O])[CH]1[CH2][CH2][O][CH]1[O]2
5467,[CH3][C]([CH3])=[CH][CH2][c]1[nH][c]2[cH][c]([OH])[cH][cH][c]2[c]1[CH2][CH]1[N]=[C]([OH])[CH]2[CH2][CH2][CH2][N]2[C]1=[O]
5468,[CH3][C]([CH3])=[CH][CH2][c]1[nH][c]2[cH][cH][cH][cH][c]2[c]1[CH2][CH]1[N]=[C]([OH])[CH]2[CH2][CH2][CH2][N]2[C]1=[O]
5469,[CH3][CH]([CH3])[CH2][c]1[c]([OH])[n+](=[O])[c]([CH2][CH]([CH3])[CH3])[c]([OH])[n]1[O-]
5470,[CH3][CH]([CH3])[CH2][CH]1[N]=[C]([OH])[CH]([CH2][CH]([CH3])[CH3])[N]=[C]1[OH]
5471,[OH][C]1=[N][CH]2[CH2][c]3[cH][cH][c]([OH])[c]([cH]3)-[c]3[cH][c]([cH][cH][c]3[OH])[CH2][CH]1[N]=[C]2[OH]
5472,[OH][C]1=[N][CH]([CH2][c]2[cH][cH][c]([OH])[cH][cH]2)[C]([OH])=[N][CH]1[CH2][c]1[cH][cH][c]([OH])[cH][cH]1
5473,[CH3][CH]([CH3])[CH2][CH2][CH2][CH]([CH3])[CH2][CH2][CH2][CH]([CH3])[CH2][CH2][CH2][CH]([CH3])[CH2][CH2][O][CH2][CH]([CH2][O][P](=[O])([OH])[OH])[O][CH2][CH2][CH]([CH3])[CH2][CH2][CH2][CH]([CH3])[CH2][CH2][CH2][CH]([CH3])[CH2][CH2][CH2][CH]([CH3])[CH3]
5474,[CH3][CH]([CH3])[CH2][CH]1[N]=[C]([OH])[C](=[CH][c]2[cH][cH][cH][cH][cH]2)[N]=[C]1[OH]
5475,[CH3][CH]([CH3])[CH2][CH]1[N]=[C]([OH])[CH]([CH2][c]2[cH][cH][cH][cH][cH]2)[N]=[C]1[OH]
5476,[CH3][CH]([CH3])[CH]=[c]1[n][c]([OH])[c](=[CH][c]2[cH][cH][cH][cH][cH]2)[n][c]1[OH]
5477,[O]=[C]([OH])[CH2][CH2][c]1[cH][n][cH][nH]1
5478,[NH2][c]1[cH][cH][c]([CH]2[O][CH]([CH2][O][P](=[O])([OH])[OH])[CH]([OH])[CH]2[OH])[cH][cH]1
5479,[NH]=[C]([NH2])[NH][CH2][CH2][CH2][CH2][NH][CH2][CH2][CH2][NH2]
5480,[NH]=[c]1[n][c]([OH])[c]2[c]([nH]1)[NH][CH2][C]([CH2][NH][c]1[cH][cH][c]([CH]3[O][CH]([CH2][O][P](=[O])([OH])[OH])[CH]([OH])[CH]3[OH])[cH][cH]1)=[N]2
5481,[O]=[C]1[CH]([CH2][c]2[cH][nH][c]3[cH][cH][cH][cH][c]23)[N]=[C]([OH])[CH]2[CH2][CH2][CH2][N]12
5482,[CH3][O][c]1[cH][cH][c]2[c]3[c]4[n]([c]2[cH]1)[CH]([CH]=[C]([CH3])[CH3])[O][O][C]([CH3])([CH3])[CH2][CH]4[N]1[C](=[O])[CH]2[CH2][CH2][CH2][N]2[C](=[O])[C]1([OH])[CH]3[O][CH2][CH]=[C]([CH3])[CH3]
5483,[CH3][O][c]1[cH][cH][c]2[c]3[c]4[n]([c]2[cH]1)[CH]([CH]=[C]([CH3])[CH3])[O][O][C]([CH3])([CH3])[CH2][CH]4[N]1[C](=[O])[CH]2[CH2][CH2][CH2][N]2[C](=[O])[C]1([OH])[CH]3[OH]
5484,[NH2][c]1[n][cH][n][c]2[c]1[n][cH][n]2[CH]1[O][CH]2[CH2][O][P](=[O])([OH])[O][CH]3[CH]([CH2][O][P](=[O])([OH])[O][CH]2[CH]1[OH])[O][CH]([n]1[cH][n][c]2[c]([NH2])[n][cH][n][c]21)[CH]3[OH]
5485,[NH]=[c]1[n][c]([OH])[c]2[c]([nH]1)[NH][CH2][C]([CH]([OH])[CH]1[CH2][O][P](=[O])([OH])[O]1)=[N]2
5486,[NH]=[c]1[n][c]([OH])[c]2[c]([nH]1)[NH][CH2][C]([CH]([OH])[CH]([CH2][OH])[O][P](=[O])([OH])[OH])=[N]2
5487,[OH][CH2][CH]1[O][CH]([O][CH]2[CH]([OH])[O][CH]([CH2][OH])[CH]2[OH])[CH]([OH])[CH]1[OH]
5488,[OH][CH2][CH]1[O][CH]([OH])[CH]([OH])[CH]1[OH]
5489,[CH3][C]([CH3])=[CH][CH2][CH2][C]([CH3])=[CH][CH2][CH2][C]([CH3])=[CH][CH2][CH2][C]([CH3])=[CH][CH2][c]1[cH][nH][c]2[cH][cH][cH][cH][c]12
5490,[CH3][C]([CH3])=[CH][CH2][CH2][C]1([CH3])[O][CH]1[CH2][CH2][C]([CH3])=[CH][CH2][CH2][C]([CH3])=[CH][CH2][c]1[cH][nH][c]2[cH][cH][cH][cH][c]12
5491,[CH3][C]1([CH3])[O][CH]1[CH2][CH2][C]1([CH3])[CH]([OH])[CH2][CH2][C]2([CH3])[CH]1[CH2][CH2][CH]1[CH2][c]3[c]([nH][c]4[cH][cH][cH][cH][c]34)[C]12[CH3]
5492,[CH3][C]([CH3])=[CH][CH2][CH2][C]1([CH3])[CH]([OH])[CH2][CH2][C]2([CH3])[CH]1[CH2][CH2][CH]1[CH2][c]3[c]([nH][c]4[cH][cH][cH][cH][c]34)[C]12[CH3]
5493,[CH3][C]([CH3])([OH])[CH]1[CH2][CH2][C]2([CH3])[CH]([CH2][CH2][C]3([CH3])[CH]2[CH2][CH2][CH]2[CH2][c]4[c]([nH][c]5[cH][cH][cH][cH][c]45)[C]23[CH3])[O]1
5494,[CH3][C]([CH3])([OH])[CH]1[CH2][CH]=[C]2[CH]([CH2][CH2][C]3([CH3])[CH]2[CH2][CH2][CH]2[CH2][c]4[c]([nH][c]5[cH][cH][cH][cH][c]45)[C]23[CH3])[O]1
5495,[CH3][C]([CH3])([OH])[CH]1[CH2][CH2][C]2([CH]=[O])[CH]([CH2][CH2][C]3([CH3])[CH]2[CH2][CH2][CH]2[CH2][c]4[c]([nH][c]5[cH][cH][cH][cH][c]45)[C]23[CH3])[O]1
5496,[CH3][C]([CH3])([OH])[CH]1[O][CH]2[CH2][CH2][C]3([CH3])[CH]([CH2][CH2][CH]4[CH2][c]5[c]([nH][c]6[cH][cH][cH][cH][c]56)[C]43[CH3])[C]2=[CH][CH]1[OH]
5497,[CH3][C]([CH3])([OH])[CH]1[O][CH]2[CH2][CH2][C]3([CH3])[CH]([CH2][CH2][CH]4[CH2][c]5[c]([nH][c]6[cH][cH][cH][cH][c]56)[C]43[CH3])[C]2=[CH][C]1=[O]
5498,[CH3][C]([CH3])([OH])[CH]1[O][CH]2[CH2][CH2][C]3([CH3])[C]([OH])([CH2][CH2][CH]4[CH2][c]5[c]([nH][c]6[cH][cH][cH][cH][c]56)[C]43[CH3])[C]2=[CH][C]1=[O]
5499,[CH3][C]([CH3])=[CH][CH2][c]1[cH][c]2[nH][c]3[c]([c]2[cH][c]1[CH2][CH]=[C]([CH3])[CH3])[CH2][CH]1[CH2][CH2][C]2([OH])[C]4=[CH][C](=[O])[CH]([C]([CH3])([CH3])[OH])[O][CH]4[CH2][CH2][C]2([CH3])[C]31[CH3]