﻿substrate_ID,original_compound
6000,[O]=[C]([OH])[c]1[c]([OH])[cH][cH][cH][c]1[OH]
6001,[CH3][CH]([CH]=[O])[CH2][CH2][CH2][CH]([CH3])[CH]1[CH2][CH2][CH]2[CH]3[CH2][CH2][C]4=[CH][C](=[O])[CH2][CH2][C]4([CH3])[CH]3[CH2][CH2][C]12[CH3]
6002,[CH3][CH]([CH2][OH])[CH2][CH2][CH2][CH]([CH3])[CH]1[CH2][CH2][CH]2[CH]3[CH2][CH2][C]4=[CH][C](=[O])[CH2][CH2][C]4([CH3])[CH]3[CH2][CH2][C]12[CH3]
6003,[CH3][CH]([CH]=[O])[CH2][CH2][CH2][CH]([CH3])[CH]1[CH2][CH2][CH]2[CH]3[CH2][CH2][C]4=[CH][C](=[O])[CH2][CH2][C]4([CH3])[CH]3[CH2][CH2][C]12[CH3]
6004,[CH3][CH]([CH2][CH2][CH2][CH]([CH3])[CH]1[CH2][CH2][CH]2[CH]3[CH2][CH2][C]4=[CH][C](=[O])[CH2][CH2][C]4([CH3])[CH]3[CH2][CH2][C]12[CH3])[C](=[O])[OH]
6005,[NH2][CH]([CH2][C](=[O])[OH])[c]1[cH][cH][c]([OH])[cH][cH]1
6006,[CH3][c]1[cH][cH][cH][c]([OH])[c]1[C](=[O])[S][CH2][CH2][N]=[C]([OH])[CH2][CH2][N]=[C]([OH])[CH]([OH])[C]([CH3])([CH3])[CH2][O][P](=[O])([OH])[O][P](=[O])([OH])[O][CH2][CH]1[O][CH]([n]2[cH][n][c]3[c]([NH2])[n][cH][n][c]32)[CH]([OH])[CH]1[O][P](=[O])([OH])[OH]
6007,[CH3][c]1[cH][cH][c]([CH3])[c]([C](=[O])[S][CH2][CH2][N]=[C]([OH])[CH2][CH2][N]=[C]([OH])[CH]([OH])[C]([CH3])([CH3])[CH2][O][P](=[O])([OH])[O][P](=[O])([OH])[O][CH2][CH]2[O][CH]([n]3[cH][n][c]4[c]([NH2])[n][cH][n][c]43)[CH]([OH])[CH]2[O][P](=[O])([OH])[OH])[c]1[OH]
6008,[N]#[C][C](=[O])[c]1[cH][cH][cH][cH][cH]1
6009,[CH3][C]([CH3])=[CH][CH2][CH2][C]([CH3])=[CH][CH2][CH2][C]([CH3])=[CH][CH2][c]1[c]([CH3])[n]([OH])[c]2[cH][cH][cH][cH][c]2[c]1=[O]
6010,[CH3][C]([CH3])=[CH][CH2][CH2][C]([CH3])=[CH][CH2][CH2][C]([CH3])=[CH][CH2][C]12[O][C]1([CH3])[N]([OH])[c]1[cH][cH][cH][cH][c]1[C]2=[O]
6011,[O]=[C]([OH])[c]1[cH][c]2[c]([OH])[c]([OH])[c]([OH])[cH][c]2[cH][c]1[OH]
6012,[O]=[C]([OH])[c]1[cH][c]2[c]([OH])[cH][c]([OH])[cH][c]2[cH][c]1[OH]
6013,[NH2][CH]([CH2][C](=[O])[OH])[c]1[cH][cH][c]([OH])[cH][n]1
6014,[NH2][CH]([CH2][c]1[cH][cH][c]([OH])[cH][n]1)[C](=[O])[OH]
6015,[O]=[CH][CH]([OH])[CH]1[O][C]([OH])([C](=[O])[OH])[CH2][CH]([OH])[CH]1[OH]
6016,[NH2][CH2][CH]([OH])[CH]1[O][C]([OH])([C](=[O])[OH])[CH2][CH]([OH])[CH]1[OH]
6017,[NH]=[c]1[cH][cH][n]([CH]2[O][CH]([CH2][O][P](=[O])([OH])[O][C]3([C](=[O])[OH])[CH2][CH]([OH])[CH]([OH])[CH]([CH]([OH])[CH2][NH2])[O]3)[CH]([OH])[CH]2[OH])[c]([OH])[n]1
6018,[OH][CH2][CH]1[O][CH]([O][CH]2[CH]([OH])[O][CH]([CH2][OH])[CH]([OH])[CH]2[OH])[CH]([OH])[CH]([OH])[CH]1[OH]
6019,[NH]=[c]1[n][c]([OH])[c]2[n][cH][n]([CH]3[O][CH]([CH2][O][P](=[O])([OH])[O][P](=[O])([OH])[O][CH]4[CH]=[C]([CH2][OH])[CH]([OH])[CH]([OH])[CH]4[OH])[CH]([OH])[CH]3[OH])[c]2[nH]1
6020,[O]=[P]([OH])([OH])[O][CH]1[CH]=[C]([CH2][OH])[CH]([OH])[CH]([OH])[CH]1[OH]
6021,[CH3][O][c]1[cH][cH][c]2[c]([c]1[OH])[CH2][N]1[CH2][CH2][c]3[cH][c]4[c]([cH][c]3[CH]1[CH2]2)[O][CH2][O]4
6022,[O]=[C]1[CH2][CH]([CH2][OH])[CH]([OH])[CH]([OH])[CH]1[OH]
6023,[O]=[C]1[CH2][CH]([CH2][O][P](=[O])([OH])[OH])[CH]([OH])[CH]([OH])[CH]1[OH]
6024,[O]=[C]([OH])[CH]([OH])[CH]([CH2][PH](=[O])[OH])[C](=[O])[OH]
6025,[CH3][C]([CH3])=[CH][CH2][CH2][C]([CH3])=[CH][CH2][CH2][C]([CH3])=[CH][CH2][CH]([OH])[CH]=[C]([CH3])[CH2][CH2][CH]=[C]([CH3])[CH2][CH2][CH]=[C]([CH3])[CH3]
6026,[CH2]=[CH][C]([CH3])([CH2][OH])[S][CH2][CH]([N]=[C]([OH])[CH2][CH2][CH]([NH2])[C](=[O])[OH])[C]([OH])=[N][CH2][C](=[O])[OH]
6027,[CH2]=[CH][C]1([CH3])[CH2][O]1
6028,[CH3][c]1[cH][n]([CH]2[CH2][CH]([OH])[CH]([CH2][O][P](=[O])([OH])[O][P](=[O])([OH])[O][CH]3[O][CH]([CH3])[CH]([NH][OH])[CH]([OH])[CH]3[OH])[O]2)[c](=[O])[n][c]1[OH]
6029,[CH3][O][C]([OH])=[N][C]1=[C]2[C](=[CH][CH2][S][S][S][CH3])[C]([OH])([C]#[C][CH]=[CH][C]#[C][CH]2[OH])[CH2][C]1=[O]
6030,[CH3][O][C]([OH])=[N][C]1=[C]2[C](=[CH][CH2][S][S][S][CH3])[C]([OH])([C]#[C][CH]=[CH][C]#[C][CH]2[O][CH]2[O][CH]([CH3])[CH]([NH][OH])[CH]([OH])[CH]2[OH])[CH2][C]1=[O]
6031,[CH3][c]1[cH][n]([CH]2[CH2][CH]([OH])[CH]([CH2][O][P](=[O])([OH])[O][P](=[O])([OH])[O][CH]3[CH2][CH]([OH])[CH]([SH])[CH]([CH3])[O]3)[O]2)[c](=[O])[n][c]1[OH]
6032,[CH3][O][C]([OH])=[N][C]1=[C]2[C](=[CH][CH2][S][S][S][CH3])[C]([OH])([C]#[C][CH]=[CH][C]#[C][CH]2[O][CH]2[O][CH]([CH3])[CH]([NH][O][CH]3[CH2][CH]([OH])[CH]([SH])[CH]([CH3])[O]3)[CH]([OH])[CH]2[OH])[CH2][C]1=[O]
6033,[CH3][O][C]([OH])=[N][C]1=[C]2[C](=[CH][CH2][S][S][S][CH3])[C]([OH])([C]#[C][CH]=[CH][C]#[C][CH]2[O][CH]2[O][CH]([CH3])[CH]([NH][O][CH]3[CH2][CH]([OH])[CH]([S][C](=[O])[c]4[c]([CH3])[c]([I])[c]([OH])[c]([O][CH3])[c]4[O][CH3])[CH]([CH3])[O]3)[CH]([OH])[CH]2[OH])[CH2][C]1=[O]
6034,[CH3][CH2][NH][CH]1[CH2][O][CH]([O][P](=[O])([OH])[O][P](=[O])([OH])[O][CH2][CH]2[O][CH]([n]3[cH][c]([CH3])[c]([OH])[n][c]3=[O])[CH2][CH]2[OH])[CH2][CH]1[O][CH3]
6035,[CH3][CH2][NH][CH]1[CH2][O][CH]([O][CH]2[CH]([O][CH]3[C]#[C][CH]=[CH][C]#[C][C]4([OH])[CH2][C](=[O])[C]([N]=[C]([OH])[O][CH3])=[C]3[C]4=[CH][CH2][S][S][S][CH3])[O][CH]([CH3])[CH]([NH][O][CH]3[CH2][CH]([OH])[CH]([S][C](=[O])[c]4[c]([CH3])[c]([I])[c]([OH])[c]([O][CH3])[c]4[O][CH3])[CH]([CH3])[O]3)[CH]2[OH])[CH2][CH]1[O][CH3]
6036,[CH3][O][C]([OH])=[N][C]1=[C]2[C](=[CH][CH2][S][S][S][CH3])[C]([OH])([C]#[C][CH]=[CH][C]#[C][CH]2[O][CH]2[O][CH]([CH3])[CH]([NH][O][CH]3[CH2][CH]([OH])[CH]([S][C](=[O])[c]4[c]([CH3])[c]([I])[c]([O][CH]5[O][CH]([CH3])[CH]([OH])[CH]([O][CH3])[CH]5[OH])[c]([O][CH3])[c]4[O][CH3])[CH]([CH3])[O]3)[CH]([OH])[CH]2[OH])[CH2][C]1=[O]
6037,[CH3][CH2][NH][CH]1[CH2][O][CH]([O][CH]2[CH]([O][CH]3[C]#[C][CH]=[CH][C]#[C][C]4([OH])[CH2][C](=[O])[C]([N]=[C]([OH])[O][CH3])=[C]3[C]4=[CH][CH2][S][S][S][CH3])[O][CH]([CH3])[CH]([NH][O][CH]3[CH2][CH]([OH])[CH]([S][C](=[O])[c]4[c]([CH3])[c]([I])[c]([O][CH]5[O][CH]([CH3])[CH]([OH])[CH]([O][CH3])[CH]5[OH])[c]([O][CH3])[c]4[O][CH3])[CH]([CH3])[O]3)[CH]2[OH])[CH2][CH]1[O][CH3]
6038,[CH3][O][CH]1[CH]([OH])[CH]([CH3])[O][CH]([O][P](=[O])([OH])[O][P](=[O])([OH])[O][CH2][CH]2[O][CH]([n]3[cH][c]([CH3])[c]([OH])[n][c]3=[O])[CH2][CH]2[OH])[CH]1[OH]
6039,[O]=[C]([OH])[C]1([OH])[CH2][CH]([OH])[CH]([OH])[CH]([CH]([OH])[CH]([OH])[CH2][O][P](=[O])([OH])[OH])[O]1
6040,[O]=[C]([OH])[C]1([OH])[CH2][CH]([OH])[CH]([OH])[CH]([CH]([OH])[CH]([OH])[CH2][OH])[O]1
6041,[NH]=[c]1[cH][cH][n]([CH]2[O][CH]([CH2][O][P](=[O])([OH])[O][C]3([C](=[O])[OH])[CH2][CH]([OH])[CH]([OH])[CH]([CH]([OH])[CH]([OH])[CH2][OH])[O]3)[CH]([OH])[CH]2[OH])[c]([OH])[n]1
6042,[O]=[C]([OH])[CH2][CH]1[CH2][CH2][C](=[O])[CH]1[CH2][CH]=[CH][CH2][CH2][OH]
6043,[CH3][C]([CH3])([CH3])[OH]
6044,[CH3][CH2][CH2][CH3]
6045,[CH3][N]([CH3])[CH]1[C]([OH])=[C]([C](=[NH])[OH])[C](=[O])[C]2([OH])[C](=[O])[C]3([OH])[C](=[O])[c]4[c]([OH])[cH][cH][cH][c]4[C]([CH3])([OH])[CH]3[CH2][CH]12
6046,[CH3][N]([CH3])[CH]1[C]([OH])=[C]([C](=[NH])[OH])[C](=[O])[C]2([OH])[C]([OH])=[C]3[C](=[O])[c]4[c]([OH])[cH][cH][cH][c]4[C]([CH3])([OH])[CH]3[CH2][CH]12
6047,[CH3][NH][CH]1[CH2][CH2][CH]([O][P](=[O])([OH])[O][P](=[O])([OH])[O][CH2][CH]2[O][CH]([n]3[cH][c]([CH3])[c]([OH])[n][c]3=[O])[CH2][CH]2[OH])[O][CH]1[CH3]
6048,[O]=[C]([CH2][OH])[CH]([OH])[CH2][O][P](=[O])([OH])[OH]
6049,[O]=[C]([CH2][OH])[CH]([OH])[CH2][OH]
6050,[CH3][CH]([CH3])[CH2][CH2][C](=[O])[S][CH2][CH2][N]=[C]([OH])[CH2][CH2][N]=[C]([OH])[CH]([OH])[C]([CH3])([CH3])[CH2][O][P](=[O])([OH])[O][P](=[O])([OH])[O][CH2][CH]1[O][CH]([n]2[cH][n][c]3[c]([NH2])[n][cH][n][c]32)[CH]([OH])[CH]1[O][P](=[O])([OH])[OH]
6051,[CH3][CH]([CH3])[CH2][CH2][C](=[O])[OH]
6052,[CH3][c]1[cH][n]([CH]2[CH2][CH]([OH])[CH]([CH2][O][P](=[O])([OH])[O][P](=[O])([OH])[O][CH]3[O][CH2][C](=[O])[CH]([OH])[CH]3[OH])[O]2)[c](=[O])[n][c]1[OH]
6053,[CH3][c]1[cH][n]([CH]2[CH2][CH]([OH])[CH]([CH2][O][P](=[O])([OH])[O][P](=[O])([OH])[O][CH]3[CH]=[C]([OH])[C](=[O])[CH2][O]3)[O]2)[c](=[O])[n][c]1[OH]
6054,[CH3][c]1[cH][n]([CH]2[CH2][CH]([OH])[CH]([CH2][O][P](=[O])([OH])[O][P](=[O])([OH])[O][CH]3[CH2][CH]([OH])[C](=[O])[CH2][O]3)[O]2)[c](=[O])[n][c]1[OH]
6055,[CH3][c]1[cH][n]([CH]2[CH2][CH]([OH])[CH]([CH2][O][P](=[O])([OH])[O][P](=[O])([OH])[O][CH]3[CH2][CH]([OH])[CH]([NH2])[CH2][O]3)[O]2)[c](=[O])[n][c]1[OH]
6056,[CH3][NH][CH]1[CH2][O][CH]([O][P](=[O])([OH])[O][P](=[O])([OH])[O][CH2][CH]2[O][CH]([n]3[cH][c]([CH3])[c]([OH])[n][c]3=[O])[CH2][CH]2[OH])[CH2][CH]1[OH]
6057,[CH2]=[CH][C]([CH3])([CH3])[OH]
6058,[CH3][CH2][C]([CH3])([CH3])[OH]
6059,[CH3][C]([OH])=[N][CH2][CH2][P](=[O])([OH])[OH]
6060,[CH3][O][c]1[cH][c]2[c]([cH][c]1[OH])[CH2][N]1[CH2][CH2][C]23[CH]=[CH][C](=[O])[CH2][CH]13
6061,[CH3][O][c]1[cH][c]2[c]([cH][c]1[OH])[CH2][N]1[CH2][CH2][C]23[CH]=[CH][C](=[O])[CH2][CH]13
6062,[NH2][CH2][P](=[O])([OH])[OH]
6063,[O]=[C]([OH])[CH2][NH][CH2][P](=[O])([OH])[OH]
6064,[O]=[C]([OH])[c]1[cH][cH][cH][c]2[c]1[N]=[C]1[CH2][CH]=[CH][CH]([C](=[O])[OH])[CH]1[NH]2
6065,[O]=[C]([OH])[CH]1[CH]=[CH][CH2][C]2=[C]1[N]=[C]1[CH2][CH]=[CH][CH]([C](=[O])[OH])[CH]1[NH]2
6066,[O]=[C]([OH])[C]1=[CH][CH]=[CH][C]2=[N][c]3[c]([cH][cH][cH][c]3[C](=[O])[OH])[NH][CH]12
6067,[O]=[C]([OH])[CH]1[CH]=[CH][CH2][C]2=[N][c]3[cH][cH][cH][cH][c]3[NH][CH]21
6068,[O]=[C]([OH])[C]1=[CH][CH]=[CH][C]2=[N][c]3[cH][cH][cH][cH][c]3[NH][CH]12
6069,[O]=[C]([OH])[CH]1[CH]=[CH][CH2][C]2=[C]1[NH][c]1[cH][cH][cH][cH][c]1[NH]2
6070,[OH][c]1[cH][c]([OH])[c]2[cH][cH][cH][c]([OH])[c]2[c]1[OH]
6071,[NH2][CH]1[CH2][CH]([CH2][O][P](=[O])([OH])[OH])[CH]([OH])[CH]([OH])[CH]1[OH]
6072,[O]=[P]([OH])([OH])[O][CH2][C]1=[CH][CH]([OH])[CH]([OH])[CH]([OH])[CH]1[OH]
6073,[CH3][O][c]1[cH][cH][c]([CH]([OH])[CH]([CH2][OH])[O][c]2[cH][cH][cH][cH][c]2[O][CH3])[cH][c]1[O][CH3]
6074,[CH3][O][c]1[cH][c]([CH]([OH])[CH]([CH2][OH])[O][c]2[cH][cH][cH][cH][c]2[O][CH3])[cH][cH][c]1[OH]
6075,[NH2][C](=[O])[C]1=[CH][CH]=[CH][N]([CH]2[O][CH]([CH2][O][P](=[O])([OH])[O][P](=[O])([OH])[O][CH2][CH]3[O][CH]([n]4[cH][n][c]5[c]([NH2])[n][cH][n][c]54)[CH]([OH])[CH]3[OH])[CH]([OH])[CH]2[OH])[CH2]1
6076,[NH]=[C]([OH])[C]1=[CH][N]([CH]2[O][CH]([CH2][O][P](=[O])([OH])[O][P](=[O])([OH])[O][CH2][CH]3[O][CH]([n]4[cH][n][c]5[c]([NH2])[n][cH][n][c]54)[CH]([OH])[CH]3[OH])[CH]([OH])[CH]2[OH])[CH2][CH]=[CH]1
6077,[CH2]=[CH][c]1[c]([CH3])[c]2[cH][c]3[n][c]([c]4[c]5[n][c]([cH][c]6[nH][c]([cH][c]1[nH]2)[c]([CH3])[c]6[CH2][CH2][CH3])[C]([CH2][CH3])=[C]5[C](=[O])[CH2]4)[CH]([CH2][CH2][C](=[O])[OH])[CH]3[CH3]
6078,[CH2]=[CH][c]1[c]([CH3])[c]2[cH][c]3[n][c]([c]4[c]5[n][c]([cH][c]6[nH][c]([cH][c]1[nH]2)[c]([CH3])[c]6[CH2][CH]([CH3])[CH3])[C]([CH2][CH3])=[C]5[C](=[O])[CH2]4)[CH]([CH2][CH2][C](=[O])[OH])[CH]3[CH3]
6079,[CH3][CH2][C]1=[C]([CH3])[c]2[cH][c]3[nH][c]([cH][c]4[nH][c]([c]5[c]6[n][c]([cH][c]1[n]2)[C]([CH2][CH3])=[C]6[C](=[O])[CH2]5)[CH]([CH2][CH2][C](=[O])[OH])[CH]4[CH3])[c]([CH3])[c]3[CH]([CH3])[OH]
6080,[CH3][CH2][CH2][c]1[c]([CH3])[c]2[cH][c]3[nH][c]([cH][c]4[n][c]([c]5[cH][c](=[O])[c]6[c]-5[nH][c]([cH][c]1[nH]2)[c]6[CH2][CH3])[CH]([CH2][CH2][C](=[O])[OH])[CH]4[CH3])[c]([CH3])[c]3[CH]([CH3])[OH]
6081,[CH3][CH2][c]1[c]2[cH][c]3[nH][c]([cH][c]4[nH][c]([cH][c]5[n][c]([c]6[cH][c](=[O])[c]1[c]-6[nH]2)[CH]([CH2][CH2][C](=[O])[OH])[CH]5[CH3])[c]([CH3])[c]4[CH]([CH3])[OH])[c]([CH3])[c]3[CH2][CH]([CH3])[CH3]
6082,[CH3][c]1[c]2[c]([c]([OH])[c]3[c]([OH])[cH][cH][cH][c]13)[C](=[O])[C]1([OH])[C](=[O])[C]([C](=[NH])[OH])=[C]([OH])[CH]([NH2])[CH]1[CH2]2
6083,[CH3][NH][CH]1[C]([OH])=[C]([C](=[NH])[OH])[C](=[O])[C]2([OH])[C](=[O])[c]3[c]([c]([CH3])[c]4[cH][cH][cH][c]([OH])[c]4[c]3[OH])[CH2][CH]12
6084,[CH3][N]([CH3])[CH]1[C]([OH])=[C]([C](=[NH])[OH])[C](=[O])[C]2([OH])[C](=[O])[C]3([OH])[C](=[O])[c]4[c]([OH])[cH][cH][cH][c]4[C]([CH3])([OH])[CH]3[CH]([OH])[CH]12
6085,[CH2]=[CH][C]1=[C]([CH3])[c]2[cH][c]3[n][c]([c]4[c]([C](=[O])[O][CH3])[c]([OH])[c]5[c]([CH3])[c]([cH][c]6[nH][c]([cH][c]1[n]2)[CH]([CH3])[C]6=[CH][CH3])[nH][c]45)[CH]([CH2][CH2][C](=[O])[OH])[CH]3[CH3]
6086,[O]=[C]([OH])[c]1[cH][cH][cH][c]2[n][c]3[cH][cH][cH][cH][c]3[n][c]12
6087,[CH3][CH]([c]1[cH][nH][c]2[cH][cH][cH][cH][c]12)[CH]1[O][C](=[NH])[N]=[C]1[OH]
6088,[CH3][N]=[C]1[N]=[C]([OH])[CH]([CH]([CH3])[c]2[cH][nH][c]3[cH][cH][cH][cH][c]23)[O]1
6089,[NH2][c]1[n][cH][n][c]2[c]1[n][cH][n]2[CH]1[O][CH]([CH2][O][P](=[O])([OH])[O][C](=[O])[CH2][CH2][CH2][CH2][CH2][CH2][CH2][CH2][CH2][CH2][CH2][CH2][CH2][CH2][CH2][CH2][c]2[cH][cH][c]([OH])[cH][cH]2)[CH]([OH])[CH]1[OH]
6090,[O]=[C]([OH])[CH2][CH2][CH2][CH2][CH2][CH2][CH2][CH2][CH2][CH2][CH2][CH2][CH2][CH2][CH2][CH2][c]1[cH][cH][c]([OH])[cH][cH]1
6091,[NH2][c]1[n][cH][n][c]2[c]1[n][cH][n]2[CH]1[O][CH]([CH2][O][P](=[O])([OH])[O][C](=[O])[CH2][CH2][CH2][CH2][CH2][CH2][CH2][CH2][CH2][CH2][CH2][CH2][CH2][CH2][CH2][CH2][CH2][CH2][c]2[cH][cH][c]([OH])[cH][cH]2)[CH]([OH])[CH]1[OH]
6092,[O]=[C]([OH])[CH2][CH2][CH2][CH2][CH2][CH2][CH2][CH2][CH2][CH2][CH2][CH2][CH2][CH2][CH2][CH2][CH2][CH2][c]1[cH][cH][c]([OH])[cH][cH]1
6093,[CH3][CH]([CH2][CH2][C](=[O])[S][CH2][CH2][N]=[C]([OH])[CH2][CH2][N]=[C]([OH])[CH]([OH])[C]([CH3])([CH3])[CH2][O][P](=[O])([OH])[O][P](=[O])([OH])[O][CH2][CH]1[O][CH]([n]2[cH][n][c]3[c]([NH2])[n][cH][n][c]32)[CH]([OH])[CH]1[O][P](=[O])([OH])[OH])[CH]1[CH2][CH2][CH]2[CH]3[CH2][CH2][CH]4[CH2][CH]([OH])[CH2][CH2][C]4([CH3])[CH]3[CH2][CH2][C]12[CH3]
6094,[O]=[C]([OH])[c]1[cH][cH][c]([C](=[O])[O][CH2][CH2][OH])[cH][cH]1
6095,[CH3][C]([CH3])([CH2][O][P](=[O])([OH])[O][P](=[O])([OH])[O][CH2][CH]1[O][CH]([n]2[cH][n][c]3[c]([NH2])[n][cH][n][c]32)[CH]([OH])[CH]1[O][P](=[O])([OH])[OH])[CH]([OH])[C]([OH])=[N][CH2][CH2][C]([OH])=[N][CH2][CH2][S][C](=[O])[CH2][C](=[O])[c]1[cH][cH][cH][cH][c]1[NH2]
6096,[NH2][c]1[cH][cH][cH][cH][c]1[C](=[O])[CH2][C](=[O])[OH]
6097,[OH][CH2][CH]1[O][CH]([O][CH]2[CH]([O][CH]3[CH]([OH])[O][CH]([CH2][OH])[CH]([OH])[CH]3[OH])[O][CH]([CH2][OH])[CH]([OH])[CH]2[OH])[CH]([OH])[CH]([OH])[CH]1[OH]
6098,[OH][CH2][CH]1[O][CH]([OH])[CH]([OH])[CH]([OH])[CH]1[OH]
6099,[CH3][O][c]1[cH][c]([CH]=[CH][C](=[O])[S][CH2][CH2][N]=[C]([OH])[CH2][CH2][N]=[C]([OH])[CH]([OH])[C]([CH3])([CH3])[CH2][O][P](=[O])([OH])[O][P](=[O])([OH])[O][CH2][CH]2[O][CH]([n]3[cH][n][c]4[c]([NH2])[n][cH][n][c]43)[CH]([OH])[CH]2[O][P](=[O])([OH])[OH])[c]([OH])[cH][c]1[OH]
6100,[CH3][C]([CH3])=[CH][CH2][CH2][C]([CH3])=[CH][CH2][O][P](=[O])([OH])[OH]
6101,[CH3][c]1[cH][cH][c]([C](=[O])[O][P](=[O])([OH])[O][CH2][CH]2[O][CH]([n]3[cH][n][c]4[c]([NH2])[n][cH][n][c]43)[CH]([OH])[CH]2[OH])[c]([NH2])[c]1[OH]
6102,[CH3][C]([CH3])=[CH][CH2][CH2][C]([CH3])=[CH][CH2][CH2][C]([CH3])=[CH][CH2][CH2][C]([CH3])=[CH][CH2][CH2][C]([CH3])=[CH][CH2][CH2][C]([CH3])=[CH][CH2][CH2][C]([CH3])=[CH][CH2][CH2][C]([CH3])=[CH][CH2][CH2][C]([CH3])=[CH][CH2][CH2][C]([CH3])=[CH][CH2][CH2][C]([CH3])=[CH][CH2][O][P](=[O])([OH])[O][P](=[O])([OH])[O][CH]1[O][CH]([CH2][OH])[CH]([O][CH]2[O][CH]([CH2][OH])[CH]([O][P](=[O])([OH])[O][CH2][CH]([OH])[CH2][OH])[CH]([OH])[CH]2[N]=[C]([CH3])[OH])[CH]([OH])[CH]1[N]=[C]([CH3])[OH]
6103,[CH3][CH]([CH2][CH2][C](=[O])[S][CH2][CH2][N]=[C]([OH])[CH2][CH2][N]=[C]([OH])[CH]([OH])[C]([CH3])([CH3])[CH2][O][P](=[O])([OH])[O][P](=[O])([OH])[O][CH2][CH]1[O][CH]([n]2[cH][n][c]3[c]([NH2])[n][cH][n][c]32)[CH]([OH])[CH]1[O][P](=[O])([OH])[OH])[CH]1[CH2][CH2][CH]2[CH]3[CH]=[CH][C]4=[CH][C](=[O])[CH2][CH2][C]4([CH3])[CH]3[CH2][CH]([OH])[C]12[CH3]
6104,[CH3][CH]([CH2][CH2][C](=[O])[S][CH2][CH2][N]=[C]([OH])[CH2][CH2][N]=[C]([OH])[CH]([OH])[C]([CH3])([CH3])[CH2][O][P](=[O])([OH])[O][P](=[O])([OH])[O][CH2][CH]1[O][CH]([n]2[cH][n][c]3[c]([NH2])[n][cH][n][c]32)[CH]([OH])[CH]1[O][P](=[O])([OH])[OH])[CH]1[CH2][CH2][CH]2[CH]3[CH]([OH])[CH2][C]4=[CH][C](=[O])[CH2][CH2][C]4([CH3])[CH]3[CH2][CH]([OH])[C]12[CH3]
6105,[CH3][CH]([CH2][CH2][C](=[O])[S][CH2][CH2][N]=[C]([OH])[CH2][CH2][N]=[C]([OH])[CH]([OH])[C]([CH3])([CH3])[CH2][O][P](=[O])([OH])[O][P](=[O])([OH])[O][CH2][CH]1[O][CH]([n]2[cH][n][c]3[c]([NH2])[n][cH][n][c]32)[CH]([OH])[CH]1[O][P](=[O])([OH])[OH])[CH]1[CH2][CH2][CH]2[CH]3[CH]=[CH][C]4=[CH][C](=[O])[CH2][CH2][C]4([CH3])[CH]3[CH2][CH2][C]12[CH3]
6106,[CH3][CH]([CH2][CH2][C](=[O])[S][CH2][CH2][N]=[C]([OH])[CH2][CH2][N]=[C]([OH])[CH]([OH])[C]([CH3])([CH3])[CH2][O][P](=[O])([OH])[O][P](=[O])([OH])[O][CH2][CH]1[O][CH]([n]2[cH][n][c]3[c]([NH2])[n][cH][n][c]32)[CH]([OH])[CH]1[O][P](=[O])([OH])[OH])[CH]1[CH2][CH2][CH]2[CH]3[CH]([OH])[CH2][C]4=[CH][C](=[O])[CH2][CH2][C]4([CH3])[CH]3[CH2][CH2][C]12[CH3]
6107,[O]=[C]([OH])[CH]1[CH]=[CH][CH2][C]2=[N][CH]3[CH]([C](=[O])[OH])[CH]=[CH][CH2][C]3([OH])[NH][CH]21
6108,[cH]1[cH][cH][c]2[c]([cH]1)[NH][c]1[cH][cH][cH][cH][c]1[NH]2
6109,[cH]1[cH][cH][c]2[n][c]3[cH][cH][cH][cH][c]3[n][c]2[cH]1
6110,[O]=[C]([OH])[c]1[cH][cH][cH][c]2[c]1[NH][c]1[cH][cH][cH][c]([C](=[O])[OH])[c]1[NH]2
6111,[O]=[C]([OH])[c]1[cH][cH][cH][c]2[n][c]3[c]([C](=[O])[OH])[cH][cH][cH][c]3[n][c]12
6112,[OH][c]1[cH][cH][cH][c]2[n][c]3[cH][cH][cH][cH][c]3[n][c]12
6113,[NH]=[c]1[n][c]([OH])[c]2[c]([nH]1)[NH][CH]1[O][CH]([CH2][O][P](=[O])([OH])[O][P](=[O])([OH])[O][CH2][CH]3[O][CH]([n]4[cH][n][c]5[c]([OH])[n][c](=[NH])[nH][c]54)[CH]([OH])[CH]3[OH])[C]([SH])=[C]([SH])[CH]1[NH]2
6114,[NH]=[c]1[n][c]([OH])[c]2[c]([nH]1)[NH][CH]1[O][CH]([CH2][O][P](=[O])([OH])[OH])[C]([SH])=[C]([SH])[CH]1[NH]2
6115,[NH]=[c]1[cH][cH][n]([CH]2[O][CH]([CH2][O][P](=[O])([OH])[O][P](=[O])([OH])[O][CH2][CH]3[O][CH]4[NH][c]5[nH][c](=[NH])[n][c]([OH])[c]5[NH][CH]4[C]([SH])=[C]3[SH])[CH]([OH])[CH]2[OH])[c]([OH])[n]1
6116,[CH3][CH]([CH3])[C](=[O])[c]1[c]([OH])[cH][c]([OH])[cH][c]1[OH]
6117,[OH][CH2][CH]1[O][CH]([OH])[CH]([OH])[CH]1[OH]
6118,[CH3][CH2][CH2][CH2][CH2][C](=[O])[CH]=[CH][CH]1[CH]([OH])[CH2][CH]2[O][C](=[CH][CH2][CH2][CH2][C](=[O])[OH])[CH2][CH]21
6119,[O]=[C]([CH2][OH])[CH]([OH])[CH]([OH])[CH]([OH])[CH2][O][P](=[O])([OH])[OH]
6120,[O]=[CH][CH]([OH])[CH]([OH])[CH]([OH])[CH]([OH])[CH2][OH]
6121,[O]=[C]([CH2][OH])[CH]([OH])[CH]([OH])[CH]([OH])[CH2][OH]
6122,[O]=[CH][CH]([CH2][CH2][C](=[O])[OH])[C](=[O])[OH]
6123,[OH][CH]1[CH2][S][S][CH2][CH]1[OH]
6124,[CH3][C](=[CH][CH2][C]12[O][C]1([CH3])[C](=[O])[c]1[cH][cH][cH][cH][c]1[C]2=[O])[CH2][CH2][CH2][CH]([CH3])[CH2][CH2][CH2][CH]([CH3])[CH2][CH2][CH2][CH]([CH3])[CH3]
6125,[OH][CH]([CH2][SH])[CH]([OH])[CH2][SH]
6126,[CH3][C](=[CH][CH2][C]1([OH])[C](=[O])[c]2[cH][cH][cH][cH][c]2[C](=[O])[CH]1[CH3])[CH2][CH2][CH2][CH]([CH3])[CH2][CH2][CH2][CH]([CH3])[CH2][CH2][CH2][CH]([CH3])[CH3]
6127,[NH2][C]([C](=[O])[OH])=[C]([CH]=[CH][CH]=[O])[C](=[O])[OH]
6128,[CH3][C](=[O])[CH]=[CH][CH]=[C]([CH3])[CH2][OH]
6129,[NH2][C](=[CH][CH]=[CH][CH]=[O])[C](=[O])[OH]
6130,[CH3][CH]([CH2][CH2][CH2][CH]([CH3])[CH]1[CH2][CH2][CH]2[CH]3[CH]([OH])[CH2][CH]4[CH2][CH]([OH])[CH2][CH2][C]4([CH3])[CH]3[CH2][CH]([OH])[C]12[CH3])[C](=[O])[OH]
6131,[CH3][CH]([CH]=[O])[CH2][CH2][CH2][CH]([CH3])[CH]1[CH2][CH2][CH]2[CH]3[CH]([OH])[CH2][CH]4[CH2][CH]([OH])[CH2][CH2][C]4([CH3])[CH]3[CH2][CH]([OH])[C]12[CH3]
6132,[O]=[C]([OH])[CH2][CH2][CH2][CH2][CH]([SH])[CH2][CH2][SH]
6133,[CH3][C]([CH3])=[CH][CH2][S][CH2][CH]([NH2])[C](=[O])[OH]
6134,[CH2]=[C]([C](=[O])[OH])[CH]([CH3])[C](=[O])[OH]
6135,[CH3][O][c]1[cH][c]([OH])[cH][c]([CH2][CH]=[C]([CH3])[CH2][CH2][CH]=[C]([CH3])[CH2][CH2][CH]=[C]([CH3])[CH2][CH2][CH]=[C]([CH3])[CH2][CH2][CH]=[C]([CH3])[CH2][CH2][CH]=[C]([CH3])[CH2][CH2][CH]=[C]([CH3])[CH2][CH2][CH]=[C]([CH3])[CH3])[c]1[OH]
6136,[CH3][O][c]1[cH][c]([OH])[c]([CH3])[c]([CH2][CH]=[C]([CH3])[CH2][CH2][CH]=[C]([CH3])[CH2][CH2][CH]=[C]([CH3])[CH2][CH2][CH]=[C]([CH3])[CH2][CH2][CH]=[C]([CH3])[CH2][CH2][CH]=[C]([CH3])[CH2][CH2][CH]=[C]([CH3])[CH2][CH2][CH]=[C]([CH3])[CH3])[c]1[OH]
6137,[CH3][CH]([OH])[CH2][C](=[O])[C](=[O])[OH]
6138,[CH3][O][c]1[c]([OH])[c]([OH])[c]([CH3])[c]([CH2][CH]=[C]([CH3])[CH2][CH2][CH]=[C]([CH3])[CH2][CH2][CH]=[C]([CH3])[CH2][CH2][CH]=[C]([CH3])[CH2][CH2][CH]=[C]([CH3])[CH2][CH2][CH]=[C]([CH3])[CH2][CH2][CH]=[C]([CH3])[CH2][CH2][CH]=[C]([CH3])[CH2][CH2][CH]=[C]([CH3])[CH3])[c]1[OH]
6139,[CH3][O][c]1[c]([OH])[c]([CH3])[c]([CH2][CH]=[C]([CH3])[CH2][CH2][CH]=[C]([CH3])[CH2][CH2][CH]=[C]([CH3])[CH2][CH2][CH]=[C]([CH3])[CH2][CH2][CH]=[C]([CH3])[CH2][CH2][CH]=[C]([CH3])[CH2][CH2][CH]=[C]([CH3])[CH2][CH2][CH]=[C]([CH3])[CH2][CH2][CH]=[C]([CH3])[CH3])[c]([OH])[c]1[O][CH3]
6140,[O]=[C]([OH])[CH2][CH]([C](=[O])[OH])[CH]([OH])[C](=[O])[OH]
6141,[CH3][O][c]1[cH][c]([CH]=[CH][C](=[O])[O][CH]([C](=[O])[OH])[CH]([OH])[CH]([OH])[CH]([OH])[C](=[O])[OH])[cH][c]([O][CH3])[c]1[OH]
6142,[O]=[C]([CH2][c]1[cH][nH][c]2[cH][cH][cH][cH][c]12)[O][CH]1[CH]([OH])[CH]([OH])[CH]([OH])[CH]([OH])[CH]1[OH]
6143,[CH3][O][c]1[cH][c]([CH]=[CH][C](=[O])[OH])[cH][c]([O][CH3])[c]1[O][C](=[O])[CH]([OH])[CH2][C](=[O])[OH]
6144,[CH3][C]([OH])=[N][CH]1[CH]([OH])[O][CH]([CH2][OH])[CH]([O][CH]2[O][CH]([CH2][OH])[CH]([OH])[CH]([OH])[CH]2[OH])[CH]1[OH]
6145,[N]#[C][CH]([OH])[c]1[cH][cH][c]([OH])[cH][cH]1
6146,[CH3][C]([OH])=[N][CH]1[CH]([OH])[O][CH]([CH2][OH])[CH]([O][CH]2[O][CH]([CH2][O][CH]3[O][CH]([CH2][O][CH]4[O][CH]([CH2][OH])[CH]([O][CH]5[O][CH]([CH2][OH])[CH]([OH])[CH]([OH])[CH]5[OH])[CH]([OH])[CH]4[N]=[C]([CH3])[OH])[CH]([OH])[CH]([OH])[CH]3[OH])[CH]([OH])[CH]([O][CH]3[O][CH]([CH2][OH])[CH]([OH])[CH]([O][CH]4[O][CH]([CH2][OH])[CH]([OH])[CH]([OH])[CH]4[OH])[CH]3[OH])[CH]2[OH])[CH]1[OH]
6147,[CH3][C]([OH])=[N][CH]1[CH]([O][CH2][CH]2[O][CH]([O][CH2][CH]3[O][CH]([OH])[CH]([OH])[CH]([O][CH]4[O][CH]([CH2][OH])[CH]([OH])[CH]([O][CH]5[O][CH]([CH2][OH])[CH]([OH])[CH]([OH])[CH]5[OH])[CH]4[OH])[CH]3[OH])[CH]([OH])[CH]([OH])[CH]2[OH])[O][CH]([CH2][OH])[CH]([O][CH]2[O][CH]([CH2][OH])[CH]([OH])[CH]([OH])[CH]2[OH])[CH]1[OH]
6148,[CH3][C]([OH])=[N][CH]1[CH]([OH])[O][CH]([CH2][OH])[CH]([OH])[CH]1[OH]
6149,[CH3][C]([OH])=[N][CH]1[CH]([O][CH]2[CH2][CH2][CH]3[CH]4[CH2][CH2][c]5[cH][c]([O][CH]6[O][CH]([C](=[O])[OH])[CH]([OH])[CH]([OH])[CH]6[OH])[cH][cH][c]5[CH]4[CH2][CH2][C]23[CH3])[O][CH]([CH2][OH])[CH]([OH])[CH]1[OH]
6150,[O]=[c]1[n][c]([OH])[cH][cH][n]1[CH]1[O][CH]([CH2][O][P](=[O])([OH])[O][P](=[O])([OH])[O][CH]2[O][CH2][CH]([OH])[CH]([OH])[CH]2[OH])[CH]([OH])[CH]1[OH]
6151,[O]=[C]([CH2][c]1[cH][nH][c]2[cH][cH][cH][cH][c]12)[O][CH]1[CH]([OH])[CH]([OH])[CH]([OH])[CH]([OH])[CH]1[O][CH]1[O][CH2][CH]([OH])[CH]([OH])[CH]1[OH]
6152,[CH2]=[C]([O][CH]1[CH2][CH]=[C]([C](=[O])[CH2][CH2][C](=[O])[OH])[CH]([C](=[O])[OH])[CH]1[OH])[C](=[O])[OH]
6153,[NH]=[C]([NH2])[NH][CH]1[CH]([OH])[C](=[O])[CH]([OH])[CH]([OH])[CH]1[OH]
6154,[CH3][C]([OH])=[N][CH]1[CH]([OH])[O][CH]([CH2][OH])[CH]([OH])[CH]1[OH]
6155,[CH3][NH][CH]1[CH]([O][CH]2[CH]([O][CH]3[CH]([OH])[CH]([O][P](=[O])([OH])[OH])[CH]([NH][C](=[NH])[NH2])[CH]([OH])[CH]3[NH][C](=[NH])[NH2])[O][CH]([CH3])[C]2([CH2][OH])[O][P](=[O])([OH])[OH])[O][CH]([CH2][OH])[CH]([OH])[CH]1[OH]
6156,[O]=[C]1[CH]([OH])[CH]([OH])[O][CH]([CH2][OH])[CH]1[OH]
6157,[OH][CH2][CH]1[O][CH]([OH])[CH]([OH])[CH]([OH])[CH]1[O][CH]1[O][CH]([CH2][O][CH]2[O][CH2][CH]([OH])[CH]([OH])[CH]2[OH])[CH]([OH])[CH]([OH])[CH]1[OH]
6158,[OH][CH]1[CH2][O][CH]([O][CH2][CH]2[O][CH]([O][CH]3[CH]([CH2][O][CH]4[O][CH2][CH]([OH])[CH]([OH])[CH]4[OH])[O][CH]([OH])[CH]([OH])[CH]3[OH])[CH]([OH])[CH]([OH])[CH]2[OH])[CH]([OH])[CH]1[OH]
6159,[OH][CH2][CH]1[O][CH]([OH])[CH]([OH])[CH]([OH])[CH]1[O][CH]1[O][CH]([CH2][O][CH]2[O][CH2][CH]([OH])[CH]([OH])[CH]2[OH])[CH]([O][CH]2[O][CH]([CH2][O][CH]3[O][CH2][CH]([OH])[CH]([OH])[CH]3[OH])[CH]([O][CH]3[O][CH]([CH2][O][CH]4[O][CH2][CH]([OH])[CH]([OH])[CH]4[OH])[CH]([OH])[CH]([OH])[CH]3[OH])[CH]([OH])[CH]2[OH])[CH]([OH])[CH]1[OH]
6160,[OH][CH2][C]1([OH])[CH2][O][CH]([O][CH2][CH]2[O][CH]([OH])[CH]([OH])[CH]([OH])[CH]2[OH])[CH]1[OH]
6161,[CH3][O][c]1[cH][c]2[c](=[O])[c](-[c]3[cH][c]([O][CH3])[c]([O][CH3])[cH][c]3[O][CH3])[cH][o][c]2[cH][c]1[OH]
6162,[CH3][O][c]1[cH][c]([O][CH3])[c](-[c]2[cH][o][c]3[cH][c]([O][CH]4[O][CH]([CH2][O][CH]5[O][CH2][C]([OH])([CH2][OH])[CH]5[OH])[CH]([OH])[CH]([OH])[CH]4[OH])[c]([O][CH3])[cH][c]3[c]2=[O])[cH][c]1[O][CH3]
6163,[CH3][C]([OH])=[N][CH]1[CH]([OH])[O][CH]([CH2][OH])[CH]([O][CH]2[O][CH]([CH2][OH])[CH]([OH])[CH]([O][CH]([CH3])[C](=[O])[OH])[CH]2[N]=[C]([CH3])[OH])[CH]1[OH]
6164,[NH2][CH]([CH2][CH2][C](=[O])[OH])[C]([OH])=[N][CH]([CH2][CH2][C](=[O])[OH])[C](=[O])[OH]
6165,[NH]=[c]1[n][c]([OH])[c]2[n][c]([CH2][NH][c]3[cH][cH][c]([C](=[O])[OH])[cH][cH]3)[cH][n][c]2[nH]1
6166,[CH3][C]([OH])=[N][CH]1[CH]([O][CH]2[CH]([CH2][OH])[O][CH]([OH])[CH]([N]=[C]([CH3])[OH])[CH]2[O][CH]([CH3])[C]([OH])=[N][CH]([CH3])[C]([OH])=[N][CH]([CH2][CH2][C]([OH])=[N][CH]([CH2][CH2][CH2][CH]([NH2])[C](=[O])[OH])[C]([OH])=[N][CH]([CH3])[C](=[O])[OH])[C](=[O])[OH])[O][CH]([CH2][OH])[CH]([OH])[CH]1[OH]
6167,[CH3][C]([OH])=[N][CH]1[CH]([O][CH]2[CH]([CH2][OH])[O][CH]([OH])[CH]([N]=[C]([CH3])[OH])[CH]2[O][CH]([CH3])[C]([OH])=[N][CH]([CH3])[C]([OH])=[N][CH]([CH2][CH2][C]([OH])=[N][CH]([CH2][CH2][CH2][CH]([NH2])[C](=[O])[OH])[C](=[O])[OH])[C](=[O])[OH])[O][CH]([CH2][OH])[CH]([OH])[CH]1[OH]
6168,[CH3][CH]([N]=[C]([OH])[CH]([NH2])[CH2][CH2][CH2][CH]([NH2])[C](=[O])[OH])[C](=[O])[OH]
6169,[CH3][C]([OH])=[N][CH]1[CH]([OH])[O][CH]([CH2][OH])[CH]([OH])[CH]1[O][CH]([CH3])[C]([OH])=[N][CH]([CH3])[C]([OH])=[N][CH]([CH2][CH2][C](=[O])[OH])[C](=[O])[OH]
6170,[CH3][C]([OH])=[N][CH]1[CH]([OH])[O][CH]([CH2][OH])[CH]([OH])[CH]1[O][CH]([CH3])[C]([OH])=[N][CH]([CH3])[C]([OH])=[N][CH]([CH2][CH2][C](=[O])[OH])[C]([OH])=[N][CH]([CH2][CH2][CH2][CH]([NH2])[C](=[O])[OH])[C]([OH])=[N][CH]([CH3])[C](=[O])[OH]
6171,[O]=[C]([OH])[C]([OH])=[CH][CH]=[CH][C](=[O])[c]1[cH][cH][cH][cH][cH]1
6172,[CH3][CH]([CH2][CH2][C](=[O])[S][CH2][CH2][N]=[C]([OH])[CH2][CH2][N]=[C]([OH])[CH]([OH])[C]([CH3])([CH3])[CH2][O][P](=[O])([OH])[O][P](=[O])([OH])[O][CH2][CH]1[O][CH]([n]2[cH][n][c]3[c]([NH2])[n][cH][n][c]32)[CH]([OH])[CH]1[O][P](=[O])([OH])[OH])[CH]1[CH2][CH2][CH]2[CH]3[CH2][CH2][CH]4[CH2][C](=[O])[CH2][CH2][C]4([CH3])[CH]3[CH2][CH]([OH])[C]12[CH3]
6173,[O]=[C]([OH])[C]([OH])=[CH][CH]=[CH][C](=[O])[S](=[O])(=[O])[OH]
6174,[O]=[C]([OH])[CH2][C]1([C](=[O])[OH])[CH]=[CH][C](=[O])[O]1
6175,[O]=[C]([OH])[CH2][CH2][CH]([OH])[CH2][C](=[O])[C](=[O])[OH]
6176,[O]=[C]([OH])[CH2][CH]([CH]=[CH][C](=[O])[C](=[O])[OH])[C](=[O])[OH]
6177,[O]=[P]([OH])([OH])[O][CH2][CH]1[O][CH]([O][CH]2[CH]([CH2][OH])[O][CH]([OH])[CH]([OH])[CH]2[OH])[CH]([OH])[CH]([OH])[CH]1[OH]
6178,[CH3][CH]([CH2][CH2][CH2][CH]([CH3])[CH]1[CH2][CH2][CH]2[CH]3[CH]([OH])[CH2][CH]4[CH2][CH]([OH])[CH2][CH2][C]4([CH3])[CH]3[CH2][CH2][C]12[CH3])[C](=[O])[OH]
6179,[NH2][CH]1[CH2][CH2][O][C]1=[O]
6180,[NH2][CH]([CH2][S][CH2][C](=[O])[OH])[C](=[O])[OH]
6181,[CH3][CH2][CH]=[CH][CH2][CH]1[C](=[O])[CH]=[CH][CH]1[CH2][CH2][CH2][CH2][CH2][CH2][CH2][C](=[O])[OH]
6182,[OH][CH2][CH]1[O][CH]([OH])[CH]([OH])[CH]([OH])[CH]1[OH]
6183,[O]=[CH][CH]([OH])[CH]([OH])[CH]([OH])[CH]([OH])[CH2][O][P](=[O])([OH])[OH]
6184,[CH3][CH]([CH2][CH2][C](=[O])[S][CH2][CH2][N]=[C]([OH])[CH2][CH2][N]=[C]([OH])[CH]([OH])[C]([CH3])([CH3])[CH2][O][P](=[O])([OH])[O][P](=[O])([OH])[O][CH2][CH]1[O][CH]([n]2[cH][n][c]3[c]([NH2])[n][cH][n][c]32)[CH]([OH])[CH]1[O][P](=[O])([OH])[OH])[CH]1[CH2][CH2][CH]2[CH]3[CH]=[CH][C]4=[CH][C](=[O])[CH2][CH2][C]4([CH3])[CH]3[CH2][CH]([OH])[C]12[CH3]
6185,[CH3][CH]([CH2][CH2][C](=[O])[S][CH2][CH2][N]=[C]([OH])[CH2][CH2][N]=[C]([OH])[CH]([OH])[C]([CH3])([CH3])[CH2][O][P](=[O])([OH])[O][P](=[O])([OH])[O][CH2][CH]1[O][CH]([n]2[cH][n][c]3[c]([NH2])[n][cH][n][c]32)[CH]([OH])[CH]1[O][P](=[O])([OH])[OH])[CH]1[CH2][CH2][CH]2[CH]3[CH2][CH2][C]4=[CH][C](=[O])[CH2][CH2][C]4([CH3])[CH]3[CH2][CH]([OH])[C]12[CH3]
6186,[CH3][CH]([CH2][CH2][C](=[O])[S][CH2][CH2][N]=[C]([OH])[CH2][CH2][N]=[C]([OH])[CH]([OH])[C]([CH3])([CH3])[CH2][O][P](=[O])([OH])[O][P](=[O])([OH])[O][CH2][CH]1[O][CH]([n]2[cH][n][c]3[c]([NH2])[n][cH][n][c]32)[CH]([OH])[CH]1[O][P](=[O])([OH])[OH])[CH]1[CH2][CH2][CH]2[CH]3[CH]([OH])[CH2][CH]4[CH2][C](=[O])[CH2][CH2][C]4([CH3])[CH]3[CH2][CH]([OH])[C]12[CH3]
6187,[CH3][C]([OH])=[C]1[C](=[O])[CH]2[CH]3[c]4[cH][nH][c]5[cH][cH][cH][c]([c]45)[CH2][CH]3[C]([CH3])([CH3])[N]2[C]1=[O]
6188,[CH3][C]([CH3])=[CH][CH2][c]1[cH][cH][cH][c]2[nH][cH][c]([CH2][CH]3[N]=[C]([OH])[C](=[C]([CH3])[OH])[C]3=[O])[c]12
6189,[O]=[S](=[O])([OH])[c]1[cH][cH][cH][cH][cH]1
6190,[CH3][CH]([CH2][OH])[CH2][CH2][CH2][CH]([CH3])[CH]1[CH2][CH2][CH]2[CH]3[CH]([OH])[CH2][CH]4[CH2][CH]([OH])[CH2][CH2][C]4([CH3])[CH]3[CH2][CH]([OH])[C]12[CH3]
6191,[CH3][CH2][CH2][CH2][CH2][CH]=[CH][CH2][CH]=[O]
6192,[O]=[C]([OH])[c]1[cH][cH][c]([CH2][OH])[cH][cH]1
6193,[O]=[CH][c]1[cH][cH][c]([C](=[O])[OH])[cH][cH]1
6194,[O]=[CH][CH]([OH])[CH]([OH])[CH]([OH])[CH2][OH]
6195,[NH2][CH]([CH2][CH2][C]([OH])=[N][CH]([CH2][CH2][C](=[O])[OH])[C](=[O])[OH])[C](=[O])[OH]
6196,[O]=[C]([CH2][OH])[CH]([OH])[CH]([OH])[CH]([OH])[CH2][OH]
6197,[CH3][CH]([O][S](=[O])(=[O])[OH])[C](=[O])[OH]
6198,[OH][CH]1[CH2][O][CH]([OH])[CH]([OH])[CH]1[OH]
6199,[O]=[C]([CH2][O][P](=[O])([OH])[OH])[CH]([OH])[CH]([OH])[CH2][OH]
6200,[CH3][CH2][CH2][CH2][CH2][CH2][CH2][CH2][CH2][CH2][CH]([C](=[O])[OH])[C]([OH])([CH2][CH2][C](=[O])[OH])[C](=[O])[OH]
6201,[CH3][CH2][CH2][CH2][CH2][CH]=[CH][CH]=[CH][C](=[O])[S][CH2][CH2][N]=[C]([OH])[CH2][CH2][N]=[C]([OH])[CH]([OH])[C]([CH3])([CH3])[CH2][O][P](=[O])([OH])[O][P](=[O])([OH])[O][CH2][CH]1[O][CH]([n]2[cH][n][c]3[c]([NH2])[n][cH][n][c]32)[CH]([OH])[CH]1[O][P](=[O])([OH])[OH]
6202,[OH][CH2][CH]1[O][C]2([CH2][O][C]3([CH2][O]2)[O][CH]([CH2][OH])[CH]([OH])[CH]3[OH])[CH]([OH])[CH]1[OH]
6203,[CH3][CH2][CH2][CH2][CH2][CH2][CH2][CH2][CH2][CH]([CH2][CH2][CH2][CH2][CH2][CH2][CH2][CH2][CH2][CH2][CH2][C](=[O])[OH])[O][CH]1[O][CH]([CH2][OH])[CH]([OH])[CH]([OH])[CH]1[O][CH]1[O][CH]([CH2][O][C]([CH3])=[O])[CH]([OH])[CH]([OH])[CH]1[OH]
6204,[CH3][CH2][CH2][CH2][CH2][CH2][CH2][CH2][CH2][CH]([CH2][CH2][CH2][CH2][CH2][CH2][CH2][CH2][CH2][CH2][CH2][C](=[O])[OH])[O][CH]1[O][CH]([CH2][OH])[CH]([OH])[CH]([OH])[CH]1[O][CH]1[O][CH]([CH2][OH])[CH]([OH])[CH]([OH])[CH]1[OH]
6205,[CH3][CH2][CH2][CH2][CH2][CH2][CH2][CH2][CH2][CH]([CH2][CH2][CH2][CH2][CH2][CH2][CH2][CH2][CH2][CH2][CH2][C](=[O])[OH])[O][CH]1[O][CH]([CH2][O][C]([CH3])=[O])[CH]([OH])[CH]([OH])[CH]1[O][CH]1[O][CH]([CH2][O][C]([CH3])=[O])[CH]([OH])[CH]([OH])[CH]1[OH]
6206,[CH3][C]([CH3])([CH2][O][CH2][CH2][CH2][OH])[NH][c]1[cH][cH][cH][c]2[c]1[CH2][CH2][CH2][C]2=[O]
6207,[CH3][C]([CH3])([CH2][O][CH2][CH2][CH2][OH])[NH][c]1[cH][cH][cH][c]2[c]1[CH2][CH2][CH2][CH]2[OH]
6208,[CH3][CH]([NH2])[C]([OH])=[N][CH2][C]([OH])=[N][CH]([CH3])[C]([OH])=[N][CH2][C](=[O])[OH]
6209,[NH2][CH]([CH2][CH2][C]([OH])=[N][CH]([CH2][S][S](=[O])[OH])[C]([OH])=[N][CH2][C](=[O])[OH])[C](=[O])[OH]
6210,[CH3][CH]1[O][CH]([OH])[CH]([OH])[CH]([OH])[CH]1[OH]
6211,[O]=[CH][CH]([OH])[CH]([OH])[CH]([OH])[CH]([OH])[C](=[O])[OH]
6212,[NH2][CH]([CH2][CH2][C]([OH])=[N][CH2][CH2][c]1[cH][n][cH][nH]1)[C](=[O])[OH]
6213,[CH3][CH2][CH2][CH2][CH2][CH2][CH2][CH2][CH2][CH2][CH2][CH2][CH2][CH]=[CH][CH]([OH])[CH]([CH2][O][CH]1[O][CH]([CH2][OH])[CH]([O][CH]2[O][CH]([CH2][OH])[CH]([O][CH]3[O][CH]([CH2][OH])[CH]([OH])[CH]([OH])[CH]3[N]=[C]([CH3])[OH])[CH]([O][C]3([C](=[O])[OH])[CH2][CH]([OH])[CH]([N]=[C]([CH3])[OH])[CH]([CH]([OH])[CH]([OH])[CH2][OH])[O]3)[CH]2[OH])[CH]([OH])[CH]1[OH])[N]=[C]([OH])[CH2][CH2][CH2][CH2][CH2][CH2][CH2][CH2][CH2][CH2][CH2][CH2][CH2][CH2][CH2][CH2][CH3]
6214,[CH3][CH2][CH2][CH2][CH2][CH2][CH2][CH2][CH2][CH2][CH2][CH2][CH2][CH]=[CH][CH]([OH])[CH]([CH2][O][CH]1[O][CH]([CH2][OH])[CH]([O][CH]2[O][CH]([CH2][OH])[CH]([O][CH]3[O][CH]([CH2][OH])[CH]([OH])[CH]([O][CH]4[O][CH]([CH2][OH])[CH]([OH])[CH]([OH])[CH]4[OH])[CH]3[N]=[C]([CH3])[OH])[CH]([O][C]3([C](=[O])[OH])[CH2][CH]([OH])[CH]([N]=[C]([CH3])[OH])[CH]([CH]([OH])[CH]([OH])[CH2][OH])[O]3)[CH]2[OH])[CH]([OH])[CH]1[OH])[N]=[C]([OH])[CH2][CH2][CH2][CH2][CH2][CH2][CH2][CH2][CH2][CH2][CH2][CH2][CH2][CH2][CH2][CH2][CH3]
6215,[NH2][CH]1[CH]([OH])[O][CH]([CH2][O][P](=[O])([OH])[OH])[CH]([OH])[CH]1[OH]
6216,[O]=[CH][CH]([OH])[CH]([OH])[CH]([OH])[CH]([OH])[C](=[O])[OH]
6217,[O]=[N+]([O-])[c]1[cH][cH][c]([Cl])[c]([N+](=[O])[O-])[cH]1
6218,[NH2][CH]([CH2][CH2][C]([OH])=[N][CH]([CH2][S][c]1[cH][cH][c]([N+](=[O])[O-])[cH][c]1[N+](=[O])[O-])[C]([OH])=[N][CH2][C](=[O])[OH])[C](=[O])[OH]
6219,[O]=[CH][C]([OH])([CH2][O][P](=[O])([OH])[OH])[CH]([OH])[CH]([OH])[CH2][OH]
6220,[CH2]=[CH][c]1[c]([CH3])[c]2[cH][c]3[nH][c]([cH][c]4[n][c]([cH][c]5[n][c]([cH][c]1[nH]2)[C]([CH3])=[C]5[CH2][CH2][C](=[O])[OH])[C]([CH2][CH2][C](=[O])[OH])=[C]4[CH3])[c]([CH3])[c]3[CH]=[CH2]
6221,[CH3][CH2][CH2][CH2][CH2][CH2][OH]
6222,[CH3][NH][CH]1[CH2][CH]([NH2])[CH]([OH])[CH]([O][CH]2[O][CH]([CH2][OH])[CH]([OH])[CH]3[O][C]4([O][CH]([CH]([NH2])[CH2][O][P](=[O])([OH])[OH])[CH]([OH])[CH]([OH])[CH]4[OH])[O][CH]23)[CH]1[OH]
6223,[OH][CH2][CH]1[O][CH]([O][CH2][CH]2[O][C]([OH])([CH2][OH])[CH]([OH])[CH]2[OH])[CH]([OH])[CH]([OH])[CH]1[OH]
6224,[O]=[P]([OH])([OH])[O][CH2][CH]1[O][CH]([OH])[CH]([OH])[CH]1[OH]
6225,[OH][CH]1[CH2][O][CH]([OH])[CH]([OH])[CH]1[OH]
6226,[OH][CH2][CH]1[O][CH]([OH])[CH]([OH])[CH]1[OH]
6227,[O]=[C]1[O][CH]([CH]([OH])[CH2][OH])[C]([OH])=[C]1[OH]
6228,[OH][CH]1[CH2][O][CH]([OH])[CH]([OH])[CH]1[OH]
6229,[CH3][CH]([OH])[C](=[O])[S][CH2][CH2][N]=[C]([OH])[CH2][CH2][N]=[C]([OH])[CH]([OH])[C]([CH3])([CH3])[CH2][O][P](=[O])([OH])[O][P](=[O])([OH])[O][CH2][CH]1[O][CH]([n]2[cH][n][c]3[c]([NH2])[n][cH][n][c]32)[CH]([OH])[CH]1[O][P](=[O])([OH])[OH]
6230,[OH][CH2][CH]1[O][CH]([O][CH]2[CH]([CH2][OH])[O][CH]([OH])[CH]([OH])[CH]2[OH])[CH]([OH])[CH]([OH])[CH]1[OH]
6231,[O]=[C]([OH])[CH]=[CH][C]([OH])=[CH][C](=[O])[Cl]
6232,[CH3][CH]1[NH][c]2[nH][c](=[NH])[n][c]([OH])[c]2[N]2[CH]=[N+]([c]3[cH][cH][c]([CH2][CH]([OH])[CH]([OH])[CH]([OH])[CH2][O][CH]4[O][CH]([CH2][O][P](=[O])([OH])[O][CH]([CH2][CH2][C](=[O])[OH])[C]([OH])=[N][CH]([CH2][CH2][C](=[O])[OH])[C](=[O])[OH])[CH]([OH])[CH]4[OH])[cH][cH]3)[CH]([CH3])[CH]12
6233,[CH3][CH]([NH][c]1[cH][cH][c]([CH2][CH]([OH])[CH]([OH])[CH]([OH])[CH2][O][CH]2[O][CH]([CH2][O][P](=[O])([OH])[O][CH]([CH2][CH2][C](=[O])[OH])[C]([OH])=[N][CH]([CH2][CH2][C](=[O])[OH])[C](=[O])[OH])[CH]([OH])[CH]2[OH])[cH][cH]1)[CH]1[CH]([CH3])[NH][c]2[nH][c](=[NH])[n][c]([OH])[c]2[N]1[CH]=[O]
6234,[CH3][C]([OH])=[N][CH]1[CH]([OH])[CH2][C]([OH])([C](=[O])[OH])[O][CH]1[CH]([OH])[CH]([OH])[CH2][OH]
6235,[CH3][c]1[cH][c]([OH])[c]2[cH][cH][cH][cH][c]2[c]1[OH]
6236,[CH3][N]1[CH2][CH2][CH2][CH]1[c]1[cH][cH][cH][n][cH]1
6237,[CH3][CH2][CH2][CH2][CH2][CH2][CH]=[CH][CH]=[O]
6238,[CH3][CH]([OH])[CH]([OH])[CH]1[CH2][N]=[C]2[NH][C](=[NH])[N]=[C]([OH])[C]2([OH])[NH]1
6239,[CH3][C]([CH3])=[CH][CH2][OH]
6240,[CH3][CH]([OH])[C](=[O])[S][CH2][CH2][N]=[C]([OH])[CH2][CH2][N]=[C]([OH])[CH]([OH])[C]([CH3])([CH3])[CH2][O][P](=[O])([OH])[O][P](=[O])([OH])[O][CH2][CH]1[O][CH]([n]2[cH][n][c]3[c]([NH2])[n][cH][n][c]32)[CH]([OH])[CH]1[O][P](=[O])([OH])[OH]
6241,[NH2][CH]([CH2][O][P](=[O])([OH])[OH])[C](=[O])[OH]
6242,[NH]=[C]([OH])[c]1[cH][n][cH][cH][n]1
6243,[O]=[C]([OH])[c]1[cH][n][cH][cH][n]1
6244,[CH3][c]1[n][cH][c]([CH2][n+]2[cH][cH][cH][c]([CH2][CH2][OH])[c]2[CH3])[c]([OH])[n]1
6245,[CH3][c]1[n][cH][c]([CH2][n+]2[cH][cH][cH][c]([CH2][CH2][OH])[c]2[CH3])[c](=[NH])[nH]1
6246,[CH3][CH]1[O][CH]([OH])[CH]([OH])[CH]([OH])[CH]1[OH]
6247,[O]=[C]([CH]([OH])[CH2][OH])[CH]([OH])[CH]([OH])[CH2][O][P](=[O])([OH])[OH]
6248,[NH2][CH]([CH2][CH2][C]([OH])=[N][CH]([CH2][S][S](=[O])(=[O])[OH])[C]([OH])=[N][CH2][C](=[O])[OH])[C](=[O])[OH]
6249,[OH][C]1=[N][CH]=[N][CH2]1
6250,[CH3][N]1[CH2][CH2][CH2][CH]1[c]1[cH][cH][cH][n][cH]1
6251,[O]=[N+]([O-])[O][CH2][CH]([OH])[CH2][O][N+](=[O])[O-]
6252,[O]=[N+]([O-])[O][CH2][CH]([CH2][O][N+](=[O])[O-])[O][N+](=[O])[O-]
6253,[O]=[N+]([O-])[O][CH2][CH]([CH2][OH])[O][N+](=[O])[O-]
6254,[CH3][C]([CH3])([CH2][O][P](=[O])([OH])[O][P](=[O])([OH])[O][CH2][CH]1[O][CH]([n]2[cH][n][c]3[c]([NH2])[n][cH][n][c]32)[CH]([OH])[CH]1[O][P](=[O])([OH])[OH])[CH]([OH])[C]([OH])=[N][CH2][CH2][C]([OH])=[N][CH2][CH2][S][C](=[O])[CH2][CH2][c]1[cH][cH][cH][cH][cH]1
6255,[CH3][C]([CH3])([CH2][O][P](=[O])([OH])[O][P](=[O])([OH])[O][CH2][CH]1[O][CH]([n]2[cH][n][c]3[c]([NH2])[n][cH][n][c]32)[CH]([OH])[CH]1[O][P](=[O])([OH])[OH])[CH]([OH])[C]([OH])=[N][CH2][CH2][C]([OH])=[N][CH2][CH2][S][C](=[O])[CH2][CH]([OH])[c]1[cH][cH][cH][cH][cH]1
6256,[O]=[C]([CH2][O][P](=[O])([OH])[OH])[CH]([OH])[CH]([OH])[CH]([OH])[CH2][OH]
6257,[CH3][C](=[O])[CH2][C](=[O])[CH2][C](=[O])[C](=[O])[OH]
6258,[OH][N]=[CH][c]1[cH][cH][cH][n][cH]1
6259,[N]#[C][c]1[cH][cH][cH][n][cH]1
6260,[CH3][c]1[cH][cH][c]([N+](=[O])[O-])[cH][cH]1
6261,[O]=[N+]([O-])[c]1[cH][cH][c]([CH2][OH])[cH][cH]1
6262,[O]=[CH][c]1[cH][cH][c]([N+](=[O])[O-])[cH][cH]1
6263,[O]=[C]([OH])[c]1[cH][cH][c]([N+](=[O])[O-])[cH][cH]1
6264,[O]=[C]([OH])[c]1[cH][cH][c]([NH][OH])[cH][cH]1
6265,[O]=[C]1[CH]2[CH2][CH]3[CH2][CH]1[CH2][C]([OH])([CH2]3)[CH2]2
6266,[O]=[C]1[CH]2[CH2][CH]3[CH2][CH]([CH2]2)[CH2][CH]1[CH2]3
6267,[O]=[C]1[O][CH]2[CH2][CH]3[CH2][CH]1[CH2][C]([OH])([CH2]3)[CH2]2
6268,[O]=[C]1[O][CH]2[CH2][CH]3[CH2][CH]([CH2]2)[CH2][CH]1[CH2]3
6269,[O]=[C]([OH])[CH2][As](=[O])([OH])[OH]
6270,[CH3][CH]([CH3])[N]=[c]1[nH][c]([OH])[n][c](=[NH])[nH]1
6271,[CH3][N]1[CH2][CH2][CH2][CH]1[C](=[O])[OH]
6272,[CH3][N+]1([CH3])[CH2][CH2][CH2][CH]1[C](=[O])[OH]
6273,[N]#[C][OH]
6274,[N]#[C][SH]
6275,[CH3][C](=[CH][C](=[O])[S][CH2][CH2][N]=[C]([OH])[CH2][CH2][N]=[C]([OH])[CH]([OH])[C]([CH3])([CH3])[CH2][O][P](=[O])([OH])[O][P](=[O])([OH])[O][CH2][CH]1[O][CH]([n]2[cH][n][c]3[c]([NH2])[n][cH][n][c]32)[CH]([OH])[CH]1[O][P](=[O])([OH])[OH])[C]([CH3])([CH3])[CH]=[CH][C](=[O])[OH]
6276,[OH][CH]1[CH]=[CH][CH]=[C]2[O][c]3[cH][cH][cH][cH][c]3[O][C]21[OH]
6277,[cH]1[cH][cH][c]2[c]([cH]1)[O][c]1[cH][cH][cH][cH][c]1[O]2
6278,[CH3][CH]1[O][C]([OH])([CH2][OH])[CH]([OH])[CH]1[OH]
6279,[NH]=[C]([OH])[NH][O][CH2][CH2][CH]([NH2])[C](=[O])[OH]
6280,[NH]=[C]([NH][O][CH2][CH2][CH]([NH2])[C](=[O])[OH])[NH][CH]([CH2][C](=[O])[OH])[C](=[O])[OH]
6281,[CH3][CH]([NH][c]1[cH][cH][c]([CH2][CH]([OH])[CH]([OH])[CH]([OH])[CH2][O][P](=[O])([OH])[OH])[cH][cH]1)[C]1=[N][c]2[c]([OH])[n][c](=[NH])[nH][c]2[NH][CH]1[CH3]
6282,[CH3][CH]([NH][c]1[cH][cH][c]([CH]2[O][CH]([CH2][O][P](=[O])([OH])[OH])[CH]([OH])[CH]2[OH])[cH][cH]1)[C]1=[N][c]2[c]([OH])[n][c](=[NH])[nH][c]2[NH][CH]1[CH3]
6283,[CH3][CH]([NH][c]1[cH][cH][c]([CH2][CH]([OH])[CH]([OH])[CH]([OH])[CH2][OH])[cH][cH]1)[C]1=[N][c]2[c]([OH])[n][c](=[NH])[nH][c]2[NH][CH]1[CH3]
6284,[CH3][CH]([NH][c]1[cH][cH][c]([CH2][CH]([OH])[CH]([OH])[CH]([OH])[CH2][O][CH]2[O][CH]([CH2][O][P](=[O])([OH])[OH])[CH]([OH])[CH]2[OH])[cH][cH]1)[C]1=[N][c]2[c]([OH])[n][c](=[NH])[nH][c]2[NH][CH]1[CH3]
6285,[CH3][C]1([OH])[O][CH2][CH]([OH])[C]1=[O]
6286,[CH3][C]1([OH])[O][CH2][CH]([OH])[C]1([OH])[OH]
6287,[CH3][NH][CH]1[CH2][CH]([NH2])[CH]([O][P](=[O])([OH])[OH])[CH]([O][CH]2[O][CH]([CH2][OH])[CH]([OH])[CH]3[O][C]4([O][CH]([CH]([NH2])[CH2][OH])[CH]([OH])[CH]([OH])[CH]4[OH])[O][CH]23)[CH]1[OH]
6288,[NH2][c]1[n][cH][n][c]2[c]1[n][cH][n]2[CH]1[O][CH]([CH2][O][P](=[O])([OH])[O][P](=[O])([OH])[O][CH2][CH]2[O][CH]([O][P](=[O])([OH])[OH])[CH]([OH])[CH]2[OH])[CH]([OH])[CH]1[OH]
6289,[CH3][CH]([OH])[CH2][C]([OH])=[N][CH]1[CH2][CH2][O][C]1=[O]
6290,[CH3][CH2][CH2][CH2][CH2][CH2][CH2][CH2][CH2][C](=[O])[CH2][C]([OH])=[N][CH]1[CH2][CH2][O][C]1=[O]
6291,[CH3][CH2][CH2][C]([OH])=[N][CH]1[CH2][CH2][O][C]1=[O]
6292,[CH3][CH2][CH2][C](=[O])[CH2][C](=[O])[OH]
6293,[CH3][CH2][CH2][C](=[O])[CH2][C]([OH])=[N][CH]1[CH2][CH2][O][C]1=[O]
6294,[CH3][CH2][CH2][CH2][CH2][CH2][CH2][C]([OH])=[N][CH]1[CH2][CH2][O][C]1=[O]
6295,[CH3][CH2][CH2][CH2][CH2][C](=[O])[CH2][C](=[O])[OH]
6296,[CH3][CH2][CH2][CH2][CH2][C](=[O])[CH2][C]([OH])=[N][CH]1[CH2][CH2][O][C]1=[O]
6297,[CH3][CH2][CH2][CH2][CH2][C](=[O])[CH2][C]([OH])=[N][CH]([CH2][CH2][OH])[C](=[O])[OH]
6298,[CH3][CH]([OH])[CH2][C]([OH])=[N][CH]([CH2][CH2][OH])[C](=[O])[OH]
6299,[CH3][CH2][CH2][CH2][CH2][CH2][CH2][CH2][CH2][C](=[O])[CH2][C]([OH])=[N][CH]([CH2][CH2][OH])[C](=[O])[OH]
6300,[CH3][CH2][CH2][C]([OH])=[N][CH]([CH2][CH2][OH])[C](=[O])[OH]
6301,[CH3][CH2][CH2][C](=[O])[CH2][C]([OH])=[N][CH]([CH2][CH2][OH])[C](=[O])[OH]
6302,[CH3][CH2][CH2][CH2][CH2][CH2][CH2][C]([OH])=[N][CH]([CH2][CH2][OH])[C](=[O])[OH]
6303,[CH3][c]1[cH][cH][c]([OH])[c]([C](=[O])[OH])[cH]1
6304,[CH3][CH]([CH2][C](=[O])[OH])[C](=[O])[CH2][C](=[O])[S][CH2][CH2][N]=[C]([OH])[CH2][CH2][N]=[C]([OH])[CH]([OH])[C]([CH3])([CH3])[CH2][O][P](=[O])([OH])[O][P](=[O])([OH])[O][CH2][CH]1[O][CH]([n]2[cH][n][c]3[c]([NH2])[n][cH][n][c]32)[CH]([OH])[CH]1[O][P](=[O])([OH])[OH]
6305,[CH3][C]1=[C]([Cl])[CH]=[C]([Cl])[CH]([OH])[CH]1[OH]
6306,[CH3][c]1[cH][c]([Cl])[cH][cH][c]1[Cl]
6307,[CH3][C]1=[C]([Cl])[CH]([OH])[CH]([OH])[C]([Cl])=[CH]1
6308,[CH3][c]1[cH][cH][c]([Cl])[c]([Cl])[cH]1
6309,[CH3][C]1=[CH][C]([Cl])=[C]([Cl])[CH]([OH])[CH]1[OH]
6310,[CH3][c]1[cH][c]([Cl])[c]([OH])[c]([OH])[c]1[Cl]
6311,[CH3][c]1[cH][c]([Cl])[c]([Cl])[c]([OH])[c]1[OH]
6312,[CH3][C]([CH]=[C]([Cl])[C](=[O])[OH])=[C]([Cl])[C](=[O])[OH]
6313,[CH3][C](=[CH][C]([Cl])=[C]([Cl])[C](=[O])[OH])[C](=[O])[OH]
6314,[CH3][CH]([C](=[O])[OH])[C]1([Cl])[CH]=[C]([Cl])[C](=[O])[O]1
6315,[CH3][C]1=[C]([Cl])[C](=[O])[O][CH]1[CH]([Cl])[C](=[O])[OH]
6316,[CH3][C]1=[CH][C]([Cl])([CH]([Cl])[C](=[O])[OH])[O][C]1=[O]
6317,[CH3][C](=[CH][C](=[O])[CH]([Cl])[C](=[O])[OH])[C](=[O])[OH]
6318,[CH3][C]1=[CH][C](=[C]([Cl])[C](=[O])[OH])[O][C]1=[O]
6319,[CH3][C]12[O][C](=[O])[CH]([Cl])[CH]1[O][C](=[O])[CH]2[Cl]
6320,[CH3][C]([C](=[O])[CH2][C](=[O])[OH])=[C]([Cl])[C](=[O])[OH]
6321,[CH3][C]1=[C]([Cl])[C](=[O])[O][C]1=[CH][C](=[O])[OH]
6322,[CH3][C]1([CH]([Cl])[C](=[O])[OH])[CH]=[C]([Cl])[C](=[O])[O]1
6323,[OH][c]1[cH][cH][cH][c]([Cl])[cH]1
6324,[OH][c]1[cH][cH][cH][cH][c]1[Cl]
6325,[OH][c]1[cH][c]([F])[cH][c]([Cl])[c]1[OH]
6326,[O]=[C]([OH])[CH]=[C]([F])[CH]=[C]([Cl])[C](=[O])[OH]
6327,[OH][c]1[c]([F])[cH][cH][c]([Cl])[c]1[OH]
6328,[O]=[C]([OH])[CH]=[C]([Cl])[CH]=[C]([F])[C](=[O])[OH]
6329,[OH][c]1[cH][c]([Cl])[cH][c]([F])[c]1[OH]
6330,[O]=[C]([OH])[CH2][C]1([F])[CH]=[C]([Cl])[C](=[O])[O]1
6331,[O]=[c]1[c]([O][S](=[O])(=[O])[OH])[c](-[c]2[cH][cH][c]([O][S](=[O])(=[O])[OH])[c]([O][S](=[O])(=[O])[OH])[cH]2)[o][c]2[cH][c]([O][S](=[O])(=[O])[OH])[cH][c]([OH])[c]12
6332,[CH3][O][c]1[cH][c](-[c]2[o][c]3[cH][c]([OH])[cH][c]([OH])[c]3[c](=[O])[c]2[O][S](=[O])(=[O])[OH])[cH][cH][c]1[OH]
6333,[CH3][O][c]1[cH][c](-[c]2[o][c]3[cH][c]([OH])[cH][c]([OH])[c]3[c](=[O])[c]2[OH])[cH][cH][c]1[OH]
6334,[CH3][O][c]1[cH][c](-[c]2[o][c]3[cH][c]([OH])[cH][c]([OH])[c]3[c](=[O])[c]2[O][S](=[O])(=[O])[OH])[cH][cH][c]1[O][S](=[O])(=[O])[OH]
6335,[O]=[C]([OH])[C](=[O])[CH]=[CH][CH2][Cl]
6336,[O]=[C]([OH])[C](=[O])[CH2][CH]([OH])[CH2][Cl]
6337,[O]=[C]([Cl])[CH]=[CH][CH]=[C]([OH])[C](=[O])[OH]
6338,[O]=[C]([OH])[c]1[cH][cH][cH][c]([Cl])[cH]1
6339,[O]=[C]([OH])[C]1=[CH][CH]([OH])[CH]([OH])[C]([Cl])=[CH]1
6340,[O]=[C]([OH])[C]1=[CH][C]([OH])([Cl])[CH]([OH])[CH]=[CH]1
6341,[O]=[C]([OH])[c]1[cH][c]([OH])[c]([OH])[c]([Cl])[cH]1
6342,[O]=[C]([Cl])[CH]=[C]([CH]=[C]([OH])[C](=[O])[OH])[C](=[O])[OH]
6343,[O]=[C]([OH])[c]1[cH][cH][c]([Cl])[c]([Cl])[cH]1
6344,[O]=[C]([OH])[C]1=[CH][CH]([OH])[C]([OH])([Cl])[C]([Cl])=[CH]1
6345,[O]=[C]([OH])[CH2][N]=[C]([OH])[CH2][c]1[cH][nH][c]2[cH][cH][cH][cH][c]12
6346,[CH3][CH2][CH]([CH3])[CH]([N]=[C]([OH])[CH2][c]1[cH][nH][c]2[cH][cH][cH][cH][c]12)[C](=[O])[OH]
6347,[CH3][S][CH2][CH2][CH]([N]=[C]([OH])[CH2][c]1[cH][nH][c]2[cH][cH][cH][cH][c]12)[C](=[O])[OH]
6348,[O]=[C]([OH])[CH]([CH2][c]1[cH][cH][c]([OH])[cH][cH]1)[N]=[C]([OH])[CH2][c]1[cH][nH][c]2[cH][cH][cH][cH][c]12
6349,[O]=[C]([OH])[CH]([CH2][c]1[cH][nH][c]2[cH][cH][cH][cH][c]12)[N]=[C]([OH])[CH2][c]1[cH][nH][c]2[cH][cH][cH][cH][c]12
6350,[O]=[C]([OH])[CH]1[CH2][CH2][CH2][N]1[C](=[O])[CH2][c]1[cH][nH][c]2[cH][cH][cH][cH][c]12
6351,[CH3][CH2][CH]=[CH][CH2][CH]1[C](=[O])[CH2][CH2][CH]1[CH2][C]([OH])=[N][CH]([C](=[O])[OH])[CH]([CH3])[CH2][CH3]
6352,[CH3][CH2][CH]=[CH][CH2][CH]1[C](=[O])[CH2][CH2][CH]1[CH2][C]([OH])=[N][CH]([C](=[O])[OH])[CH]([CH3])[CH3]
6353,[CH3][CH2][CH]=[CH][CH2][CH]1[C](=[O])[CH2][CH2][CH]1[CH2][C]([OH])=[N][CH]([CH2][CH]([CH3])[CH3])[C](=[O])[OH]
6354,[CH3][CH2][CH]=[CH][CH2][CH]1[C](=[O])[CH2][CH2][CH]1[CH2][C]([OH])=[N][CH]([CH2][c]1[cH][cH][cH][cH][cH]1)[C](=[O])[OH]
6355,[CH3][CH2][CH]=[CH][CH2][CH]1[C](=[O])[CH2][CH2][CH]1[CH2][C]([OH])=[N][C]1([C](=[O])[OH])[CH2][CH2]1
6356,[O]=[C]([OH])[c]1[cH][cH][cH][cH][c]1[Br]
6357,[O]=[C]([OH])[c]1[cH][cH][cH][cH][c]1[I]
6358,[CH3][CH2][CH]=[CH][CH2][CH]1[C](=[O])[CH2][CH2][CH]1[CH2][C](=[O])[N]=[C]([OH])[CH2][CH2][CH]([NH2])[C](=[O])[OH]
6359,[O]=[C]([OH])[CH2][CH]1[CH2][CH2][C](=[O])[CH]1[CH2][CH]=[CH][CH2][CH2][O][S](=[O])(=[O])[OH]
6360,[CH3][CH]([OH])[CH]=[CH][CH2][CH]1[C](=[O])[CH2][CH2][CH]1[CH2][C](=[O])[OH]
6361,[CH3][CH]([CH]=[CH][CH2][CH]1[C](=[O])[CH2][CH2][CH]1[CH2][C](=[O])[OH])[O][S](=[O])(=[O])[OH]
6362,[CH3][CH]([OH])[CH]=[CH][CH2][CH]1[C](=[O])[CH2][CH2][CH]1[CH2][C](=[O])[OH]
6363,[CH3][CH2][CH]=[CH][CH2][CH]1[C](=[O])[CH2][CH2][CH]1[CH2][C]([OH])=[N][CH]([C](=[O])[OH])[CH]([CH3])[CH2][CH3]
6364,[CH3][CH2][CH]=[CH][CH2][CH]1[C](=[O])[CH2][CH2][CH]1[CH2][C]([OH])=[N][CH]([CH2][c]1[cH][cH][cH][cH][cH]1)[C](=[O])[OH]
6365,[CH3][CH2][CH]=[CH][CH2][CH]1[C](=[O])[CH2][CH2][CH]1[CH2][C]([OH])=[N][CH]([C](=[O])[OH])[CH]([CH3])[CH3]
6366,[CH3][CH2][CH]=[CH][CH2][CH]1[C](=[O])[CH2][CH2][CH]1[CH2][C]([OH])=[N][CH]([CH2][CH]([CH3])[CH3])[C](=[O])[OH]
6367,[CH3][C]([OH])=[N][CH2][CH2][CH2][NH][CH2][CH2][CH2][CH]=[O]
6368,[CH3][C]([CH3])=[CH][CH2][CH2][CH]([CH3])[C]1=[CH][CH2][C]([CH3])=[CH][CH2]1
6369,[CH3][CH]1[CH2][CH2][C]2([OH])[C]([CH3])([CH3])[CH]3[CH2][CH2][C]2([CH3])[CH]1[CH2]3
6370,[CH3][CH]1[CH2][CH2][C]2=[C]1[CH2][CH]1[CH2][CH2][C]2([CH3])[C]1([CH3])[CH3]
6371,[CH2]=[C]1[CH2][CH2][CH]2[CH2][CH]3[CH]([CH3])[CH2][CH2][C]13[C]2([CH3])[CH3]
6372,[CH3][C]1=[CH][CH2][CH]2[CH2][CH]3[CH]([CH3])[CH2][CH2][C]13[C]2([CH3])[CH3]
6373,[NH2][CH]([CH2][c]1[cH][c]([I])[c]([O][c]2[cH][c]([I])[c]([O][CH]3[O][CH]([C](=[O])[OH])[CH]([OH])[CH]([OH])[CH]3[OH])[c]([I])[cH]2)[c]([I])[cH]1)[C](=[O])[OH]
6374,[NH2][CH]([CH2][c]1[cH][c]([I])[c]([O][c]2[cH][cH][c]([O][CH]3[O][CH]([C](=[O])[OH])[CH]([OH])[CH]([OH])[CH]3[OH])[c]([I])[cH]2)[c]([I])[cH]1)[C](=[O])[OH]
6375,[NH2][CH]([CH2][c]1[cH][c]([I])[c]([O][c]2[cH][c]([I])[c]([OH])[c]([I])[cH]2)[c]([I])[cH]1)[C](=[O])[O][CH]1[O][CH]([C](=[O])[OH])[CH]([OH])[CH]([OH])[CH]1[OH]
6376,[NH2][CH]([CH2][c]1[cH][c]([I])[c]([O][c]2[cH][cH][c]([OH])[c]([I])[cH]2)[c]([I])[cH]1)[C](=[O])[O][CH]1[O][CH]([C](=[O])[OH])[CH]([OH])[CH]([OH])[CH]1[OH]
6377,[CH3][C]([CH3])([CH2][O][P](=[O])([OH])[O][P](=[O])([OH])[O][CH2][CH]1[O][CH]([n]2[cH][n][c]3[c]([NH2])[n][cH][n][c]32)[CH]([OH])[CH]1[O][P](=[O])([OH])[OH])[CH]([OH])[C]([OH])=[N][CH2][CH2][C]([OH])=[N][CH2][CH2][S][C](=[O])[CH2][CH2][CH2][CH2][CH2][CH2][CH2][CH2][CH2][CH2][CH2][CH2][CH2][CH2][CH2][OH]
6378,[NH2][CH]([CH2][c]1[cH][c]([I])[c]([O][c]2[cH][c]([I])[c]([O][S](=[O])(=[O])[OH])[c]([I])[cH]2)[c]([I])[cH]1)[C](=[O])[OH]
6379,[NH2][CH]([CH2][c]1[cH][c]([I])[c]([O][c]2[cH][cH][c]([O][S](=[O])(=[O])[OH])[c]([I])[cH]2)[c]([I])[cH]1)[C](=[O])[OH]
6380,[O]=[C]([OH])[CH2][c]1[cH][c]([I])[c]([O][c]2[cH][c]([I])[c]([O][CH]3[O][CH]([C](=[O])[OH])[CH]([OH])[CH]([OH])[CH]3[OH])[c]([I])[cH]2)[c]([I])[cH]1
6381,[O]=[C]([OH])[CH2][c]1[cH][c]([I])[c]([O][c]2[cH][c]([I])[c]([OH])[c]([I])[cH]2)[c]([I])[cH]1
6382,[O]=[C]([CH2][c]1[cH][c]([I])[c]([O][c]2[cH][c]([I])[c]([OH])[c]([I])[cH]2)[c]([I])[cH]1)[O][CH]1[O][CH]([C](=[O])[OH])[CH]([OH])[CH]([OH])[CH]1[OH]
6383,[O]=[C]([CH2][c]1[cH][c]([I])[c]([O][c]2[cH][cH][c]([OH])[c]([I])[cH]2)[c]([I])[cH]1)[O][CH]1[O][CH]([C](=[O])[OH])[CH]([OH])[CH]([OH])[CH]1[OH]
6384,[O]=[C]([OH])[CH2][c]1[cH][c]([I])[c]([O][c]2[cH][cH][c]([OH])[c]([I])[cH]2)[c]([I])[cH]1
6385,[O]=[C]([OH])[CH2][c]1[cH][c]([I])[c]([O][c]2[cH][cH][c]([O][CH]3[O][CH]([C](=[O])[OH])[CH]([OH])[CH]([OH])[CH]3[OH])[c]([I])[cH]2)[c]([I])[cH]1
6386,[CH3][C]([CH3])([CH2][O][P](=[O])([OH])[O][P](=[O])([OH])[O][CH2][CH]1[O][CH]([n]2[cH][n][c]3[c]([NH2])[n][cH][n][c]32)[CH]([OH])[CH]1[O][P](=[O])([OH])[OH])[CH]([OH])[C]([OH])=[N][CH2][CH2][C]([OH])=[N][CH2][CH2][S][C](=[O])[CH2][CH2][CH2][CH2][CH2][CH2][CH2][CH2][CH]([OH])[CH2][CH2][CH2][CH2][CH2][CH2][OH]
6387,[CH3][C]([CH]=[CH][CH]=[C]([CH3])[CH]=[CH][CH]=[C]([CH3])[CH]=[CH][CH]([OH])[C]([CH3])([CH3])[OH])=[CH][CH]=[CH][CH]=[C]([CH3])[CH]=[CH][CH]=[C]([CH3])[CH]=[CH][C]1=[C]([CH3])[CH2][CH2][CH2][C]1([CH3])[CH3]
6388,[CH3][C]([CH]=[CH][CH]=[C]([CH3])[CH]=[CH][CH]=[C]([CH3])[CH]=[CH][CH]([O][CH]1[O][CH]([CH3])[CH]([OH])[CH]([OH])[CH]1[OH])[C]([CH3])([CH3])[OH])=[CH][CH]=[CH][CH]=[C]([CH3])[CH]=[CH][CH]=[C]([CH3])[CH]=[CH][C]1=[C]([CH3])[CH2][CH]([OH])[CH2][C]1([CH3])[CH3]
6389,[CH3][C]([CH]=[CH][CH]=[C]([CH3])[CH]=[CH][C]1=[C]([CH3])[CH2][CH2][CH2][C]1([CH3])[CH3])=[CH][CH]=[CH][CH]=[C]([CH3])[CH]=[CH][CH]=[C]([CH3])[CH]=[CH][c]1[cH][cH][c]([CH3])[c]([CH3])[c]1[CH3]
6390,[CH3][C]([CH]=[CH][CH]=[C]([CH3])[CH]=[CH][c]1[cH][cH][c]([CH3])[c]([CH3])[c]1[CH3])=[CH][CH]=[CH][CH]=[C]([CH3])[CH]=[CH][CH]=[C]([CH3])[CH]=[CH][c]1[cH][cH][c]([CH3])[c]([CH3])[c]1[CH3]
6391,[CH3][C]([CH]=[CH][CH]=[C]([CH3])[CH]=[CH][c]1[cH][cH][c]([CH3])[c]([CH3])[c]1[CH3])=[CH][CH]=[CH][CH]=[C]([CH3])[CH]=[CH][CH]=[C]([CH3])[CH]=[CH][c]1[cH][cH][c]([CH2][OH])[c]([CH3])[c]1[CH3]
6392,[CH3][C]([CH]=[CH][CH]=[C]([CH3])[CH]=[CH][c]1[cH][cH][c]([CH3])[c]([CH3])[c]1[CH3])=[CH][CH]=[CH][CH]=[C]([CH3])[CH]=[CH][CH]=[C]([CH3])[CH]=[CH][c]1[cH][cH][c]([C](=[O])[OH])[c]([CH3])[c]1[CH3]
6393,[CH3][C]([CH]=[CH][CH]=[C]([CH3])[CH]=[CH][c]1[cH][cH][c]([CH2][OH])[c]([CH3])[c]1[CH3])=[CH][CH]=[CH][CH]=[C]([CH3])[CH]=[CH][CH]=[C]([CH3])[CH]=[CH][c]1[cH][cH][c]([C](=[O])[OH])[c]([CH3])[c]1[CH3]
6394,[CH3][C]([CH]=[CH][CH]=[C]([CH3])[CH]=[CH][c]1[cH][cH][c]([C](=[O])[OH])[c]([CH3])[c]1[CH3])=[CH][CH]=[CH][CH]=[C]([CH3])[CH]=[CH][CH]=[C]([CH3])[CH]=[CH][c]1[cH][cH][c]([C](=[O])[OH])[c]([CH3])[c]1[CH3]
6395,[CH3][CH2][CH2][CH2][CH2][CH2][CH]=[CH][CH2][CH2][CH2][CH2][CH2][CH2][CH2][C](=[O])[OH]
6396,[CH3][CH2][CH2][CH2][CH2][CH2][CH]=[CH][CH2][CH2][CH2][CH2][CH2][CH2][CH2][C](=[O])[S][CH2][CH2][N]=[C]([OH])[CH2][CH2][N]=[C]([OH])[CH]([OH])[C]([CH3])([CH3])[CH2][O][P](=[O])([OH])[O][P](=[O])([OH])[O][CH2][CH]1[O][CH]([n]2[cH][n][c]3[c]([NH2])[n][cH][n][c]32)[CH]([OH])[CH]1[O][P](=[O])([OH])[OH]
6397,[CH3][C]([CH3])=[CH][CH2][CH2][C]([CH3])=[CH][CH2][CH2][C]([CH3])=[CH][CH]=[CH][C]([CH3])=[CH][CH]=[CH][CH]=[C]([CH3])[CH]=[CH][CH]=[C]([CH3])[CH]=[CH][CH]=[C]([CH3])[CH]=[CH][C](=[O])[C]([CH3])([CH3])[OH]
6398,[CH3][C]([CH]=[CH][CH]=[C]([CH3])[CH]=[CH][C]1=[C]([CH3])[CH2][CH]([OH])[CH2][C]1([CH3])[CH3])=[CH][CH]=[CH][CH]=[C]([CH3])[CH]=[CH][CH]=[C]([CH3])[CH]=[CH][C]1=[C]([CH3])[CH2][CH]([O][CH]2[O][CH]([CH2][OH])[CH]([OH])[CH]([OH])[CH]2[OH])[CH2][C]1([CH3])[CH3]
6399,[NH2][c]1[n][cH][n][c]2[c]1[n][cH][n]2[CH]1[O][CH]([CH2][O][P](=[O])([OH])[O][C](=[O])[c]2[cH][cH][c]([OH])[c]([OH])[cH]2)[CH]([OH])[CH]1[OH]
6400,[NH2][CH2][CH2][CH2][NH][CH2][CH2][CH2][CH2][N]=[C]([OH])[CH2][C]([OH])([CH2][C](=[O])[OH])[C](=[O])[OH]
6401,[NH2][CH2][CH2][CH2][NH][CH2][CH2][CH2][CH2][N]=[C]([OH])[CH2][C]([OH])([CH2][C]([OH])=[N][CH2][CH2][CH2][CH2][NH][CH2][CH2][CH2][NH2])[C](=[O])[OH]
6402,[CH3][CH2][CH2][CH2][CH2][c]1[cH][c]([OH])[cH][c]([OH])[cH]1
6403,[CH3][CH2][CH2][CH2][CH2][C](=[O])[CH2][c]1[cH][c]([OH])[cH][c](=[O])[o]1
6404,[O]=[C]([OH])[CH2][CH]1[CH2][CH2][C](=[O])[CH]1[CH2][CH]=[CH][CH2][CH2][O][CH]1[O][CH]([CH2][OH])[CH]([OH])[CH]([OH])[CH]1[OH]
6405,[CH3][CH2][CH]=[CH][CH2][CH]1[C](=[O])[CH2][CH2][CH]1[CH2][CH2][CH2][CH2][CH2][CH2][CH2][C](=[O])[S][CH2][CH2][N]=[C]([OH])[CH2][CH2][N]=[C]([OH])[CH]([OH])[C]([CH3])([CH3])[CH2][O][P](=[O])([OH])[O][P](=[O])([OH])[O][CH2][CH]1[O][CH]([n]2[cH][n][c]3[c]([NH2])[n][cH][n][c]32)[CH]([OH])[CH]1[O][P](=[O])([OH])[OH]
6406,[CH3][CH2][CH]=[CH][CH2][CH]1[C](=[O])[CH2][CH2][CH]1[CH2][CH2][CH2][CH2][CH2][CH]=[CH][C](=[O])[S][CH2][CH2][N]=[C]([OH])[CH2][CH2][N]=[C]([OH])[CH]([OH])[C]([CH3])([CH3])[CH2][O][P](=[O])([OH])[O][P](=[O])([OH])[O][CH2][CH]1[O][CH]([n]2[cH][n][c]3[c]([NH2])[n][cH][n][c]32)[CH]([OH])[CH]1[O][P](=[O])([OH])[OH]
6407,[CH3][CH2][CH]=[CH][CH2][CH]1[C](=[O])[CH2][CH2][CH]1[CH2][CH2][CH2][CH2][CH2][CH]([OH])[CH2][C](=[O])[S][CH2][CH2][N]=[C]([OH])[CH2][CH2][N]=[C]([OH])[CH]([OH])[C]([CH3])([CH3])[CH2][O][P](=[O])([OH])[O][P](=[O])([OH])[O][CH2][CH]1[O][CH]([n]2[cH][n][c]3[c]([NH2])[n][cH][n][c]32)[CH]([OH])[CH]1[O][P](=[O])([OH])[OH]
6408,[CH3][CH2][CH]=[CH][CH2][CH]1[C](=[O])[CH2][CH2][CH]1[CH2][CH2][CH2][CH2][CH2][C](=[O])[CH2][C](=[O])[S][CH2][CH2][N]=[C]([OH])[CH2][CH2][N]=[C]([OH])[CH]([OH])[C]([CH3])([CH3])[CH2][O][P](=[O])([OH])[O][P](=[O])([OH])[O][CH2][CH]1[O][CH]([n]2[cH][n][c]3[c]([NH2])[n][cH][n][c]32)[CH]([OH])[CH]1[O][P](=[O])([OH])[OH]
6409,[CH3][CH2][CH]=[CH][CH2][CH]1[C](=[O])[CH2][CH2][CH]1[CH2][CH2][CH2][C](=[O])[CH2][C](=[O])[S][CH2][CH2][N]=[C]([OH])[CH2][CH2][N]=[C]([OH])[CH]([OH])[C]([CH3])([CH3])[CH2][O][P](=[O])([OH])[O][P](=[O])([OH])[O][CH2][CH]1[O][CH]([n]2[cH][n][c]3[c]([NH2])[n][cH][n][c]32)[CH]([OH])[CH]1[O][P](=[O])([OH])[OH]
6410,[CH3][CH2][CH]=[CH][CH2][CH]1[C](=[O])[CH2][CH2][CH]1[CH2][C](=[O])[CH2][C](=[O])[S][CH2][CH2][N]=[C]([OH])[CH2][CH2][N]=[C]([OH])[CH]([OH])[C]([CH3])([CH3])[CH2][O][P](=[O])([OH])[O][P](=[O])([OH])[O][CH2][CH]1[O][CH]([n]2[cH][n][c]3[c]([NH2])[n][cH][n][c]32)[CH]([OH])[CH]1[O][P](=[O])([OH])[OH]
6411,[CH3][CH2][CH]=[CH][CH2][CH]1[C](=[O])[CH2][CH2][CH]1[CH2][C](=[O])[S][CH2][CH2][N]=[C]([OH])[CH2][CH2][N]=[C]([OH])[CH]([OH])[C]([CH3])([CH3])[CH2][O][P](=[O])([OH])[O][P](=[O])([OH])[O][CH2][CH]1[O][CH]([n]2[cH][n][c]3[c]([NH2])[n][cH][n][c]32)[CH]([OH])[CH]1[O][P](=[O])([OH])[OH]
6412,[CH3][CH2][CH]=[CH][CH2][CH]1[C](=[O])[CH2][CH2][CH]1[CH2][CH2][CH2][CH]([OH])[CH2][C](=[O])[S][CH2][CH2][N]=[C]([OH])[CH2][CH2][N]=[C]([OH])[CH]([OH])[C]([CH3])([CH3])[CH2][O][P](=[O])([OH])[O][P](=[O])([OH])[O][CH2][CH]1[O][CH]([n]2[cH][n][c]3[c]([NH2])[n][cH][n][c]32)[CH]([OH])[CH]1[O][P](=[O])([OH])[OH]
6413,[CH3][CH2][CH]=[CH][CH2][CH]1[C](=[O])[CH2][CH2][CH]1[CH2][CH]([OH])[CH2][C](=[O])[S][CH2][CH2][N]=[C]([OH])[CH2][CH2][N]=[C]([OH])[CH]([OH])[C]([CH3])([CH3])[CH2][O][P](=[O])([OH])[O][P](=[O])([OH])[O][CH2][CH]1[O][CH]([n]2[cH][n][c]3[c]([NH2])[n][cH][n][c]32)[CH]([OH])[CH]1[O][P](=[O])([OH])[OH]
6414,[CH3][CH2][CH]=[CH][CH2][CH]1[C](=[O])[CH2][CH2][CH]1[CH2][CH2][CH2][CH]=[CH][C](=[O])[S][CH2][CH2][N]=[C]([OH])[CH2][CH2][N]=[C]([OH])[CH]([OH])[C]([CH3])([CH3])[CH2][O][P](=[O])([OH])[O][P](=[O])([OH])[O][CH2][CH]1[O][CH]([n]2[cH][n][c]3[c]([NH2])[n][cH][n][c]32)[CH]([OH])[CH]1[O][P](=[O])([OH])[OH]
6415,[CH3][CH2][CH]=[CH][CH2][CH]1[C](=[O])[CH2][CH2][CH]1[CH2][CH]=[CH][C](=[O])[S][CH2][CH2][N]=[C]([OH])[CH2][CH2][N]=[C]([OH])[CH]([OH])[C]([CH3])([CH3])[CH2][O][P](=[O])([OH])[O][P](=[O])([OH])[O][CH2][CH]1[O][CH]([n]2[cH][n][c]3[c]([NH2])[n][cH][n][c]32)[CH]([OH])[CH]1[O][P](=[O])([OH])[OH]
6416,[CH3][O][c]1[cH][c]([CH2][CH2][CH]=[O])[cH][cH][c]1[OH]
6417,[CH3][O][c]1[cH][c]([CH2][CH2][CH2][OH])[cH][cH][c]1[OH]
6418,[CH3][c]1[cH][c]([OH])[cH][c]([OH])[c]1-[c]1[cH][c]([OH])[cH][c](=[O])[o]1
6419,[CH3][c]1[cH][c]([OH])[cH][c]([OH])[c]1[C](=[O])[CH2][c]1[cH][c]([OH])[cH][c](=[O])[o]1
6420,[CH3][c]1[cH][c]([OH])[cH][c]2[o][c]([CH2][C](=[O])[CH2][C](=[O])[OH])[cH][c](=[O])[c]12
6421,[CH3][C](=[O])[CH2][c]1[cH][c](=[O])[c]2[c]([CH3])[cH][c]([OH])[cH][c]2[o]1
6422,[CH3][C]1([OH])[CH2][C](=[O])[c]2[c]([CH2][c]3[cH][c]([OH])[cH][c](=[O])[o]3)[cH][c]([OH])[cH][c]2[O]1
6423,[CH3][CH]1[O][CH]([O][P](=[O])([OH])[O][P](=[O])([OH])[O][CH2][CH]2[O][CH]([n]3[cH][cH][c]([OH])[n][c]3=[O])[CH]([OH])[CH]2[OH])[CH]([OH])[CH]([OH])[C]1=[O]
6424,[CH3][CH]1[O][CH]([O][P](=[O])([OH])[O][P](=[O])([OH])[O][CH2][CH]2[O][CH]([n]3[cH][cH][c]([OH])[n][c]3=[O])[CH]([OH])[CH]2[OH])[CH]([OH])[CH]([OH])[CH]1[OH]
6425,[NH]=[C]([OH])[CH]1[CH2][CH2][CH2][CH2][NH]1
6426,[NH]=[C]([OH])[CH]1[CH2][CH2][CH2][NH]1
6427,[NH]=[C]([OH])[CH]1[CH2][NH][CH2][CH2][NH]1
6428,[NH2][CH2][CH2][c]1[cH][nH][c]2[cH][cH][c]([O][S](=[O])(=[O])[OH])[cH][c]12
6429,[O]=[C]([OH])[CH]1[CH2][S][CH]([CH2][c]2[cH][nH][c]3[cH][cH][c]([OH])[cH][c]23)[NH]1
6430,[O]=[C]([OH])[CH]1[O][CH]([O][c]2[cH][cH][c]3[nH][cH][c]([CH2][CH2][OH])[c]3[cH]2)[CH]([OH])[CH]([OH])[CH]1[OH]
6431,[O]=[c]1[c]([OH])[c](-[c]2[cH][cH][c]([O][CH]3[O][CH]([CH2][OH])[CH]([OH])[CH]([OH])[CH]3[OH])[c]([OH])[cH]2)[o][c]2[cH][c]([OH])[cH][c]([OH])[c]12
6432,[CH3][C]([CH3])([CH2][O][P](=[O])([OH])[O][P](=[O])([OH])[O][CH2][CH]1[O][CH]([n]2[cH][n][c]3[c]([NH2])[n][cH][n][c]32)[CH]([OH])[CH]1[O][P](=[O])([OH])[OH])[CH]([OH])[C]([OH])=[N][CH2][CH2][C]([OH])=[N][CH2][CH2][S][C](=[O])[CH]([OH])[CH2][CH2][C](=[O])[OH]
6433,[NH2][CH2][CH2][CH2][S](=[O])(=[O])[OH]
6434,[O]=[CH][CH2][CH2][S](=[O])(=[O])[OH]
6435,[O]=[C]([OH])[CH2][CH2][S](=[O])(=[O])[OH]
6436,[O]=[C]([OH])[CH2][CH]([O][C](=[O])[CH]=[CH][c]1[cH][cH][c]([OH])[c]([OH])[cH]1)[C](=[O])[OH]
6437,[O]=[C]([OH])[CH]([CH2][OH])[O][P](=[O])([OH])[C](=[O])[OH]
6438,[NH2][CH]([CH2][CH2][C]([OH])=[N][CH]([CH2][S][S][S][CH2][CH]([N]=[C]([OH])[CH2][CH2][CH]([NH2])[C](=[O])[OH])[CH]([OH])[NH][CH2][C](=[O])[OH])[C]([OH])=[N][CH2][C](=[O])[OH])[C](=[O])[OH]
6439,[CH3][O][c]1[cH][c]([CH2][CH]([NH2])[C](=[O])[OH])[cH][cH][c]1[OH]
6440,[CH3][O][c]1[cH][c]([CH2][C](=[O])[C](=[O])[OH])[cH][cH][c]1[OH]
6441,[CH3][O][c]1[cH][c]([CH2][CH]([OH])[C](=[O])[OH])[cH][cH][c]1[OH]
6442,[O]=[CH][C](=[CH][CH]=[C]([OH])[C](=[O])[OH])[C](=[O])[OH]
6443,[NH2][c]1[cH][cH][c]([C](=[O])[NH][CH]([CH2][CH2][C](=[O])[OH])[C](=[O])[OH])[cH][cH]1
6444,[CH3][O][c]1[cH][c]([C]([OH])=[N][CH]([CH2][CH2][C](=[O])[OH])[C](=[O])[OH])[cH][cH][c]1[OH]
6445,[O]=[C]([OH])[CH2][CH2][CH]([N]=[C]([OH])[c]1[cH][cH][cH][cH][cH]1)[C](=[O])[OH]
6446,[O]=[C]([OH])[CH2][CH2][CH]([NH][C](=[O])[c]1[cH][cH][c]([OH])[cH][cH]1)[C](=[O])[OH]
6447,[O]=[C]([OH])[CH]=[C]([CH]=[C]([OH])[C](=[O])[OH])[C](=[O])[OH]
6448,[CH3][O][c]1[cH][c]([C](=[O])[OH])[cH][c]([C](=[O])[CH]=[C]([CH]=[C]([OH])[C](=[O])[OH])[C](=[O])[OH])[c]1[OH]
6449,[CH3][O][c]1[cH][c]([CH]([OH])[CH]([CH2][OH])[O][c]2[cH][cH][cH][cH][c]2[O][CH3])[cH][cH][c]1[OH]
6450,[CH3][O][c]1[cH][c]([C](=[O])[CH]([CH2][OH])[O][c]2[cH][cH][cH][cH][c]2[O][CH3])[cH][cH][c]1[OH]
6451,[CH3][O][c]1[cH][c]([CH]([OH])[CH]([CH2][OH])[O][c]2[cH][cH][cH][cH][c]2[O][CH3])[cH][cH][c]1[OH]
6452,[CH3][O][c]1[cH][c]([C](=[O])[CH]([CH2][OH])[O][c]2[cH][cH][cH][cH][c]2[O][CH3])[cH][cH][c]1[OH]
6453,[CH3][O][c]1[cH][c]([CH]([OH])[CH]([CH2][OH])[O][c]2[cH][cH][cH][cH][c]2[O][CH3])[cH][cH][c]1[OH]
6454,[CH3][O][c]1[cH][c]([CH]([OH])[CH]([CH2][OH])[O][c]2[cH][cH][cH][cH][c]2[O][CH3])[cH][cH][c]1[OH]
6455,[CH3][O][c]1[cH][c]([C](=[O])[CH]([CH2][OH])[S][CH2][CH]([N]=[C]([OH])[CH2][CH2][CH]([NH2])[C](=[O])[OH])[C]([OH])=[N][CH2][C](=[O])[OH])[cH][cH][c]1[OH]
6456,[CH3][O][c]1[cH][c]([C](=[O])[CH]([CH2][OH])[S][CH2][CH]([N]=[C]([OH])[CH2][CH2][CH]([NH2])[C](=[O])[OH])[C]([OH])=[N][CH2][C](=[O])[OH])[cH][cH][c]1[OH]
6457,[CH3][O][c]1[cH][c]([C](=[O])[CH2][CH2][OH])[cH][cH][c]1[OH]
6458,[CH3][O][c]1[cH][c]([CH]([OH])[CH2][OH])[cH][cH][c]1[OH]
6459,[CH3][CH]1[O][CH]([n]2[c]3[cH][cH][cH][cH][c]3[c]3[c]4[c]([c]5[c]6[cH][cH][cH][cH][c]6[nH][c]5[c]32)[CH2][N]=[C]4[OH])[CH]([OH])[CH]([OH])[CH]1[OH]
6460,[CH3][c]1[cH][n]([CH]2[CH2][CH]([OH])[CH]([CH2][O][P](=[O])([OH])[O][P](=[O])([OH])[O][CH]3[CH2][C]([OH])([C](=[O])[OH])[CH]([CH3])[O]3)[O]2)[c](=[O])[n][c]1[OH]
6461,[CH3][CH]1[O][CH]([n]2[c]3[cH][cH][cH][cH][c]3[c]3[c]4[c]([c]5[c]6[cH][cH][cH][cH][c]6[nH][c]5[c]32)[CH2][N]=[C]4[OH])[CH2][C]1([OH])[C](=[O])[OH]
6462,[CH3][C]12[O][CH]([CH2][C]1([OH])[C](=[O])[OH])[n]1[c]3[cH][cH][cH][cH][c]3[c]3[c]4[c]([c]5[c]6[cH][cH][cH][cH][c]6[n]2[c]5[c]31)[CH2][N]=[C]4[OH]
6463,[CH3][C]1([OH])[O][CH]([n]2[c]3[cH][cH][cH][cH][c]3[c]3[c]4[c]([c]5[c]6[cH][cH][cH][cH][c]6[nH][c]5[c]32)[CH2][N]=[C]4[OH])[CH2][CH]([NH2])[CH]1[OH]
6464,[CH3][C]([CH3])=[CH][CH2][CH2][C]([CH3])=[CH][CH2][CH2][C]([CH3])=[CH][CH2][CH2][C]([CH3])=[CH][CH2][O][CH2][CH]([CH2][O][P](=[O])([OH])[O][CH]1[CH]([OH])[CH]([OH])[CH]([OH])[CH]([O][P](=[O])([OH])[OH])[CH]1[OH])[O][CH2][CH]=[C]([CH3])[CH2][CH2][CH]=[C]([CH3])[CH2][CH2][CH]=[C]([CH3])[CH2][CH2][CH]=[C]([CH3])[CH3]
6465,[CH3][C]([CH3])=[CH][CH2][CH2][C]([CH3])=[CH][CH2][CH2][C]([CH3])=[CH][CH2][CH2][C]([CH3])=[CH][CH2][O][CH2][CH]([CH2][O][P](=[O])([OH])[O][CH]1[CH]([OH])[CH]([OH])[CH]([OH])[CH]([OH])[CH]1[OH])[O][CH2][CH]=[C]([CH3])[CH2][CH2][CH]=[C]([CH3])[CH2][CH2][CH]=[C]([CH3])[CH2][CH2][CH]=[C]([CH3])[CH3]
6466,[CH3][C]([CH3])=[CH][CH2][CH2][C]([CH3])=[CH][CH2][CH2][C]([CH3])=[CH][CH2][CH2][C]([CH3])=[CH][CH2][O][CH2][CH]([CH2][O][P](=[O])([OH])[O][CH2][CH2][NH2])[O][CH2][CH]=[C]([CH3])[CH2][CH2][CH]=[C]([CH3])[CH2][CH2][CH]=[C]([CH3])[CH2][CH2][CH]=[C]([CH3])[CH3]
6467,[O]=[P]([OH])([OH])[O][CH]1[CH]([OH])[CH]([O][P](=[O])([OH])[OH])[CH]([O][P](=[O])([OH])[OH])[CH]([O][P](=[O])([OH])[OH])[CH]1[O][P](=[O])([OH])[OH]
6468,[O]=[P]([OH])([OH])[O][CH]1[CH]([OH])[CH]([OH])[CH]([OH])[CH]([OH])[CH]1[O][P](=[O])([OH])[OH]
6469,[O]=[P]([OH])([OH])[O][CH]1[CH]([OH])[CH]([OH])[CH]([OH])[CH]([OH])[CH]1[OH]
6470,[O]=[P]([OH])([OH])[O][CH]1[CH]([OH])[CH]([OH])[CH]([OH])[CH]([OH])[CH]1[OH]
6471,[O]=[P]([OH])([OH])[O][CH]1[CH]([OH])[CH]([O][P](=[O])([OH])[OH])[CH]([O][P](=[O])([OH])[O][P](=[O])([OH])[OH])[CH]([O][P](=[O])([OH])[OH])[CH]1[O][P](=[O])([OH])[OH]
6472,[O]=[P]([OH])([OH])[O][CH]1[CH]([O][P](=[O])([OH])[OH])[CH]([O][P](=[O])([OH])[OH])[CH]([O][P](=[O])([OH])[O][P](=[O])([OH])[OH])[CH]([O][P](=[O])([OH])[OH])[CH]1[O][P](=[O])([OH])[OH]
6473,[O]=[P]([OH])([OH])[O][CH]1[CH]([O][P](=[O])([OH])[OH])[CH]([O][P](=[O])([OH])[O][P](=[O])([OH])[OH])[CH]([O][P](=[O])([OH])[OH])[CH]([O][P](=[O])([OH])[O][P](=[O])([OH])[OH])[CH]1[O][P](=[O])([OH])[OH]
6474,[O]=[P]([OH])([OH])[O][CH]1[CH]([OH])[CH]([OH])[CH]([O][P](=[O])([OH])[OH])[CH]([OH])[CH]1[OH]
6475,[O]=[P]([OH])([OH])[O][CH]1[CH]([OH])[CH]([OH])[CH]([O][P](=[O])([OH])[OH])[CH]([O][P](=[O])([OH])[OH])[CH]1[OH]
6476,[CH3][CH]1[O][C]([c]2[cH][cH][cH][c]([OH])[c]2[OH])=[N][CH]1[C](=[O])[N]([CH2][CH2][CH2][N]=[C]([OH])[c]1[cH][cH][cH][c]([OH])[c]1[OH])[CH2][CH2][CH2][N]=[C]([OH])[CH]1[N]=[C]([c]2[cH][cH][cH][c]([OH])[c]2[OH])[O][CH]1[CH3]
6477,[NH2][CH2][CH2][CH2][CH2][CH2][N]([OH])[C](=[O])[CH2][CH2][C](=[O])[OH]
6478,[NH2][CH2][CH2][CH2][CH2][CH2][NH][OH]
6479,[NH2][CH2][CH2][CH2][CH2][CH2][N]([OH])[C](=[O])[CH2][CH2][C]([OH])=[N][CH2][CH2][CH2][CH2][CH2][N]([OH])[C](=[O])[CH2][CH2][C]([OH])=[N][CH2][CH2][CH2][CH2][CH2][N]([OH])[C](=[O])[CH2][CH2][C](=[O])[OH]
6480,[O]=[C]1[CH2][CH2][C]([OH])=[N][CH2][CH2][CH2][CH2][CH2][N]([OH])[C](=[O])[CH2][CH2][C]([OH])=[N][CH2][CH2][CH2][CH2][CH2][N]([OH])[C](=[O])[CH2][CH2][C]([OH])=[N][CH2][CH2][CH2][CH2][CH2][N]1[OH]
6481,[CH3][C](=[O])[N]([OH])[CH2][CH2][CH2][CH2][CH2][NH2]
6482,[CH3][C](=[O])[N]([OH])[CH2][CH2][CH2][CH2][CH2][N]=[C]([OH])[CH2][CH2][C](=[O])[N]([OH])[CH2][CH2][CH2][CH2][CH2][N]=[C]([OH])[CH2][CH2][C](=[O])[N]([OH])[CH2][CH2][CH2][CH2][CH2][NH2]
6483,[NH2][CH2][CH2][CH2][CH2][NH][OH]
6484,[NH2][CH2][CH2][CH2][CH2][N]([OH])[C](=[O])[CH2][CH2][C](=[O])[OH]
6485,[NH2][CH2][CH2][CH2][CH2][N]([OH])[C](=[O])[CH2][CH2][C]([OH])=[N][CH2][CH2][CH2][CH2][N]([OH])[C](=[O])[CH2][CH2][C](=[O])[OH]
6486,[O]=[C]1[CH2][CH2][C]([OH])=[N][CH2][CH2][CH2][CH2][N]([OH])[C](=[O])[CH2][CH2][C]([OH])=[N][CH2][CH2][CH2][CH2][N]1[OH]
6487,[NH2][CH2][CH]([OH])[CH2][CH2][N]([OH])[C](=[O])[CH2][CH2][C](=[O])[OH]
6488,[NH2][CH2][CH]([OH])[CH2][CH2][N]([OH])[C](=[O])[CH2][CH2][C]([OH])=[N][CH2][CH]([OH])[CH2][CH2][N]([OH])[C](=[O])[CH2][CH2][C](=[O])[OH]
6489,[O]=[C]1[CH2][CH2][C]([OH])=[N][CH2][CH]([OH])[CH2][CH2][N]([OH])[C](=[O])[CH2][CH2][C]([OH])=[N][CH2][CH]([OH])[CH2][CH2][N]1[OH]
6490,[NH2][CH2][CH2][CH2][CH2][CH2][N]([OH])[C](=[O])[CH2][CH2][C]([OH])=[N][CH2][CH2][CH2][CH2][CH2][N]([OH])[C](=[O])[CH2][CH2][C](=[O])[OH]
6491,[O]=[C]1[CH2][CH2][C]([OH])=[N][CH2][CH2][CH2][CH2][CH2][N]([OH])[C](=[O])[CH2][CH2][C]([OH])=[N][CH2][CH2][CH2][CH2][CH2][N]1[OH]
6492,[CH3][C]([CH3])=[CH][CH2][CH2][C]([CH3])=[CH][CH2][CH2][C]([CH3])=[CH][CH2][CH2][C]([CH3])=[CH][CH2][CH2][C]([CH3])=[CH][CH2][O][P](=[O])([OH])[O][P](=[O])([OH])[OH]
6493,[CH3][C]([CH3])=[CH][CH2][CH2][C]([CH3])=[CH][CH2][CH2][C]([CH3])=[CH][CH2][CH2][C]([CH3])=[CH][CH2][O][P](=[O])([OH])[O][P](=[O])([OH])[OH]
6494,[CH3][C]([CH3])=[CH][CH2][CH2][C]([CH3])=[CH][CH2][CH2][C]([CH3])=[CH][CH2][CH2][C]([CH3])=[CH][CH2][CH2][C]([CH3])=[CH][CH2][CH2][C]([CH3])=[CH][CH2][O][P](=[O])([OH])[O][P](=[O])([OH])[OH]
6495,[CH3][C]([CH3])=[CH][CH2][CH2][C]([CH3])=[CH][CH2][CH2][C]([CH3])=[CH][CH2][CH2][C]([CH3])=[CH][CH2][CH2][C]([CH3])=[CH][CH2][CH2][C]([CH3])=[CH][CH2][CH2][C]([CH3])=[CH][CH2][O][P](=[O])([OH])[O][P](=[O])([OH])[OH]
6496,[CH3][C]([CH3])=[CH][CH2][CH2][C]([CH3])=[CH][CH2][CH2][C]([CH3])=[CH][CH2][CH2][C]([CH3])=[CH][CH2][CH2][C]([CH3])=[CH][CH2][CH2][C]([CH3])=[CH][CH2][CH2][C]([CH3])=[CH][CH2][CH2][C]([CH3])=[CH][CH2][O][P](=[O])([OH])[O][P](=[O])([OH])[OH]
6497,[CH3][C]([CH3])=[CH][CH2][CH2][C]([CH3])=[CH][CH2][CH2][C]([CH3])=[CH][CH2][CH2][C]([CH3])=[CH][CH2][CH2][C]([CH3])=[CH][CH2][CH2][C]([CH3])=[CH][CH2][CH2][C]([CH3])=[CH][CH2][CH2][C]([CH3])=[CH][CH2][CH2][C]([CH3])=[CH][CH2][CH2][C]([CH3])=[CH][CH2][O][P](=[O])([OH])[O][P](=[O])([OH])[O][CH]1[O][CH]([CH2][OH])[CH]([OH])[CH]([O][CH]([CH3])[C]([OH])=[N][CH]([CH3])[C]([OH])=[N][CH]([CH2][CH2][C]([OH])=[N][CH]([CH2][CH2][CH2][CH]([NH2])[C](=[O])[OH])[C]([OH])=[N][CH]([CH3])[C]([OH])=[N][CH]([CH3])[C](=[O])[OH])[C](=[O])[OH])[CH]1[N]=[C]([CH3])[OH]
6498,[CH3][C]([CH3])=[CH][CH2][CH2][C]([CH3])=[CH][CH2][CH2][C]([CH3])=[CH][CH2][CH2][C]([CH3])=[CH][CH2][CH2][C]([CH3])=[CH][CH2][CH2][C]([CH3])=[CH][CH2][CH2][C]([CH3])=[CH][CH2][CH2][C]([CH3])=[CH][CH2][CH2][C]([CH3])=[CH][CH2][CH2][C]([CH3])=[CH][CH2][O][P](=[O])([OH])[O][P](=[O])([OH])[O][CH]1[O][CH]([CH2][OH])[CH]([O][CH]2[O][CH]([CH2][OH])[CH]([OH])[CH]([OH])[CH]2[N]=[C]([CH3])[OH])[CH]([O][CH]([CH3])[C]([OH])=[N][CH]([CH3])[C]([OH])=[N][CH]([CH2][CH2][C]([OH])=[N][CH]([CH2][CH2][CH2][CH]([NH2])[C](=[O])[OH])[C]([OH])=[N][CH]([CH3])[C]([OH])=[N][CH]([CH3])[C](=[O])[OH])[C](=[O])[OH])[CH]1[N]=[C]([CH3])[OH]
6499,[CH3][O][c]1[cH][c]2[c]([CH2][CH2][N]=[C]([CH3])[OH])[cH][nH][c]2[cH][c]1[O][S](=[O])(=[O])[OH]