﻿substrate_ID,original_compound
1000,[O]=[C]([OH])[CH2][CH2][C](=[O])[CH]=[CH][CH]=[C]([OH])[C](=[O])[OH]
1001,[O]=[C]([OH])[CH2][CH2][c]1[cH][nH][c]([CH2][c]2[nH][c]([CH2][c]3[nH][c]([CH2][c]4[nH][c]([CH2][OH])[c]([CH2][C](=[O])[OH])[c]4[CH2][CH2][C](=[O])[OH])[c]([CH2][C](=[O])[OH])[c]3[CH2][CH2][C](=[O])[OH])[c]([CH2][C](=[O])[OH])[c]2[CH2][CH2][C](=[O])[OH])[c]1[CH2][C](=[O])[OH]
1002,[NH2][CH2][c]1[nH][cH][c]([CH2][CH2][C](=[O])[OH])[c]1[CH2][C](=[O])[OH]
1003,[CH3][C]([OH])([CH2][CH2][OH])[CH2][C](=[O])[OH]
1004,[CH3][C]([OH])([CH2][C](=[O])[OH])[CH2][C](=[O])[S][CH2][CH2][N]=[C]([OH])[CH2][CH2][N]=[C]([OH])[CH]([OH])[C]([CH3])([CH3])[CH2][O][P](=[O])([OH])[O][P](=[O])([OH])[O][CH2][CH]1[O][CH]([n]2[cH][n][c]3[c]([NH2])[n][cH][n][c]32)[CH]([OH])[CH]1[O][P](=[O])([OH])[OH]
1005,[CH3][CH]([CH2][OH])[C](=[O])[OH]
1006,[CH3][C]([CH3])([CH2][O][P](=[O])([OH])[O][P](=[O])([OH])[O][CH2][CH]1[O][CH]([n]2[cH][n][c]3[c]([NH2])[n][cH][n][c]32)[CH]([OH])[CH]1[O][P](=[O])([OH])[OH])[CH]([OH])[C]([OH])=[N][CH2][CH2][C]([OH])=[N][CH2][CH2][S][C](=[O])[CH]([CH2][C](=[O])[OH])[CH]([OH])[c]1[cH][cH][cH][cH][cH]1
1007,[CH3][C]([CH3])([CH2][O][P](=[O])([OH])[O][P](=[O])([OH])[O][CH2][CH]1[O][CH]([n]2[cH][n][c]3[c]([NH2])[n][cH][n][c]32)[CH]([OH])[CH]1[O][P](=[O])([OH])[OH])[CH]([OH])[C]([OH])=[N][CH2][CH2][C]([OH])=[N][CH2][CH2][S][C](=[O])[C]1=[CH][CH2][CH2][CH2][C]1=[O]
1008,[NH2][CH2][CH]([OH])[CH2][CH2][CH]([NH2])[C](=[O])[OH]
1009,[CH3][CH]([OH])[CH2][C](=[O])[C](=[O])[OH]
1010,[CH3][CH2][CH]([OH])[CH2][C](=[O])[C](=[O])[OH]
1011,[O]=[C]([OH])[CH]1[CH2][CH]([OH])[CH]=[N]1
1012,[NH2][CH]([CH2][CH]([OH])[C](=[O])[OH])[C](=[O])[OH]
1013,[CH3][C]([CH3])([CH2][O][P](=[O])([OH])[O][P](=[O])([OH])[O][CH2][CH]1[O][CH]([n]2[cH][n][c]3[c]([NH2])[n][cH][n][c]32)[CH]([OH])[CH]1[O][P](=[O])([OH])[OH])[CH]([OH])[C]([OH])=[N][CH2][CH2][C]([OH])=[N][CH2][CH2][S][C](=[O])[CH2][CH]=[O]
1014,[CH2]=[CH][C](=[O])[S][CH2][CH2][N]=[C]([OH])[CH2][CH2][N]=[C]([OH])[CH]([OH])[C]([CH3])([CH3])[CH2][O][P](=[O])([OH])[O][P](=[O])([OH])[O][CH2][CH]1[O][CH]([n]2[cH][n][c]3[c]([NH2])[n][cH][n][c]32)[CH]([OH])[CH]1[O][P](=[O])([OH])[OH]
1015,[NH]=[c]1[n][c]([OH])[c]2[c]([nH]1)[NH][CH2][C]([CH2][O][P](=[O])([OH])[O][P](=[O])([OH])[OH])=[N]2
1016,[O]=[C]([OH])[CH]1[CH2][CH]([OH])[CH2][NH]1
1017,[CH3][C]12[CH2][CH2][CH]3[c]4[cH][cH][c]([OH])[cH][c]4[CH2][CH2][CH]3[CH]1[CH2][CH2][C]2=[O]
1018,[CH3][C]12[CH2][CH2][CH]3[c]4[cH][cH][c]([OH])[cH][c]4[CH2][CH2][CH]3[CH]1[CH2][CH2][CH]2[OH]
1019,[NH2][CH]([CH2][CH2][OH])[C](=[O])[OH]
1020,[NH2][CH2][CH2][CH2][CH2][NH][CH2][CH2][CH2][CH2][NH2]
1021,[NH2][CH]([CH2][CH2][O][C](=[O])[CH2][CH2][C](=[O])[OH])[C](=[O])[OH]
1022,[NH2][C](=[O])[C](=[O])[CH2][CH2][C](=[O])[OH]
1023,[CH3][c]1[n][cH][c]([CH2][OH])[c]([CH2][NH2])[c]1[OH]
1024,[O]=[C]([OH])[CH]([OH])[CH]([OH])[CH]([OH])[CH]([OH])[CH2][OH]
1025,[NH2][C](=[O])[c]1[n][cH][n]([CH]2[O][CH]([CH2][O][P](=[O])([OH])[OH])[CH]([OH])[CH]2[OH])[c]1[NH][CH]=[N][CH2][C](=[O])[CH]([OH])[CH]([OH])[CH2][O][P](=[O])([OH])[OH]
1026,[O]=[P]([OH])([OH])[O][CH2][CH]([OH])[CH]([OH])[c]1[cH][n][cH][nH]1
1027,[O]=[C]([OH])[c]1[cH][cH][cH][cH][c]1[NH][CH2][C](=[O])[CH]([OH])[CH]([OH])[CH2][O][P](=[O])([OH])[OH]
1028,[CH3][CH]([CH3])[C](=[CH][C](=[O])[OH])[C](=[O])[OH]
1029,[CH3][CH]([CH3])[C]([OH])([CH2][C](=[O])[OH])[C](=[O])[OH]
1030,[CH3][CH]([CH3])[CH]([C](=[O])[OH])[CH]([OH])[C](=[O])[OH]
1031,[O]=[C]([OH])[C](=[O])[CH2][c]1[cH][nH][c]2[cH][cH][cH][cH][c]12
1032,[O]=[C]1[CH]([OH])[CH]([OH])[CH]([OH])[CH]([OH])[CH]1[OH]
1033,[CH3][C]([CH3])([CH2][O][P](=[O])([OH])[O][P](=[O])([OH])[O][CH2][CH]1[O][CH]([n]2[cH][n][c]3[c]([NH2])[n][cH][n][c]32)[CH]([OH])[CH]1[O][P](=[O])([OH])[OH])[CH]([OH])[C]([OH])=[N][CH2][CH2][C]([OH])=[N][CH2][CH2][S][C](=[O])[CH2][c]1[cH][nH][c]2[cH][cH][cH][cH][c]12
1034,[CH3][CH]([CH3])[CH]([C](=[O])[OH])[C](=[O])[C](=[O])[OH]
1035,[OH][CH2][CH]1[O][CH]([O][CH2][CH]2[O][C]([OH])([CH2][OH])[CH]([OH])[CH]2[OH])[CH]([OH])[CH]([OH])[CH]1[OH]
1036,[CH2]=[C]([CH2][C](=[O])[OH])[C](=[O])[OH]
1037,[CH2]=[C]([CH2][C](=[O])[S][CH2][CH2][N]=[C]([OH])[CH2][CH2][N]=[C]([OH])[CH]([OH])[C]([CH3])([CH3])[CH2][O][P](=[O])([OH])[O][P](=[O])([OH])[O][CH2][CH]1[O][CH]([n]2[cH][n][c]3[c]([NH2])[n][cH][n][c]32)[CH]([OH])[CH]1[O][P](=[O])([OH])[OH])[C](=[O])[OH]
1038,[O]=[C]([OH])[CH2][CH2][c-]1[n][cH][nH][c]1=[O]
1039,[CH3][CH2][C]([CH3])([OH])[C](=[O])[C](=[O])[OH]
1040,[CH3][C]([CH3])([OH])[C](=[O])[C](=[O])[OH]
1041,[NH]=[c]1[cH][cH][n]([CH]2[O][CH]([CH2][O][P](=[O])([OH])[O][C]3([C](=[O])[OH])[CH2][CH]([OH])[CH]([OH])[CH]([CH]([OH])[CH2][OH])[O]3)[CH]([OH])[CH]2[OH])[c]([OH])[n]1
1042,[O]=[C]([OH])[C]1([OH])[CH2][CH]([OH])[CH]([OH])[CH]([CH]([OH])[CH2][OH])[O]1
1043,[O]=[C]([OH])[C](=[O])[CH2][CH]([OH])[CH]([OH])[CH]([OH])[CH]([OH])[CH2][O][P](=[O])([OH])[OH]
1044,[O]=[C]([CH2][OH])[CH]([OH])[CH]([OH])[CH2][O][P](=[O])([OH])[OH]
1045,[OH][CH2][CH]1[O][C]([OH])([CH2][OH])[CH]([OH])[CH]1[OH]
1046,[CH3][CH]([OH])[CH]([NH2])[C]([OH])=[N][CH]([C](=[O])[OH])[CH]([CH3])[OH]
1047,[CH3][CH]([NH2])[C]([OH])=[N][CH]([C](=[O])[OH])[CH]([CH3])[CH3]
1048,[CH3][CH]([CH3])[CH]([N]=[C]([OH])[CH]([NH2])[CH2][OH])[C](=[O])[OH]
1049,[CH3][CH]([CH3])[CH2][CH]([N]=[C]([OH])[CH]([NH2])[CH2][OH])[C](=[O])[OH]
1050,[CH3][CH]([CH3])[CH2][CH]([N]=[C]([OH])[CH]([CH3])[NH2])[C](=[O])[OH]
1051,[CH3][CH]([CH3])[CH2][CH]([N]=[C]([OH])[CH]([NH2])[CH]([CH3])[OH])[C](=[O])[OH]
1052,[CH3][CH2][CH]([CH3])[CH]([N]=[C]([OH])[CH]([CH3])[NH2])[C](=[O])[OH]
1053,[CH3][CH2][CH]([CH3])[CH]([N]=[C]([OH])[CH]([NH2])[CH2][OH])[C](=[O])[OH]
1054,[CH3][S][CH2][CH2][CH]([N]=[C]([OH])[CH2][NH2])[C](=[O])[OH]
1055,[CH3][CH]([NH2])[C]([OH])=[N][CH2][C](=[O])[OH]
1056,[CH3][S][CH2][CH2][CH]([N]=[C]([OH])[CH]([CH3])[NH2])[C](=[O])[OH]
1057,[CH3][S][CH2][CH2][CH]([N]=[C]([OH])[CH]([NH2])[CH2][OH])[C](=[O])[OH]
1058,[CH3][S][CH2][CH2][CH]([N]=[C]([OH])[CH]([NH2])[CH]([CH3])[OH])[C](=[O])[OH]
1059,[CH3][S][CH2][CH2][CH]([NH2])[C]([OH])=[N][CH]([CH2][CH2][S][CH3])[C](=[O])[OH]
1060,[CH3][CH]([NH2])[C]([OH])=[N][CH]([CH2][c]1[cH][cH][cH][cH][cH]1)[C](=[O])[OH]
1061,[NH2][CH]([CH2][OH])[C]([OH])=[N][CH]([CH2][c]1[cH][cH][cH][cH][cH]1)[C](=[O])[OH]
1062,[CH3][CH]([OH])[CH]([NH2])[C]([OH])=[N][CH]([CH2][c]1[cH][cH][cH][cH][cH]1)[C](=[O])[OH]
1063,[CH3][S][CH2][CH2][CH]([NH2])[C]([OH])=[N][CH]([CH2][c]1[cH][cH][cH][cH][cH]1)[C](=[O])[OH]
1064,[NH2][CH]([CH2][OH])[C]([OH])=[N][CH2][C](=[O])[OH]
1065,[CH3][CH]([NH2])[C]([OH])=[N][CH]([CH2][c]1[cH][cH][c]([OH])[cH][cH]1)[C](=[O])[OH]
1066,[NH2][CH]([CH2][c]1[cH][cH][c]([OH])[cH][cH]1)[C](=[O])[OH]
1067,[NH2][CH]([CH2][OH])[C]([OH])=[N][CH]([CH2][c]1[cH][cH][c]([OH])[cH][cH]1)[C](=[O])[OH]
1068,[CH3][S][CH2][CH2][CH]([NH2])[C]([OH])=[N][CH]([CH2][c]1[cH][cH][c]([OH])[cH][cH]1)[C](=[O])[OH]
1069,[CH3][CH]([NH2])[C]([OH])=[N][CH]([CH2][c]1[cH][nH][c]2[cH][cH][cH][cH][c]12)[C](=[O])[OH]
1070,[NH2][CH]([CH2][c]1[cH][nH][c]2[cH][cH][cH][cH][c]12)[C](=[O])[OH]
1071,[NH]=[C]([OH])[CH2][CH2][CH]([N]=[C]([OH])[CH2][NH2])[C](=[O])[OH]
1072,[CH3][CH]([NH2])[C]([OH])=[N][CH]([CH2][CH2][C](=[NH])[OH])[C](=[O])[OH]
1073,[NH]=[C]([OH])[CH2][CH2][CH]([N]=[C]([OH])[CH]([NH2])[CH2][OH])[C](=[O])[OH]
1074,[CH3][CH]([OH])[CH]([NH2])[C]([OH])=[N][CH]([CH2][CH2][C](=[NH])[OH])[C](=[O])[OH]
1075,[CH3][CH]([NH2])[C]([OH])=[N][CH]([CH2][C](=[NH])[OH])[C](=[O])[OH]
1076,[CH3][CH]([OH])[CH]([NH2])[C]([OH])=[N][CH2][C](=[O])[OH]
1077,[NH2][CH]([CH2][OH])[C]([OH])=[N][CH]([CH2][c]1[cH][n][cH][nH]1)[C](=[O])[OH]
1078,[CH3][S][CH2][CH2][CH]([NH2])[C]([OH])=[N][CH]([CH2][c]1[cH][n][cH][nH]1)[C](=[O])[OH]
1079,[CH3][CH]([N]=[C]([OH])[CH]([NH2])[CH2][OH])[C](=[O])[OH]
1080,[CH3][CH]([NH2])[C]([OH])=[N][CH]([CH2][OH])[C](=[O])[OH]
1081,[NH2][CH]([CH2][OH])[C]([OH])=[N][CH]([CH2][OH])[C](=[O])[OH]
1082,[NH2][CH2][C]([OH])=[N][CH]([CH2][SH])[C](=[O])[OH]
1083,[OH][CH2][CH]1[O][CH]([O][CH]2[CH]([CH2][OH])[O][CH]([OH])[CH]([OH])[CH]2[OH])[CH]([OH])[CH]([OH])[CH]1[OH]
1084,[O]=[P]([OH])([OH])[O][CH2][CH]1[O][CH]([O][CH]2[CH]([CH2][OH])[O][CH]([OH])[CH]([OH])[CH]2[OH])[CH]([OH])[CH]([OH])[CH]1[OH]
1085,[CH3][CH]([NH2])[C]([OH])=[N][CH]([CH2][CH2][C](=[O])[OH])[C](=[O])[OH]
1086,[CH3][C]([CH3])=[CH][CH2][CH2][C]([CH3])=[CH][CH]=[CH][C]([CH3])=[CH][CH]=[CH][C]([CH3])=[CH][CH]=[CH][CH]=[C]([CH3])[CH]=[CH][CH]=[C]([CH3])[CH]=[CH][CH]1[C]([CH3])=[CH][CH2][CH2][C]1([CH3])[CH3]
1087,[CH3][C]([CH3])=[CH][CH2][CH2][C]([CH3])=[CH][CH]=[CH][C]([CH3])=[CH][CH]=[CH][C]([CH3])=[CH][CH]=[CH][CH]=[C]([CH3])[CH]=[CH][CH]=[C]([CH3])[CH]=[CH][CH]=[C]([CH3])[CH2][CH2][CH]=[C]([CH3])[CH3]
1088,[CH3][C]([CH]=[CH][CH]=[C]([CH3])[CH]=[CH][CH]1[C]([CH3])=[CH][CH2][CH2][C]1([CH3])[CH3])=[CH][CH]=[CH][CH]=[C]([CH3])[CH]=[CH][CH]=[C]([CH3])[CH]=[CH][CH]1[C]([CH3])=[CH][CH2][CH2][C]1([CH3])[CH3]
1089,[NH]=[c]1[n][c]([OH])[c]2[n][cH][n]([CH]3[O][CH]([CH2][O][P](=[O])([OH])[O][CH]4[CH]([CH2][O][P](=[O])([OH])[OH])[O][CH]([n]5[cH][n][c]6[c]([OH])[n][c](=[NH])[nH][c]65)[CH]4[OH])[CH]([OH])[CH]3[OH])[c]2[nH]1
1090,[CH3][CH]([CH3])[CH2][CH]([NH2])[C]([OH])=[N][CH2][C](=[O])[OH]
1091,[CH3][CH]([CH3])[CH2][CH]([NH2])[C]([OH])=[N][CH]([CH2][CH]([CH3])[CH3])[C](=[O])[OH]
1092,[CH3][CH2][N]([CH2][CH3])[CH2][C](=[O])[OH]
1093,[CH3][c]1[cH][cH][cH][c]([CH3])[c]1[NH2]
1094,[CH3][CH2][N]([CH2][CH3])[CH2][C]([OH])=[N][c]1[c]([CH3])[cH][cH][cH][c]1[CH3]
1095,[CH3][CH2][NH][CH2][C]([OH])=[N][c]1[c]([CH3])[cH][cH][cH][c]1[CH3]
1096,[CH3][CH2][N]([CH2][CH3])[CH2][C]([OH])=[N][c]1[c]([CH3])[cH][cH][c]([OH])[c]1[CH3]
1097,[NH2][c]1[n][cH][n][c]2[c]1[n][cH][n]2[CH]1[O][CH]([CH2][O][P](=[O])([OH])[O][C](=[O])[CH2][CH2][CH2][CH2][CH]2[CH2][CH2][S][S]2)[CH]([OH])[CH]1[OH]
1098,[O]=[C]([OH])[CH2][CH2][CH2][CH2][CH]1[CH2][CH2][S][S]1
1099,[OH][CH2][CH]1[O][CH]([O][CH]2[CH]([OH])[CH]([OH])[O][CH]([CH2][OH])[CH]2[OH])[CH]([OH])[CH]([OH])[CH]1[OH]
1100,[CH3][C]([CH3])=[CH][CH2][CH2][CH]([CH3])[CH]1[CH2][CH2][C]2([CH3])[C]3=[C]([CH2][CH2][C]12[CH3])[C]1([CH3])[CH2][CH2][CH]([OH])[C]([CH3])([CH3])[CH]1[CH2][CH2]3
1101,[CH3][CH2][CH2][CH2][CH2][CH2][CH2][CH2][CH2][CH2][CH2][CH]([OH])[CH2][C](=[O])[O][CH]1[CH]([OH])[CH]([CH2][OH])[O][CH]([O][P](=[O])([OH])[O][P](=[O])([OH])[O][CH2][CH]2[O][CH]([n]3[cH][cH][c]([OH])[n][c]3=[O])[CH]([OH])[CH]2[OH])[CH]1[N]=[C]([OH])[CH2][CH]([OH])[CH2][CH2][CH2][CH2][CH2][CH2][CH2][CH2][CH2][CH2][CH3]
1102,[CH3][CH2][CH2][CH2][CH2][CH2][CH2][CH2][CH2][CH2][CH2][CH]([OH])[CH2][C](=[O])[O][CH]1[CH]([OH])[CH]([CH2][OH])[O][CH]([O][P](=[O])([OH])[OH])[CH]1[N]=[C]([OH])[CH2][CH]([OH])[CH2][CH2][CH2][CH2][CH2][CH2][CH2][CH2][CH2][CH2][CH3]
1103,[CH3][CH2][CH2][CH2][CH2][CH2][CH2][CH2][CH2][CH2][CH2][CH]([OH])[CH2][C](=[O])[O][CH]1[CH]([OH])[CH]([CH2][OH])[O][CH]([O][CH2][CH]2[O][CH]([O][P](=[O])([OH])[OH])[CH]([N]=[C]([OH])[CH2][CH]([OH])[CH2][CH2][CH2][CH2][CH2][CH2][CH2][CH2][CH2][CH2][CH3])[CH]([O][C](=[O])[CH2][CH]([OH])[CH2][CH2][CH2][CH2][CH2][CH2][CH2][CH2][CH2][CH2][CH3])[CH]2[OH])[CH]1[N]=[C]([OH])[CH2][CH]([OH])[CH2][CH2][CH2][CH2][CH2][CH2][CH2][CH2][CH2][CH2][CH3]
1104,[CH3][CH]([O][P](=[O])([OH])[O][P](=[O])([OH])[O][CH2][CH]1[O][CH]([n]2[cH][n][c]3[c]([OH])[n][c](=[NH])[nH][c]32)[CH]([OH])[CH]1[OH])[C](=[O])[OH]
1105,[CH3][CH2][CH2][CH2][CH2][CH2][CH2][CH2][CH2][CH2][CH2][CH2][CH2][CH2][CH2][CH2][CH2][C](=[O])[O][CH2][CH]([OH])[CH2][O][P](=[O])([OH])[OH]
1106,[CH3][CH2][CH2][CH2][CH2][CH2][CH2][CH2][CH2][CH2][CH2][CH2][CH2][CH2][CH2][C](=[O])[O][CH2][CH]([OH])[CH2][O][P](=[O])([OH])[O][CH2][CH2][NH2]
1107,[CH3][CH2][CH2][CH2][CH2][CH2][CH2][CH2][CH2][CH2][CH2][CH2][CH2][CH2][CH2][C](=[O])[O][CH2][CH]([OH])[CH2][O][P](=[O])([OH])[O][CH2][CH]([OH])[CH2][OH]
1108,[CH3][CH2][CH2][CH2][CH2][CH2][CH2][CH2][CH2][CH2][CH2][CH2][CH2][CH2][CH2][CH2][CH2][C](=[O])[O][CH2][CH]([OH])[CH2][O][P](=[O])([OH])[O][CH2][CH]([OH])[CH2][OH]
1109,[CH3][CH2][CH2][CH2][CH2][CH2][CH2][CH2][CH2][CH2][CH2][CH2][CH2][C](=[O])[O][CH]([CH2][OH])[CH2][O][P](=[O])([OH])[O][CH2][CH2][NH2]
1110,[CH3][CH2][CH2][CH2][CH2][CH2][CH2][CH2][CH2][CH2][CH2][CH2][CH2][C](=[O])[O][CH2][CH]([OH])[CH2][O][P](=[O])([OH])[O][CH2][CH]([CH2][O][C](=[O])[CH2][CH2][CH2][CH2][CH2][CH2][CH2][CH2][CH2][CH2][CH2][CH2][CH3])[O][C](=[O])[CH2][CH2][CH2][CH2][CH2][CH2][CH2][CH2][CH2][CH2][CH2][CH2][CH3]
1111,[CH3][CH2][CH2][CH2][CH2][CH2][CH2][CH2][CH2][CH2][CH2][CH2][CH2][CH2][CH2][C](=[O])[O][CH2][CH]([OH])[CH2][O][P](=[O])([OH])[O][CH2][CH]([CH2][O][C](=[O])[CH2][CH2][CH2][CH2][CH2][CH2][CH2][CH2][CH2][CH2][CH2][CH2][CH2][CH2][CH3])[O][C](=[O])[CH2][CH2][CH2][CH2][CH2][CH2][CH2][CH2][CH2][CH2][CH2][CH2][CH2][CH2][CH3]
1112,[CH3][CH2][CH2][CH2][CH2][CH2][CH2][CH2][CH2][CH2][CH2][CH2][CH2][CH2][CH2][CH2][CH2][C](=[O])[O][CH2][CH]([OH])[CH2][O][P](=[O])([OH])[O][CH2][CH]([CH2][O][C](=[O])[CH2][CH2][CH2][CH2][CH2][CH2][CH2][CH2][CH2][CH2][CH2][CH2][CH2][CH2][CH2][CH2][CH3])[O][C](=[O])[CH2][CH2][CH2][CH2][CH2][CH2][CH2][CH2][CH2][CH2][CH2][CH2][CH2][CH2][CH2][CH2][CH3]
1113,[CH3][CH2][CH2][CH2][CH2][CH2][CH2][CH2][CH2][CH2][CH2][CH2][CH2][C](=[O])[O][CH]([CH2][OH])[CH2][O][P](=[O])([OH])[O][CH2][CH]([OH])[CH2][OH]
1114,[CH3][CH2][CH2][CH2][CH2][CH]=[CH][CH2][CH]=[CH][CH]=[CH][CH]=[CH][CH]1[O][CH]1[CH2][CH2][CH2][C](=[O])[OH]
1115,[CH3][CH2][CH2][CH2][CH2][CH]=[CH][CH2][CH]=[CH][CH]=[CH][CH]=[CH][CH]([S][CH2][CH]([N]=[C]([OH])[CH2][CH2][CH]([NH2])[C](=[O])[OH])[C]([OH])=[N][CH2][C](=[O])[OH])[CH]([OH])[CH2][CH2][CH2][C](=[O])[OH]
1116,[NH2][CH2][CH2][c]1[cH][nH][c]2[cH][cH][cH][cH][c]12
1117,[CH3][CH]([O][P](=[O])([OH])[OH])[CH]([NH2])[C](=[O])[OH]
1118,[NH2][CH2][CH2][CH2][CH]([NH2])[CH2][C](=[O])[OH]
1119,[O]=[P]([OH])([OH])[O][CH2][CH]([OH])[CH]([OH])[CH]([OH])[CH]([OH])[CH2][OH]
1120,[O]=[P]([OH])([OH])[O][CH2][CH]1[O][CH]([O][CH]2[CH]([CH2][OH])[O][CH]([OH])[CH]([OH])[CH]2[OH])[CH]([OH])[CH]([OH])[CH]1[OH]
1121,[CH3][O][C](=[O])[CH2][C](=[O])[S][CH2][CH2][N]=[C]([OH])[CH2][CH2][N]=[C]([OH])[CH]([OH])[C]([CH3])([CH3])[CH2][O][P](=[O])([OH])[O][P](=[O])([OH])[O][CH2][CH]1[O][CH]([n]2[cH][n][c]3[c]([NH2])[n][cH][n][c]32)[CH]([OH])[CH]1[O][P](=[O])([OH])[OH]
1122,[O]=[C]([OH])[CH2][CH]([OH])[C](=[O])[OH]
1123,[O]=[C]([OH])[CH]=[CH][C](=[O])[OH]
1124,[NH]=[C]([OH])[CH]=[CH][C](=[O])[OH]
1125,[OH][CH2][CH]1[O][CH]([O][CH]2[CH]([CH2][OH])[O][CH]([OH])[CH]([OH])[CH]2[OH])[CH]([OH])[CH]([OH])[CH]1[OH]
1126,[CH3][C](=[O])[O][CH2][CH]1[O][CH]([O][CH]2[CH]([CH2][OH])[O][CH]([OH])[CH]([OH])[CH]2[OH])[CH]([OH])[CH]([OH])[CH]1[OH]
1127,[O]=[C]([OH])[CH]([OH])[CH]([OH])[CH]([OH])[CH]([OH])[CH2][OH]
1128,[O]=[C]([OH])[CH]([CH2][OH])[O][CH]1[O][CH]([CH2][OH])[CH]([OH])[CH]([OH])[CH]1[OH]
1129,[O]=[C]([OH])[CH]([CH2][OH])[O][CH]1[O][CH]([CH2][O][P](=[O])([OH])[OH])[CH]([OH])[CH]([OH])[CH]1[OH]
1130,[CH3][C](=[CH][C](=[O])[S][CH2][CH2][N]=[C]([OH])[CH2][CH2][N]=[C]([OH])[CH]([OH])[C]([CH3])([CH3])[CH2][O][P](=[O])([OH])[O][P](=[O])([OH])[O][CH2][CH]1[O][CH]([n]2[cH][n][c]3[c]([NH2])[n][cH][n][c]32)[CH]([OH])[CH]1[O][P](=[O])([OH])[OH])[CH2][C](=[O])[OH]
1131,[CH3][C]([C](=[O])[OH])=[C]([CH2][C](=[O])[OH])[C](=[O])[OH]
1132,[CH3][CH]([C](=[O])[OH])[C]([OH])([CH2][C](=[O])[OH])[C](=[O])[OH]
1133,[CH3][C]([OH])([C](=[O])[OH])[CH]([CH2][C](=[O])[OH])[C](=[O])[OH]
1134,[O]=[S](=[O])([OH])[CH2][CH2][SH]
1135,[CH3][S][CH2][CH2][S](=[O])(=[O])[OH]
1136,[CH3][C]1([CH2][OH])[O][P](=[O])([OH])[O][P](=[O])([OH])[O][CH2][CH]1[OH]
1137,[CH3][CH2][NH][CH2][C](=[O])[OH]
1138,[OH][CH2][CH]([OH])[CH]([OH])[CH]([OH])[CH]([OH])[CH2][O][CH2][CH]1[O][CH]([OH])[CH]([OH])[CH]([OH])[CH]1[OH]
1139,[OH][CH2][CH]([OH])[CH]([OH])[CH]([OH])[CH]([OH])[CH2][OH]
1140,[CH2]=[C]([CH2][CH2][CH]([CH3])[CH]1[CH2][CH]=[C]2[C]3=[C]([CH2][CH2][C]21[CH3])[C]1([CH3])[CH2][CH2][CH]([OH])[CH]([CH3])[CH]1[CH2][CH2]3)[CH]([CH3])[CH3]
1141,[CH2]=[C]([CH2][CH2][CH]([CH3])[CH]1[CH2][CH2][CH]2[C]3=[C]([CH2][CH2][C]21[CH3])[C]1([CH3])[CH2][CH2][CH]([OH])[CH]([CH3])[CH]1[CH2][CH2]3)[CH]([CH3])[CH3]
1142,[CH3][S](=[O])[CH2][CH2][CH]([NH2])[C](=[O])[OH]
1143,[CH3][C]([OH])([CH2][CH2][O][P](=[O])([OH])[OH])[CH2][C](=[O])[OH]
1144,[CH3][N]1[c]2[c]([OH])[n][c](=[NH])[nH][c]2[NH][CH2][CH]1[CH2][NH][c]1[cH][cH][c]([C](=[O])[NH][CH]([CH2][CH2][C]([OH])=[N][CH]([CH2][CH2][C]([OH])=[N][CH]([CH2][CH2][C](=[O])[OH])[C](=[O])[OH])[C](=[O])[OH])[C](=[O])[OH])[cH][cH]1
1145,[NH]=[c]1[n][c]([OH])[c]2[c]([nH]1)[NH][CH2][CH]([CH2][NH][c]1[cH][cH][c]([C](=[O])[NH][CH]([CH2][CH2][C]([OH])=[N][CH]([CH2][CH2][C]([OH])=[N][CH]([CH2][CH2][C](=[O])[OH])[C](=[O])[OH])[C](=[O])[OH])[C](=[O])[OH])[cH][cH]1)[NH]2
1146,[O]=[P]([OH])([OH])[O][CH]1[CH]([OH])[CH]([OH])[CH]([OH])[CH]([OH])[CH]1[OH]
1147,[O]=[P]([OH])([OH])[O][CH]1[CH]([OH])[CH]([OH])[CH]([OH])[CH]([OH])[CH]1[OH]
1148,[O]=[P]([OH])([OH])[O][CH]1[CH]([OH])[CH]([OH])[CH]([OH])[CH]([OH])[CH]1[OH]
1149,[O]=[P]([OH])([OH])[O][CH]1[CH]([O][P](=[O])([OH])[OH])[CH]([O][P](=[O])([OH])[OH])[CH]([O][P](=[O])([OH])[OH])[CH]([O][P](=[O])([OH])[OH])[CH]1[O][P](=[O])([OH])[OH]
1150,[O]=[P]([OH])([OH])[O][CH]1[CH]([OH])[CH]([O][P](=[O])([OH])[OH])[CH]([O][P](=[O])([OH])[OH])[CH]([O][P](=[O])([OH])[OH])[CH]1[O][P](=[O])([OH])[OH]
1151,[O]=[P]([OH])([OH])[O][CH]1[CH]([O][P](=[O])([OH])[OH])[CH]([O][P](=[O])([OH])[OH])[CH]([O][P](=[O])([OH])[O][P](=[O])([OH])[OH])[CH]([O][P](=[O])([OH])[OH])[CH]1[O][P](=[O])([OH])[OH]
1152,[CH3][C]([OH])=[N][C]1=[CH][O][CH]([CH2][OH])[CH]2[O][CH]3[O][CH]([CH2][OH])[CH]([O][CH]4[O][CH]([CH2][OH])[CH]([O][CH]5[O][CH]([CH2][OH])[CH]([OH])[CH]([OH])[CH]5[N]=[C]([CH3])[OH])[CH]([O][CH]([CH3])[C]([OH])=[N][CH]([CH3])[C]([OH])=[N][CH]([CH2][CH2][C](=[O])[OH])[C]([OH])=[N][CH]([CH2][CH2][CH2][CH]([NH2])[C](=[O])[OH])[C]([OH])=[N][CH]([CH3])[C]([OH])=[N][CH]([C](=[O])[OH])[CH2][CH2][CH2][CH]([C]([OH])=[N][CH]([CH3])[C]([OH])=[N][CH]([CH3])[C](=[O])[OH])[N]=[C]([OH])[CH]([CH2][CH2][C](=[O])[OH])[N]=[C]([OH])[CH]([CH3])[N]=[C]([OH])[CH]([CH3])[O][CH]12)[CH]4[N]=[C]([CH3])[OH])[CH]([OH])[CH]3[N]=[C]([CH3])[OH]
1153,[CH3][C]([OH])=[N][C]1=[CH][O][CH]([CH2][OH])[CH]2[O][CH]3[O][CH]([CH2][OH])[CH]([O][CH]4[O][CH]([CH2][OH])[CH]([O][CH]5[O][CH]([CH2][OH])[CH]([OH])[CH]([OH])[CH]5[N]=[C]([CH3])[OH])[CH]([O][CH]([CH3])[C]([OH])=[N][CH]([CH3])[C]([OH])=[N][CH]([CH2][CH2][C](=[O])[OH])[C]([OH])=[N][CH]([CH2][CH2][CH2][CH]([NH2])[C](=[O])[OH])[C]([OH])=[N][CH]([CH3])[C]([OH])=[N][CH]([C](=[O])[OH])[CH2][CH2][CH2][CH]([C](=[O])[OH])[N]=[C]([OH])[CH]([CH2][CH2][C](=[O])[OH])[N]=[C]([OH])[CH]([CH3])[N]=[C]([OH])[CH]([CH3])[O][CH]12)[CH]4[N]=[C]([CH3])[OH])[CH]([OH])[CH]3[N]=[C]([CH3])[OH]
1154,[CH3][C]([OH])=[N][C]1=[CH][O][CH]([CH2][OH])[CH]([O][CH]2[O][CH]([CH2][OH])[CH]([O][CH]3[O][CH]([CH2][OH])[CH]([O][CH]4[O][CH]([CH2][OH])[CH]([OH])[CH]([OH])[CH]4[N]=[C]([CH3])[OH])[CH]([O][CH]([CH3])[C]([OH])=[N][CH]([CH3])[C]([OH])=[N][CH]([CH2][CH2][C](=[O])[OH])[C]([OH])=[N][CH]([CH2][CH2][CH2][CH]([NH2])[C](=[O])[OH])[C]([OH])=[N][CH]([CH3])[C]([OH])=[N][CH]([CH3])[C](=[O])[OH])[CH]3[N]=[C]([CH3])[OH])[CH]([OH])[CH]2[N]=[C]([CH3])[OH])[CH]1[O][CH]([CH3])[C]([OH])=[N][CH]([CH3])[C]([OH])=[N][CH]([CH2][CH2][C](=[O])[OH])[C]([OH])=[N][CH]([CH2][CH2][CH2][CH]([NH2])[C](=[O])[OH])[C]([OH])=[N][CH]([CH3])[C]([OH])=[N][CH]([CH3])[C](=[O])[OH]
1155,[CH3][C]([OH])=[N][C]1=[CH][O][CH]([CH2][OH])[CH]([O][CH]2[O][CH]([CH2][OH])[CH]([O][CH]3[O][CH]([CH2][OH])[CH]([O][CH]4[O][CH]([CH2][OH])[CH]([OH])[CH]([OH])[CH]4[N]=[C]([CH3])[OH])[CH]([O][CH]([CH3])[C]([OH])=[N][CH]([CH3])[C]([OH])=[N][CH]([CH2][CH2][C](=[O])[OH])[C]([OH])=[N][CH]([CH2][CH2][CH2][CH]([NH2])[C](=[O])[OH])[C](=[O])[OH])[CH]3[N]=[C]([CH3])[OH])[CH]([OH])[CH]2[N]=[C]([CH3])[OH])[CH]1[O][CH]([CH3])[C]([OH])=[N][CH]([CH3])[C]([OH])=[N][CH]([CH2][CH2][C](=[O])[OH])[C]([OH])=[N][CH]([CH2][CH2][CH2][CH]([NH2])[C](=[O])[OH])[C]([OH])=[N][CH]([CH3])[C]([OH])=[N][CH]([CH3])[C](=[O])[OH]
1156,[CH3][C]([OH])=[N][C]1=[CH][O][CH]([CH2][OH])[CH]([O][CH]2[O][CH]([CH2][OH])[CH]([O][CH]3[O][CH]([CH2][OH])[CH]([O][CH]4[O][CH]([CH2][OH])[CH]([OH])[CH]([OH])[CH]4[N]=[C]([CH3])[OH])[CH]([O][CH]([CH3])[C]([OH])=[N][CH]([CH3])[C]([OH])=[N][CH]([CH2][CH2][C](=[O])[OH])[C]([OH])=[N][CH]([CH2][CH2][CH2][CH]([NH2])[C](=[O])[OH])[C](=[O])[OH])[CH]3[N]=[C]([CH3])[OH])[CH]([OH])[CH]2[N]=[C]([CH3])[OH])[CH]1[O][CH]([CH3])[C]([OH])=[N][CH]([CH3])[C]([OH])=[N][CH]([CH2][CH2][C](=[O])[OH])[C]([OH])=[N][CH]([CH2][CH2][CH2][CH]([NH2])[C](=[O])[OH])[C](=[O])[OH]
1157,[CH3][C]([OH])=[N][C]1=[CH][O][CH]([CH2][OH])[CH]([O][CH]2[O][CH]([CH2][OH])[CH]([O][CH]3[O][CH]([CH2][OH])[CH]([O][CH]4[O][CH]([CH2][OH])[CH]([OH])[CH]([OH])[CH]4[N]=[C]([CH3])[OH])[CH]([O][CH]([CH3])[C]([OH])=[N][CH]([CH3])[C]([OH])=[N][CH]([CH2][CH2][C](=[O])[OH])[C]([OH])=[N][CH]([CH2][CH2][CH2][CH]([NH2])[C](=[O])[OH])[C](=[O])[OH])[CH]3[N]=[C]([CH3])[OH])[CH]([OH])[CH]2[N]=[C]([CH3])[OH])[CH]1[O][CH]([CH3])[C]([OH])=[N][CH]([CH3])[C]([OH])=[N][CH]([CH2][CH2][C](=[O])[OH])[C]([OH])=[N][CH]([CH2][CH2][CH2][CH]([NH2])[C](=[O])[OH])[C]([OH])=[N][CH]([CH3])[C](=[O])[OH]
1158,[OH][CH2][CH]1[O][CH]([O][CH2][CH]2[O][CH]([OH])[CH]([OH])[CH]([OH])[CH]2[OH])[CH]([OH])[CH]([OH])[CH]1[OH]
1159,[CH3][CH]([C](=[O])[OH])[C](=[O])[S][CH2][CH2][N]=[C]([OH])[CH2][CH2][N]=[C]([OH])[CH]([OH])[C]([CH3])([CH3])[CH2][O][P](=[O])([OH])[O][P](=[O])([OH])[O][CH2][CH]1[O][CH]([n]2[cH][n][c]3[c]([NH2])[n][cH][n][c]32)[CH]([OH])[CH]1[O][P](=[O])([OH])[OH]
1160,[CH3][C]1=[CH][C](=[O])[c]2[cH][cH][cH][cH][c]2[C]1=[O]
1161,[OH][CH2][CH]([OH])[CH]([OH])[CH]([OH])[CH]([OH])[CH2][OH]
1162,[CH3][CH2][CH2][CH2][CH2][CH2][CH2][CH2][CH2][CH2][CH2][CH]([OH])[CH2][C](=[O])[O][CH]1[CH]([OH])[CH]([CH2][O][CH]2[O][CH]([CH2][OH])[CH]([O][P](=[O])([OH])[OH])[CH]([O][C](=[O])[CH2][CH]([OH])[CH2][CH2][CH2][CH2][CH2][CH2][CH2][CH2][CH2][CH2][CH3])[CH]2[N]=[C]([OH])[CH2][CH]([OH])[CH2][CH2][CH2][CH2][CH2][CH2][CH2][CH2][CH2][CH2][CH3])[O][CH]([O][P](=[O])([OH])[OH])[CH]1[N]=[C]([OH])[CH2][CH]([OH])[CH2][CH2][CH2][CH2][CH2][CH2][CH2][CH2][CH2][CH2][CH3]
1163,[CH3][CH2][CH2][CH2][CH2][CH2][CH2][CH2][CH2][CH2][CH2][CH]([OH])[CH2][C](=[O])[O][CH]1[CH]([OH])[CH]([CH2][O][CH]2[O][CH]([CH2][O][C]3([C](=[O])[OH])[CH2][CH]([OH])[CH]([OH])[CH]([CH]([OH])[CH2][OH])[O]3)[CH]([O][P](=[O])([OH])[OH])[CH]([O][C](=[O])[CH2][CH]([OH])[CH2][CH2][CH2][CH2][CH2][CH2][CH2][CH2][CH2][CH2][CH3])[CH]2[N]=[C]([OH])[CH2][CH]([OH])[CH2][CH2][CH2][CH2][CH2][CH2][CH2][CH2][CH2][CH2][CH3])[O][CH]([O][P](=[O])([OH])[OH])[CH]1[N]=[C]([OH])[CH2][CH]([OH])[CH2][CH2][CH2][CH2][CH2][CH2][CH2][CH2][CH2][CH2][CH3]
1164,[CH3][CH2][CH2][CH2][CH2][CH2][CH2][CH2][CH2][CH2][CH2][CH]([OH])[CH2][C](=[O])[O][CH]1[CH]([OH])[CH]([CH2][O][CH]2[O][CH]([CH2][O][C]3([C](=[O])[OH])[CH2][CH]([O][C]4([C](=[O])[OH])[CH2][CH]([OH])[CH]([OH])[CH]([CH]([OH])[CH2][OH])[O]4)[CH]([OH])[CH]([CH]([OH])[CH2][OH])[O]3)[CH]([O][P](=[O])([OH])[OH])[CH]([O][C](=[O])[CH2][CH]([OH])[CH2][CH2][CH2][CH2][CH2][CH2][CH2][CH2][CH2][CH2][CH3])[CH]2[N]=[C]([OH])[CH2][CH]([OH])[CH2][CH2][CH2][CH2][CH2][CH2][CH2][CH2][CH2][CH2][CH3])[O][CH]([O][P](=[O])([OH])[OH])[CH]1[N]=[C]([OH])[CH2][CH]([OH])[CH2][CH2][CH2][CH2][CH2][CH2][CH2][CH2][CH2][CH2][CH3]
1165,[CH3][CH2][CH2][CH2][CH2][CH2][CH2][CH2][CH2][CH2][CH2][CH2][CH2][C](=[O])[O][CH]([CH2][CH2][CH2][CH2][CH2][CH2][CH2][CH2][CH2][CH2][CH3])[CH2][C](=[O])[O][CH]1[CH]([N]=[C]([OH])[CH2][CH]([CH2][CH2][CH2][CH2][CH2][CH2][CH2][CH2][CH2][CH2][CH3])[O][C](=[O])[CH2][CH2][CH2][CH2][CH2][CH2][CH2][CH2][CH2][CH2][CH3])[CH]([O][CH2][CH]2[O][CH]([O][P](=[O])([OH])[OH])[CH]([N]=[C]([OH])[CH2][CH]([OH])[CH2][CH2][CH2][CH2][CH2][CH2][CH2][CH2][CH2][CH2][CH3])[CH]([O][C](=[O])[CH2][CH]([OH])[CH2][CH2][CH2][CH2][CH2][CH2][CH2][CH2][CH2][CH2][CH3])[CH]2[OH])[O][CH]([CH2][O][C]2([C](=[O])[OH])[CH2][CH]([O][C]3([C](=[O])[OH])[CH2][CH]([O][C]4([C](=[O])[OH])[CH2][CH]([OH])[CH]([OH])[CH]([CH]([OH])[CH2][OH])[O]4)[CH]([OH])[CH]([CH]([OH])[CH2][OH])[O]3)[CH]([O][CH]3[O][CH]([CH]([OH])[CH2][OH])[CH]([O][P](=[O])([OH])[OH])[CH]([O][CH]4[O][CH]([CH]([OH])[CH2][O][CH]5[O][CH]([CH]([OH])[CH2][OH])[CH]([OH])[CH]([OH])[CH]5[OH])[CH]([O][P](=[O])([OH])[OH])[CH]([OH])[CH]4[OH])[CH]3[OH])[CH]([CH]([OH])[CH2][OH])[O]2)[CH]1[O][P](=[O])([OH])[OH]
1166,[CH3][CH2][CH2][CH2][CH2][CH2][CH2][CH2][CH2][CH2][CH2][CH2][CH2][C](=[O])[O][CH]([CH2][CH2][CH2][CH2][CH2][CH2][CH2][CH2][CH2][CH2][CH3])[CH2][C](=[O])[O][CH]1[CH]([N]=[C]([OH])[CH2][CH]([CH2][CH2][CH2][CH2][CH2][CH2][CH2][CH2][CH2][CH2][CH3])[O][C](=[O])[CH2][CH2][CH2][CH2][CH2][CH2][CH2][CH2][CH2][CH2][CH3])[CH]([O][CH2][CH]2[O][CH]([O][P](=[O])([OH])[OH])[CH]([N]=[C]([OH])[CH2][CH]([OH])[CH2][CH2][CH2][CH2][CH2][CH2][CH2][CH2][CH2][CH2][CH3])[CH]([O][C](=[O])[CH2][CH]([OH])[CH2][CH2][CH2][CH2][CH2][CH2][CH2][CH2][CH2][CH2][CH3])[CH]2[OH])[O][CH]([CH2][O][C]2([C](=[O])[OH])[CH2][CH]([O][C]3([C](=[O])[OH])[CH2][CH]([OH])[CH]([OH])[CH]([CH]([OH])[CH2][OH])[O]3)[CH]([O][CH]3[O][CH]([CH]([OH])[CH2][OH])[CH]([O][P](=[O])([OH])[OH])[CH]([O][CH]4[O][CH]([CH]([OH])[CH2][O][CH]5[O][CH]([CH]([OH])[CH2][OH])[CH]([OH])[CH]([OH])[CH]5[OH])[CH]([O][P](=[O])([OH])[OH])[CH]([OH])[CH]4[OH])[CH]3[OH])[CH]([CH]([OH])[CH2][OH])[O]2)[CH]1[O][P](=[O])([OH])[OH]
1167,[CH3][c]1[n][cH][c]([CH2][n+]2[c]([CH]([OH])[CH]([CH3])[CH3])[s][c]([CH2][CH2][O][P](=[O])([OH])[O][P](=[O])([OH])[OH])[c]2[CH3])[c](=[NH])[nH]1
1168,[CH3][CH2][CH]([CH3])[CH]([OH])[c]1[s][c]([CH2][CH2][O][P](=[O])([OH])[O][P](=[O])([OH])[OH])[c]([CH3])[n+]1[CH2][c]1[cH][n][c]([CH3])[nH][c]1=[NH]
1169,[CH3][c]1[n][cH][c]([CH2][n+]2[c]([CH]([OH])[CH2][CH]([CH3])[CH3])[s][c]([CH2][CH2][O][P](=[O])([OH])[O][P](=[O])([OH])[OH])[c]2[CH3])[c](=[NH])[nH]1
1170,[CH3][C](=[CH][CH2][c]1[cH][c]([OH])[cH][c]([CH3])[c]1[OH])[CH2][CH2][CH2][CH]([CH3])[CH2][CH2][CH2][CH]([CH3])[CH2][CH2][CH2][CH]([CH3])[CH3]
1171,[CH3][C](=[CH][CH2][c]1[cH][c]([OH])[c]([CH3])[c]([CH3])[c]1[OH])[CH2][CH2][CH2][CH]([CH3])[CH2][CH2][CH2][CH]([CH3])[CH2][CH2][CH2][CH]([CH3])[CH3]
1172,[O]=[P]([OH])([OH])[O][CH]1[O][CH]([CH2][OH])[CH]([OH])[CH]([OH])[CH]1[OH]
1173,[CH2]=[CH][c]1[c]([CH3])[c]2[cH][c]3[nH][c]([cH][c]4[n][c]([cH][c]5[n][c]([cH][c]1[nH]2)[C]([CH3])=[C]5[C](=[O])[CH2][C](=[O])[O][CH3])[C]([CH2][CH2][C](=[O])[OH])=[C]4[CH3])[c]([CH3])[c]3[CH]=[CH2]
1174,[CH2]=[CH][c]1[c]([CH3])[c]2[cH][c]3[nH][c]([cH][c]4[n][c]([cH][c]5[n][c]([cH][c]1[nH]2)[C]([CH3])=[C]5[CH]([OH])[CH2][C](=[O])[O][CH3])[C]([CH2][CH2][C](=[O])[OH])=[C]4[CH3])[c]([CH3])[c]3[CH]=[CH2]
1175,[CH2]=[CH][C]1=[C]([CH3])[c]2[cH][c]3[n][c]([c]4[c]([C](=[O])[O][CH3])[c]([OH])[c]5[c]([CH3])[c]([cH][c]6[nH][c]([cH][c]1[n]2)[c]([CH3])[c]6[CH]=[CH2])[nH][c]45)[C]([CH2][CH2][C](=[O])[OH])=[C]3[CH3]
1176,[CH2]=[CH][c]1[c]([CH3])[c]2[cH][c]3[nH][c]([cH][c]4[n][c]([cH][c]5[n][c]([cH][c]1[nH]2)[C]([CH3])=[C]5[CH2][CH2][C](=[O])[OH])[C]([CH2][CH2][C](=[O])[OH])=[C]4[CH3])[c]([CH3])[c]3[CH]=[CH2]
1177,[CH2]=[CH][C]1=[C]([CH3])[c]2[cH][c]3[nH][c]([cH][c]4[n][c]([cH][c]5[nH][c]([cH][c]1[n]2)[c]([CH3])[c]5[CH2][CH2][C](=[O])[OH])[C]([CH2][CH2][C](=[O])[OH])=[C]4[CH3])[c]([CH3])[c]3[CH]=[CH2]
1178,[CH2]=[CH][c]1[c]([CH3])[c]2[cH][c]3[nH][c]([cH][c]4[n][c]([cH][c]5[n][c]([cH][c]1[nH]2)[C]([CH3])=[C]5[CH2][CH2][C](=[O])[O][CH3])[C]([CH2][CH2][C](=[O])[OH])=[C]4[CH3])[c]([CH3])[c]3[CH]=[CH2]
1179,[NH]=[c]1[n][c]([OH])[c]2[c]([nH]1)[NH][CH]1[O][CH]([CH2][O][P](=[O])([OH])[O][P](=[O])([OH])[O][CH2][CH]3[O][CH]([n]4[cH][n][c]5[c]([NH2])[n][cH][n][c]54)[CH]([OH])[CH]3[OH])[C]([SH])=[C]([SH])[CH]1[NH]2
1180,[NH]=[c]1[n][c]([OH])[c]2[c]([nH]1)[NH][CH]1[O][CH]([CH2][O][P](=[O])([OH])[OH])[C]([SH])=[C]([SH])[CH]1[NH]2
1181,[CH3][S](=[O])(=[O])[OH]
1182,[CH3][SH]
1183,[CH3][S][CH2][CH]([OH])[CH]([OH])[CH]([OH])[CH]=[O]
1184,[CH3][S][CH2][CH]1[O][CH]([O][P](=[O])([OH])[OH])[CH]([OH])[CH]1[OH]
1185,[O]=[CH][CH]([OH])[CH]([OH])[CH]([OH])[CH]([OH])[CH2][O][CH]1[O][CH]([CH2][O][CH]2[O][CH]([CH2][OH])[CH]([OH])[CH]([OH])[CH]2[OH])[CH]([OH])[CH]([OH])[CH]1[OH]
1186,[CH3][N]1[c]2[c]([OH])[n][c](=[NH])[nH][c]2[NH][CH2][CH]1[CH2][NH][c]1[cH][cH][c]([C](=[O])[NH][CH]([CH2][CH2][C](=[O])[OH])[C](=[O])[OH])[cH][cH]1
1187,[CH3][C]1([OH])[O][CH2][CH]([OH])[C]1([OH])[OH]
1188,[CH3][S][CH2][CH]([OH])[CH]([OH])[C](=[O])[CH2][O][P](=[O])([OH])[OH]
1189,[CH3][NH][CH]([CH2][c]1[cH][nH][c]2[cH][cH][cH][cH][c]12)[C](=[O])[OH]
1190,[CH3][CH]([NH][c]1[cH][cH][c]([CH2][CH]([OH])[CH]([OH])[CH]([OH])[CH2][O][CH]2[O][CH]([CH2][O][P](=[O])([OH])[O][CH]([CH2][CH2][C](=[O])[OH])[C]([OH])=[N][CH]([CH2][CH2][C](=[O])[OH])[C](=[O])[OH])[CH]([OH])[CH]2[OH])[cH][cH]1)[CH]1[CH]([CH3])[NH][c]2[nH][c](=[NH])[n][c]([OH])[c]2[N]1[CH3]
1191,[O]=[C]([OH])[CH2][CH]1[CH]=[CH][C](=[O])[O]1
1192,[O]=[C]([OH])[CH]=[CH][C](=[CH][C](=[O])[OH])[C](=[O])[OH]
1193,[CH3][c]1[cH][cH][cH][c]([CH3])[cH]1
1194,[N-]=[N+]=[O]
1195,[N]#[N]
1196,[O]=[C]([OH])[c]1[cH][cH][cH][n][cH]1
1197,[NH]=[C]([OH])[c]1[cH][cH][cH][n][cH]1
1198,[O]=[C]([OH])[C](=[O])[CH2][P](=[O])([OH])[OH]
1199,[NH2][CH]([CH2][P](=[O])([OH])[OH])[C](=[O])[OH]
1200,[O]=[N][O-]
1201,[O]=[N+]([O-])[O-]
1202,[O]=[C]([OH])[CH2][N]=[C]([OH])[c]1[cH][cH][cH][cH][cH]1
1203,[CH3][C]([CH]=[C]=[C]1[C]([CH3])([CH3])[CH2][CH]([OH])[CH2][C]1([CH3])[OH])=[CH][CH]=[CH][C]([CH3])=[CH][CH]=[CH][CH]=[C]([CH3])[CH]=[CH][CH]=[C]([CH3])[CH]=[CH][C]12[O][C]1([CH3])[CH2][CH]([OH])[CH2][C]2([CH3])[CH3]
1204,[O]=[C]([OH])[CH]=[CH][C](=[O])[N]=[CH][OH]
1205,[N]=[O]
1206,[O]=[C]([OH])[c]1[cH][cH][cH][n+]([CH]2[O][CH]([CH2][OH])[CH]([OH])[CH]2[OH])[cH]1
1207,[NH]=[C]([OH])[c]1[cH][cH][cH][n+]([CH]2[O][CH]([CH2][OH])[CH]([OH])[CH]2[OH])[cH]1
1208,[CH3][N+]1=[CH][CH2][CH2][CH2]1
1209,[CH3][NH][CH2][CH2][CH2][CH2][NH2]
1210,[CH3][c]1[cH][c]2[n][cH][n]([CH]3[O][CH]([CH2][O][P](=[O])([OH])[OH])[CH]([OH])[CH]3[OH])[c]2[cH][c]1[CH3]
1211,[O]=[C]([OH])[c]1[cH][cH][cH][n][c]1[C](=[O])[OH]
1212,[CH3][n+]1[cH][cH][cH][c]([C](=[NH])[OH])[cH]1
1213,[O][OH]
1214,[NH]=[C]([NH2])[NH][CH2][CH2][CH2][CH]([NH][CH]([CH2][CH2][C](=[O])[OH])[C](=[O])[OH])[C](=[O])[OH]
1215,[O]=[P]([OH])([OH])[O][CH]1[O][CH]([CH2][OH])[CH]([OH])[CH]1[OH]
1216,[CH3][CH]([CH3])[N+](=[O])[O-]
1217,[OH][CH2][CH]1[O][CH]([n]2[cH][n][c]3[c]([OH])[n][c]([OH])[n][c]32)[CH]([OH])[CH]1[OH]
1218,[CH3][c]1[cH][n]([CH]2[CH2][CH]([OH])[CH]([CH2][OH])[O]2)[c](=[O])[n][c]1[OH]
1219,[O]=[P]([OH])([OH])[O][P](=[O])([OH])[O][CH2][CH]1[O][CH]([n]2[cH][n][c]3[c]([OH])[n][c]([OH])[n][c]32)[CH]([OH])[CH]1[OH]
1220,[N]#[C][CH2][c]1[cH][nH][c]2[cH][cH][cH][cH][c]12
1221,[CH3][CH]([NH2])[C]#[N]
1222,[N]#[C][CH]([NH2])[CH2][CH2][C](=[O])[OH]
1223,[CH3][C](=[O])[O][CH]1[CH]([O][CH]2[CH]([OH])[CH]([CH2][O][CH]3[O][CH]([CH2][OH])[CH]([OH])[CH]([OH])[CH]3[OH])[O][CH]([O][CH]3[CH]([O][CH2][CH]4[O][CH]([O][CH]5[CH]([OH])[CH]([CH3])[O][CH]([O][CH]6[CH]([OH])[CH]([CH2][O][CH]7[O][CH]([CH2][OH])[CH]([OH])[CH]([OH])[CH]7[OH])[O][CH]([O][P](=[O])([OH])[O][P](=[O])([OH])[O][CH2][CH]=[C]([CH3])[CH2][CH2][CH]=[C]([CH3])[CH2][CH2][CH]=[C]([CH3])[CH2][CH2][CH]=[C]([CH3])[CH2][CH2][CH]=[C]([CH3])[CH2][CH2][CH]=[C]([CH3])[CH2][CH2][CH]=[C]([CH3])[CH2][CH2][CH]=[C]([CH3])[CH2][CH2][CH]=[C]([CH3])[CH2][CH2][CH]=[C]([CH3])[CH2][CH2][CH]=[C]([CH3])[CH3])[CH]6[N]=[C]([CH3])[OH])[CH]5[O][C]([CH3])=[O])[CH]([OH])[CH]([OH])[CH]4[OH])[O][CH]([CH]([OH])[CH2][OH])[CH]3[OH])[CH]2[N]=[C]([CH3])[OH])[O][CH]([CH3])[CH]([OH])[CH]1[O][CH]1[O][CH]([CH2][O][CH]2[O][CH]([CH]([OH])[CH2][OH])[CH]([OH])[CH]2[OH])[CH]([OH])[CH]([OH])[CH]1[OH]
1224,[CH3][C]([CH3])=[CH][CH2][CH2][C]([CH3])=[CH][CH2][CH2][C]([CH3])=[CH][CH2][CH2][C]([CH3])=[CH][CH2][CH2][C]([CH3])=[CH][CH2][CH2][C]([CH3])=[CH][CH2][CH2][C]([CH3])=[CH][CH2][CH2][C]([CH3])=[CH][CH2][CH2][C]([CH3])=[CH][CH2][CH2][C]([CH3])=[CH][CH2][CH2][C]([CH3])=[CH][CH2][O][P](=[O])([OH])[O][P](=[O])([OH])[OH]
1225,[CH3][C](=[O])[O][CH]1[CH]([O][CH]2[CH]([OH])[CH]([CH2][O][CH]3[O][CH]([CH2][OH])[CH]([OH])[CH]([OH])[CH]3[OH])[O][CH]([O][P](=[O])([OH])[O][P](=[O])([OH])[O][CH2][CH]=[C]([CH3])[CH2][CH2][CH]=[C]([CH3])[CH2][CH2][CH]=[C]([CH3])[CH2][CH2][CH]=[C]([CH3])[CH2][CH2][CH]=[C]([CH3])[CH2][CH2][CH]=[C]([CH3])[CH2][CH2][CH]=[C]([CH3])[CH2][CH2][CH]=[C]([CH3])[CH2][CH2][CH]=[C]([CH3])[CH2][CH2][CH]=[C]([CH3])[CH2][CH2][CH]=[C]([CH3])[CH3])[CH]2[N]=[C]([CH3])[OH])[O][CH]([CH3])[CH]([OH])[CH]1[O][CH]1[O][CH]([CH2][O][CH]2[O][CH]([CH]([OH])[CH2][OH])[CH]([OH])[CH]2[OH])[CH]([OH])[CH]([OH])[CH]1[OH]
1226,[CH3][C](=[O])[O][CH]1[CH]([O][CH]2[CH]([OH])[CH]([CH2][OH])[O][CH]([O][P](=[O])([OH])[O][P](=[O])([OH])[O][CH2][CH]=[C]([CH3])[CH2][CH2][CH]=[C]([CH3])[CH2][CH2][CH]=[C]([CH3])[CH2][CH2][CH]=[C]([CH3])[CH2][CH2][CH]=[C]([CH3])[CH2][CH2][CH]=[C]([CH3])[CH2][CH2][CH]=[C]([CH3])[CH2][CH2][CH]=[C]([CH3])[CH2][CH2][CH]=[C]([CH3])[CH2][CH2][CH]=[C]([CH3])[CH2][CH2][CH]=[C]([CH3])[CH3])[CH]2[N]=[C]([CH3])[OH])[O][CH]([CH3])[CH]([OH])[CH]1[OH]
1227,[CH3][C]([CH3])=[CH][CH2][CH2][C]([CH3])=[CH][CH2][CH2][C]([CH3])=[CH][CH2][CH2][C]([CH3])=[CH][CH2][CH2][C]([CH3])=[CH][CH2][CH2][C]([CH3])=[CH][CH2][CH2][C]([CH3])=[CH][CH2][CH2][C]([CH3])=[CH][CH2][CH2][C]([CH3])=[CH][CH2][CH2][C]([CH3])=[CH][CH2][CH2][C]([CH3])=[CH][CH2][O][P](=[O])([OH])[O][P](=[O])([OH])[O][CH]1[O][CH]([CH2][OH])[CH]([OH])[CH]([O][CH]2[O][CH]([CH3])[CH]([OH])[CH]([OH])[CH]2[OH])[CH]1[N]=[C]([CH3])[OH]
1228,[CH3][C](=[O])[O][CH]1[CH]([O][CH]2[CH]([OH])[CH]([CH2][OH])[O][CH]([O][P](=[O])([OH])[O][P](=[O])([OH])[O][CH2][CH]=[C]([CH3])[CH2][CH2][CH]=[C]([CH3])[CH2][CH2][CH]=[C]([CH3])[CH2][CH2][CH]=[C]([CH3])[CH2][CH2][CH]=[C]([CH3])[CH2][CH2][CH]=[C]([CH3])[CH2][CH2][CH]=[C]([CH3])[CH2][CH2][CH]=[C]([CH3])[CH2][CH2][CH]=[C]([CH3])[CH2][CH2][CH]=[C]([CH3])[CH2][CH2][CH]=[C]([CH3])[CH3])[CH]2[N]=[C]([CH3])[OH])[O][CH]([CH3])[CH]([OH])[CH]1[O][CH]1[O][CH]([CH2][O][CH]2[O][CH]([CH]([OH])[CH2][OH])[CH]([OH])[CH]2[OH])[CH]([OH])[CH]([OH])[CH]1[OH]
1229,[O]=[c]1[n][c]([OH])[cH][cH][n]1[CH]1[O][CH]([CH2][O][P](=[O])([OH])[O][P](=[O])([OH])[O][CH]2[O][CH]([CH]([OH])[CH2][OH])[CH]([OH])[CH]2[OH])[CH]([OH])[CH]1[OH]
1230,[CH3][C](=[O])[O][CH]1[CH]([O][CH]2[CH]([OH])[CH]([CH2][OH])[O][CH]([O][P](=[O])([OH])[O][P](=[O])([OH])[O][CH2][CH]=[C]([CH3])[CH2][CH2][CH]=[C]([CH3])[CH2][CH2][CH]=[C]([CH3])[CH2][CH2][CH]=[C]([CH3])[CH2][CH2][CH]=[C]([CH3])[CH2][CH2][CH]=[C]([CH3])[CH2][CH2][CH]=[C]([CH3])[CH2][CH2][CH]=[C]([CH3])[CH2][CH2][CH]=[C]([CH3])[CH2][CH2][CH]=[C]([CH3])[CH2][CH2][CH]=[C]([CH3])[CH3])[CH]2[N]=[C]([CH3])[OH])[O][CH]([CH3])[CH]([OH])[CH]1[O][CH]1[O][CH]([CH2][OH])[CH]([OH])[CH]([OH])[CH]1[OH]
1231,[CH3][CH]([NH][CH]([CH2][CH2][CH2][NH][C](=[NH])[NH2])[C](=[O])[OH])[C](=[O])[OH]
1232,[CH3][C]([CH3])=[CH][CH2][CH2][C]([CH3])=[CH][CH2][CH2][C]([CH3])=[CH][CH2][CH2][C]([CH3])=[CH][CH2][CH2][C]([CH3])=[CH][CH2][CH2][C]([CH3])=[CH][CH2][CH2][C]([CH3])=[CH][CH2][CH2][C]([CH3])=[CH][CH2][O][P](=[O])([OH])[O][P](=[O])([OH])[OH]
1233,[CH3][CH2][CH]([CH3])[CH2][O][C]([CH3])=[O]
1234,[CH3][C](=[O])[O][CH2][CH2][c]1[cH][cH][cH][cH][cH]1
1235,[O]=[C]([OH])[C](=[O])[CH]([OH])[CH2][O][P](=[O])([OH])[OH]
1236,[CH3][CH]=[C]([CH3])[CH2][CH2][CH]=[C]([CH3])[CH2][CH2][CH]=[C]([CH3])[CH2][CH2][CH]=[C]([CH3])[CH2][CH2][CH]=[C]([CH3])[CH2][CH2][CH]=[C]([CH3])[CH2][CH2][CH]=[C]([CH3])[CH2][CH2][CH]=[C]([CH3])[CH2][c]1[cH][cH][cH][c]([OH])[c]1[OH]
1237,[CH3][CH]=[C]([CH3])[CH2][CH2][CH]=[C]([CH3])[CH2][CH2][CH]=[C]([CH3])[CH2][CH2][CH]=[C]([CH3])[CH2][CH2][CH]=[C]([CH3])[CH2][CH2][CH]=[C]([CH3])[CH2][CH2][CH]=[C]([CH3])[CH2][CH2][CH]=[C]([CH3])[CH2][c]1[cH][cH][cH][c]([O][CH3])[c]1[OH]
1238,[O]=[C]([OH])[c]1[cH][c]([OH])[n][c](=[O])[n]1[CH]1[O][CH]([CH2][O][P](=[O])([OH])[OH])[CH]([OH])[CH]1[OH]
1239,[CH3][CH]=[CH][CH]=[C]([OH])[C](=[O])[OH]
1240,[CH3][C]([CH3])=[CH][CH2][CH2][C]([CH3])=[CH][CH2][CH2][C]([CH3])=[CH][CH2][CH2][C]([CH3])=[CH][CH2][CH2][C]([CH3])=[CH][CH2][CH2][C]([CH3])=[CH][CH2][CH2][C]([CH3])=[CH][CH2][CH2][C]([CH3])=[CH][CH2][c]1[cH][cH][cH][cH][c]1[OH]
1241,[CH3][C]([CH3])=[CH][CH2][CH2][C]([CH3])=[CH][CH2][CH2][C]([CH3])=[CH][CH2][CH2][C]([CH3])=[CH][CH2][CH2][C]([CH3])=[CH][CH2][CH2][C]([CH3])=[CH][CH2][CH2][C]([CH3])=[CH][CH2][CH2][C]([CH3])=[CH][CH2][c]1[cH][c]([C](=[O])[OH])[cH][cH][c]1[OH]
1242,[O]=[C]([OH])[CH2][CH2][CH]([C](=[O])[OH])[C](=[O])[C](=[O])[OH]
1243,[NH]=[C]([OH])[N]=[C]([OH])[C](=[O])[OH]
1244,[NH2][C](=[O])[C](=[O])[OH]
1245,[CH3][C]([CH3])([CH2][O][P](=[O])([OH])[O][P](=[O])([OH])[O][CH2][CH]1[O][CH]([n]2[cH][n][c]3[c]([NH2])[n][cH][n][c]32)[CH]([OH])[CH]1[O][P](=[O])([OH])[OH])[CH]([OH])[C]([OH])=[N][CH2][CH2][C]([OH])=[N][CH2][CH2][S][C](=[O])[CH2][C](=[O])[CH2][CH]=[CH][CH2][C](=[O])[OH]
1246,[CH3][C]([CH3])([CH2][O][P](=[O])([OH])[O][P](=[O])([OH])[O][CH2][CH]1[O][CH]([n]2[cH][n][c]3[c]([NH2])[n][cH][n][c]32)[CH]([OH])[CH]1[O][P](=[O])([OH])[OH])[CH]([OH])[C]([OH])=[N][CH2][CH2][C]([OH])=[N][CH2][CH2][S][C](=[O])[CH]=[C]1[CH2][CH]=[CH][CH]=[CH][O]1
1247,[CH3][C]([CH3])([CH2][O][P](=[O])([OH])[O][P](=[O])([OH])[O][CH2][CH]1[O][CH]([n]2[cH][n][c]3[c]([NH2])[n][cH][n][c]32)[CH]([OH])[CH]1[O][P](=[O])([OH])[OH])[CH]([OH])[C]([OH])=[N][CH2][CH2][C]([OH])=[N][CH2][CH2][S][C](=[O])[CH2][c]1[cH][cH][cH][cH][cH]1
1248,[CH3][C]([CH3])([CH2][OH])[CH]([OH])[C]([OH])=[N][CH2][CH2][C](=[O])[OH]
1249,[CH3][C]([OH])=[N][CH]1[CH]([O][P](=[O])([OH])[O][P](=[O])([OH])[O][CH2][CH]2[O][CH]([n]3[cH][cH][c]([OH])[n][c]3=[O])[CH]([OH])[CH]2[OH])[O][CH]([CH2][OH])[CH]([OH])[CH]1[O][CH]([CH3])[C]([OH])=[N][CH]([CH3])[C]([OH])=[N][CH]([CH2][CH2][C]([OH])=[N][CH]([CH2][CH2][CH2][CH2][NH2])[C]([OH])=[N][CH]([CH3])[C]([OH])=[N][CH]([CH3])[C](=[O])[OH])[C](=[O])[OH]
1250,[CH3][C]([CH3])=[CH][CH2][CH2][C]([CH3])=[CH][CH2][CH2][C]([CH3])=[CH][CH2][CH2][C]([CH3])=[CH][CH2][CH2][C]([CH3])=[CH][CH2][CH2][C]([CH3])=[CH][CH2][CH2][C]([CH3])=[CH][CH2][CH2][C]([CH3])=[CH][CH2][CH2][C]([CH3])=[CH][CH2][CH2][C]([CH3])=[CH][CH2][CH2][C]([CH3])=[CH][CH2][O][P](=[O])([OH])[O][P](=[O])([OH])[O][CH]1[O][CH]([CH2][OH])[CH]([OH])[CH]([O][CH]([CH3])[C]([OH])=[N][CH]([CH3])[C]([OH])=[N][CH]([CH2][CH2][C]([OH])=[N][CH]([CH2][CH2][CH2][CH2][NH2])[C]([OH])=[N][CH]([CH3])[C]([OH])=[N][CH]([CH3])[C](=[O])[OH])[C](=[O])[OH])[CH]1[N]=[C]([CH3])[OH]
1251,[CH3][C]([OH])=[N][CH]1[CH]([O][P](=[O])([OH])[O][P](=[O])([OH])[O][CH2][CH]2[O][CH]([n]3[cH][cH][c]([OH])[n][c]3=[O])[CH]([OH])[CH]2[OH])[O][CH]([CH2][OH])[CH]([OH])[CH]1[O][CH]([CH3])[C]([OH])=[N][CH]([CH3])[C]([OH])=[N][CH]([CH2][CH2][C]([OH])=[N][CH]([CH2][CH2][CH2][CH]([NH2])[C](=[O])[OH])[C]([OH])=[N][CH]([CH3])[C]([OH])=[N][CH]([CH3])[C](=[O])[OH])[C](=[O])[OH]
1252,[CH3][C]([CH3])=[CH][CH2][CH2][C]([CH3])=[CH][CH2][CH2][C]([CH3])=[CH][CH2][CH2][C]([CH3])=[CH][CH2][CH2][C]([CH3])=[CH][CH2][CH2][C]([CH3])=[CH][CH2][CH2][C]([CH3])=[CH][CH2][CH2][C]([CH3])=[CH][CH2][CH2][C]([CH3])=[CH][CH2][CH2][C]([CH3])=[CH][CH2][CH2][C]([CH3])=[CH][CH2][O][P](=[O])([OH])[O][P](=[O])([OH])[O][CH]1[O][CH]([CH2][OH])[CH]([OH])[CH]([O][CH]([CH3])[C]([OH])=[N][CH]([CH3])[C]([OH])=[N][CH]([CH2][CH2][C]([OH])=[N][CH]([CH2][CH2][CH2][CH]([NH2])[C](=[O])[OH])[C]([OH])=[N][CH]([CH3])[C]([OH])=[N][CH]([CH3])[C](=[O])[OH])[C](=[O])[OH])[CH]1[N]=[C]([CH3])[OH]
1253,[CH3][CH2][CH2][C](=[O])[O][P](=[O])([OH])[OH]
1254,[CH3][C]1=[C]2[NH][C](=[CH][C]3=[N][C](=[CH][c]4[nH][c]([c]([CH2][CH2][C](=[O])[OH])[c]4[CH2][C](=[O])[OH])[CH2][c]4[nH][c]1[c]([CH2][C](=[O])[OH])[c]4[CH2][CH2][C](=[O])[OH])[CH]([CH2][CH2][C](=[O])[OH])[C]3([CH3])[CH2][C](=[O])[OH])[CH]([CH2][CH2][C](=[O])[OH])[C]2([CH3])[CH2][C](=[O])[OH]
1255,[CH3][C]1([CH2][C](=[O])[OH])[c]2[cH][c]3[nH][c]([cH][c]4[n][c]([cH][c]5[nH][c]([cH][c]([n]2)[CH]1[CH2][CH2][C](=[O])[OH])[C]([CH3])([CH2][C](=[O])[OH])[CH]5[CH2][CH2][C](=[O])[OH])[C]([CH2][C](=[O])[OH])=[C]4[CH2][CH2][C](=[O])[OH])[c]([CH2][CH2][C](=[O])[OH])[c]3[CH2][C](=[O])[OH]
1256,[OH][CH2][c]1[cH][cH][c]([OH])[cH][cH]1
1257,[CH3][CH2][C](=[O])[O][P](=[O])([OH])[OH]
1258,[CH3][C](=[O])[S][CH]([CH2][CH2][SH])[CH2][CH2][CH2][CH2][C](=[NH])[OH]
1259,[CH3][c]1[n][cH][c]([CH2][O][P](=[O])([OH])[OH])[c]([CH2][OH])[c]1[OH]
1260,[CH3][c]1[n][cH][c]([CH2][OH])[c]([CH2][OH])[c]1[OH]
1261,[NH2][CH2][CH2][c]1[cH][cH][cH][cH][cH]1
1262,[CH3][C]1([CH3])[S][CH]2[CH]([N]=[C]([OH])[CH2][c]3[cH][cH][cH][cH][cH]3)[C](=[O])[N]2[CH]1[C](=[O])[OH]
1263,[CH3][C]1([CH3])[S][CH]2[CH]([NH2])[C](=[O])[N]2[CH]1[C](=[O])[OH]
1264,[NH]=[c]1[cH][cH][n]([CH]2[O][CH]([CH2][O][P](=[O])([OH])[O][P](=[O])([OH])[O][CH2][CH2][NH2])[CH]([OH])[CH]2[OH])[c]([OH])[n]1
1265,[O]=[P]([OH])([OH])[O][CH2][CH]1[O][C]([OH])([CH2][O][P](=[O])([OH])[OH])[CH]([OH])[CH]1[OH]
1266,[O]=[C]([CH2][OH])[CH]([OH])[CH]([OH])[CH]([OH])[CH]([OH])[CH2][O][P](=[O])([OH])[OH]
1267,[NH2][CH]1[CH]([O][P](=[O])([OH])[OH])[O][CH]([CH2][OH])[CH]([OH])[CH]1[OH]
1268,[O]=[C]([OH])[C](=[O])[CH2][O][P](=[O])([OH])[OH]
1269,[O]=[C]([OH])[CH2][O][P](=[O])([OH])[OH]
1270,[CH3][CH2][CH2][CH2][CH2][CH2][CH2][CH2][CH2][CH2][CH2][CH2][CH2][CH2][CH2][C](=[O])[O][CH2][CH]([CH2][O][P](=[O])([OH])[O][CH2][CH]([OH])[CH2][O][P](=[O])([OH])[OH])[O][C](=[O])[CH2][CH2][CH2][CH2][CH2][CH2][CH2][CH2][CH2][CH2][CH2][CH2][CH2][CH2][CH3]
1271,[CH3][CH2][CH2][CH2][CH2][CH2][CH]=[CH][CH2][CH2][CH2][CH2][CH2][CH2][CH2][C](=[O])[O][CH2][CH]([CH2][O][P](=[O])([OH])[O][CH2][CH]([OH])[CH2][O][P](=[O])([OH])[OH])[O][C](=[O])[CH2][CH2][CH2][CH2][CH2][CH2][CH2][CH]=[CH][CH2][CH2][CH2][CH2][CH2][CH3]
1272,[CH3][CH2][CH2][CH2][CH2][CH2][CH2][CH2][CH2][CH2][CH2][CH2][CH2][CH2][CH2][CH2][CH2][C](=[O])[O][CH2][CH]([CH2][O][P](=[O])([OH])[O][CH2][CH]([OH])[CH2][O][P](=[O])([OH])[OH])[O][C](=[O])[CH2][CH2][CH2][CH2][CH2][CH2][CH2][CH2][CH2][CH2][CH2][CH2][CH2][CH2][CH2][CH2][CH3]
1273,[CH3][CH2][CH2][CH2][CH2][CH2][CH]=[CH][CH2][CH2][CH2][CH2][CH2][CH2][CH2][C](=[O])[O][CH2][CH]([CH2][O][P](=[O])([OH])[O][P](=[O])([OH])[O][CH2][CH]1[O][CH]([n]2[cH][cH][c](=[NH])[n][c]2[OH])[CH]([OH])[CH]1[OH])[O][C](=[O])[CH2][CH2][CH2][CH2][CH2][CH2][CH2][CH]=[CH][CH2][CH2][CH2][CH2][CH2][CH3]
1274,[O]=[C]([OH])[CH2][N]=[C]([OH])[CH2][c]1[cH][cH][cH][cH][cH]1
1275,[O]=[C]([OH])[C]([OH])=[CH][c]1[cH][cH][cH][cH][cH]1
1276,[O]=[P]([OH])([OH])[O][c]1[cH][cH][cH][cH][cH]1
1277,[OH][c]1[cH][cH][cH][cH][cH]1
1278,[CH3][C]([CH3])=[CH][CH2][CH2][C]([CH3])=[CH][CH2][CH2][C]([CH3])=[CH][CH2][CH2][C]([CH3])=[CH][CH]1[CH]([CH2][O][P](=[O])([OH])[O][P](=[O])([OH])[OH])[C]1([CH3])[CH2][CH2][CH]=[C]([CH3])[CH2][CH2][CH]=[C]([CH3])[CH2][CH2][CH]=[C]([CH3])[CH3]
1279,[CH3][C]([CH3])([CH2][O][P](=[O])([OH])[O][P](=[O])([OH])[O][CH2][CH]1[O][CH]([n]2[cH][n][c]3[c]([NH2])[n][cH][n][c]32)[CH]([OH])[CH]1[O][P](=[O])([OH])[OH])[CH]([OH])[C]([OH])=[N][CH2][CH2][C]([OH])=[N][CH2][CH2][S][C](=[O])[C](=[CH][c]1[cH][cH][cH][cH][cH]1)[CH2][C](=[O])[OH]
1280,[CH3][CH2][CH2][CH2][CH2][CH2][CH2][CH2][CH2][CH2][CH2][CH2][CH2][CH2][CH2][CH2][CH2][C](=[O])[O][CH2][CH]([OH])[CH2][O][P](=[O])([OH])[O][CH2][CH2][NH2]
1281,[NH2][CH2][CH2][SH]
1282,[CH3][C]([CH3])([CH2][O][P](=[O])([OH])[OH])[CH]([OH])[C]([OH])=[N][CH2][CH2][C](=[O])[OH]
1283,[NH2][CH]=[CH][C](=[O])[O][OH]
1284,[NH2][CH2][CH2][CH]=[O]
1285,[CH3][C]([OH])=[N][CH2][CH2][CH2][NH][CH2][CH2][CH2][CH2][NH2]
1286,[CH2]=[CH][C]1=[C]([CH3])[c]2[cH][c]3[n][c]([c]4[c]([C](=[O])[O][CH3])[c]([OH])[c]5[c]([CH3])[c]([cH][c]6[nH][c]([cH][c]1[n]2)[c]([CH3])[c]6[CH2][CH3])[nH][c]45)[C]([CH2][CH2][C](=[O])[OH])=[C]3[CH3]
1287,[O]=[C]([OH])[CH2][CH2][c]1[cH][cH][cH][cH][cH]1
1288,[O]=[PH]([OH])[OH]
1289,[NH2][C](=[O])[c]1[n][cH][n]([CH]2[O][CH]([CH2][O][P](=[O])([OH])[OH])[CH]([OH])[CH]2[OH])[c]1[N]=[CH][NH][CH]1[O][CH]([CH2][O][P](=[O])([OH])[OH])[CH]([OH])[CH]1[OH]
1290,[NH]=[c]1[c]2[n][cH][n]([CH]3[O][CH]([CH2][O][P](=[O])([OH])[OH])[CH]([OH])[CH]3[OH])[c]2[n][cH][n]1[CH]1[O][CH]([CH2][O][P](=[O])([OH])[OH])[CH]([OH])[CH]1[OH]
1291,[O]=[P]([OH])([OH])[O][CH2][CH]1[O][CH]([O][P](=[O])([OH])[OH])[CH]([OH])[CH]1[OH]
1292,[O]=[C]([CH2][O][P](=[O])([OH])[OH])[CH]([OH])[CH]([OH])[CH2][O][P](=[O])([OH])[OH]
1293,[NH2][CH]([CH2][O][P](=[O])([OH])[OH])[C](=[O])[OH]
1294,[O]=[C]([OH])[C]1=[CH][CH]([O][P](=[O])([OH])[OH])[CH]([OH])[CH]([OH])[CH2]1
1295,[CH3][CH2][CH2][CH2][CH2][CH2][CH2][CH2][CH2][CH2][CH2][CH2][CH2][CH2][CH2][C](=[O])[O][CH2][CH]([CH2][O][P](=[O])([OH])[O][CH2][CH]([NH2])[C](=[O])[OH])[O][C](=[O])[CH2][CH2][CH2][CH2][CH2][CH2][CH2][CH2][CH2][CH2][CH2][CH2][CH2][CH2][CH3]
1296,[CH3][CH2][CH2][CH2][CH2][CH2][CH2][CH2][CH2][CH2][CH2][CH2][CH2][CH2][CH2][CH2][CH2][C](=[O])[O][CH2][CH]([CH2][O][P](=[O])([OH])[O][CH2][CH]([NH2])[C](=[O])[OH])[O][C](=[O])[CH2][CH2][CH2][CH2][CH2][CH2][CH2][CH2][CH2][CH2][CH2][CH2][CH2][CH2][CH2][CH2][CH3]
1297,[CH3][CH2][CH2][CH2][CH2][CH2][CH2][CH2][CH2][CH2][CH2][CH2][CH2][CH2][CH]([OH])[CH]=[O]
1298,[CH3][CH2][CH2][CH2][CH2][CH2][CH2][CH2][CH2][CH2][CH2][CH2][CH2][CH2][CH]([OH])[CH]([OH])[CH]([NH2])[CH2][O][P](=[O])([OH])[OH]
1299,[CH3][CH2][CH2][CH2][CH2][CH2][CH2][CH2][CH2][CH2][CH2][CH2][CH2][CH2][CH]([OH])[CH]([OH])[CH]([NH2])[CH2][OH]
1300,[CH3][C]([CH3])=[CH][CH2][CH2][C]([CH3])=[CH][CH2][CH2][C]([CH3])=[CH][CH]1[CH]([CH2][O][P](=[O])([OH])[O][P](=[O])([OH])[OH])[C]1([CH3])[CH2][CH2][CH]=[C]([CH3])[CH2][CH2][CH]=[C]([CH3])[CH3]
1301,[NH2][CH]([CH2][O][P](=[O])([OH])[OH])[C](=[O])[OH]
1302,[CH3][C](=[O])[C](=[O])[CH]1[CH2][NH][c]2[nH][c](=[NH])[n][c]([OH])[c]2[NH]1
1303,[cH]1[n][cH][c]2[n][cH][nH][c]2[n]1
1304,[OH][CH2][CH]1[O][CH]([n]2[cH][n][c]3[cH][n][cH][n][c]32)[CH]([OH])[CH]1[OH]
1305,[CH3][c]1[cH][cH][c]([CH3])[cH][cH]1
1306,[CH3][c]1[n][cH][c]([CH2][OH])[c]([CH]=[O])[c]1[OH]
1307,[NH]=[C]([OH])[NH][CH]=[CH][C](=[O])[O][OH]
1308,[O]=[C]([O][c]1[cH][c]([OH])[cH][c]([OH])[c]1[C](=[O])[OH])[c]1[cH][cH][c]([OH])[c]([OH])[cH]1
1309,[O]=[c]1[c]([OH])[c](-[c]2[cH][cH][c]([OH])[c]([OH])[cH]2)[o][c]2[cH][c]([OH])[cH][c]([OH])[c]12
1310,[O]=[C]([OH])[C]1([OH])[CH2][CH]([OH])[CH]([OH])[CH]([OH])[CH2]1
1311,[CH3][C](=[O])[C]12[NH][C](=[CH][C]3=[N][C](=[C]([CH2][CH2][C](=[O])[OH])[C]3([CH3])[CH2][C](=[O])[OH])[CH2][C]3([CH3])[N]=[C]([CH2][C]4=[N][C]1=[C]([CH2][C](=[O])[OH])[C]4([CH3])[CH2][CH2][C](=[O])[OH])[C]([CH2][CH2][C](=[O])[OH])=[C]3[CH2][C](=[O])[OH])[CH]([CH2][CH2][C](=[O])[OH])[C]2([CH3])[CH2][C](=[O])[OH]
1312,[CH3][C]12[CH2][C]3=[C]([CH2][CH2][C](=[O])[OH])[C]([CH3])([CH2][C](=[O])[OH])[C](=[N]3)[CH]=[C]3[NH][C]([CH3])([C]4=[C]([CH2][C](=[O])[OH])[C]([CH3])([CH2][CH2][C](=[O])[OH])[C](=[N]4)[CH2][C](=[N]1)[C]([CH2][CH2][C](=[O])[OH])=[C]2[CH2][C](=[O])[OH])[C]([CH3])([CH2][C](=[O])[OH])[CH]3[CH2][CH2][C](=[O])[OH]
1313,[CH3][C]1=[C]2[N]=[C]([CH]=[C]3[N]=[C]([C]([CH3])=[C]4[NH][C]([CH3])([CH]5[N]=[C]1[C]([CH3])([CH2][CH2][C](=[O])[OH])[CH]5[CH2][C](=[O])[OH])[C]([CH3])([CH2][C](=[O])[OH])[CH]4[CH2][CH2][C](=[O])[OH])[C]([CH3])([CH2][C](=[O])[OH])[CH]3[CH2][CH2][C](=[O])[OH])[C]([CH3])([CH3])[CH]2[CH2][CH2][C](=[O])[OH]
1314,[CH3][C]1=[C]2[N]=[C]([CH]=[C]3[N]=[C]([C]([CH3])=[C]4[NH][C]([CH3])([CH]5[N]=[C]1[C]([CH3])([CH2][CH2][C](=[O])[OH])[CH]5[CH2][C](=[O])[OH])[C]([CH3])([CH2][C](=[NH])[OH])[CH]4[CH2][CH2][C](=[O])[OH])[C]([CH3])([CH2][C](=[NH])[OH])[CH]3[CH2][CH2][C](=[O])[OH])[C]([CH3])([CH3])[CH]2[CH2][CH2][C](=[O])[OH]
1315,[CH3][C]([CH]=[CH][C]1=[C]([CH3])[CH2][CH2][CH2][C]1([CH3])[CH3])=[CH][CH]=[CH][C]([CH3])=[CH][C](=[O])[OH]
1316,[O]=[C]([CH2][OH])[CH]([OH])[CH]([OH])[CH2][O][P](=[O])([OH])[OH]
1317,[O]=[C]([CH2][OH])[CH]([OH])[CH]([OH])[CH2][OH]
1318,[OH][CH2][CH]([OH])[CH]([OH])[CH]([OH])[CH2][OH]
1319,[CH3][C]([CH]=[CH][C]1=[C]([CH3])[CH2][CH2][CH2][C]1([CH3])[CH3])=[CH][CH]=[CH][C]([CH3])=[CH][CH2][OH]
1320,[CH3][CH2][CH2][CH2][CH2][CH2][CH2][CH2][CH2][CH2][CH2][CH2][CH2][CH2][CH2][CH2][CH2][C](=[O])[CH2][C](=[O])[S][CH2][CH2][N]=[C]([OH])[CH2][CH2][N]=[C]([OH])[CH]([OH])[C]([CH3])([CH3])[CH2][O][P](=[O])([OH])[O][P](=[O])([OH])[O][CH2][CH]1[O][CH]([n]2[cH][n][c]3[c]([NH2])[n][cH][n][c]32)[CH]([OH])[CH]1[O][P](=[O])([OH])[OH]
1321,[CH3][CH2][CH2][CH2][CH2][CH2][CH2][CH2][CH2][CH2][CH2][CH2][CH2][CH2][CH2][CH2][CH2][CH]([OH])[CH2][C](=[O])[S][CH2][CH2][N]=[C]([OH])[CH2][CH2][N]=[C]([OH])[CH]([OH])[C]([CH3])([CH3])[CH2][O][P](=[O])([OH])[O][P](=[O])([OH])[O][CH2][CH]1[O][CH]([n]2[cH][n][c]3[c]([NH2])[n][cH][n][c]32)[CH]([OH])[CH]1[O][P](=[O])([OH])[OH]
1322,[CH3][CH2][CH2][CH2][CH2][CH2][CH2][CH2][CH2][CH2][CH2][CH2][CH2][CH2][CH2][CH2][CH2][CH2][CH2][CH]([OH])[CH2][C](=[O])[S][CH2][CH2][N]=[C]([OH])[CH2][CH2][N]=[C]([OH])[CH]([OH])[C]([CH3])([CH3])[CH2][O][P](=[O])([OH])[O][P](=[O])([OH])[O][CH2][CH]1[O][CH]([n]2[cH][n][c]3[c]([NH2])[n][cH][n][c]32)[CH]([OH])[CH]1[O][P](=[O])([OH])[OH]
1323,[CH3][CH2][CH2][CH2][CH2][CH2][CH2][CH2][CH2][CH2][CH2][CH2][CH2][CH2][CH2][CH2][CH2][CH2][CH2][C](=[O])[CH2][C](=[O])[S][CH2][CH2][N]=[C]([OH])[CH2][CH2][N]=[C]([OH])[CH]([OH])[C]([CH3])([CH3])[CH2][O][P](=[O])([OH])[O][P](=[O])([OH])[O][CH2][CH]1[O][CH]([n]2[cH][n][c]3[c]([NH2])[n][cH][n][c]32)[CH]([OH])[CH]1[O][P](=[O])([OH])[OH]
1324,[CH3][CH2][CH2][CH2][CH2][CH2][CH2][CH2][CH2][CH2][CH2][CH2][CH2][CH2][CH2][CH2][CH2][CH2][CH2][CH]=[CH][C](=[O])[S][CH2][CH2][N]=[C]([OH])[CH2][CH2][N]=[C]([OH])[CH]([OH])[C]([CH3])([CH3])[CH2][O][P](=[O])([OH])[O][P](=[O])([OH])[O][CH2][CH]1[O][CH]([n]2[cH][n][c]3[c]([NH2])[n][cH][n][c]32)[CH]([OH])[CH]1[O][P](=[O])([OH])[OH]
1325,[CH3][CH2][CH2][CH2][CH2][CH2][CH2][CH2][CH2][CH2][CH2][CH2][CH2][CH2][CH2][CH2][CH2][CH2][CH2][CH2][CH2][C](=[O])[S][CH2][CH2][N]=[C]([OH])[CH2][CH2][N]=[C]([OH])[CH]([OH])[C]([CH3])([CH3])[CH2][O][P](=[O])([OH])[O][P](=[O])([OH])[O][CH2][CH]1[O][CH]([n]2[cH][n][c]3[c]([NH2])[n][cH][n][c]32)[CH]([OH])[CH]1[O][P](=[O])([OH])[OH]
1326,[CH3][CH2][CH2][CH2][CH2][CH2][CH2][CH2][CH2][CH2][CH2][CH2][CH2][CH2][CH2][CH2][CH2][CH2][CH2][CH2][CH2][C](=[O])[CH2][C](=[O])[S][CH2][CH2][N]=[C]([OH])[CH2][CH2][N]=[C]([OH])[CH]([OH])[C]([CH3])([CH3])[CH2][O][P](=[O])([OH])[O][P](=[O])([OH])[O][CH2][CH]1[O][CH]([n]2[cH][n][c]3[c]([NH2])[n][cH][n][c]32)[CH]([OH])[CH]1[O][P](=[O])([OH])[OH]
1327,[CH3][CH2][CH2][CH2][CH2][CH2][CH2][CH2][CH2][CH2][CH2][CH2][CH2][CH2][CH2][CH]([OH])[CH2][C](=[O])[S][CH2][CH2][N]=[C]([OH])[CH2][CH2][N]=[C]([OH])[CH]([OH])[C]([CH3])([CH3])[CH2][O][P](=[O])([OH])[O][P](=[O])([OH])[O][CH2][CH]1[O][CH]([n]2[cH][n][c]3[c]([NH2])[n][cH][n][c]32)[CH]([OH])[CH]1[O][P](=[O])([OH])[OH]
1328,[CH]1=[N][CH2][CH2][CH2]1
1329,[CH3][C]([OH])=[N][CH2][CH2][CH2][CH2][NH][CH2][CH2][CH2][N]=[C]([CH3])[OH]
1330,[CH3][C]([OH])=[N][CH2][CH2][CH2][NH][CH2][CH2][CH2][CH2][NH][CH2][CH2][CH2][N]=[C]([CH3])[OH]
1331,[CH3][C]([CH3])([OH])[CH2][C](=[O])[OH]
1332,[CH2]=[C]1[CH2][CH2][CH]([OH])[CH2][C]1=[CH][CH]=[C]1[CH2][CH2][CH2][C]2([CH3])[CH]1[CH2][CH2][CH]2[CH]([CH3])[CH2][CH]([OH])[CH2][C]([CH3])([CH3])[OH]
1333,[CH2]=[C]1[CH2][CH2][CH]([OH])[CH2][C]1=[CH][CH]=[C]1[CH2][CH2][CH2][C]2([CH3])[CH]1[CH2][CH2][CH]2[CH]([CH3])[CH2][CH]([OH])[CH2][C]([CH3])([OH])[CH2][OH]
1334,[CH3][C]([OH])=[N][CH2][CH2][CH]=[O]
1335,[CH3][C]12[CH2][CH2][CH]3[c]4[cH][cH][c]([OH])[c]([OH])[c]4[CH2][CH2][CH]3[CH]1[CH2][CH2][C]2=[O]
1336,[CH3][C]12[CH2][CH2][CH]3[c]4[cH][c]([OH])[c]([OH])[cH][c]4[CH2][CH2][CH]3[CH]1[CH2][CH2][C]2=[O]
1337,[CH3][O][c]1[cH][c]2[c]([cH][c]1[OH])[CH2][CH2][CH]1[CH]2[CH2][CH2][C]2([CH3])[C](=[O])[CH2][CH2][CH]12
1338,[OH][CH2][CH2][c]1[cH][nH][c]2[cH][cH][c]([OH])[cH][c]12
1339,[CH3][CH2][CH2][CH2][CH2][CH]=[CH][CH2][C](=[O])[CH2][CH]=[CH][CH]=[CH][CH]([S][CH2][CH]([N]=[C]([OH])[CH2][CH2][CH]([NH2])[C](=[O])[OH])[C]([OH])=[N][CH2][C](=[O])[OH])[CH]([OH])[CH2][CH2][CH2][C](=[O])[OH]
1340,[CH3][CH2][CH2][CH2][CH2][CH]=[CH][CH2][C](=[O])[CH]=[CH][CH]=[CH][CH]=[CH][CH]([OH])[CH2][CH2][CH2][C](=[O])[OH]
1341,[CH3][CH2][CH2][CH2][CH2][CH]=[CH][CH2][CH]([OH])[CH2][CH]=[CH][CH]=[CH][CH]([S][CH2][CH]([N]=[C]([OH])[CH2][CH2][CH]([NH2])[C](=[O])[OH])[C]([OH])=[N][CH2][C](=[O])[OH])[CH]([OH])[CH2][CH2][CH2][C](=[O])[OH]
1342,[CH3][CH]([CH2][CH2][C](=[O])[OH])[CH]1[CH2][CH2][CH]2[CH]3[CH]([OH])[CH2][CH]4[CH2][CH]([OH])[CH2][CH2][C]4([CH3])[CH]3[CH2][CH2][C]12[CH3]
1343,[CH3][CH]([CH2][CH2][C]([OH])=[N][CH2][CH2][S](=[O])(=[O])[OH])[CH]1[CH2][CH2][CH]2[CH]3[CH2][CH2][CH]4[CH2][CH]([OH])[CH2][CH2][C]4([CH3])[CH]3[CH2][CH]([OH])[C]12[CH3]
1344,[CH3][CH]([CH2][CH2][C](=[O])[S][CH2][CH2][N]=[C]([OH])[CH2][CH2][N]=[C]([OH])[CH]([OH])[C]([CH3])([CH3])[CH2][O][P](=[O])([OH])[O][P](=[O])([OH])[O][CH2][CH]1[O][CH]([n]2[cH][n][c]3[c]([NH2])[n][cH][n][c]32)[CH]([OH])[CH]1[O][P](=[O])([OH])[OH])[CH]1[CH2][CH2][CH]2[CH]3[CH2][CH2][CH]4[CH2][CH]([OH])[CH2][CH2][C]4([CH3])[CH]3[CH2][CH]([OH])[C]12[CH3]
1345,[NH2][CH2][CH2][CH2][CH]=[N][CH2][CH2][CH2][NH2]
1346,[CH3][CH]1[NH][CH2][CH2][c]2[cH][c]([OH])[c]([OH])[cH][c]21
1347,[CH3][O][c]1[cH][c]2[c]([cH][c]1[OH])[CH2][CH2][NH][CH]2[CH3]
1348,[CH3][CH]1[c]2[cH][c]([OH])[c]([OH])[cH][c]2[CH2][CH2][N]1[CH3]
1349,[OH][c]1[cH][cH][c]([CH2][CH]2[NH][CH2][CH2][c]3[cH][c]([OH])[c]([OH])[cH][c]32)[cH][c]1[OH]
1350,[CH3][CH2][CH2][CH2][CH2][C](=[O])[CH]=[CH][CH]=[CH][CH]=[CH][CH]=[CH][CH]([OH])[CH]([OH])[CH2][CH2][CH2][C](=[O])[OH]
1351,[CH3][CH2][CH2][CH2][CH2][C](=[O])[CH2][CH2][CH]=[CH][CH]=[CH][CH]=[CH][CH]([OH])[CH]([OH])[CH2][CH2][CH2][C](=[O])[OH]
1352,[CH3][S][CH2][CH2][CH]([N]=[C]([CH3])[OH])[C](=[O])[OH]
1353,[CH3][C]([OH])=[N][CH]([CH3])[C](=[O])[OH]
1354,[CH3][CH2][CH]([NH2])[C](=[O])[OH]
1355,[CH3][CH2][CH2][CH2][CH2][CH]=[CH][CH2][CH]=[CH][CH2][CH]=[CH][CH2][CH]=[CH][CH2][CH2][CH2][C](=[O])[O][CH]([CH2][OH])[CH2][OH]
1356,[CH3][CH2][CH2][CH2][CH2][CH]=[CH][CH2][CH]=[CH][CH2][CH]=[CH][CH2][CH]=[CH][CH2][CH2][CH2][C](=[O])[O][CH]([CH2][OH])[CH2][O][P](=[O])([OH])[OH]
1357,[CH3][CH]([CH2][CH2][C](=[O])[OH])[CH]1[CH2][CH2][CH]2[CH]3[CH2][CH2][CH]4[CH2][CH]([OH])[CH2][CH2][C]4([CH3])[CH]3[CH2][CH]([OH])[C]12[CH3]
1358,[CH3][CH]([CH2][CH2][C](=[O])[OH])[CH]1[CH2][CH2][CH]2[CH]3[CH]([OH])[CH2][CH]4[CH2][CH]([OH])[CH2][CH2][C]4([CH3])[CH]3[CH2][CH]([OH])[C]12[CH3]
1359,[NH2][CH2][CH2][c]1[cH][cH][c]([OH])[cH][cH]1
1360,[CH3][NH][CH2][CH2][c]1[cH][cH][c]([OH])[cH][cH]1
1361,[CH3][c]1[cH][cH][cH][cH][c]1[C]([OH])=[N][CH2][C](=[O])[OH]
1362,[CH3][O][C](=[O])[CH2][c]1[cH][nH][c]2[cH][cH][cH][cH][c]12
1363,[CH3][C](=[O])[CH]1[CH2][CH2][CH]2[CH]3[CH2][CH2][CH]4[CH2][C](=[O])[CH2][CH2][C]4([CH3])[CH]3[CH2][CH2][C]12[CH3]
1364,[CH3][C](=[O])[CH]1[CH2][CH2][CH]2[CH]3[CH2][CH2][CH]4[CH2][CH]([OH])[CH2][CH2][C]4([CH3])[CH]3[CH2][CH2][C]12[CH3]
1365,[CH3][C]([OH])=[N][CH]([CH2][SH])[C](=[O])[OH]
1366,[CH3][C]12[CH2][CH2][CH]3[c]4[cH][cH][c]([OH])[cH][c]4[CH2][CH2][CH]3[CH]1[CH2][CH]([OH])[C]2=[O]
1367,[CH2]=[CH][C]([CH3])=[CH][CH]=[CH][C]([CH3])=[CH][CH]=[C]1[C]([CH3])=[CH][CH2][CH2][C]1([CH3])[CH3]
1368,[CH3][CH]([CH3])[CH2][CH]([OH])[C](=[O])[OH]
1369,[CH3][CH2][CH2][CH2][CH2][CH]([CH]=[CH][CH]=[O])[O][OH]
1370,[CH3][CH2][CH2][CH2][CH2][C](=[O])[CH]=[CH][CH]=[O]
1371,[CH3][C]12[CH2][CH2][CH]3[c]4[cH][c]([OH])[c]([OH])[cH][c]4[CH2][CH2][CH]3[CH]1[CH2][CH2][CH]2[OH]
1372,[CH3][O][c]1[cH][c]2[c]([cH][c]1[OH])[CH2][CH2][CH]1[CH]2[CH2][CH2][C]2([CH3])[CH]([OH])[CH2][CH2][CH]12
1373,[CH3][c]1[c]([CH3])[c]2[c]([c]([CH3])[c]1[OH])[CH2][CH2][C]([CH3])([CH2][CH2][CH2][CH]([CH3])[CH2][CH2][CH2][CH]([CH3])[CH2][CH2][CH2][CH]([CH3])[CH3])[O]2
1374,[CH3][c]1[c]([CH3])[c]2[c]([c]([CH3])[c]1[OH])[CH2][CH2][C]([CH3])([CH2][CH2][CH2][CH]([CH3])[CH2][CH2][CH2][CH]([CH3])[CH2][CH2][CH2][CH]([CH3])[CH2][OH])[O]2
1375,[CH3][CH]([CH3])[CH2][C]([OH])=[N][CH2][C](=[O])[OH]
1376,[CH3][CH2][CH]([CH3])[C]([OH])=[N][CH2][C](=[O])[OH]
1377,[CH3][CH]([CH3])[C]([OH])=[N][CH2][C](=[O])[OH]
1378,[CH3][N]1[C](=[O])[CH2][N]=[C]([c]2[cH][cH][cH][cH][cH]2)[c]2[cH][c]([Cl])[cH][cH][c]21
1379,[OH][C]1=[N][c]2[cH][cH][c]([Cl])[cH][c]2[C]([c]2[cH][cH][cH][cH][cH]2)=[N][CH2]1
1380,[cH]1[cH][cH][c]2[c]([cH]1)[nH][c]1[cH][n][cH][cH][c]12
1381,[CH3][c]1[n][cH][cH][c]2[c]1[nH][c]1[cH][cH][cH][cH][c]12
1382,[OH][Cl]
1383,[O]=[N][O][OH]
1384,[O]=[N][O][O][C](=[O])[OH]
1385,[CH3][O][c]1[cH][cH][c]2[nH][cH][c]([CH2][CH2][OH])[c]2[cH]1
1386,[CH3][CH]([CH2][CH2][C](=[O])[OH])[CH]1[CH2][CH2][CH]2[CH]3[CH2][CH2][CH]4[CH2][CH]([OH])[CH2][CH2][C]4([CH3])[CH]3[CH2][CH2][C]12[CH3]
1387,[O]=[P]([OH])([OH])[O][CH]([CH]([OH])[CH2][OH])[CH]([OH])[CH]([OH])[CH2][OH]
1388,[O]=[C]1[N]=[C]([OH])[C](=[O])[C]([OH])=[N]1
1389,[OH][c]1[n][c]([OH])[c]2[n][c]([OH])[nH][c]2[n]1
1390,[CH2]=[C]1[C](=[CH][CH]=[C]2[CH2][CH2][CH2][C]3([CH3])[CH]2[CH2][CH2][CH]3[CH]([CH3])[CH2][CH2][C](=[O])[C]([CH3])([CH3])[OH])[CH2][CH]([OH])[CH2][CH]1[OH]
1391,[CH2]=[C]1[C](=[CH][CH]=[C]2[CH2][CH2][CH2][C]3([CH3])[CH]2[CH2][CH2][CH]3[CH]([CH3])[CH2][CH]([OH])[C](=[O])[C]([CH3])([CH3])[OH])[CH2][CH]([OH])[CH2][CH]1[OH]
1392,[O]=[C]([OH])[CH2][CH2][CH2][CH]([OH])[CH]=[CH][CH]=[CH][CH]=[CH][CH]([OH])[CH2][CH]=[CH][CH2][CH2][CH2][CH2][CH]([OH])[OH]
1393,[O]=[C]([OH])[CH2][CH2][CH2][CH]([OH])[CH]=[CH][CH]=[CH][CH]=[CH][CH]([OH])[CH2][CH]=[CH][CH2][CH2][CH2][CH2][C]([OH])([OH])[OH]
1394,[O]=[CH][CH2][CH2][CH2][CH2][CH]=[CH][CH2][CH]([OH])[CH]=[CH][CH]=[CH][CH]=[CH][CH]([OH])[CH2][CH2][CH2][C](=[O])[OH]
1395,[O]=[C]([OH])[CH2][CH2][CH2][CH]([OH])[CH]=[CH][CH]=[CH][CH]=[CH][C](=[O])[CH2][CH]=[CH][CH2][CH2][CH2][CH2][CH2][OH]
1396,[CH3][CH2][CH2][CH2][CH2][CH]([OH])[CH]([OH])[CH]=[CH][CH]=[CH][CH]=[CH][CH]=[CH][CH]([OH])[CH2][CH2][CH2][C](=[O])[OH]
1397,[CH3][CH2][CH]=[CH][CH2][CH]([OH])[CH]([OH])[CH2][CH]=[CH][CH2][CH]=[CH][CH2][CH]=[CH][CH2][CH2][CH2][C](=[O])[OH]
1398,[NH2][CH2][CH2][C]1=[CH][C](=[O])[C](=[O])[CH]=[CH]1
1399,[CH3][CH2][CH2][CH2][CH2][CH]=[CH][CH2][CH]1[O][CH]1[CH2][CH2][CH2][CH2][CH2][CH2][CH2][C](=[O])[OH]
1400,[CH3][CH2][CH2][CH2][CH2][CH]=[CH][CH2][CH]([OH])[CH]([OH])[CH2][CH2][CH2][CH2][CH2][CH2][CH2][C](=[O])[OH]
1401,[CH3][CH2][CH2][CH2][CH2][CH]=[CH][CH]([CH]=[CH][CH2][CH2][CH2][CH2][CH2][CH2][CH2][C](=[O])[OH])[O][OH]
1402,[CH3][CH2][CH2][CH2][CH2][CH]([OH])[CH2][CH]=[C]1[C](=[O])[CH]=[CH][CH]1[CH2][CH]=[CH][CH2][CH2][CH2][C](=[O])[OH]
1403,[CH3][CH2][CH2][CH2][CH2][CH]([OH])[CH]=[CH][CH]1[C](=[O])[CH]=[CH][CH]1[CH2][CH]=[CH][CH2][CH2][CH2][C](=[O])[OH]
1404,[O]=[C]([OH])[CH2][CH2][CH2][CH]([OH])[CH]=[CH][CH]=[CH][CH2][CH2][CH]([OH])[CH2][CH]=[CH][CH2][CH2][CH2][CH2][CH]([OH])[OH]
1405,[O]=[C]([OH])[CH2][CH2][CH2][CH]([OH])[CH]=[CH][CH]=[CH][CH2][CH2][CH]([OH])[CH2][CH]=[CH][CH2][CH2][CH2][CH2][C]([OH])([OH])[OH]
1406,[CH3][CH2][CH2][CH2][CH2][CH]([OH])[CH]=[CH][CH]=[CH][CH2][CH]=[CH][CH]=[CH][CH]([OH])[CH2][CH2][CH2][C](=[O])[OH]
1407,[CH3][CH2][CH2][CH2][CH2][CH]=[CH][CH2][CH]=[CH][CH2][CH]=[CH][CH]=[CH][CH]([OH])[CH2][CH2][CH2][C](=[O])[OH]
1408,[CH3][CH2][CH2][CH2][CH2][CH]=[CH][CH2][CH]=[CH][CH2][CH]=[CH][CH]=[CH][C](=[O])[CH2][CH2][CH2][C](=[O])[OH]
1409,[CH3][CH2][CH2][CH2][CH2][CH]([OH])[CH]=[CH][CH]1[O][CH]2[CH2][CH]([O]2)[CH]1[CH2][CH]=[CH][CH2][CH2][CH2][C](=[O])[OH]
1410,[CH3][CH2][CH2][CH2][CH2][CH]([OH])[CH]=[CH][CH]1[O][C](=[O])[CH2][CH]([OH])[CH]1[CH2][CH]=[CH][CH2][CH2][CH2][C](=[O])[OH]
1411,[CH3][CH2][CH]=[CH][CH2][CH]([OH])[CH]=[CH][CH]1[CH]2[CH2][CH]([O][O]2)[CH]1[CH2][CH]=[CH][CH2][CH2][CH2][C](=[O])[OH]
1412,[CH3][CH2][CH]=[CH][CH2][CH]([OH])[CH]=[CH][CH]1[CH]([OH])[CH2][C](=[O])[CH]1[CH2][CH]=[CH][CH2][CH2][CH2][C](=[O])[OH]
1413,[CH3][CH2][CH2][CH2][CH2][CH]=[CH][CH2][CH]1[O][CH]1[CH]=[CH][CH]([OH])[CH2][CH]=[CH][CH2][CH2][CH2][C](=[O])[OH]
1414,[CH3][CH2][CH2][CH2][CH2][CH]=[CH][CH2][CH]([OH])[CH]([OH])[CH]=[CH][CH]([OH])[CH2][CH]=[CH][CH2][CH2][CH2][C](=[O])[OH]
1415,[NH2][CH]([CH2][S][CH]([CH]=[CH][CH]=[CH][CH]=[CH][CH2][CH]=[CH][CH2][CH2][CH2][CH2][CH]=[O])[CH]([OH])[CH2][CH2][CH2][C](=[O])[OH])[C](=[O])[OH]
1416,[NH2][CH]([CH2][S][CH]([CH]=[CH][CH]=[CH][CH]=[CH][CH2][CH]=[CH][CH2][CH2][CH2][CH2][CH2][OH])[CH]([OH])[CH2][CH2][CH2][C](=[O])[OH])[C](=[O])[OH]
1417,[NH2][CH]([CH2][S][CH]([CH]=[CH][CH]=[CH][CH]=[CH][CH2][CH]=[CH][CH2][CH2][CH2][CH2][C](=[O])[OH])[CH]([OH])[CH2][CH2][CH2][C](=[O])[OH])[C](=[O])[OH]
1418,[CH3][CH2][CH2][CH2][CH2][CH]([OH])[CH]=[CH][CH]1[CH]=[CH][C](=[O])[CH]1[CH2][CH2][CH2][CH2][CH2][CH2][C](=[O])[OH]
1419,[CH3][CH2][CH2][CH2][CH2][CH]([OH])[CH]=[CH][C]1=[CH][CH2][C](=[O])[CH]1[CH2][CH2][CH2][CH2][CH2][CH2][C](=[O])[OH]
1420,[CH3][CH2][CH2][CH2][CH2][CH]([OH])[CH]=[CH][CH]1[CH]([S][CH2][CH]([N]=[C]([OH])[CH2][CH2][CH]([NH2])[C](=[O])[OH])[C]([OH])=[N][CH2][C](=[O])[OH])[CH2][C](=[O])[CH]1[CH2][CH2][CH2][CH2][CH2][CH2][C](=[O])[OH]
1421,[CH3][CH2][CH2][CH2][CH2][CH]([OH])[CH]=[CH][C]1=[C]([CH2][CH2][CH2][CH2][CH2][CH2][C](=[O])[OH])[C](=[O])[CH2][CH2]1
1422,[CH3][CH2][CH2][CH2][CH2][CH]([OH])[CH]=[CH][CH]1[CH]=[CH][C](=[O])[CH]1[CH2][CH]=[CH][CH2][CH2][CH2][C](=[O])[OH]
1423,[CH3][CH2][CH2][CH2][CH2][CH]([OH])[CH]=[CH][C]1=[CH][CH2][C](=[O])[CH]1[CH2][CH]=[CH][CH2][CH2][CH2][C](=[O])[OH]
1424,[CH3][CH2][CH2][CH2][CH2][CH]([OH])[CH]=[CH][C]1=[C]([CH2][CH]=[CH][CH2][CH2][CH2][C](=[O])[OH])[C](=[O])[CH2][CH2]1
1425,[CH3][CH2][CH2][CH2][CH2][CH]=[CH][CH2][CH]=[CH][CH2][CH]=[CH][CH2][CH2][CH2][CH2][CH2][CH2][C](=[O])[OH]
1426,[CH3][CH2][CH2][CH2][CH2][CH]([CH]=[CH][CH]1[CH]2[CH2][CH]([O][O]2)[CH]1[CH2][CH2][CH2][CH2][CH2][CH2][C](=[O])[OH])[O][OH]
1427,[CH3][C](=[O])[O][CH2][CH]=[C]([CH3])[CH]=[CH][CH]=[C]([CH3])[CH]=[CH][C]1=[C]([CH3])[CH2][CH2][CH2][C]1([CH3])[CH3]
1428,[CH3][C]([CH]=[CH][C]1=[C]([CH3])[CH2][CH2][CH2][C]1([CH3])[CH3])=[CH][CH]=[CH][CH]([CH3])[CH2][CH2][OH]
1429,[O]=[C]([OH])[CH2][CH2][CH2][C]([OH])([CH2][C](=[O])[OH])[C](=[O])[OH]
1430,[O]=[C]([OH])[CH2][CH2][CH2][CH2][C]([OH])([CH2][C](=[O])[OH])[C](=[O])[OH]
1431,[CH3][CH2][CH2][CH2][CH2][CH2][CH2][CH2][CH2][CH]([OH])[CH2][C](=[O])[S][CH2][CH2][N]=[C]([OH])[CH2][CH2][N]=[C]([OH])[CH]([OH])[C]([CH3])([CH3])[CH2][O][P](=[O])([OH])[O][P](=[O])([OH])[O][CH2][CH]1[O][CH]([n]2[cH][n][c]3[c]([NH2])[n][cH][n][c]32)[CH]([OH])[CH]1[O][P](=[O])([OH])[OH]
1432,[CH3][CH2][CH2][CH2][CH2][CH2][CH2][CH2][CH2][CH2][CH2][CH]([OH])[CH2][C](=[O])[S][CH2][CH2][N]=[C]([OH])[CH2][CH2][N]=[C]([OH])[CH]([OH])[C]([CH3])([CH3])[CH2][O][P](=[O])([OH])[O][P](=[O])([OH])[O][CH2][CH]1[O][CH]([n]2[cH][n][c]3[c]([NH2])[n][cH][n][c]32)[CH]([OH])[CH]1[O][P](=[O])([OH])[OH]
1433,[CH3][CH]([OH])[CH]([OH])[CH]([OH])[C](=[O])[CH2][OH]
1434,[CH3][CH]([OH])[CH]([OH])[CH]([OH])[C](=[O])[CH2][O][P](=[O])([OH])[OH]
1435,[CH3][Se][CH2][CH2][CH]([NH2])[C](=[O])[OH]
1436,[CH3][Se](=[O])[CH2][CH2][CH]([NH2])[C](=[O])[OH]
1437,[NH2][CH]([CH2][CH2][SeH])[C](=[O])[OH]
1438,[CH3][c]1[cH][c]2[n][cH][n]([CH]3[O][CH]([CH2][OH])[CH]([OH])[CH]3[OH])[c]2[cH][c]1[CH3]
1439,[NH2][CH]([CH2][CH2][CH2][CH2][NH][CH]([CH2][CH2][C](=[O])[OH])[C](=[O])[OH])[C](=[O])[OH]
1440,[NH2][CH2][CH2][CH2][CH]([N]=[C]([OH])[CH2][CH2][C](=[O])[OH])[C](=[O])[OH]
1441,[OH][CH2][c]1[cH][cH][cH][cH][c]1[O][CH]1[O][CH]([CH2][OH])[CH]([OH])[CH]([OH])[CH]1[OH]
1442,[O]=[C]([OH])[c]1[cH][cH][cH][cH][c]1[OH]
1443,[CH3][O][c]1[cH][c]([CH]([OH])[CH2][NH2])[cH][cH][c]1[OH]
1444,[CH3][CH2][CH2][CH2][CH2][CH2][CH2][CH2][CH2][CH2][CH2][CH2][CH2][CH2][CH2][CH]([OH])[CH]([NH2])[CH2][O][P](=[O])([OH])[OH]
1445,[O]=[P]([OH])([OH])[O][CH2][CH]([OH])[CH]([OH])[CH]([OH])[CH]([OH])[CH2][OH]
1446,[NH2][CH]([CH2][CH2][CH2][CH]([N]=[C]([OH])[CH2][CH2][C](=[O])[OH])[C](=[O])[OH])[C](=[O])[OH]
1447,[O]=[C]([OH])[CH2][CH2][C]([OH])=[N][CH]([CH2][CH2][CH2][C](=[O])[C](=[O])[OH])[C](=[O])[OH]
1448,[NH2][CH]([CH2][CH2][C]([OH])=[N][CH]([CH2][S][Se][S][CH2][CH]([N]=[C]([OH])[CH2][CH2][CH]([NH2])[C](=[O])[OH])[C]([OH])=[N][CH2][C](=[O])[OH])[C]([OH])=[N][CH2][C](=[O])[OH])[C](=[O])[OH]
1449,[O]=[Se]([OH])[OH]
1450,[CH3][Se+]([CH2][CH2][CH]([NH2])[C](=[O])[OH])[CH2][CH]1[O][CH]([n]2[cH][n][c]3[c]([NH2])[n][cH][n][c]32)[CH]([OH])[CH]1[OH]
1451,[O]=[Se](=[O])([OH])[OH]
1452,[SeH-]
1453,[CH2]=[C]([O][CH]1[CH]=[CH][CH]([C](=[O])[CH2][CH2][C](=[O])[OH])[CH]([C](=[O])[OH])[CH]1[OH])[C](=[O])[OH]
1454,[O]=[C]([OH])[CH2][CH2][C]([OH])=[N][CH]([CH2][CH2][C](=[O])[OH])[C](=[O])[OH]
1455,[O]=[CH][CH2][CH2][CH]([N]=[C]([OH])[CH2][CH2][C](=[O])[OH])[C](=[O])[OH]
1456,[O]=[C]([OH])[CH2][CH2][C]([OH])([CH2][C](=[O])[OH])[C](=[O])[OH]
1457,[O]=[C]([OH])[C]1=[CH][CH]([OH])[CH]([OH])[CH]([OH])[CH2]1
1458,[O]=[C]([OH])[CH]([OH])[CH2][S](=[O])(=[O])[OH]
1459,[CH3][C]([CH3])=[CH][CH2][CH2][C]([CH3])=[CH][CH2][CH2][C]([CH3])=[CH][CH2][CH2][CH]=[C]([CH3])[CH2][CH2][CH]=[C]([CH3])[CH2][CH2][CH]=[C]([CH3])[CH3]
1460,[O]=[C]([OH])[CH]1[CH2][S][CH]([CH2][S](=[O])(=[O])[OH])[NH]1
1461,[O]=[CH][CH2][S](=[O])(=[O])[OH]
1462,[CH3][C]([OH])=[N][CH2][CH2][CH2][CH2][NH][CH2][CH2][CH2][NH2]
1463,[O]=[c]1[n][c]([OH])[cH][cH][n]1[CH]1[O][CH]([CH2][O][P](=[O])([OH])[O][P](=[O])([OH])[O][CH]2[O][CH]([CH2][S](=[O])(=[O])[OH])[CH]([OH])[CH]([OH])[CH]2[OH])[CH]([OH])[CH]1[OH]
1464,[CH2]=[C]([CH3])[CH]1[CH2][CH2][C]2([CH3])[CH]1[CH2][CH2][C]1([CH3])[CH]2[CH2][CH2][CH]2[C]3([CH3])[CH2][CH2][CH2][C]([CH3])([CH3])[CH]3[CH2][CH2][C]21[CH3]
1465,[CH3][C]([CH3])([OH])[CH]1[CH2][CH2][C]2([CH3])[CH]1[CH2][CH2][C]1([CH3])[CH]2[CH2][CH2][CH]2[C]3([CH3])[CH2][CH2][CH2][C]([CH3])([CH3])[CH]3[CH2][CH2][C]21[CH3]
1466,[O]=[C]([OH])[CH2][CH2][C](=[O])[c]1[cH][cH][cH][cH][c]1[C](=[O])[OH]
1467,[CH3][N+]([CH3])([CH3])[CH2][CH]([CH2][C](=[O])[OH])[O][C](=[O])[CH2][CH2][C](=[O])[OH]
1468,[CH3][NH][CH]1[CH]([OH])[CH]([NH][CH3])[CH]([O][P](=[O])([OH])[O][CH2][CH]2[O][CH]([n]3[cH][n][c]4[c]([NH2])[n][cH][n][c]43)[CH]([OH])[CH]2[OH])[CH]2[O][CH]3[O][CH]([CH3])[CH2][C](=[O])[C]3([OH])[O][CH]12
1469,[CH3][NH][CH]1[CH]([OH])[CH]([NH][CH3])[CH]2[O][C]3([OH])[C](=[O])[CH2][CH]([CH3])[O][CH]3[O][CH]2[CH]1[OH]
1470,[O]=[C]([OH])[CH]([OH])[CH]([OH])[CH]([OH])[CH]([OH])[CH2][OH]
1471,[O]=[C]([OH])[CH]([OH])[CH]([OH])[C](=[O])[OH]
1472,[O]=[C]([OH])[C](=[O])[CH]([OH])[C](=[O])[OH]
1473,[O]=[C]([OH])[CH]([OH])[CH]([OH])[C](=[O])[OH]
1474,[O]=[C]([OH])[CH2][CH]([CH2][C](=[O])[OH])[C](=[O])[OH]
1475,[CH3][c]1[cH][c]([OH])[cH][c]2[c]1[O][C]([CH3])([CH2][CH2][CH2][CH]([CH3])[CH2][CH2][CH2][CH]([CH3])[CH2][CH2][CH2][CH]([CH3])[CH3])[CH2][CH2]2
1476,[CH3][c]1[c]([OH])[cH][c]2[c]([c]1[CH3])[O][C]([CH3])([CH2][CH2][CH2][CH]([CH3])[CH2][CH2][CH2][CH]([CH3])[CH2][CH2][CH2][CH]([CH3])[CH3])[CH2][CH2]2
1477,[CH3][c]1[n][cH][c]([CH2][n+]2[cH][s][c]([CH2][CH2][O][P](=[O])([OH])[OH])[c]2[CH3])[c](=[NH])[nH]1
1478,[CH3][c]1[cH][n]([CH]2[CH2][CH]([OH])[CH]([CH2][O][P](=[O])([OH])[O][P](=[O])([OH])[O][CH]3[O][CH]([CH3])[CH]([NH2])[CH]([OH])[CH]3[OH])[O]2)[c](=[O])[n][c]1[OH]
1479,[CH3][c]1[cH][n]([CH]2[CH2][CH]([OH])[CH]([CH2][O][P](=[O])([OH])[O][P](=[O])([OH])[O][CH]3[O][CH]([CH3])[C](=[O])[CH]([OH])[CH]3[OH])[O]2)[c](=[O])[n][c]1[OH]
1480,[CH3][c]1[cH][n]([CH]2[CH2][CH]([OH])[CH]([CH2][O][P](=[O])([OH])[O][P](=[O])([OH])[O][CH]3[O][CH]([CH3])[C](=[O])[CH]([OH])[CH]3[OH])[O]2)[c](=[O])[n][c]1[OH]
1481,[CH3][c]1[cH][n]([CH]2[CH2][CH]([OH])[CH]([CH2][O][P](=[O])([OH])[O][P](=[O])([OH])[O][CH]3[O][CH]([CH3])[CH]([OH])[CH]([OH])[CH]3[OH])[O]2)[c](=[O])[n][c]1[OH]
1482,[O]=[S](=[O])([OH])[S][S][S](=[O])(=[O])[OH]
1483,[NH]=[c]1[n][c]([SH])[c]2[n][cH][nH][c]2[nH]1
1484,[CH3][c]1[n][cH][c]([CH2][n+]2[cH][s][c]([CH2][CH2][OH])[c]2[CH3])[c](=[NH])[nH]1
1485,[CH3][c]1[n][cH][c]([CH2][n+]2[cH][s][c]([CH2][CH2][O][P](=[O])([OH])[O][P](=[O])([OH])[O][P](=[O])([OH])[OH])[c]2[CH3])[c](=[NH])[nH]1
1486,[O]=[C]([CH2][OH])[CH]([OH])[CH]([OH])[CH2][O][P](=[O])([OH])[OH]
1487,[CH3][N]([CH3])[CH3]
1488,[CH3][N+]([CH3])([CH3])[O-]
1489,[CH3][c]1[cH][c]([OH])[c]([CH3])[c]2[c]1[O][C]([CH3])([CH2][CH2][CH2][CH]([CH3])[CH2][CH2][CH2][CH]([CH3])[CH2][CH2][CH2][CH]([CH3])[CH3])[CH2][CH2]2
1490,[CH3][C]([CH3])([CH2][O][P](=[O])([OH])[O][P](=[O])([OH])[O][CH2][CH]1[O][CH]([n]2[cH][n][c]3[c]([NH2])[n][cH][n][c]32)[CH]([O][CH]2[O][CH]([CH2][O][P](=[O])([OH])[O][P](=[O])([OH])[O][P](=[O])([OH])[OH])[CH]([OH])[CH]2[OH])[CH]1[OH])[CH]([OH])[C]([OH])=[N][CH2][CH2][C]([OH])=[N][CH2][CH2][SH]
1491,[O]=[P]([OH])([OH])[O][CH2][CH]1[O][CH]([O][CH]2[O][CH]([CH2][OH])[CH]([OH])[CH]([OH])[CH]2[OH])[CH]([OH])[CH]([OH])[CH]1[OH]
1492,[O]=[S](=[O])([OH])[O][CH]1[CH]([O][CH]2[O][CH]([CH2][OH])[CH]([OH])[CH]([OH])[CH]2[OH])[O][CH]([CH2][OH])[CH]([OH])[CH]1[OH]
1493,[CH3][CH2][CH2][CH2][CH2][CH2][CH2][CH2][CH2][CH2][CH2][CH2][CH2][CH2][CH2][C](=[O])[O][CH2][CH]=[C]([CH3])[CH]=[CH][CH]=[C]([CH3])[CH]=[CH][C]1=[C]([CH3])[CH2][CH2][CH2][C]1([CH3])[CH3]
1494,[O]=[S](=[O])([OH])[S][S](=[O])(=[O])[OH]
1495,[NH]=[CH][C](=[O])[OH]
1496,[CH3][c]1[cH][cH][c]([OH])[cH][cH]1
1497,[O]=[C]([OH])[CH]([CH2][c]1[cH][cH][c]([OH])[cH][cH]1)[N]=[CH][OH]
1498,[NH2][CH]([CH2][c]1[cH][cH][c]([O][P](=[O])([OH])[OH])[cH][cH]1)[C](=[O])[OH]
1499,[CH3][c]1[n][cH][c]([CH2][n+]2[cH][s][c]([CH2][CH2][O][P](=[O])([OH])[O][P](=[O])([OH])[O][P](=[O])([OH])[O][CH2][CH]3[O][CH]([n]4[cH][n][c]5[c]([NH2])[n][cH][n][c]54)[CH]([OH])[CH]3[OH])[c]2[CH3])[c](=[NH])[nH]1