﻿substrate_ID,original_compound
3500,[CH3][C]([CH3])=[C]1[CH2][CH2][CH]([CH3])[CH2][C]1=[O]
3501,[CH3][CH]1[CH2][CH2][CH]([CH]([CH3])[CH3])[C](=[O])[CH2]1
3502,[CH3][C]1=[CH][CH2][CH]([C]([CH3])([CH3])[OH])[CH2][CH2]1
3503,[CH3][C]12[CH2][CH2][CH]([CH2][CH2]1)[C]([CH3])([CH3])[O]2
3504,[CH3][c]1[cH][n]([CH]2[CH2][CH]([OH])[CH]([CH2][O][P](=[O])([OH])[O][P](=[O])([OH])[O][CH]3[O][CH]([CH3])[CH]([OH])[CH]([NH2])[CH]3[OH])[O]2)[c](=[O])[n][c]1[OH]
3505,[CH3][c]1[cH][n]([CH]2[CH2][CH]([OH])[CH]([CH2][O][P](=[O])([OH])[O][P](=[O])([OH])[O][CH]3[O][CH]([CH3])[CH]([OH])[C](=[O])[CH]3[OH])[O]2)[c](=[O])[n][c]1[OH]
3506,[CH3][c]1[cH][n]([CH]2[CH2][CH]([OH])[CH]([CH2][O][P](=[O])([OH])[O][P](=[O])([OH])[O][CH]3[O][CH]([CH3])[CH2][CH]([NH2])[CH]3[OH])[O]2)[c](=[O])[n][c]1[OH]
3507,[CH3][c]1[cH][n]([CH]2[CH2][CH]([OH])[CH]([CH2][O][P](=[O])([OH])[O][P](=[O])([OH])[O][CH]3[O][CH]([CH3])[CH2][C](=[O])[CH]3[OH])[O]2)[c](=[O])[n][c]1[OH]
3508,[CH3][c]1[cH][n]([CH]2[CH2][CH]([OH])[CH]([CH2][O][P](=[O])([OH])[O][P](=[O])([OH])[O][CH]3[CH2][CH]([OH])[C](=[O])[CH]([CH3])[O]3)[O]2)[c](=[O])[n][c]1[OH]
3509,[CH3][c]1[cH][n]([CH]2[CH2][CH]([OH])[CH]([CH2][O][P](=[O])([OH])[O][P](=[O])([OH])[O][CH]3[CH2][CH]([OH])[CH]([OH])[CH]([CH3])[O]3)[O]2)[c](=[O])[n][c]1[OH]
3510,[CH3][c]1[cH][n]([CH]2[CH2][CH]([OH])[CH]([CH2][O][P](=[O])([OH])[O][P](=[O])([OH])[O][CH]3[CH2][C]([CH3])([OH])[C](=[O])[CH]([CH3])[O]3)[O]2)[c](=[O])[n][c]1[OH]
3511,[CH3][c]1[cH][n]([CH]2[CH2][CH]([OH])[CH]([CH2][O][P](=[O])([OH])[O][P](=[O])([OH])[O][CH]3[O][CH]([CH3])[C](=[O])[CH]([OH])[CH]3[OH])[O]2)[c](=[O])[n][c]1[OH]
3512,[CH3][c]1[cH][n]([CH]2[CH2][CH]([OH])[CH]([CH2][O][P](=[O])([OH])[O][P](=[O])([OH])[O][CH]3[O][CH]([CH3])[CH]([OH])[CH]([OH])[CH]3[OH])[O]2)[c](=[O])[n][c]1[OH]
3513,[CH3][c]1[cH][n]([CH]2[CH2][CH]([OH])[CH]([CH2][O][P](=[O])([OH])[O][P](=[O])([OH])[O][CH]3[O][CH]([CH3])[CH]([OH])[CH]([N]([CH3])[CH3])[CH]3[OH])[O]2)[c](=[O])[n][c]1[OH]
3514,[CH3][c]1[o][cH][cH][c](=[O])[c]1[OH]
3515,[CH3][c]1[cH][n]([CH]2[CH2][CH]([OH])[CH]([CH2][O][P](=[O])([OH])[O][P](=[O])([OH])[O][CH]3[CH2][CH]([OH])[CH]([OH])[CH]([CH3])[O]3)[O]2)[c](=[O])[n][c]1[OH]
3516,[CH3][CH2][CH]1[O][C](=[O])[CH2][CH]([OH])[CH]([CH3])[CH]([O][CH]2[O][CH]([CH3])[CH]([OH])[CH]([N]([CH3])[CH3])[CH]2[OH])[CH]([CH2][CH]=[O])[CH2][CH]([CH3])[C](=[O])[CH]=[CH][C]([CH3])=[CH][CH]1[CH3]
3517,[CH3][CH2][CH]1[CH2][CH]([CH3])[C](=[O])[CH]=[CH][C]([CH3])=[CH][CH]([CH3])[CH]([CH2][CH3])[O][C](=[O])[CH2][CH]([OH])[CH]([CH3])[CH]1[O][CH]1[O][CH]([CH3])[CH]([OH])[CH]([N]([CH3])[CH3])[CH]1[OH]
3518,[CH3][CH2][CH]1[CH2][CH]([CH3])[C](=[O])[CH]=[CH][C]([CH3])=[CH][CH]([CH3])[CH]([CH2][CH3])[O][C](=[O])[CH2][CH]([OH])[CH]([CH3])[CH]1[OH]
3519,[CH3][CH2][CH]1[O][C](=[O])[CH2][CH]([OH])[CH]([CH3])[CH]([O][CH]2[O][CH]([CH3])[CH]([OH])[CH]([N]([CH3])[CH3])[CH]2[OH])[CH]([CH2][CH]=[O])[CH2][CH]([CH3])[C](=[O])[CH]=[CH][C]([CH3])=[CH][CH]1[CH2][O][CH]1[O][CH]([CH3])[CH]([OH])[CH]([OH])[CH]1[OH]
3520,[CH3][CH2][CH]1[O][C](=[O])[CH2][CH]([OH])[CH]([CH3])[CH]([O][CH]2[O][CH]([CH3])[CH]([OH])[CH]([N]([CH3])[CH3])[CH]2[OH])[CH]([CH2][CH]=[O])[CH2][CH]([CH3])[C](=[O])[CH]=[CH][C]([CH3])=[CH][CH]1[CH2][OH]
3521,[CH3][CH]1[CH2][CH]([CH3])[CH]([OH])[CH]([CH3])[CH]([OH])[CH]([CH3])[C](=[O])[O][CH]([CH3])[CH]([CH3])[CH]([OH])[CH]([CH3])[C]1=[O]
3522,[CH3][CH]1[CH2][C]2([CH2][O]2)[C](=[O])[CH]([CH3])[CH]([OH])[CH]([CH3])[CH]([CH3])[O][C](=[O])[CH]([CH3])[CH]([OH])[CH]([CH3])[CH]1[OH]
3523,[CH3][CH]1[CH2][C]2([CH2][O]2)[C](=[O])[CH]([CH3])[CH]([OH])[CH]([CH3])[CH]([CH3])[O][C](=[O])[CH]([CH3])[CH]([O][CH]2[CH2][CH]([OH])[CH]([OH])[CH]([CH3])[O]2)[CH]([CH3])[CH]1[OH]
3524,[CH3][O][CH]1[CH2][CH]([O][CH]2[CH]([CH3])[C](=[O])[O][CH]([CH3])[CH]([CH3])[CH]([OH])[CH]([CH3])[C](=[O])[C]3([CH2][O]3)[CH2][CH]([CH3])[CH]([OH])[CH]2[CH3])[O][CH]([CH3])[CH]1[OH]
3525,[CH3][CH2][CH]1[O][C](=[O])[CH]([CH3])[CH]([OH])[CH]([CH3])[CH2][CH]([CH3])[C](=[O])[CH]=[CH][CH]1[CH3]
3526,[CH3][CH2][CH]1[O][C](=[O])[CH]([CH3])[CH]([O][CH]2[O][CH]([CH3])[CH2][CH]([N]([CH3])[CH3])[CH]2[OH])[CH]([CH3])[CH2][CH]([CH3])[C](=[O])[CH]=[CH][CH]1[CH3]
3527,[CH3][CH2][CH]1[O][C](=[O])[CH]([CH3])[C](=[O])[CH]([CH3])[CH]([OH])[CH]([CH3])[CH2][CH]([CH3])[C](=[O])[CH]=[CH][CH]1[CH3]
3528,[CH3][CH2][CH]1[O][C](=[O])[CH]([CH3])[C](=[O])[CH]([CH3])[CH]([O][CH]2[O][CH]([CH3])[CH2][CH]([N]([CH3])[CH3])[CH]2[OH])[CH]([CH3])[CH2][CH]([CH3])[C](=[O])[CH]=[CH][CH]1[CH3]
3529,[CH3][CH]1[CH2][CH]([N]([CH3])[CH3])[CH]([OH])[CH]([O][CH]2[CH]([CH3])[CH2][CH]([CH3])[C](=[O])[CH]=[CH][CH]([CH3])[CH]([CH]([CH3])[OH])[O][C](=[O])[CH]2[CH3])[O]1
3530,[CH3][CH2][CH]1[O][C](=[O])[CH]([CH3])[CH]([O][CH]2[O][CH]([CH3])[CH2][CH]([N]([CH3])[CH3])[CH]2[OH])[CH]([CH3])[CH2][CH]([CH3])[C](=[O])[CH]=[CH][C]1([CH3])[OH]
3531,[CH3][CH2][CH]1[O][C](=[O])[CH]([CH3])[C](=[O])[CH]([CH3])[CH]([O][CH]2[O][CH]([CH3])[CH2][CH]([N]([CH3])[CH3])[CH]2[OH])[CH]([CH3])[CH2][CH]([CH3])[C](=[O])[CH]=[CH][C]1([CH3])[OH]
3532,[CH3][CH2][CH]([CH3])[CH]1[O][C]2([CH2][CH]3[CH2][CH]([CH2][CH]=[C]([CH3])[CH]([OH])[CH]([CH3])[CH]=[CH][CH]=[C]4[CH2][O][CH]5[C](=[O])[C]([CH3])=[CH][CH]([C](=[O])[O]3)[C]45[OH])[O]2)[CH2][CH]([OH])[CH]1[CH3]
3533,[CH3][CH2][CH]([CH3])[CH]1[O][C]2([CH2][CH]3[CH2][CH]([CH2][CH]=[C]([CH3])[CH]([OH])[CH]([CH3])[CH]=[CH][CH]=[C]([CH3])[C]4([OH])[CH2][C](=[O])[C]([CH3])=[CH][CH]4[C](=[O])[O]3)[O]2)[CH2][CH]([OH])[CH]1[CH3]
3534,[CH2]=[C]([CH3])[CH]1[CH2][CH2][C]2([CH3])[CH2][CH2][C]3([CH3])[CH]([CH2][CH2][CH]4[C]5([CH3])[CH2][CH2][CH]([OH])[C]([CH3])([CH3])[CH]5[CH2][CH2][C]43[CH3])[CH]12
3535,[CH3][CH2][CH]([CH3])[CH]1[O][C]2([CH]=[CH][CH]1[CH3])[CH2][CH]1[CH2][CH]([CH2][CH]=[C]([CH3])[CH]([OH])[CH]([CH3])[CH]=[CH][CH]=[C]3[CH2][O][CH]4[C](=[O])[C]([CH3])=[CH][CH]([C](=[O])[O]1)[C]34[OH])[O]2
3536,[CH3][CH2][CH]([CH3])[CH]1[O][C]2([CH]=[CH][CH]1[CH3])[CH2][CH]1[CH2][CH]([CH2][CH]=[C]([CH3])[CH]([OH])[CH]([CH3])[CH]=[CH][CH]=[C]([CH3])[C]3([OH])[CH2][C](=[O])[C]([CH3])=[CH][CH]3[C](=[O])[O]1)[O]2
3537,[CH3][C]1=[CH][CH]2[C](=[O])[O][CH]3[CH2][CH]([CH2][CH]=[C]([CH3])[CH]([OH])[CH]([CH3])[CH]=[CH][CH]=[C]4[CH2][O][CH]([C]1=[O])[C]42[OH])[O][C]1([CH2]3)[CH2][CH]([OH])[CH]([CH3])[CH]([CH]([CH3])[CH3])[O]1
3538,[CH3][C]1=[CH][CH]2[C](=[O])[O][CH]3[CH2][CH]([CH2][CH]=[C]([CH3])[CH]([OH])[CH]([CH3])[CH]=[CH][CH]=[C]([CH3])[C]2([OH])[CH2][C]1=[O])[O][C]1([CH2]3)[CH2][CH]([OH])[CH]([CH3])[CH]([CH]([CH3])[CH3])[O]1
3539,[CH3][C]1([CH3])[CH2][CH2][C]2([CH3])[CH2][CH2][C]3([CH3])[C](=[CH][CH2][CH]4[C]5([CH3])[CH2][CH2][CH]([OH])[C]([CH3])([CH3])[CH]5[CH2][CH2][C]43[CH3])[CH]2[CH2]1
3540,[CH3][C]1=[CH][CH]2[C](=[O])[O][CH]3[CH2][CH]([CH2][CH]=[C]([CH3])[CH]([OH])[CH]([CH3])[CH]=[CH][CH]=[C]4[CH2][O][CH]([C]1=[O])[C]42[OH])[O][C]1([CH]=[CH][CH]([CH3])[CH]([CH]([CH3])[CH3])[O]1)[CH2]3
3541,[CH3][C]1=[CH][CH]2[C](=[O])[O][CH]3[CH2][CH]([CH2][CH]=[C]([CH3])[CH]([OH])[CH]([CH3])[CH]=[CH][CH]=[C]([CH3])[C]2([OH])[CH2][C]1=[O])[O][C]1([CH]=[CH][CH]([CH3])[CH]([CH]([CH3])[CH3])[O]1)[CH2]3
3542,[CH3][CH]1[CH2][CH2][C]2([CH3])[CH2][CH2][C]3([CH3])[C](=[CH][CH2][CH]4[C]5([CH3])[CH2][CH2][CH]([OH])[C]([CH3])([CH3])[CH]5[CH2][CH2][C]43[CH3])[CH]2[CH]1[CH3]
3543,[CH3][CH2][CH]([CH3])[CH]1[O][C]2([CH2][CH]3[CH2][CH]([CH2][CH]=[C]([CH3])[CH]([OH])[CH]([CH3])[CH]=[CH][CH]=[C]4[CH2][O][CH]5[CH]([OH])[C]([CH3])=[CH][CH]([C](=[O])[O]3)[C]45[OH])[O]2)[CH2][CH]([OH])[CH]1[CH3]
3544,[CH3][CH2][CH]([CH3])[CH]1[O][C]2([CH]=[CH][CH]1[CH3])[CH2][CH]1[CH2][CH]([CH2][CH]=[C]([CH3])[CH]([OH])[CH]([CH3])[CH]=[CH][CH]=[C]3[CH2][O][CH]4[CH]([OH])[C]([CH3])=[CH][CH]([C](=[O])[O]1)[C]34[OH])[O]2
3545,[CH3][C]1=[CH][CH2][CH]2[CH2][CH]([CH2][C]3([CH2][CH]([OH])[CH]([CH3])[CH]([CH]([CH3])[CH3])[O]3)[O]2)[O][C](=[O])[CH]2[CH]=[C]([CH3])[CH]([OH])[CH]3[O][CH2][C](=[CH][CH]=[CH][CH]([CH3])[CH]1[OH])[C]23[OH]
3546,[CH3][C]1=[CH][CH2][CH]2[CH2][CH]([CH2][C]3([CH]=[CH][CH]([CH3])[CH]([CH]([CH3])[CH3])[O]3)[O]2)[O][C](=[O])[CH]2[CH]=[C]([CH3])[CH]([OH])[CH]3[O][CH2][C](=[CH][CH]=[CH][CH]([CH3])[CH]1[OH])[C]23[OH]
3547,[CH3][CH2][CH]([CH3])[CH]1[O][C]2([CH2][CH]3[CH2][CH]([CH2][CH]=[C]([CH3])[CH]([OH])[CH]([CH3])[CH]=[CH][CH]=[C]4[CH2][O][CH]5[CH]([O][CH3])[C]([CH3])=[CH][CH]([C](=[O])[O]3)[C]45[OH])[O]2)[CH2][CH]([OH])[CH]1[CH3]
3548,[CH3][CH2][CH]([CH3])[CH]1[O][C]2([CH]=[CH][CH]1[CH3])[CH2][CH]1[CH2][CH]([CH2][CH]=[C]([CH3])[CH]([OH])[CH]([CH3])[CH]=[CH][CH]=[C]3[CH2][O][CH]4[CH]([O][CH3])[C]([CH3])=[CH][CH]([C](=[O])[O]1)[C]34[OH])[O]2
3549,[CH3][O][CH]1[C]([CH3])=[CH][CH]2[C](=[O])[O][CH]3[CH2][CH]([CH2][CH]=[C]([CH3])[CH]([OH])[CH]([CH3])[CH]=[CH][CH]=[C]4[CH2][O][CH]1[C]42[OH])[O][C]1([CH2]3)[CH2][CH]([OH])[CH]([CH3])[CH]([CH]([CH3])[CH3])[O]1
3550,[CH3][O][CH]1[C]([CH3])=[CH][CH]2[C](=[O])[O][CH]3[CH2][CH]([CH2][CH]=[C]([CH3])[CH]([OH])[CH]([CH3])[CH]=[CH][CH]=[C]4[CH2][O][CH]1[C]42[OH])[O][C]1([CH]=[CH][CH]([CH3])[CH]([CH]([CH3])[CH3])[O]1)[CH2]3
3551,[CH3][O][CH]1[CH2][CH]([O][P](=[O])([OH])[O][P](=[O])([OH])[O][CH2][CH]2[O][CH]([n]3[cH][c]([CH3])[c]([OH])[n][c]3=[O])[CH2][CH]2[OH])[O][CH]([CH3])[CH]1[OH]
3552,[CH3][CH2][CH]([CH3])[CH]1[O][C]2([CH2][CH]3[CH2][CH]([CH2][CH]=[C]([CH3])[CH]([O][CH]4[CH2][CH]([O][CH3])[CH]([OH])[CH]([CH3])[O]4)[CH]([CH3])[CH]=[CH][CH]=[C]4[CH2][O][CH]5[CH]([OH])[C]([CH3])=[CH][CH]([C](=[O])[O]3)[C]45[OH])[O]2)[CH2][CH]([OH])[CH]1[CH3]
3553,[CH3][CH2][CH]([CH3])[CH]1[O][C]2([CH2][CH]3[CH2][CH]([CH2][CH]=[C]([CH3])[CH]([O][CH]4[CH2][CH]([O][CH3])[CH]([O][CH]5[CH2][CH]([O][CH3])[CH]([OH])[CH]([CH3])[O]5)[CH]([CH3])[O]4)[CH]([CH3])[CH]=[CH][CH]=[C]4[CH2][O][CH]5[CH]([OH])[C]([CH3])=[CH][CH]([C](=[O])[O]3)[C]45[OH])[O]2)[CH2][CH]([OH])[CH]1[CH3]
3554,[CH3][CH2][CH]([CH3])[CH]1[O][C]2([CH2][CH]3[CH2][CH]([CH2][CH]=[C]([CH3])[CH]([O][CH]4[CH2][CH]([O][CH3])[CH]([OH])[CH]([CH3])[O]4)[CH]([CH3])[CH]=[CH][CH]=[C]4[CH2][O][CH]5[CH]([O][CH3])[C]([CH3])=[CH][CH]([C](=[O])[O]3)[C]45[OH])[O]2)[CH2][CH]([OH])[CH]1[CH3]
3555,[CH3][CH2][CH]([CH3])[CH]1[O][C]2([CH2][CH]3[CH2][CH]([CH2][CH]=[C]([CH3])[CH]([O][CH]4[CH2][CH]([O][CH3])[CH]([O][CH]5[CH2][CH]([O][CH3])[CH]([OH])[CH]([CH3])[O]5)[CH]([CH3])[O]4)[CH]([CH3])[CH]=[CH][CH]=[C]4[CH2][O][CH]5[CH]([O][CH3])[C]([CH3])=[CH][CH]([C](=[O])[O]3)[C]45[OH])[O]2)[CH2][CH]([OH])[CH]1[CH3]
3556,[CH3][CH2][CH]([CH3])[CH]1[O][C]2([CH]=[CH][CH]1[CH3])[CH2][CH]1[CH2][CH]([CH2][CH]=[C]([CH3])[CH]([O][CH]3[CH2][CH]([O][CH3])[CH]([OH])[CH]([CH3])[O]3)[CH]([CH3])[CH]=[CH][CH]=[C]3[CH2][O][CH]4[CH]([OH])[C]([CH3])=[CH][CH]([C](=[O])[O]1)[C]34[OH])[O]2
3557,[CH3][CH2][CH]([CH3])[CH]1[O][C]2([CH]=[CH][CH]1[CH3])[CH2][CH]1[CH2][CH]([CH2][CH]=[C]([CH3])[CH]([O][CH]3[CH2][CH]([O][CH3])[CH]([O][CH]4[CH2][CH]([O][CH3])[CH]([OH])[CH]([CH3])[O]4)[CH]([CH3])[O]3)[CH]([CH3])[CH]=[CH][CH]=[C]3[CH2][O][CH]4[CH]([OH])[C]([CH3])=[CH][CH]([C](=[O])[O]1)[C]34[OH])[O]2
3558,[CH3][CH2][CH]([CH3])[CH]1[O][C]2([CH]=[CH][CH]1[CH3])[CH2][CH]1[CH2][CH]([CH2][CH]=[C]([CH3])[CH]([O][CH]3[CH2][CH]([O][CH3])[CH]([OH])[CH]([CH3])[O]3)[CH]([CH3])[CH]=[CH][CH]=[C]3[CH2][O][CH]4[CH]([O][CH3])[C]([CH3])=[CH][CH]([C](=[O])[O]1)[C]34[OH])[O]2
3559,[CH3][CH2][CH]([CH3])[CH]1[O][C]2([CH]=[CH][CH]1[CH3])[CH2][CH]1[CH2][CH]([CH2][CH]=[C]([CH3])[CH]([O][CH]3[CH2][CH]([O][CH3])[CH]([O][CH]4[CH2][CH]([O][CH3])[CH]([OH])[CH]([CH3])[O]4)[CH]([CH3])[O]3)[CH]([CH3])[CH]=[CH][CH]=[C]3[CH2][O][CH]4[CH]([O][CH3])[C]([CH3])=[CH][CH]([C](=[O])[O]1)[C]34[OH])[O]2
3560,[CH3][O][CH]1[CH2][CH]([O][CH]2[C]([CH3])=[CH][CH2][CH]3[CH2][CH]([CH2][C]4([CH2][CH]([OH])[CH]([CH3])[CH]([CH]([CH3])[CH3])[O]4)[O]3)[O][C](=[O])[CH]3[CH]=[C]([CH3])[CH]([OH])[CH]4[O][CH2][C](=[CH][CH]=[CH][CH]2[CH3])[C]34[OH])[O][CH]([CH3])[CH]1[OH]
3561,[CH3][O][CH]1[CH2][CH]([O][CH]2[CH]([CH3])[O][CH]([O][CH]3[C]([CH3])=[CH][CH2][CH]4[CH2][CH]([CH2][C]5([CH2][CH]([OH])[CH]([CH3])[CH]([CH]([CH3])[CH3])[O]5)[O]4)[O][C](=[O])[CH]4[CH]=[C]([CH3])[CH]([OH])[CH]5[O][CH2][C](=[CH][CH]=[CH][CH]3[CH3])[C]45[OH])[CH2][CH]2[O][CH3])[O][CH]([CH3])[CH]1[OH]
3562,[CH3][O][CH]1[CH2][CH]([O][CH]2[C]([CH3])=[CH][CH2][CH]3[CH2][CH]([CH2][C]4([CH2][CH]([OH])[CH]([CH3])[CH]([CH]([CH3])[CH3])[O]4)[O]3)[O][C](=[O])[CH]3[CH]=[C]([CH3])[CH]([O][CH3])[CH]4[O][CH2][C](=[CH][CH]=[CH][CH]2[CH3])[C]34[OH])[O][CH]([CH3])[CH]1[OH]
3563,[CH3][O][CH]1[CH2][CH]([O][CH]2[CH]([CH3])[O][CH]([O][CH]3[C]([CH3])=[CH][CH2][CH]4[CH2][CH]([CH2][C]5([CH2][CH]([OH])[CH]([CH3])[CH]([CH]([CH3])[CH3])[O]5)[O]4)[O][C](=[O])[CH]4[CH]=[C]([CH3])[CH]([O][CH3])[CH]5[O][CH2][C](=[CH][CH]=[CH][CH]3[CH3])[C]45[OH])[CH2][CH]2[O][CH3])[O][CH]([CH3])[CH]1[OH]
3564,[CH3][O][CH]1[CH2][CH]([O][CH]2[C]([CH3])=[CH][CH2][CH]3[CH2][CH]([CH2][C]4([CH]=[CH][CH]([CH3])[CH]([CH]([CH3])[CH3])[O]4)[O]3)[O][C](=[O])[CH]3[CH]=[C]([CH3])[CH]([OH])[CH]4[O][CH2][C](=[CH][CH]=[CH][CH]2[CH3])[C]34[OH])[O][CH]([CH3])[CH]1[OH]
3565,[CH3][O][CH]1[CH2][CH]([O][CH]2[CH]([CH3])[O][CH]([O][CH]3[C]([CH3])=[CH][CH2][CH]4[CH2][CH]([CH2][C]5([CH]=[CH][CH]([CH3])[CH]([CH]([CH3])[CH3])[O]5)[O]4)[O][C](=[O])[CH]4[CH]=[C]([CH3])[CH]([OH])[CH]5[O][CH2][C](=[CH][CH]=[CH][CH]3[CH3])[C]45[OH])[CH2][CH]2[O][CH3])[O][CH]([CH3])[CH]1[OH]
3566,[CH3][O][CH]1[CH2][CH]([O][CH]2[C]([CH3])=[CH][CH2][CH]3[CH2][CH]([CH2][C]4([CH]=[CH][CH]([CH3])[CH]([CH]([CH3])[CH3])[O]4)[O]3)[O][C](=[O])[CH]3[CH]=[C]([CH3])[CH]([O][CH3])[CH]4[O][CH2][C](=[CH][CH]=[CH][CH]2[CH3])[C]34[OH])[O][CH]([CH3])[CH]1[OH]
3567,[CH3][O][CH]1[CH2][CH]([O][CH]2[CH]([CH3])[O][CH]([O][CH]3[C]([CH3])=[CH][CH2][CH]4[CH2][CH]([CH2][C]5([CH]=[CH][CH]([CH3])[CH]([CH]([CH3])[CH3])[O]5)[O]4)[O][C](=[O])[CH]4[CH]=[C]([CH3])[CH]([O][CH3])[CH]5[O][CH2][C](=[CH][CH]=[CH][CH]3[CH3])[C]45[OH])[CH2][CH]2[O][CH3])[O][CH]([CH3])[CH]1[OH]
3568,[CH3][C]1([CH3])[CH2][CH]([OH])[C]2([CH3])[CH2][CH2][C]3([CH3])[C](=[CH][CH2][CH]4[C]5([CH3])[CH2][CH2][CH]([OH])[C]([CH3])([CH2][OH])[CH]5[CH2][CH2][C]43[CH3])[CH]2[CH2]1
3569,[CH3][CH2][CH]=[CH][CH2][CH]=[CH][CH2][CH]=[CH][CH2][CH]=[CH][CH2][CH]=[CH][CH2][CH2][CH2][C](=[O])[OH]
3570,[CH3][CH2][CH]=[CH][CH2][CH]=[CH][CH2][CH2][CH2][CH]=[CH][CH]=[CH][CH]=[CH][CH2][CH2][CH2][C](=[O])[OH]
3571,[CH3][CH2][CH]1[O][C](=[O])[CH]([CH3])[CH]([O][CH]2[CH2][C]([CH3])([OH])[CH]([OH])[CH]([CH3])[O]2)[CH]([CH3])[CH]([O][CH]2[O][CH]([CH3])[CH2][CH]([N]([CH3])[CH3])[CH]2[OH])[C]([CH3])([O][CH]2[CH2][CH]([N]([CH3])[CH3])[CH]([OH])[CH]([CH3])[O]2)[CH2][CH]([CH3])[C](=[O])[CH]([CH3])[CH]([OH])[C]1([CH3])[OH]
3572,[CH3][c]1[cH][n]([CH]2[CH2][CH]([OH])[CH]([CH2][O][P](=[O])([OH])[O][P](=[O])([OH])[O][CH]3[CH2][CH]([N]([CH3])[CH3])[CH]([OH])[CH]([CH3])[O]3)[O]2)[c](=[O])[n][c]1[OH]
3573,[CH2]=[C]([CH3])[CH]1[CH2][CH2][C]2([CH2]1)[C]([CH3])=[CH][CH2][CH2][CH]2[CH3]
3574,[OH][c]1[cH][c]([OH])[c]2[c]([cH]1)[O][CH]([c]1[cH][cH][c]([OH])[c]([OH])[cH]1)[CH]([OH])[CH2]2
3575,[OH][c]1[cH][c]([OH])[c]2[c]([cH]1)[O][CH]([c]1[cH][c]([OH])[c]([OH])[c]([OH])[cH]1)[CH]([OH])[CH2]2
3576,[OH][CH2][CH]1[O][CH]([O][c]2[cH][c]3[c]([OH])[cH][c]([OH])[cH][c]3[o+][c]2-[c]2[cH][cH][c]([OH])[cH][cH]2)[CH]([OH])[CH]([OH])[CH]1[OH]
3577,[OH][c]1[cH][cH][c](-[c]2[o+][c]3[cH][c]([OH])[cH][c]([OH])[c]3[cH][c]2[OH])[cH][cH]1
3578,[OH][CH2][CH]1[O][CH]([O][c]2[cH][c]3[c]([OH])[cH][c]([OH])[cH][c]3[o+][c]2-[c]2[cH][cH][c]([OH])[c]([OH])[cH]2)[CH]([OH])[CH]([OH])[CH]1[OH]
3579,[OH][c]1[cH][c]([OH])[c]2[cH][c]([OH])[c](-[c]3[cH][cH][c]([OH])[c]([OH])[cH]3)[o+][c]2[cH]1
3580,[OH][CH2][CH]1[O][CH]([O][c]2[cH][c]3[c]([OH])[cH][c]([OH])[cH][c]3[o+][c]2-[c]2[cH][c]([OH])[c]([OH])[c]([OH])[cH]2)[CH]([OH])[CH]([OH])[CH]1[OH]
3581,[OH][c]1[cH][c]([OH])[c]2[cH][c]([OH])[c](-[c]3[cH][c]([OH])[c]([OH])[c]([OH])[cH]3)[o+][c]2[cH]1
3582,[O]=[c]1[c]([OH])[c](-[c]2[cH][c]([OH])[c]([OH])[c]([OH])[cH]2)[o][c]2[cH][c]([OH])[cH][c]([OH])[c]12
3583,[OH][c]1[cH][cH][c]([CH]2[O][c]3[cH][c]([OH])[cH][c]([OH])[c]3[CH2][CH]2[OH])[cH][cH]1
3584,[OH][c]1[cH][c]([OH])[c]2[c]([cH]1)[O][CH]([c]1[cH][c]([OH])[c]([OH])[c]([OH])[cH]1)[CH]([OH])[CH2]2
3585,[O]=[C]([CH]=[CH][c]1[cH][cH][c]([OH])[cH][cH]1)[O][CH2][CH]1[O][CH]([O][c]2[cH][c]3[c]([O][CH]4[O][CH]([CH2][OH])[CH]([OH])[CH]([OH])[CH]4[OH])[cH][c]([OH])[cH][c]3[o+][c]2-[c]2[cH][cH][c]([OH])[c]([OH])[cH]2)[CH]([OH])[CH]([OH])[CH]1[OH]
3586,[OH][CH2][CH]1[O][CH]([O][c]2[cH][c]3[c]([O][CH]4[O][CH]([CH2][OH])[CH]([OH])[CH]([OH])[CH]4[OH])[cH][c]([OH])[cH][c]3[o+][c]2-[c]2[cH][cH][c]([OH])[c]([OH])[cH]2)[CH]([OH])[CH]([OH])[CH]1[OH]
3587,[O]=[c]1[cH][c]([OH])[cH][c]2[o][c](-[c]3[cH][cH][c]([OH])[c]([OH])[cH]3)[c]([O][CH]3[O][CH]([CH2][O+]=[C]([OH])[CH]=[CH][c]4[cH][cH][c]([OH])[cH][cH]4)[CH]([OH])[CH]([OH])[CH]3[OH])[cH][c]1-2
3588,[O]=[c]1[cH][c](-[c]2[cH][c]([OH])[c]([OH])[c]([OH])[cH]2)[o][c]2[cH][c]([OH])[cH][c]([OH])[c]12
3589,[O]=[C]1[CH2][CH]([c]2[cH][cH][c]([OH])[cH][cH]2)[O][c]2[cH][c]([OH])[cH][cH][c]21
3590,[O]=[c]1[c](-[c]2[cH][cH][c]([OH])[cH][cH]2)[cH][o][c]2[cH][c]([OH])[cH][cH][c]12
3591,[O]=[C]([CH]=[CH][c]1[cH][cH][c]([OH])[cH][cH]1)[c]1[cH][cH][c]([OH])[cH][c]1[OH]
3592,[CH3][O][c]1[cH][cH][c](-[c]2[cH][o][c]3[cH][c]([OH])[cH][cH][c]3[c]2=[O])[c]([OH])[cH]1
3593,[CH3][O][c]1[cH][cH][c](-[c]2[cH][o][c]3[cH][c]([OH])[cH][c]([OH])[c]3[c]2=[O])[c]([OH])[cH]1
3594,[CH3][O][c]1[cH][cH][c]([CH]2[CH2][O][c]3[cH][c]([OH])[cH][c]([OH])[c]3[C]2=[O])[c]([OH])[cH]1
3595,[CH3][O][c]1[cH][c]([CH]=[CH][CH]=[O])[cH][c]([OH])[c]1[OH]
3596,[CH3][O][c]1[cH][c]([CH]=[CH][C](=[O])[S][CH2][CH2][N]=[C]([OH])[CH2][CH2][N]=[C]([OH])[CH]([OH])[C]([CH3])([CH3])[CH2][O][P](=[O])([OH])[O][P](=[O])([OH])[O][CH2][CH]2[O][CH]([n]3[cH][n][c]4[c]([NH2])[n][cH][n][c]43)[CH]([OH])[CH]2[O][P](=[O])([OH])[OH])[cH][c]([OH])[c]1[OH]
3597,[CH3][O][c]1[cH][c]([CH]=[CH][CH2][OH])[cH][c]([OH])[c]1[OH]
3598,[OH][CH2][CH]=[CH][c]1[cH][cH][c]([OH])[c]([OH])[cH]1
3599,[O]=[C]([CH]=[CH][c]1[cH][cH][c]([OH])[c]([OH])[cH]1)[O][CH]1[CH2][C]([C](=[O])[OH])=[CH][CH]([OH])[CH]1[OH]
3600,[NH2][CH]1[CH]([OH])[CH]([CH2][OH])[O][CH]([O][P](=[O])([OH])[O][P](=[O])([OH])[O][CH2][CH]2[O][CH]([n]3[cH][cH][c]([OH])[n][c]3=[O])[CH]([OH])[CH]2[OH])[CH]1[OH]
3601,[O]=[C]1[CH]([OH])[CH]([CH2][OH])[O][CH]([O][P](=[O])([OH])[O][P](=[O])([OH])[O][CH2][CH]2[O][CH]([n]3[cH][cH][c]([OH])[n][c]3=[O])[CH]([OH])[CH]2[OH])[CH]1[OH]
3602,[NH2][CH]1[CH]([OH])[CH]([OH])[O][CH]([CH2][O][P](=[O])([OH])[OH])[CH]1[OH]
3603,[NH2][CH]1[CH]([OH])[CH]([OH])[O][CH]([CH2][OH])[CH]1[OH]
3604,[NH2][CH]1[CH]([OH])[CH]([CH2][O][P](=[O])([OH])[OH])[O][C]1([OH])[CH2][OH]
3605,[NH]=[CH][CH]([OH])[CH]([OH])[CH2][O][P](=[O])([OH])[OH]
3606,[NH2][CH]([CH2][C](=[O])[C](=[O])[OH])[CH]([OH])[CH]([OH])[CH2][O][P](=[O])([OH])[OH]
3607,[NH2][CH]1[CH2][C]([OH])([C](=[O])[OH])[CH2][C](=[O])[CH]1[OH]
3608,[CH3][C]1=[CH][CH]([CH3])[CH]([OH])[CH]([CH3])[CH]([OH])[CH]([CH3])[CH]([OH])[CH]([CH3])[CH]([OH])[CH]([CH3])[CH]=[CH][CH]=[C]([CH3])[C]([OH])=[N][C]2=[CH][C](=[O])[c]3[c]([c]([OH])[c]([CH3])[c]([OH])[c]3[C]2=[O])[C]1=[O]
3609,[CH3][C]1=[CH][CH]([CH3])[CH]([OH])[CH]([CH3])[CH]([OH])[CH]([CH3])[CH]([OH])[CH]([CH3])[CH]([OH])[CH]([CH3])[CH]=[CH][CH]=[C]([CH3])[C]([OH])=[N][C]2=[CH][C](=[O])[C]3=[C]([C]2=[O])[CH]([OH])[CH]([CH3])[C]([OH])=[C]3[C]1=[O]
3610,[OH][c]1[cH][cH][c]([CH]2[CH2][CH]([OH])[c]3[c]([OH])[cH][c]([OH])[cH][c]3[O]2)[cH][cH]1
3611,[O]=[c]1[c]([O][CH]2[O][CH]([CH2][OH])[CH]([OH])[CH]([OH])[CH]2[OH])[c](-[c]2[cH][cH][c]([OH])[cH][cH]2)[o][c]2[cH][c]([OH])[cH][c]([OH])[c]12
3612,[OH][c]1[cH][cH][c]([CH]2[O][c]3[cH][c]([OH])[cH][c]([OH])[c]3[CH2][CH]2[OH])[cH][cH]1
3613,[CH2]=[C]1[CH2][C]23[CH2][CH]1[CH2][CH2][CH]2[C]12[CH]=[CH][CH]([OH])[C]([CH3])([C](=[O])[O]1)[CH]2[CH]3[C](=[O])[OH]
3614,[OH][CH]1[CH2][CH2][CH2][CH2][CH]1[OH]
3615,[O]=[C]1[O][CH2][CH2][CH2][CH2][CH]1[OH]
3616,[O]=[C]([OH])[C](=[O])[c]1[cH][c]([OH])[cH][c]([OH])[cH]1
3617,[CH3][C]([CH3])([CH2][O][P](=[O])([OH])[O][P](=[O])([OH])[O][CH2][CH]1[O][CH]([n]2[cH][n][c]3[c]([NH2])[n][cH][n][c]32)[CH]([OH])[CH]1[O][P](=[O])([OH])[OH])[CH]([OH])[C]([OH])=[N][CH2][CH2][C]([OH])=[N][CH2][CH2][S][C](=[O])[CH2][c]1[cH][c]([OH])[cH][c]([OH])[cH]1
3618,[NH2][CH]([C](=[O])[OH])[c]1[cH][cH][c]([OH])[cH][cH]1
3619,[CH3][c]1[cH][n]([CH]2[CH2][CH]([OH])[CH]([CH2][O][P](=[O])([OH])[O][P](=[O])([OH])[O][CH]3[CH2][CH]([NH2])[C](=[O])[CH]([CH3])[O]3)[O]2)[c](=[O])[n][c]1[OH]
3620,[CH3][c]1[cH][n]([CH]2[CH2][CH]([OH])[CH]([CH2][O][P](=[O])([OH])[O][P](=[O])([OH])[O][CH]3[CH2][C]([CH3])([NH2])[C](=[O])[CH]([CH3])[O]3)[O]2)[c](=[O])[n][c]1[OH]
3621,[CH3][c]1[cH][n]([CH]2[CH2][CH]([OH])[CH]([CH2][O][P](=[O])([OH])[O][P](=[O])([OH])[O][CH]3[CH2][C]([CH3])([NH2])[CH]([OH])[CH]([CH3])[O]3)[O]2)[c](=[O])[n][c]1[OH]
3622,[CH3][c]1[cH][n]([CH]2[CH2][CH]([OH])[CH]([CH2][O][P](=[O])([OH])[O][P](=[O])([OH])[O][CH]3[CH2][C]([CH3])([NH2])[C](=[O])[CH]([CH3])[O]3)[O]2)[c](=[O])[n][c]1[OH]
3623,[CH3][c]1[cH][n]([CH]2[CH2][CH]([OH])[CH]([CH2][O][P](=[O])([OH])[O][P](=[O])([OH])[O][CH]3[CH2][C]([CH3])([NH2])[CH]([OH])[CH]([CH3])[O]3)[O]2)[c](=[O])[n][c]1[OH]
3624,[NH2][CH]([C](=[O])[OH])[c]1[cH][c]([OH])[cH][c]([OH])[cH]1
3625,[CH3][C]1([OH])[CH2][C](=[O])[c]2[c]([cH][cH][c]3[c]2[C](=[O])[c]2[cH][cH][cH][c]([OH])[c]2[C]3=[O])[CH2]1
3626,[CH3][c]1[cH][c]([OH])[c]2[c]3[c]([cH][cH][c]2[cH]1)[C](=[O])[c]1[c]([OH])[cH][cH][cH][c]1[C]3=[O]
3627,[CH3][CH]1[O][CH]([O][CH]2[CH2][CH]([c]3[cH][cH][c]4[c]([c]3[OH])[C](=[O])[c]3[cH][cH][c]5[c]([c]3[C]4=[O])[C](=[O])[CH2][C]([CH3])([OH])[CH2]5)[O][CH]([CH3])[CH]2[OH])[CH2][CH2][CH]1[OH]
3628,[CH3][c]1[cH][n]([CH]2[CH2][CH]([OH])[CH]([CH2][O][P](=[O])([OH])[O][P](=[O])([OH])[O][CH]3[CH2][CH2][CH]([OH])[CH]([CH3])[O]3)[O]2)[c](=[O])[n][c]1[OH]
3629,[CH3][CH]1[O][CH]([c]2[cH][cH][c]3[c]([c]2[OH])[C](=[O])[c]2[cH][cH][c]4[c]([c]2[C]3=[O])[C](=[O])[CH2][C]([CH3])([OH])[CH2]4)[CH2][CH]([OH])[CH]1[OH]
3630,[CH3][CH]1[O][CH]([O][CH]2[CH2][CH]([c]3[cH][cH][c]4[c]([c]3[OH])[C](=[O])[c]3[cH][cH][c]5[c]([c]3[C]4=[O])[C](=[O])[CH2][C]([CH3])([OH])[CH2]5)[O][CH]([CH3])[CH]2[OH])[CH2][CH2][CH]1[O][CH]1[CH2][CH]([OH])[CH]([OH])[CH]([CH3])[O]1
3631,[CH3][CH]1[O][CH]([O][CH]2[CH2][CH]([c]3[cH][cH][c]4[c]([c]3[OH])[C](=[O])[c]3[cH][c]([OH])[c]5[c]([c]3[C]4=[O])[C](=[O])[CH2][C]([CH3])([OH])[CH2]5)[O][CH]([CH3])[CH]2[OH])[CH2][CH2][CH]1[O][CH]1[CH2][CH]([OH])[CH]([OH])[CH]([CH3])[O]1
3632,[CH3][CH]1[O][CH]([c]2[cH][cH][c]3[c]([c]2[OH])[C](=[O])[c]2[cH][c]([OH])[c]4[c]([c]2[C]3=[O])[C](=[O])[CH2][C]([CH3])([OH])[CH2]4)[CH2][CH]([OH])[CH]1[OH]
3633,[CH3][CH]1[O][CH]([O][C]23[C](=[O])[CH2][C]([CH3])([OH])[CH2][C]2([OH])[CH2][CH]([OH])[C]2=[C]3[C](=[O])[c]3[cH][cH][c]([CH]4[CH2][CH]([O][CH]5[CH2][CH2][CH]([O][CH]6[CH2][CH]([OH])[CH]([OH])[CH]([CH3])[O]6)[CH]([CH3])[O]5)[CH]([OH])[CH]([CH3])[O]4)[c]([OH])[c]3[C]2=[O])[CH2][CH2][CH]1[OH]
3634,[CH3][CH]1[O][CH]([c]2[cH][cH][c]3[c]([c]2[OH])[C](=[O])[C]2=[C]([C]3=[O])[C]3([OH])[C](=[O])[CH2][C]([CH3])([OH])[CH2][C]3([OH])[CH2][CH]2[OH])[CH2][CH]([OH])[CH]1[OH]
3635,[CH3][CH]1[O][CH]([c]2[cH][cH][c]3[c]([c]2[OH])[C](=[O])[C]2=[C]([C]3=[O])[C]3([OH])[C](=[O])[CH2][C]([CH3])([OH])[CH2][C]3([OH])[CH]=[CH]2)[CH2][CH]([OH])[CH]1[OH]
3636,[CH3][CH]1[O][CH]([O][C]23[C](=[O])[CH2][C]([CH3])([OH])[CH2][C]2([OH])[CH]=[CH][C]2=[C]3[C](=[O])[c]3[cH][cH][c]([CH]4[CH2][CH]([OH])[CH]([OH])[CH]([CH3])[O]4)[c]([OH])[c]3[C]2=[O])[CH2][CH2][CH]1[OH]
3637,[CH3][CH]1[O][CH]([O][CH]2[CH2][CH]([c]3[cH][cH][c]4[c]([c]3[OH])[C](=[O])[C]3=[C]([C]4=[O])[C]4([O][CH]5[CH2][CH2][CH]([OH])[CH]([CH3])[O]5)[C](=[O])[CH2][C]([CH3])([OH])[CH2][C]4([OH])[CH]=[CH]3)[O][CH]([CH3])[CH]2[OH])[CH2][CH2][CH]1[OH]
3638,[CH3][CH]1[O][CH]([O][C]23[C](=[O])[CH2][C]([CH3])([OH])[CH2][C]2([OH])[CH]=[CH][C]2=[C]3[C](=[O])[c]3[cH][cH][c]([CH]4[CH2][CH]([O][CH]5[CH2][CH2][CH]([O][CH]6[CH2][CH]([OH])[CH]([OH])[CH]([CH3])[O]6)[CH]([CH3])[O]5)[CH]([OH])[CH]([CH3])[O]4)[c]([OH])[c]3[C]2=[O])[CH2][CH2][CH]1[OH]
3639,[CH3][C](=[O])[CH2][C](=[O])[c]1[c]([CH2][C](=[O])[OH])[cH][c]2[c]([c]1[OH])[C](=[O])[c]1[c]([OH])[cH][cH][cH][c]1[C]2=[O]
3640,[CH3][O][C](=[O])[CH2][c]1[cH][c]2[c]([c]([OH])[c]1[C](=[O])[CH2][C]([CH3])=[O])[C](=[O])[c]1[c]([OH])[cH][cH][cH][c]1[C]2=[O]
3641,[CH3][O][C](=[O])[CH]1[c]2[cH][c]3[c]([c]([OH])[c]2[C](=[O])[CH2][C]1([CH3])[OH])[C](=[O])[c]1[c]([OH])[cH][cH][cH][c]1[C]3=[O]
3642,[CH3][O][C](=[O])[CH]1[c]2[cH][c]3[c]([c]([OH])[c]2[CH]([OH])[CH2][C]1([CH3])[OH])[C](=[O])[c]1[c]([OH])[cH][cH][cH][c]1[C]3=[O]
3643,[CH3][O][C](=[O])[CH2][c]1[cH][c]2[c]([c]([OH])[c]1[C](=[O])[CH2][CH]([CH3])[OH])[C](=[O])[c]1[c]([OH])[cH][cH][cH][c]1[C]2=[O]
3644,[CH3][CH2][C](=[O])[CH2][C](=[O])[c]1[c]([CH2][C](=[O])[OH])[cH][c]2[c]([c]1[OH])[C](=[O])[c]1[c]([OH])[cH][cH][cH][c]1[C]2=[O]
3645,[CH3][CH2][C](=[O])[CH2][C](=[O])[c]1[c]([CH2][C](=[O])[OH])[cH][c]2[c]([c]1[OH])[C](=[O])[c]1[c]([OH])[cH][cH][cH][c]1[CH2]2
3646,[CH3][CH2][C](=[O])[CH2][C](=[O])[c]1[c]([CH2][C](=[O])[O][CH3])[cH][c]2[c]([c]1[OH])[C](=[O])[c]1[c]([OH])[cH][cH][cH][c]1[C]2=[O]
3647,[CH3][CH2][C]1([OH])[CH2][C](=[O])[c]2[c]([cH][c]3[c]([c]2[OH])[C](=[O])[c]2[c]([OH])[cH][cH][cH][c]2[C]3=[O])[CH]1[C](=[O])[O][CH3]
3648,[CH3][CH2][C]1([OH])[CH2][CH]([OH])[c]2[c]([cH][c]3[c]([c]2[OH])[C](=[O])[c]2[c]([OH])[cH][cH][cH][c]2[C]3=[O])[CH]1[C](=[O])[O][CH3]
3649,[CH3][CH2][C]1([OH])[CH2][CH]([OH])[c]2[c]([OH])[c]3[c]([c]([OH])[c]2[CH]1[C](=[O])[O][CH3])[C](=[O])[c]1[cH][cH][cH][c]([OH])[c]1[C]3=[O]
3650,[CH3][CH2][C]1([OH])[CH2][CH]([O][CH]2[CH2][CH]([NH2])[CH]([OH])[CH]([CH3])[O]2)[c]2[c]([OH])[c]3[c]([c]([OH])[c]2[CH]1[C](=[O])[O][CH3])[C](=[O])[c]1[cH][cH][cH][c]([OH])[c]1[C]3=[O]
3651,[CH3][c]1[cH][n]([CH]2[CH2][CH]([OH])[CH]([CH2][O][P](=[O])([OH])[O][P](=[O])([OH])[O][CH]3[CH2][CH]([NH2])[CH]([OH])[CH]([CH3])[O]3)[O]2)[c](=[O])[n][c]1[OH]
3652,[CH3][CH2][C]1([OH])[CH2][CH]([O][CH]2[CH2][CH]([NH2])[CH]([OH])[CH]([CH3])[O]2)[c]2[c]([OH])[c]3[c]([c]([OH])[c]2[CH]1[C](=[O])[OH])[C](=[O])[c]1[cH][cH][cH][c]([OH])[c]1[C]3=[O]
3653,[CH3][CH2][C]1([OH])[CH2][c]2[c]([OH])[c]3[c]([c]([OH])[c]2[CH]([O][CH]2[CH2][CH]([NH2])[CH]([OH])[CH]([CH3])[O]2)[CH2]1)[C](=[O])[c]1[c]([OH])[cH][cH][cH][c]1[C]3=[O]
3654,[CH3][CH2][C]1([OH])[CH2][c]2[c]([OH])[c]3[c]([c]([OH])[c]2[CH]([O][CH]2[CH2][CH]([NH2])[CH]([OH])[CH]([CH3])[O]2)[CH2]1)[C](=[O])[c]1[c]([O][CH3])[cH][cH][cH][c]1[C]3=[O]
3655,[CH3][O][c]1[cH][cH][cH][c]2[c]1[C](=[O])[c]1[c]([OH])[c]3[c]([c]([OH])[c]1[C]2=[O])[CH2][C]([OH])([CH]([CH3])[OH])[CH2][CH]3[O][CH]1[CH2][CH]([NH2])[CH]([OH])[CH]([CH3])[O]1
3656,[CH3][O][c]1[cH][cH][cH][c]2[c]1[C](=[O])[c]1[c]([OH])[c]3[c]([c]([OH])[c]1[C]2=[O])[CH2][C]([OH])([C]([CH3])=[O])[CH2][CH]3[O][CH]1[CH2][CH]([NH2])[CH]([OH])[CH]([CH3])[O]1
3657,[CH3][O][c]1[cH][cH][cH][c]2[c]1[C](=[O])[c]1[c]([OH])[c]3[c]([c]([OH])[c]1[C]2=[O])[CH2][C]([OH])([C](=[O])[CH2][OH])[CH2][CH]3[O][CH]1[CH2][CH]([NH2])[CH]([OH])[CH]([CH3])[O]1
3658,[CH3][CH]1[O][CH]([O][CH]2[CH2][C]([OH])([CH]([CH3])[OH])[CH2][c]3[c]([OH])[c]4[c]([c]([OH])[c]32)[C](=[O])[c]2[c]([OH])[cH][cH][cH][c]2[C]4=[O])[CH2][CH]([NH2])[CH]1[OH]
3659,[CH3][C](=[O])[C]1([OH])[CH2][c]2[c]([OH])[c]3[c]([c]([OH])[c]2[CH]([O][CH]2[CH2][CH]([NH2])[CH]([OH])[CH]([CH3])[O]2)[CH2]1)[C](=[O])[c]1[c]([OH])[cH][cH][cH][c]1[C]3=[O]
3660,[CH3][O][c]1[cH][cH][cH][c]2[c]1[C](=[O])[c]1[c]([OH])[c]3[c]([c]([OH])[c]1[C]2=[O])[CH2][C]([OH])([CH]([CH3])[OH])[CH2][CH]3[O][CH]1[CH2][CH]([NH2])[CH]([OH])[CH]([CH3])[O]1
3661,[CH3][C]1=[C]2[C](=[O])[c]3[c]([OH])[cH][cH][cH][c]3[CH]=[C]2[CH2][CH]([CH2][C](=[O])[OH])[O]1
3662,[CH3][CH]1[O][CH]([CH2][C](=[O])[OH])[CH2][C]2=[C]1[C](=[O])[c]1[c]([OH])[cH][cH][cH][c]1[CH2]2
3663,[CH3][CH]1[O][CH]([CH2][C](=[O])[OH])[CH2][C]2=[C]1[C](=[O])[c]1[c]([OH])[cH][cH][cH][c]1[C]2=[O]
3664,[CH3][CH]1[O][CH]([CH2][C](=[O])[OH])[CH2][c]2[c]1[c]([OH])[c]1[c]([OH])[cH][cH][c]([OH])[c]1[c]2[OH]
3665,[CH3][CH]1[O][CH]([CH2][C](=[O])[OH])[CH2][c]2[c]([OH])[c]3[c]([c]([OH])[c]21)[C](=[O])[C]([C]1=[CH][C](=[O])[c]2[c]([OH])[c]4[c]([c]([OH])[c]2[C]1=[O])[CH]([CH3])[O][CH]([CH2][C](=[O])[OH])[CH2]4)=[CH][C]3=[O]
3666,[CH3][C](=[O])[c]1[c]([CH]=[C]([OH])[CH2][C](=[O])[OH])[cH][c]2[c]([c]1[OH])[C](=[O])[c]1[c]([OH])[cH][c]([OH])[cH][c]1[CH2]2
3667,[CH3][c]1[c]([C](=[O])[OH])[c]([OH])[cH][c]2[cH][c]3[c]([c]([OH])[c]12)[C](=[O])[c]1[c]([OH])[cH][c]([OH])[cH][c]1[CH2]3
3668,[CH3][c]1[c]([C](=[O])[OH])[c]([OH])[cH][c]2[cH][c]3[c]([c]([OH])[c]12)[C](=[O])[c]1[c]([OH])[cH][c]([OH])[cH][c]1[C]3=[O]
3669,[CH3][O][c]1[cH][c]([OH])[c]2[c]([cH]1)[C](=[O])[c]1[cH][c]3[cH][c]([O][CH3])[c]([C](=[O])[OH])[c]([CH3])[c]3[c]([OH])[c]1[C]2=[O]
3670,[CH3][O][C](=[O])[c]1[c]([O][CH3])[cH][c]2[cH][c]3[c]([c]([OH])[c]2[c]1[CH3])[C](=[O])[c]1[c]([OH])[cH][c]([O][CH3])[cH][c]1[C]3=[O]
3671,[CH3][O][C](=[O])[c]1[c]([O][CH3])[cH][c]2[cH][c]3[c]([c]([OH])[c]2[c]1[CH3])[C](=[O])[C]1([OH])[C](=[O])[CH]=[C]([O][CH3])[CH]([OH])[C]1([OH])[C]3=[O]
3672,[CH3][O][C](=[O])[c]1[c]([OH])[cH][c]2[cH][c]3[c]([c]([OH])[c]2[c]1[CH3])[C](=[O])[c]1[c]([OH])[cH][c]([O][CH3])[cH][c]1[C]3=[O]
3673,[CH3][O][c]1[cH][c]([OH])[c]2[c]([cH]1)[C](=[O])[c]1[cH][c]3[cH][c]([OH])[c]([C](=[O])[OH])[c]([CH3])[c]3[c]([OH])[c]1[C]2=[O]
3674,[CH3][O][CH]1[C]([OH])=[C]([C]([CH3])=[O])[C](=[O])[C]2([O][CH]3[CH2][CH]([OH])[CH]([OH])[CH]([CH3])[O]3)[C](=[O])[c]3[c]([cH][c]4[cH][c]([OH])[cH][c]([OH])[c]4[c]3[OH])[CH2][CH]12
3675,[CH3][O][CH]1[C]([OH])=[C]([C]([CH3])=[O])[C](=[O])[C]2([OH])[C](=[O])[c]3[c]([cH][c]4[cH][c]([OH])[cH][c]([OH])[c]4[c]3[OH])[CH2][CH]12
3676,[CH3][O][CH]1[C]([OH])=[C]([C]([CH3])=[O])[C](=[O])[C]2([O][CH]3[CH2][CH]([O][CH]4[CH2][CH]([OH])[CH]([OH])[CH]([CH3])[O]4)[CH]([OH])[CH]([CH3])[O]3)[C](=[O])[c]3[c]([cH][c]4[cH][c]([OH])[cH][c]([OH])[c]4[c]3[OH])[CH2][CH]12
3677,[CH3][c]1[cH][n]([CH]2[CH2][CH]([OH])[CH]([CH2][O][P](=[O])([OH])[O][P](=[O])([OH])[O][CH]3[CH2][CH]([OH])[CH]([OH])[CH]([CH3])[O]3)[O]2)[c](=[O])[n][c]1[OH]
3678,[CH3][O][CH]1[C]([OH])=[C]([C]([CH3])=[O])[C](=[O])[C]2([O][CH]3[CH2][CH]([O][CH]4[CH2][CH]([O][CH]5[CH2][C]([CH3])([OH])[CH]([OH])[CH]([CH3])[O]5)[CH]([OH])[CH]([CH3])[O]4)[CH]([OH])[CH]([CH3])[O]3)[C](=[O])[c]3[c]([cH][c]4[cH][c]([OH])[cH][c]([OH])[c]4[c]3[OH])[CH2][CH]12
3679,[CH3][c]1[cH][n]([CH]2[CH2][CH]([OH])[CH]([CH2][O][P](=[O])([OH])[O][P](=[O])([OH])[O][CH]3[CH2][C]([CH3])([OH])[CH]([OH])[CH]([CH3])[O]3)[O]2)[c](=[O])[n][c]1[OH]
3680,[CH3][O][CH]1[C]([OH])=[C]([C]([CH3])=[O])[C](=[O])[C]2([O][CH]3[CH2][CH]([O][CH]4[CH2][CH]([O][CH]5[CH2][C]([CH3])([OH])[CH]([OH])[CH]([CH3])[O]5)[CH]([OH])[CH]([CH3])[O]4)[CH]([OH])[CH]([CH3])[O]3)[C](=[O])[c]3[c]([cH][c]4[cH][c]([OH])[c]([CH3])[c]([OH])[c]4[c]3[OH])[CH2][CH]12
3681,[CH3][O][C](=[O])[CH]1[CH]([OH])[CH2][CH]2[CH2][CH2][CH]1[N]2[CH3]
3682,[CH3][O][C](=[O])[CH]1[CH]([O][C](=[O])[c]2[cH][cH][cH][cH][cH]2)[CH2][CH]2[CH2][CH2][CH]1[N]2[CH3]
3683,[CH3][N]1[CH]2[CH2][CH2][CH]1[CH]([C](=[O])[OH])[CH]([OH])[CH2]2
3684,[CH3][C](=[O])[CH2][CH]1[CH2][CH2][CH2][N]1[CH3]
3685,[CH3][C](=[O])[O][CH]1[CH2][CH]2[CH2][CH2][CH]([CH2]1)[N]2[CH3]
3686,[NH2][CH2][CH2][CH2][CH2][CH]=[O]
3687,[CH3][C]([CH3])=[CH][CH2][c]1[cH][c]([CH2][C](=[O])[C](=[O])[OH])[cH][cH][c]1[OH]
3688,[CH3][C]([CH3])=[CH][CH2][c]1[cH][c]([CH]([OH])[C](=[O])[OH])[cH][cH][c]1[OH]
3689,[CH3][C]([CH3])=[CH][CH2][c]1[cH][c]([C](=[O])[OH])[cH][cH][c]1[OH]
3690,[CH3][c]1[cH][n]([CH]2[CH2][CH]([OH])[CH]([CH2][O][P](=[O])([OH])[O][P](=[O])([OH])[O][CH]3[O][C]([CH3])([CH3])[CH]([OH])[CH]([OH])[CH]3[OH])[O]2)[c](=[O])[n][c]1[OH]
3691,[CH3][c]1[c]([C]([OH])=[N][c]2[c]([OH])[c]3[cH][cH][c]([OH])[c]([CH3])[c]3[o][c]2=[O])[cH][nH][c]1[C]([OH])=[N][c]1[c]([OH])[c]2[cH][cH][c]([OH])[c]([CH3])[c]2[o][c]1=[O]
3692,[CH3][O][CH]1[CH]([OH])[CH]([OH])[CH]([O][c]2[cH][cH][c]3[c]([OH])[c]([N]=[C]([OH])[c]4[cH][nH][c]([C]([OH])=[N][c]5[c]([OH])[c]6[cH][cH][c]([O][CH]7[O][C]([CH3])([CH3])[CH]([O][CH3])[CH]([OH])[CH]7[OH])[c]([CH3])[c]6[o][c]5=[O])[c]4[CH3])[c](=[O])[o][c]3[c]2[CH3])[O][C]1([CH3])[CH3]
3693,[CH3][C]([CH3])=[CH][CH2][c]1[cH][c]([C](=[O])[NH][c]2[c]([OH])[c]3[cH][cH][c]([O][CH]4[O][C]([CH3])([CH3])[CH]([OH])[CH]([OH])[CH]4[OH])[c]([CH3])[c]3[o][c]2=[O])[cH][cH][c]1[OH]
3694,[CH3][C]([CH3])=[CH][CH2][c]1[cH][c]([C](=[O])[NH][c]2[c]([OH])[c]3[cH][cH][c]([OH])[c]([CH3])[c]3[o][c]2=[O])[cH][cH][c]1[OH]
3695,[CH3][O][CH]1[CH]([OH])[CH]([OH])[CH]([O][c]2[cH][cH][c]3[c]([OH])[c]([NH][C](=[O])[c]4[cH][cH][c]([OH])[c]([CH2][CH]=[C]([CH3])[CH3])[cH]4)[c](=[O])[o][c]3[c]2[CH3])[O][C]1([CH3])[CH3]
3696,[CH3][O][CH]1[CH]([O][C](=[NH])[OH])[CH]([OH])[CH]([O][c]2[cH][cH][c]3[c]([OH])[c]([NH][C](=[O])[c]4[cH][cH][c]([OH])[c]([CH2][CH]=[C]([CH3])[CH3])[cH]4)[c](=[O])[o][c]3[c]2[CH3])[O][C]1([CH3])[CH3]
3697,[CH3][C]([CH3])=[CH][CH2][c]1[cH][c]([C](=[O])[NH][c]2[c]([OH])[c]3[cH][cH][c]([O][CH]4[O][C]([CH3])([CH3])[CH]([OH])[CH]([OH])[CH]4[OH])[c]([Cl])[c]3[o][c]2=[O])[cH][cH][c]1[OH]
3698,[CH3][C]([CH3])=[CH][CH2][c]1[cH][c]([C](=[O])[NH][c]2[c]([OH])[c]3[cH][cH][c]([OH])[c]([Cl])[c]3[o][c]2=[O])[cH][cH][c]1[OH]
3699,[CH3][O][CH]1[CH]([OH])[CH]([OH])[CH]([O][c]2[cH][cH][c]3[c]([OH])[c]([NH][C](=[O])[c]4[cH][cH][c]([OH])[c]([CH2][CH]=[C]([CH3])[CH3])[cH]4)[c](=[O])[o][c]3[c]2[Cl])[O][C]1([CH3])[CH3]
3700,[NH2][c]1[c]([OH])[c]2[cH][cH][c]([OH])[c]([Cl])[c]2[o][c]1=[O]
3701,[CH3][c]1[c]([C](=[O])[OH])[cH][nH][c]1[C](=[O])[OH]
3702,[NH2][c]1[c]([OH])[c]2[cH][cH][c]([OH])[cH][c]2[o][c]1=[O]
3703,[CH3][c]1[c]([C](=[O])[OH])[cH][nH][c]1[C]([OH])=[N][c]1[c]([OH])[c]2[cH][cH][c]([OH])[cH][c]2[o][c]1=[O]
3704,[CH]1=[CH][CH2][CH]([c]2[cH][cH][cH][n][cH]2)[NH][CH2]1
3705,[CH]1=[CH][CH2][N]=[CH][CH2]1
3706,[O]=[C]([OH])[CH2][CH2][C]1=[CH][CH]=[CH][CH]([OH])[CH]1[OH]
3707,[O]=[C]1[c]2[c]([OH])[cH][c]([OH])[cH][c]2[O][CH]([OH])[CH]1[c]1[cH][cH][c]([OH])[cH][cH]1
3708,[CH3][O][c]1[cH][c]([OH])[c]2[c](=[O])[c](-[c]3[cH][cH][c]([OH])[cH][cH]3)[cH][o][c]2[cH]1
3709,[CH3][O][c]1[cH][cH][c](-[c]2[cH][o][c]3[cH][c]([O][CH]4[O][CH]([CH2][O][C](=[O])[CH2][C](=[O])[OH])[CH]([OH])[CH]([OH])[CH]4[OH])[cH][c]([OH])[c]3[c]2=[O])[cH][cH]1
3710,[CH3][O][c]1[cH][cH][c](-[c]2[cH][o][c]3[cH][c]([O][CH]4[O][CH]([CH2][OH])[CH]([OH])[CH]([OH])[CH]4[OH])[cH][c]([OH])[c]3[c]2=[O])[cH][cH]1
3711,[O]=[C]([OH])[CH2][C](=[O])[O][CH2][CH]1[O][CH]([O][c]2[c](-[c]3[cH][cH][c]([OH])[c]([OH])[cH]3)[o][c]3[cH][c]([OH])[cH][c]([OH])[c]3[c]2=[O])[CH]([OH])[CH]([OH])[CH]1[OH]
3712,[O]=[C]1[CH]=[CH][C](=[C]2[O][c]3[cH][c]([OH])[cH][c]([O][CH]4[O][CH]([CH2][O][C](=[O])[CH2][C](=[O])[OH])[CH]([OH])[CH]([OH])[CH]4[OH])[c]3[CH]=[C]2[O][CH]2[O][CH]([CH2][O+]=[C]([OH])[CH]=[CH][c]3[cH][cH][c]([OH])[c]([OH])[cH]3)[CH]([OH])[CH]([OH])[CH]2[OH])[CH]=[CH]1
3713,[O]=[C]1[CH]=[CH][C](=[C]2[O][c]3[cH][c]([OH])[cH][c]([O][CH]4[O][CH]([CH2][OH])[CH]([OH])[CH]([OH])[CH]4[OH])[c]3[CH]=[C]2[O][CH]2[O][CH]([CH2][O+]=[C]([OH])[CH]=[CH][c]3[cH][cH][c]([OH])[c]([OH])[cH]3)[CH]([OH])[CH]([OH])[CH]2[OH])[CH]=[CH]1
3714,[O]=[C]1[CH]=[CH][C](=[C]2[O][c]3[cH][c]([OH])[cH][c]([O][CH]4[O][CH]([CH2][O][C](=[O])[CH2][C](=[O])[OH])[CH]([O][C](=[O])[CH2][C](=[O])[OH])[CH]([OH])[CH]4[OH])[c]3[CH]=[C]2[O][CH]2[O][CH]([CH2][O+]=[C]([OH])[CH]=[CH][c]3[cH][cH][c]([OH])[c]([OH])[cH]3)[CH]([OH])[CH]([OH])[CH]2[OH])[CH]=[CH]1
3715,[O]=[C]([OH])[CH2][C](=[O])[O][CH2][CH]1[O][CH]([O][c]2[cH][c]3[c]([OH])[cH][c]([OH])[cH][c]3[o+][c]2-[c]2[cH][cH][c]([OH])[cH][cH]2)[CH]([OH])[CH]([OH])[CH]1[OH]
3716,[CH3][CH]1[O][CH]([O][CH2][CH]2[O][CH]([O][c]3[cH][c]4[c]([OH])[cH][c]([OH])[cH][c]4[o+][c]3-[c]3[cH][cH][c]([OH])[cH][cH]3)[CH]([OH])[CH]([OH])[CH]2[OH])[CH]([OH])[CH]([OH])[CH]1[OH]
3717,[CH3][CH]1[O][CH]([O][CH2][CH]2[O][CH]([O][c]3[cH][c]4[c]([O][CH]5[O][CH]([CH2][OH])[CH]([OH])[CH]([OH])[CH]5[OH])[cH][c]([OH])[cH][c]4[o+][c]3-[c]3[cH][cH][c]([OH])[cH][cH]3)[CH]([OH])[CH]([OH])[CH]2[OH])[CH]([OH])[CH]([OH])[CH]1[OH]
3718,[O]=[c]1[c]([O][CH]2[O][CH]([CH2][OH])[CH]([OH])[CH]([OH])[CH]2[O][CH]2[O][CH]([CH2][OH])[CH]([OH])[CH]([OH])[CH]2[OH])[c](-[c]2[cH][cH][c]([OH])[cH][cH]2)[o][c]2[cH][c]([OH])[cH][c]([OH])[c]12
3719,[O]=[c]1[c]([O][CH]2[O][CH]([CH2][OH])[CH]([OH])[CH]([OH])[CH]2[O][CH]2[O][CH]([CH2][OH])[CH]([OH])[CH]([OH])[CH]2[O][CH]2[O][CH]([CH2][OH])[CH]([OH])[CH]([OH])[CH]2[OH])[c](-[c]2[cH][cH][c]([OH])[cH][cH]2)[o][c]2[cH][c]([OH])[cH][c]([OH])[c]12
3720,[O]=[C]([CH]=[CH][c]1[cH][cH][c]([OH])[cH][cH]1)[O][CH2][CH]1[O][CH]([O][CH]2[CH]([O][CH]3[CH]([O][c]4[c](-[c]5[cH][cH][c]([OH])[cH][cH]5)[o][c]5[cH][c]([OH])[cH][c]([OH])[c]5[c]4=[O])[O][CH]([CH2][OH])[CH]([OH])[CH]3[OH])[O][CH]([CH2][OH])[CH]([OH])[CH]2[OH])[CH]([OH])[CH]([OH])[CH]1[OH]
3721,[CH3][O][c]1[cH][cH][c](-[c]2[o][c]3[cH][c]([OH])[cH][c]([OH])[c]3[c](=[O])[c]2[OH])[cH][cH]1
3722,[O]=[c]1[c]([O][CH]2[O][CH]([CH2][OH])[CH]([OH])[CH]([OH])[CH]2[OH])[c](-[c]2[cH][cH][c]([OH])[cH][cH]2)[o][c]2[cH][c]([OH])[cH][c]([OH])[c]12
3723,[O]=[c]1[c]([O][S](=[O])(=[O])[OH])[c](-[c]2[cH][cH][c]([O][S](=[O])(=[O])[OH])[c]([OH])[cH]2)[o][c]2[cH][c]([O][S](=[O])(=[O])[OH])[cH][c]([OH])[c]12
3724,[O]=[c]1[c]([OH])[c](-[c]2[cH][cH][c]([OH])[c]([OH])[cH]2)[o][c]2[cH][c]([O][CH]3[O][CH]([CH2][OH])[CH]([OH])[CH]([OH])[CH]3[OH])[cH][c]([OH])[c]12
3725,[CH3][CH]1[O][CH]([O][CH2][CH]2[O][CH]([O][c]3[c](-[c]4[cH][cH][c]([OH])[c]([OH])[cH]4)[o][c]4[cH][c]([OH])[cH][c]([OH])[c]4[c]3=[O])[CH]([O][CH]3[O][CH2][CH]([OH])[CH]([OH])[CH]3[OH])[CH]([OH])[CH]2[OH])[CH]([OH])[CH]([OH])[CH]1[OH]
3726,[O]=[c]1[c]([O][CH]2[O][CH]([CH2][OH])[CH]([OH])[CH]([OH])[CH]2[O][CH]2[O][CH]([CH2][OH])[CH]([OH])[CH]([OH])[CH]2[OH])[c](-[c]2[cH][cH][c]([OH])[c]([OH])[cH]2)[o][c]2[cH][c]([OH])[cH][c]([OH])[c]12
3727,[O]=[c]1[c]([O][CH]2[O][CH]([CH2][OH])[CH]([OH])[CH]([OH])[CH]2[O][CH]2[O][CH]([CH2][OH])[CH]([OH])[CH]([OH])[CH]2[O][CH]2[O][CH]([CH2][OH])[CH]([OH])[CH]([OH])[CH]2[OH])[c](-[c]2[cH][cH][c]([OH])[c]([OH])[cH]2)[o][c]2[cH][c]([OH])[cH][c]([OH])[c]12
3728,[O]=[c]1[c]([O][CH]2[O][CH]([CH2][OH])[CH]([OH])[CH]([OH])[CH]2[O][CH]2[O][CH2][CH]([OH])[CH]([OH])[CH]2[OH])[c](-[c]2[cH][cH][c]([OH])[c]([OH])[cH]2)[o][c]2[cH][c]([OH])[cH][c]([OH])[c]12
3729,[CH3][O][c]1[cH][c](-[c]2[o][c]3[cH][c]([OH])[cH][c]([OH])[c]3[c](=[O])[c]2[OH])[cH][c]([OH])[c]1[OH]
3730,[CH3][O][c]1[cH][c](-[c]2[o][c]3[cH][c]([OH])[cH][c]([OH])[c]3[c](=[O])[c]2[OH])[cH][c]([O][CH3])[c]1[OH]
3731,[CH3][CH]1[O][CH]([O][CH2][CH]2[O][CH]([O][c]3[cH][c]4[c]([O][CH]5[O][CH]([CH2][OH])[CH]([OH])[CH]([OH])[CH]5[OH])[cH][c]([OH])[cH][c]4[o+][c]3-[c]3[cH][cH][c]([OH])[c]([OH])[cH]3)[CH]([OH])[CH]([OH])[CH]2[OH])[CH]([OH])[CH]([OH])[CH]1[OH]
3732,[CH3][CH]1[O][CH]([O][CH2][CH]2[O][CH]([O][c]3[cH][c]4[c]([OH])[cH][c]([OH])[cH][c]4[o+][c]3-[c]3[cH][cH][c]([OH])[c]([OH])[cH]3)[CH]([OH])[CH]([OH])[CH]2[OH])[CH]([OH])[CH]([OH])[CH]1[OH]
3733,[CH3][CH]1[O][CH]([O][CH]2[CH]([O][c]3[cH][c]([OH])[c]4[c]([cH]3)[O][CH]([c]3[cH][cH][c]([OH])[cH][cH]3)[CH2][C]4=[O])[O][CH]([CH2][OH])[CH]([OH])[CH]2[OH])[CH]([OH])[CH]([OH])[CH]1[OH]
3734,[O]=[C]([OH])[CH2][C](=[O])[O][CH2][CH]1[O][CH]([O][c]2[cH][c]([OH])[c]3[c](=[O])[cH][c](-[c]4[cH][cH][c]([OH])[cH][cH]4)[o][c]3[cH]2)[CH]([OH])[CH]([OH])[CH]1[OH]
3735,[O]=[c]1[cH][c](-[c]2[cH][cH][c]([OH])[cH][cH]2)[o][c]2[cH][c]([O][CH]3[O][CH]([CH2][OH])[CH]([OH])[CH]([OH])[CH]3[OH])[cH][c]([OH])[c]12
3736,[CH3][CH]1[O][CH]([O][CH]2[CH]([c]3[c]([OH])[cH][c]([OH])[c]4[c](=[O])[cH][c](-[c]5[cH][cH][c]([OH])[cH][cH]5)[o][c]34)[O][CH]([CH2][OH])[CH]([OH])[CH]2[OH])[CH]([OH])[CH]([OH])[CH]1[OH]
3737,[CH3][O][c]1[cH][c]([OH])[c]2[c](=[O])[cH][c](-[c]3[cH][cH][c]([OH])[cH][cH]3)[o][c]2[c]1[CH]1[O][CH]([CH2][OH])[CH]([OH])[CH]([OH])[CH]1[O][CH]1[O][CH]([CH3])[CH]([OH])[CH]([OH])[CH]1[OH]
3738,[O]=[C]([OH])[CH]1[O][CH]([O][CH]2[CH]([O][c]3[cH][c]([OH])[c]4[c](=[O])[cH][c](-[c]5[cH][cH][c]([OH])[c]([OH])[cH]5)[o][c]4[cH]3)[O][CH]([C](=[O])[OH])[CH]([OH])[CH]2[OH])[CH]([OH])[CH]([OH])[CH]1[OH]
3739,[O]=[C]([OH])[CH]1[O][CH]([O][c]2[cH][cH][c](-[c]3[cH][c](=[O])[c]4[c]([OH])[cH][c]([O][CH]5[O][CH]([C](=[O])[OH])[CH]([OH])[CH]([OH])[CH]5[O][CH]5[O][CH]([C](=[O])[OH])[CH]([OH])[CH]([OH])[CH]5[OH])[cH][c]4[o]3)[cH][c]2[OH])[CH]([OH])[CH]([OH])[CH]1[OH]
3740,[CH3][CH]1[O][CH]([O][CH]2[CH]([O][c]3[cH][c]([OH])[c]4[c](=[O])[cH][c](-[c]5[cH][cH][c]([OH])[c]([OH])[cH]5)[o][c]4[cH]3)[O][CH]([CH2][OH])[CH]([OH])[CH]2[OH])[CH]([OH])[CH]([OH])[CH]1[OH]
3741,[OH][CH]1[C]([Cl])=[CH][C]([Cl])=[C]([Cl])[CH]1[OH]
3742,[OH][c]1[c]([Cl])[cH][c]([Cl])[c]([Cl])[c]1[OH]
3743,[O]=[C]([OH])[C]([Cl])=[CH][C]([Cl])=[C]([Cl])[C](=[O])[OH]
3744,[O]=[C]([OH])[C]([Cl])=[C]1[CH]=[C]([Cl])[C](=[O])[O]1
3745,[O]=[C]([OH])[C]([Cl])=[CH][C](=[O])[CH]([Cl])[C](=[O])[OH]
3746,[O]=[C]([OH])[CH]=[C]1[CH]=[CH][C](=[O])[O]1
3747,[O]=[C]([OH])[CH]=[CH][CH]=[C]([Cl])[C](=[O])[OH]
3748,[OH][c]1[cH][cH][cH][c]([Cl])[c]1[OH]
3749,[O]=[C]([OH])[CH2][CH2][C](=[O])[CH]([Cl])[C](=[O])[OH]
3750,[OH][CH]1[CH]=[CH][CH]=[C]([Cl])[CH]1[OH]
3751,[CH3][c]1[n][cH][c]([CH2][n+]2[c]([CH]([OH])[CH2][OH])[s][c]([CH2][CH2][O][P](=[O])([OH])[O][P](=[O])([OH])[OH])[c]2[CH3])[c](=[NH])[nH]1
3752,[CH3][C]([CH3])([c]1[cH][c]([Br])[c]([OH])[c]([Br])[cH]1)[c]1[cH][c]([Br])[c]([OH])[c]([Br])[cH]1
3753,[CH3][C]([CH3])([c]1[cH][cH][c]([OH])[c]([Br])[cH]1)[c]1[cH][c]([Br])[c]([OH])[c]([Br])[cH]1
3754,[CH3][C]([CH3])([c]1[cH][cH][c]([OH])[c]([Br])[cH]1)[c]1[cH][cH][c]([OH])[c]([Br])[cH]1
3755,[CH3][C]([CH3])([c]1[cH][cH][c]([OH])[cH][cH]1)[c]1[cH][cH][c]([OH])[c]([Br])[cH]1
3756,[CH3][C]([CH3])([c]1[cH][cH][c]([OH])[cH][cH]1)[c]1[cH][cH][c]([OH])[cH][cH]1
3757,[CH3][C]([CH3])([C]1=[CH][C](=[O])[C](=[O])[CH]=[CH]1)[c]1[cH][cH][c]([OH])[cH][cH]1
3758,[CH3][C]([CH3])([c]1[cH][cH][c]([OH])[cH][cH]1)[c]1[cH][cH][c]([OH])[c]([OH])[cH]1
3759,[CH3][C]([CH2][OH])([c]1[cH][cH][c]([OH])[cH][cH]1)[c]1[cH][cH][c]([OH])[cH][cH]1
3760,[CH3][C](=[O])[c]1[cH][cH][c]([OH])[cH][cH]1
3761,[CH3][C](=[CH][c]1[cH][cH][c]([OH])[cH][cH]1)[c]1[cH][cH][c]([OH])[cH][cH]1
3762,[OH][CH2][C]([OH])([CH2][c]1[cH][cH][c]([OH])[cH][cH]1)[c]1[cH][cH][c]([OH])[cH][cH]1
3763,[CH3][CH2][c]1[cH][cH][c]([OH])[cH][cH]1
3764,[CH3][CH]([OH])[c]1[cH][cH][c]([OH])[cH][cH]1
3765,[CH3][C]([OH])=[N][CH]1[CH]([O][P](=[O])([OH])[O][P](=[O])([OH])[O][CH2][CH]2[O][CH]([n]3[cH][cH][c]([OH])[n][c]3=[O])[CH]([OH])[CH]2[OH])[O][CH]([C](=[O])[OH])[CH]([OH])[CH]1[OH]
3766,[O]=[C]([OH])[c]1[cH][cH][c]2[cH][cH][cH][cH][c]2[cH]1
3767,[O]=[C]([OH])[c]1[cH][cH][c]2[c]([cH]1)[CH2][CH2][CH2][CH2]2
3768,[O]=[C]([OH])[CH]1[CH2][CH2][CH]2[CH2][CH2][CH2][CH2][CH]2[CH2]1
3769,[CH3][c]1[cH][cH][c]2[cH][cH][cH][cH][c]2[cH]1
3770,[O]=[C]([OH])[CH2][CH]([CH2][c]1[cH][cH][c]2[cH][cH][cH][cH][c]2[cH]1)[C](=[O])[OH]
3771,[CH3][C]([CH3])([CH2][O][P](=[O])([OH])[O][P](=[O])([OH])[O][CH2][CH]1[O][CH]([n]2[cH][n][c]3[c]([NH2])[n][cH][n][c]32)[CH]([OH])[CH]1[O][P](=[O])([OH])[OH])[CH]([OH])[C]([OH])=[N][CH2][CH2][C]([OH])=[N][CH2][CH2][S][C](=[O])[CH]([CH2][C](=[O])[OH])[CH2][c]1[cH][cH][c]2[cH][cH][cH][cH][c]2[cH]1
3772,[CH3][C]([CH3])([CH2][O][P](=[O])([OH])[O][P](=[O])([OH])[O][CH2][CH]1[O][CH]([n]2[cH][n][c]3[c]([NH2])[n][cH][n][c]32)[CH]([OH])[CH]1[O][P](=[O])([OH])[OH])[CH]([OH])[C]([OH])=[N][CH2][CH2][C]([OH])=[N][CH2][CH2][S][C](=[O])[C](=[CH][c]1[cH][cH][c]2[cH][cH][cH][cH][c]2[cH]1)[CH2][C](=[O])[OH]
3773,[CH3][C]([CH3])([CH2][O][P](=[O])([OH])[O][P](=[O])([OH])[O][CH2][CH]1[O][CH]([n]2[cH][n][c]3[c]([NH2])[n][cH][n][c]32)[CH]([OH])[CH]1[O][P](=[O])([OH])[OH])[CH]([OH])[C]([OH])=[N][CH2][CH2][C]([OH])=[N][CH2][CH2][S][C](=[O])[CH]([CH2][C](=[O])[OH])[CH]([OH])[c]1[cH][cH][c]2[cH][cH][cH][cH][c]2[cH]1
3774,[CH3][C]([CH3])([CH2][O][P](=[O])([OH])[O][P](=[O])([OH])[O][CH2][CH]1[O][CH]([n]2[cH][n][c]3[c]([NH2])[n][cH][n][c]32)[CH]([OH])[CH]1[O][P](=[O])([OH])[OH])[CH]([OH])[C]([OH])=[N][CH2][CH2][C]([OH])=[N][CH2][CH2][S][C](=[O])[CH]([CH2][C](=[O])[OH])[C](=[O])[c]1[cH][cH][c]2[cH][cH][cH][cH][c]2[cH]1
3775,[CH3][C]([CH3])([CH2][O][P](=[O])([OH])[O][P](=[O])([OH])[O][CH2][CH]1[O][CH]([n]2[cH][n][c]3[c]([NH2])[n][cH][n][c]32)[CH]([OH])[CH]1[O][P](=[O])([OH])[OH])[CH]([OH])[C]([OH])=[N][CH2][CH2][C]([OH])=[N][CH2][CH2][S][C](=[O])[c]1[cH][cH][c]2[cH][cH][cH][cH][c]2[cH]1
3776,[CH3][c]1[cH][cH][cH][c]2[cH][cH][cH][cH][c]12
3777,[CH3][c]1[cH][cH][cH][c]2[c]1[CH]([OH])[CH]([OH])[CH]=[CH]2
3778,[CH3][c]1[cH][cH][cH][c]2[cH][cH][c]([OH])[c]([OH])[c]12
3779,[CH3][c]1[cH][cH][cH][c]2[c]1[O][C]([OH])([C](=[O])[OH])[CH]=[CH]2
3780,[CH3][c]1[cH][cH][cH][c]([CH]=[CH][C](=[O])[C](=[O])[OH])[c]1[OH]
3781,[CH3][c]1[cH][cH][cH][c]([CH]=[O])[c]1[OH]
3782,[CH3][c]1[cH][cH][cH][c]([C](=[O])[OH])[c]1[OH]
3783,[OH][CH2][c]1[cH][cH][cH][c]2[cH][cH][cH][cH][c]12
3784,[O]=[CH][c]1[cH][cH][cH][c]2[cH][cH][cH][cH][c]12
3785,[O]=[C]([OH])[c]1[cH][cH][cH][c]2[cH][cH][cH][cH][c]12
3786,[O]=[C]([OH])[c]1[cH][cH][cH][c]2[c]1[CH]([OH])[CH]([OH])[CH]=[CH]2
3787,[O]=[C]([OH])[c]1[cH][cH][cH][c]2[cH][cH][c]([OH])[c]([OH])[c]12
3788,[O]=[C]([OH])[c]1[cH][cH][cH][c]2[c]1[O][C]([OH])([C](=[O])[OH])[CH]=[CH]2
3789,[O]=[C]([OH])[C](=[O])[CH]=[CH][c]1[cH][cH][cH][c]([C](=[O])[OH])[c]1[OH]
3790,[O]=[CH][c]1[cH][cH][cH][c]([C](=[O])[OH])[c]1[OH]
3791,[O]=[C]([OH])[c]1[cH][cH][cH][c]([C](=[O])[OH])[c]1[OH]
3792,[OH][CH2][c]1[cH][cH][c]2[cH][cH][cH][cH][c]2[cH]1
3793,[O]=[CH][c]1[cH][cH][c]2[cH][cH][cH][cH][c]2[cH]1
3794,[OH][CH2][c]1[cH][cH][c]2[c]([cH]1)[CH]([OH])[CH]([OH])[CH]=[CH]2
3795,[OH][CH2][c]1[cH][cH][c]2[cH][cH][c]([OH])[c]([OH])[c]2[cH]1
3796,[O]=[C]([OH])[C]1([OH])[CH]=[CH][c]2[cH][cH][c]([CH2][OH])[cH][c]2[O]1
3797,[O]=[C]([OH])[C](=[O])[CH]=[CH][c]1[cH][cH][c]([CH2][OH])[cH][c]1[OH]
3798,[O]=[CH][c]1[cH][cH][c]([CH2][OH])[cH][c]1[OH]
3799,[O]=[C]([OH])[c]1[cH][cH][c]([CH2][OH])[cH][c]1[OH]
3800,[OH][CH2][c]1[cH][cH][c]([OH])[c]([OH])[cH]1
3801,[CH3][c]1[cH][cH][c]2[c]([cH]1)[CH]([OH])[CH]([OH])[CH]=[CH]2
3802,[CH3][c]1[cH][cH][c]([C](=[O])[OH])[c]([OH])[cH]1
3803,[CH3][C]([CH3])([CH2][O][P](=[O])([OH])[O][P](=[O])([OH])[O][CH2][CH]1[O][CH]([n]2[cH][n][c]3[c]([NH2])[n][cH][n][c]32)[CH]([OH])[CH]1[O][P](=[O])([OH])[OH])[CH]([OH])[C]([OH])=[N][CH2][CH2][C]([OH])=[N][CH2][CH2][S][C](=[O])[CH]=[CH][CH2][CH2][C](=[O])[OH]
3804,[CH3][C]([CH3])([CH2][O][P](=[O])([OH])[O][P](=[O])([OH])[O][CH2][CH]1[O][CH]([n]2[cH][n][c]3[c]([NH2])[n][cH][n][c]32)[CH]([OH])[CH]1[O][P](=[O])([OH])[OH])[CH]([OH])[C]([OH])=[N][CH2][CH2][C]([OH])=[N][CH2][CH2][S][C](=[O])[CH2][CH2][CH2][CH2][C](=[O])[OH]
3805,[CH2]1[CH2][CH2][CH2][CH2][CH2]1
3806,[CH3][C]([CH]=[C]=[C]1[C]([CH3])([CH3])[CH2][CH]([OH])[CH2][C]1([CH3])[OH])=[CH][CH]=[CH][C]([CH3])=[CH][CH]=[CH][CH]=[C]([CH3])[CH]=[CH][CH]=[C]([CH3])[CH]=[CH][C]12[O][C]1([CH3])[CH2][CH]([OH])[CH2][C]2([CH3])[CH3]
3807,[CH3][C]([CH]=[CH][CH]=[C]([CH3])[CH]=[CH][C]12[O][C]1([CH3])[CH2][CH]([OH])[CH2][C]2([CH3])[CH3])=[CH][CH]=[CH][CH]=[C]([CH3])[CH]=[CH][CH]=[C]([CH3])[CH]=[CH][C]12[O][C]1([CH3])[CH2][CH]([OH])[CH2][C]2([CH3])[CH3]
3808,[CH3][C]([CH]=[CH][C]12[O][C]1([CH3])[CH2][CH]([OH])[CH2][C]2([CH3])[CH3])=[CH][CH]=[O]
3809,[CH3][C]([CH]=[O])=[CH][CH]=[CH][CH]=[C]([CH3])[CH]=[CH][CH]=[C]([CH3])[CH]=[C]=[C]1[C]([CH3])([CH3])[CH2][CH]([OH])[CH2][C]1([CH3])[OH]
3810,[CH3][C]([CH]=[O])=[CH][CH]=[CH][CH]=[C]([CH3])[CH]=[CH][CH]=[C]([CH3])[CH]=[CH][C]12[O][C]1([CH3])[CH2][CH]([OH])[CH2][C]2([CH3])[CH3]
3811,[CH3][C]([CH]=[CH][C]1([OH])[C]([CH3])=[CH][C](=[O])[CH2][C]1([CH3])[CH3])=[CH][CH]=[O]
3812,[CH3][C]([CH]=[CH][C]1([OH])[C]([CH3])=[CH][C](=[O])[CH2][C]1([CH3])[CH3])=[CH][C](=[O])[OH]
3813,[CH3][C]([CH3])=[CH][CH2][CH2][C]([CH3])=[CH][CH2][CH2][C]([CH3])=[CH][CH]=[CH][C]([CH3])=[CH][CH]=[CH][CH]=[C]([CH3])[CH]=[CH][CH]=[C]([CH3])[CH]=[CH][CH]1[C]([CH3])=[CH][CH2][CH2][C]1([CH3])[CH3]
3814,[NH]=[c]1[n][c]([OH])[nH][c](=[NH])[nH]1
3815,[NH]=[c]1[nH][c](=[NH])[nH][c](=[NH])[nH]1
3816,[NH]=[c]1[n][c]([OH])[nH][c](=[N][CH]2[CH2][CH2]2)[nH]1
3817,[NH]=[c]1[nH][c](=[NH])[nH][c](=[N][CH]2[CH2][CH2]2)[nH]1
3818,[NH]=[C]([NH][CH2][CH2][O][P](=[O])([OH])[O][CH2][CH]([NH2])[C](=[O])[OH])[NH][P](=[O])([OH])[OH]
3819,[NH]=[C]([NH2])[NH][CH2][CH2][O][P](=[O])([OH])[O][CH2][CH]([NH2])[C](=[O])[OH]
3820,[CH3][C]([OH])=[N][CH2][CH2][CH]([NH2])[C](=[O])[OH]
3821,[CH3][C]1=[N][CH2][CH2][CH]([C](=[O])[OH])[NH]1
3822,[O]=[C]([OH])[CH2][S](=[O])(=[O])[OH]
3823,[OH][NH][c]1[cH][cH][cH][c]([OH])[cH]1
3824,[NH2][c]1[cH][c]([OH])[cH][cH][c]1[OH]
3825,[O]=[C]([OH])[CH2][CH]1[CH]=[CH][C](=[O])[O]1
3826,[CH3][C]1=[CH][CH]2[CH]([OH])[O][CH]([CH]([CH3])[CH]([OH])[CH]([CH3])[CH]([OH])[CH]([CH3])[CH]=[CH][CH]=[C]([CH3])[C]([OH])=[N][C]3=[CH][C](=[O])[c]4[c]([c]([OH])[c]([CH3])[c]([OH])[c]4[C]3=[O])[C]1=[O])[CH]([CH3])[CH]2[OH]
3827,[CH3][C]1=[CH][CH]([CH2][OH])[CH]([OH])[CH]([CH3])[CH]([OH])[CH]([CH3])[CH]([OH])[CH]([CH3])[CH]([OH])[CH]([CH3])[CH]=[CH][CH]=[C]([CH3])[C]([OH])=[N][C]2=[CH][C](=[O])[c]3[c]([c]([OH])[c]([CH3])[c]([OH])[c]3[C]2=[O])[C]1=[O]
3828,[CH3][C]1=[CH][CH]2[C](=[O])[O][CH]([CH]([CH3])[CH]2[OH])[CH]([CH3])[CH]([OH])[CH]([CH3])[CH]([OH])[CH]([CH3])[CH]=[CH][CH]=[C]([CH3])[C]([OH])=[N][C]2=[CH][C](=[O])[c]3[c]([c]([OH])[c]([CH3])[c]([OH])[c]3[C]2=[O])[C]1=[O]
3829,[CH3][C]1=[CH][CH]=[CH][CH]([CH3])[CH]([OH])[CH]([CH3])[CH]([OH])[CH]([CH3])[CH]([OH])[CH]([CH3])[CH]([OH])[CH]=[CH][O][C]2([CH3])[O][c]3[c]([CH3])[c]([OH])[c]4[c]([c]3[C]2=[O])[C](=[O])[CH]=[C]([N]=[C]1[OH])[C]4=[O]
3830,[CH3][C]1=[CH][CH]=[CH][CH]([CH3])[CH]([OH])[CH]([CH3])[CH]([OH])[CH]([CH3])[CH]([OH])[CH]([CH3])[CH]([OH])[CH]=[CH][O][C]2([CH3])[O][c]3[c]([CH3])[c]([OH])[c]4[c]([OH])[c]([cH][c]([OH])[c]4[c]3[C]2=[O])[N]=[C]1[OH]
3831,[CH3][C](=[O])[O][CH]1[CH]([CH3])[CH]([OH])[CH]=[CH][O][C]2([CH3])[O][c]3[c]([CH3])[c]([OH])[c]4[c]([OH])[c]([cH][c]([OH])[c]4[c]3[C]2=[O])[N]=[C]([OH])[C]([CH3])=[CH][CH]=[CH][CH]([CH3])[CH]([OH])[CH]([CH3])[CH]([OH])[CH]1[CH3]
3832,[CH3][O][CH]1[CH]=[CH][O][C]2([CH3])[O][c]3[c]([CH3])[c]([OH])[c]4[c]([OH])[c]([cH][c]([OH])[c]4[c]3[C]2=[O])[N]=[C]([OH])[C]([CH3])=[CH][CH]=[CH][CH]([CH3])[CH]([OH])[CH]([CH3])[CH]([OH])[CH]([CH3])[CH]([O][C]([CH3])=[O])[CH]1[CH3]
3833,[CH3][O][CH]1[CH]=[CH][O][C]2([CH3])[O][c]3[c]([CH3])[c]([OH])[c]4[c]([c]3[C]2=[O])[C](=[O])[CH]=[C]([N]=[C]([OH])[C]([CH3])=[CH][CH]=[CH][CH]([CH3])[CH]([OH])[CH]([CH3])[CH]([OH])[CH]([CH3])[CH]([O][C]([CH3])=[O])[CH]1[CH3])[C]4=[O]
3834,[CH]1=[CH][CH]2[O][CH]2[c]2[cH][cH][cH][cH][c]21
3835,[CH]1=[CH][CH]2[O][CH]2[c]2[cH][cH][cH][cH][c]21
3836,[NH2][CH]([CH2][CH2][C]([OH])=[N][CH]([CH2][S][CH]1[CH]=[CH][c]2[cH][cH][cH][cH][c]2[CH]1[OH])[C]([OH])=[N][CH2][C](=[O])[OH])[C](=[O])[OH]
3837,[NH2][CH]([CH2][CH2][C]([OH])=[N][CH]([CH2][S][CH]1[c]2[cH][cH][cH][cH][c]2[CH]=[CH][CH]1[OH])[C]([OH])=[N][CH2][C](=[O])[OH])[C](=[O])[OH]
3838,[NH2][CH]([CH2][CH2][C]([OH])=[N][CH]([CH2][S][CH]1[CH]=[CH][c]2[cH][cH][cH][cH][c]2[CH]1[OH])[C]([OH])=[N][CH2][C](=[O])[OH])[C](=[O])[OH]
3839,[OH][c]1[cH][cH][cH][c]2[cH][cH][cH][cH][c]12
3840,[OH][c]1[cH][cH][c]2[cH][cH][cH][cH][c]2[cH]1
3841,[OH][CH]1[c]2[cH][cH][cH][cH][c]2[CH]2[O][CH]2[CH]1[OH]
3842,[O]=[C]1[CH]=[CH][c]2[cH][cH][cH][cH][c]2[C]1=[O]
3843,[O]=[C]1[CH]=[CH][C](=[O])[c]2[cH][cH][cH][cH][c]21
3844,[OH][c]1[cH][cH][c]([OH])[c]2[cH][cH][cH][cH][c]12
3845,[O]=[N+]([O-])[c]1[cH][cH][cH][c]2[cH][cH][cH][cH][c]12
3846,[O]=[N+]([O-])[c]1[cH][cH][cH][c]2[c]1[CH]1[O][CH]1[CH]=[CH]2
3847,[O]=[N+]([O-])[c]1[cH][cH][cH][c]2[c]1[CH]=[CH][CH]1[O][CH]21
3848,[NH2][CH]([CH2][CH2][C]([OH])=[N][CH]([CH2][S][CH]1[c]2[c]([cH][cH][cH][c]2[N+](=[O])[O-])[CH]=[CH][CH]1[OH])[C]([OH])=[N][CH2][C](=[O])[OH])[C](=[O])[OH]
3849,[NH2][CH]([CH2][CH2][C]([OH])=[N][CH]([CH2][S][CH]1[CH]=[CH][c]2[cH][cH][cH][c]([N+](=[O])[O-])[c]2[CH]1[OH])[C]([OH])=[N][CH2][C](=[O])[OH])[C](=[O])[OH]
3850,[NH2][CH]([CH2][CH2][C]([OH])=[N][CH]([CH2][S][CH]1[CH]=[CH][c]2[c]([cH][cH][cH][c]2[N+](=[O])[O-])[CH]1[OH])[C]([OH])=[N][CH2][C](=[O])[OH])[C](=[O])[OH]
3851,[NH2][CH]([CH2][CH2][C]([OH])=[N][CH]([CH2][S][CH]1[c]2[cH][cH][cH][c]([N+](=[O])[O-])[c]2[CH]=[CH][CH]1[OH])[C]([OH])=[N][CH2][C](=[O])[OH])[C](=[O])[OH]
3852,[O]=[N+]([O-])[c]1[cH][cH][cH][c]2[c]1[CH]=[CH][CH]([OH])[CH]2[OH]
3853,[O]=[N][c]1[cH][cH][cH][c]2[cH][cH][cH][cH][c]12
3854,[OH][NH][c]1[cH][cH][cH][c]2[cH][cH][cH][cH][c]12
3855,[CH3][CH2][CH2][CH2][CH2][CH]([OH])[CH]=[CH][CH]=[CH][CH]=[CH][CH]=[CH][CH]([OH])[CH]([OH])[CH2][CH2][CH2][C](=[O])[OH]
3856,[CH3][CH2][CH2][CH2][CH2][CH]([OH])[CH]=[CH][CH]=[CH][CH]=[CH][CH]=[CH][CH]1[O][CH]1[CH2][CH2][CH2][C](=[O])[OH]
3857,[CH3][CH2][CH2][CH2][CH2][CH]=[CH][CH2][CH]([OH])[CH]([OH])[CH]([OH])[CH]=[CH][CH2][CH]=[CH][CH2][CH2][CH2][C](=[O])[OH]
3858,[CH3][CH2][CH2][CH2][CH2][CH]=[CH][CH2][CH]1[O][CH]1[CH]([OH])[CH]=[CH][CH2][CH]=[CH][CH2][CH2][CH2][C](=[O])[OH]
3859,[CH3][CH2][CH2][CH2][CH2][CH]=[CH][CH2][CH]([CH]=[CH][CH]=[CH][CH2][CH]=[CH][CH2][CH2][CH2][C](=[O])[OH])[O][OH]
3860,[O]=[C]([OH])[CH2][CH2][CH2][CH]=[CH][CH2][CH]=[CH][CH2][CH]=[CH][CH2][CH]=[CH][CH2][CH2][CH2][CH2][CH2][OH]
3861,[CH3][CH2][CH2][CH2][CH2][CH]([OH])[CH]=[CH][CH]1[O][CH]1[CH2][CH]=[CH][CH2][CH]=[CH][CH2][CH2][CH2][C](=[O])[OH]
3862,[CH3][CH2][CH2][CH2][CH2][CH]1[O][CH]1[CH]=[CH][CH]([OH])[CH2][CH]=[CH][CH2][CH]=[CH][CH2][CH2][CH2][C](=[O])[OH]
3863,[CH3][CH2][CH2][CH2][CH2][CH]([OH])[CH]=[CH][CH]([OH])[CH]([OH])[CH2][CH]=[CH][CH2][CH]=[CH][CH2][CH2][CH2][C](=[O])[OH]
3864,[CH3][CH2][CH2][CH2][CH2][CH]([OH])[CH]([OH])[CH]=[CH][CH]([OH])[CH2][CH]=[CH][CH2][CH]=[CH][CH2][CH2][CH2][C](=[O])[OH]
3865,[CH3][CH]([OH])[CH2][CH2][CH2][CH]=[CH][CH2][CH]=[CH][CH2][CH]=[CH][CH2][CH]=[CH][CH2][CH2][CH2][C](=[O])[OH]
3866,[CH3][CH2][CH2][CH2][CH2][CH]=[CH][CH]=[CH][CH]([CH2][CH]=[CH][CH2][CH]=[CH][CH2][CH2][CH2][C](=[O])[OH])[O][OH]
3867,[CH3][CH2][CH2][CH2][CH2][CH]1[O][CH]1[CH2][CH]=[CH][CH2][CH]=[CH][CH2][CH]=[CH][CH2][CH2][CH2][C](=[O])[OH]
3868,[CH3][CH2][CH2][CH2][CH2][CH]=[CH][CH2][CH]=[CH][CH2][CH]([CH]=[CH][CH]=[CH][CH2][CH2][CH2][C](=[O])[OH])[O][OH]
3869,[CH3][CH2][CH2][CH2][CH2][CH]=[CH][CH2][CH]1[O][CH]1[CH2][CH]=[CH][CH2][CH]=[CH][CH2][CH2][CH2][C](=[O])[OH]
3870,[CH3][CH2][CH2][CH2][CH2][CH]=[CH][CH2][CH]=[CH][CH2][CH]1[O][CH]1[CH2][CH]=[CH][CH2][CH2][CH2][C](=[O])[OH]
3871,[CH3][CH2][CH2][CH2][CH2][CH]=[CH][CH2][CH]=[CH][CH2][CH]=[CH][CH2][CH]1[O][CH]1[CH2][CH2][CH2][C](=[O])[OH]
3872,[CH3][CH2][CH2][CH2][CH2][CH]=[CH][CH2][CH]=[CH][CH]=[CH][CH]([CH2][CH]=[CH][CH2][CH2][CH2][C](=[O])[OH])[O][OH]
3873,[CH3][CH2][CH2][CH2][CH]([OH])[CH]=[CH][CH2][CH]=[CH][CH2][CH]=[CH][CH2][CH]=[CH][CH2][CH2][CH2][C](=[O])[OH]
3874,[CH3][CH2][CH2][CH2][CH2][CH]=[CH][CH]=[CH][CH]([CH2][CH2][CH2][CH2][CH2][CH2][CH2][C](=[O])[OH])[O][OH]
3875,[CH3][CH2][CH2][CH2][CH2][CH]=[CH][CH2][CH]=[CH][CH]([CH2][CH2][CH2][CH2][CH2][CH2][C](=[O])[OH])[O][OH]
3876,[CH3][CH2][CH2][CH2][CH2][CH]=[CH][CH2][CH]=[CH][CH]([OH])[CH]([OH])[CH2][CH2][CH2][CH2][CH2][C](=[O])[OH]
3877,[CH3][CH2][CH2][CH2][CH2][CH]=[CH][CH2][CH]=[CH][CH2][CH]=[CH][CH2][CH2][CH2][CH2][C](=[O])[OH]
3878,[Br][c]1[cH][cH][cH][cH][cH]1
3879,[Br][C]1=[CH][CH]2[O][CH]2[CH]=[CH]1
3880,[CH3][CH2][CH2][CH2][CH2][CH]=[CH][CH]=[C]1[C](=[O])[CH]=[CH][CH]1[CH2][CH]=[CH][CH2][CH2][CH2][C](=[O])[OH]
3881,[Br][C]1=[CH][CH]=[CH][CH]2[O][CH]12
3882,[NH2][CH]([CH2][CH2][C]([OH])=[N][CH]([CH2][S][CH]1[CH]=[CH][C]([Br])=[CH][CH]1[OH])[C]([OH])=[N][CH2][C](=[O])[OH])[C](=[O])[OH]
3883,[NH2][CH]([CH2][CH2][C]([OH])=[N][CH]([CH2][S][CH]1[C]([Br])=[CH][CH]=[CH][CH]1[OH])[C]([OH])=[N][CH2][C](=[O])[OH])[C](=[O])[OH]
3884,[OH][CH]1[CH]=[CH][C]([Br])=[CH][CH]1[OH]
3885,[OH][CH]1[CH]=[CH][CH]=[C]([Br])[CH]1[OH]
3886,[OH][c]1[cH][cH][c]([Br])[cH][cH]1
3887,[OH][c]1[cH][cH][cH][cH][c]1[Br]
3888,[O]=[C]1[CH]=[CH][C]([Br])=[CH][C]1=[O]
3889,[OH][c]1[cH][cH][c]([Br])[cH][c]1[OH]
3890,[cH]1[cH][cH][c]2[c]([cH]1)[cH][c]1[cH][cH][c]3[cH][cH][cH][c]4[cH][cH][c]2[c]1[c]34
3891,[CH]1=[CH][CH]2[O][CH]2[c]2[c]1[cH][c]1[cH][cH][c]3[cH][cH][cH][c]4[cH][cH][c]2[c]1[c]34
3892,[CH]1=[CH][CH]2[O][CH]2[c]2[cH][c]3[cH][cH][c]4[cH][cH][cH][c]5[cH][cH][c]([c]21)[c]3[c]45
3893,[cH]1[cH][cH][c]2[c]([cH]1)[cH][c]1[c]3[c]2[cH][cH][c]2[cH][cH][cH][c]([c]23)[CH]2[O][CH]12
3894,[OH][CH]1[CH]=[CH][c]2[c]([cH][c]3[cH][cH][c]4[cH][cH][cH][c]5[cH][cH][c]2[c]3[c]45)[CH]1[OH]
3895,[NH2][CH]([CH2][CH2][C]([OH])=[N][CH]([CH2][S][CH]1[c]2[cH][c]3[cH][cH][cH][cH][c]3[c]3[cH][cH][c]4[cH][cH][cH][c]([c]4[c]23)[CH]1[OH])[C]([OH])=[N][CH2][C](=[O])[OH])[C](=[O])[OH]
3896,[NH2][CH]([CH2][CH2][C]([OH])=[N][CH]([CH2][S][CH]1[CH]=[CH][c]2[c]([cH][c]3[cH][cH][c]4[cH][cH][cH][c]5[cH][cH][c]2[c]3[c]45)[CH]1[OH])[C]([OH])=[N][CH2][C](=[O])[OH])[C](=[O])[OH]
3897,[OH][CH]1[c]2[cH][c]3[cH][cH][c]4[cH][cH][cH][c]5[cH][cH][c]([c]2[CH]2[O][CH]2[CH]1[OH])[c]3[c]45
3898,[OH][c]1[cH][cH][c]2[cH][c]3[cH][cH][c]4[cH][cH][cH][c]5[cH][cH][c]([c]2[cH]1)[c]3[c]45
3899,[OH][c]1[cH][cH][c]2[cH][c]3[c]4[c]([cH][cH][c]5[cH][cH][cH][c]([c]54)[CH]4[O][CH]34)[c]2[cH]1
3900,[CH2]=[C]([Cl])[Cl]
3901,[O]=[CH][CH]([Cl])[Cl]
3902,[Cl][C]1([Cl])[CH2][O]1
3903,[O]=[C]([Cl])[CH2][Cl]
3904,[NH2][CH]([CH2][CH2][C]([OH])=[N][CH]([CH2][S][CH]([OH])[CH]([Cl])[Cl])[C]([OH])=[N][CH2][C](=[O])[OH])[C](=[O])[OH]
3905,[NH2][CH]([CH2][CH2][C]([OH])=[N][CH]([CH2][S][CH2][C](=[O])[Cl])[C]([OH])=[N][CH2][C](=[O])[OH])[C](=[O])[OH]
3906,[NH2][CH]([CH2][CH2][C]([OH])=[N][CH]([CH2][S][C](=[O])[CH2][Cl])[C]([OH])=[N][CH2][C](=[O])[OH])[C](=[O])[OH]
3907,[NH2][CH]([CH2][CH2][C]([OH])=[N][CH]([CH2][S][CH2][C](=[O])[S][CH2][CH]([N]=[C]([OH])[CH2][CH2][CH]([NH2])[C](=[O])[OH])[C]([OH])=[N][CH2][C](=[O])[OH])[C]([OH])=[N][CH2][C](=[O])[OH])[C](=[O])[OH]
3908,[OH][CH]([OH])[CH]([Cl])[Cl]
3909,[NH2][CH]([CH2][CH2][C]([OH])=[N][CH]([CH2][S][CH2][C](=[O])[OH])[C]([OH])=[N][CH2][C](=[O])[OH])[C](=[O])[OH]
3910,[Cl][CH]1[O][C]1([Cl])[Cl]
3911,[O]=[CH][C]([Cl])([Cl])[Cl]
3912,[NH2][CH]([CH2][CH2][C]([OH])=[N][CH]([CH2][S][C]([Cl])=[CH][Cl])[C]([OH])=[N][CH2][C](=[O])[OH])[C](=[O])[OH]
3913,[OH][CH]([OH])[C]([Cl])([Cl])[Cl]
3914,[O]=[C]([Cl])[CH]([Cl])[Cl]
3915,[O]=[C]([OH])[C]([Cl])([Cl])[Cl]
3916,[OH][CH2][C]([Cl])([Cl])[Cl]
3917,[O]=[C]([OH])[CH]1[O][CH]([O][CH2][C]([Cl])([Cl])[Cl])[CH]([OH])[CH]([OH])[CH]1[OH]
3918,[CH3][CH2][CH2][CH2][CH2][CH]([OH])[CH]([OH])[CH2][CH]=[CH][CH2][CH]=[CH][CH2][CH]=[CH][CH2][CH2][CH2][C](=[O])[OH]
3919,[CH3][CH2][CH2][CH2][CH2][CH]=[CH][CH2][CH]([OH])[CH]([OH])[CH2][CH]=[CH][CH2][CH]=[CH][CH2][CH2][CH2][C](=[O])[OH]
3920,[CH3][CH2][CH2][CH2][CH2][CH]=[CH][CH2][CH]=[CH][CH2][CH]([OH])[CH]([OH])[CH2][CH]=[CH][CH2][CH2][CH2][C](=[O])[OH]
3921,[CH3][CH2][CH2][CH2][CH2][CH]=[CH][CH2][CH]=[CH][CH2][CH]=[CH][CH2][CH]([OH])[CH]([OH])[CH2][CH2][CH2][C](=[O])[OH]
3922,[O]=[CH][CH2][Br]
3923,[Br][CH2][CH2][Br]
3924,[NH2][CH]([CH2][CH2][C]([OH])=[N][CH]([CH2][S+]1[CH2][CH2]1)[C]([OH])=[N][CH2][C](=[O])[OH])[C](=[O])[OH]
3925,[NH2][CH]([CH2][CH2][C]([OH])=[N][CH]([CH2][S][CH2][CH]=[O])[C]([OH])=[N][CH2][C](=[O])[OH])[C](=[O])[OH]
3926,[NH2][CH]([CH2][CH2][C]([OH])=[N][CH]([CH2][S][CH2][CH2][OH])[C]([OH])=[N][CH2][C](=[O])[OH])[C](=[O])[OH]
3927,[CH3][CH2][CH2][CH2][CH2][CH]1[O][CH]1[CH2][CH]=[CH][CH2][CH2][CH2][CH2][CH2][CH2][CH2][C](=[O])[OH]
3928,[CH3][CH2][CH2][CH2][CH2][CH]([OH])[CH]([OH])[CH2][CH]=[CH][CH2][CH2][CH2][CH2][CH2][CH2][CH2][C](=[O])[OH]
3929,[O]=[C]([OH])[CH]([OH])[CH2][CH2][NH][CH]([CH2][CH2][N]1[CH2][CH2][CH]1[C](=[O])[OH])[C](=[O])[OH]
3930,[O]=[C]([OH])[C](=[O])[CH2][CH2][NH][CH]([CH2][CH2][N]1[CH2][CH2][CH]1[C](=[O])[OH])[C](=[O])[OH]
3931,[OH][CH2][CH]([OH])[CH]([OH])[CH]([OH])[CH]([OH])[CH2][OH]
3932,[CH3][CH]([CH3])[CH2][CH2][CH2][CH]([CH3])[CH2][CH2][CH2][CH]([CH3])[CH2][CH2][CH2][CH]([CH3])[C](=[O])[C](=[O])[OH]
3933,[CH3][CH]([CH3])[CH2][CH2][CH2][CH]([CH3])[CH2][CH2][CH2][CH]([CH3])[CH2][CH2][CH2][CH]([CH3])[CH]([OH])[C](=[O])[OH]
3934,[OH][CH]1[CH2][O][CH]([OH])[CH]([OH])[CH]1[OH]
3935,[O]=[CH][CH2][F]
3936,[CH3][O][c]1[cH][cH][c]2[c]([c]1[O][CH3])[CH2][N]1[CH2][CH2][c]3[cH][c]4[c]([cH][c]3[CH]1[CH2]2)[O][CH2][O]4
3937,[CH3][N]1[CH2][CH2][CH2][CH]1[c]1[cH][cH][c]([OH])[n][cH]1
3938,[CH3][CH2][CH2][CH2][CH2][CH2][CH2][CH2][CH2][CH2][c]1[c]([CH3])[c]([OH])[c]([O][CH3])[c]([O][CH3])[c]1[OH]
3939,[CH3][CH2][CH2][CH2][CH2][CH2][CH2][CH2][CH2][CH2][C]1=[C]([CH3])[C](=[O])[C]([O][CH3])=[C]([O][CH3])[C]1=[O]
3940,[CH3][C](=[O])[CH2][C]([CH3])=[O]
3941,[CH2]=[C]1[CH2][C]23[CH2][C]1([OH])[CH2][CH2][CH]2[C]12[CH2][CH2][CH2][C]([CH3])([C](=[O])[O][CH2]1)[CH]2[CH]3[C](=[O])[OH]
3942,[O]=[C]([OH])[CH]([OH])[CH2][CH2][NH][CH]([C](=[O])[OH])[CH]([OH])[CH2][N]1[CH2][CH2][CH]1[C](=[O])[OH]
3943,[O]=[C]([OH])[CH]([OH])[CH2][CH2][NH][CH]([C](=[O])[OH])[CH]([OH])[CH2][N]1[CH2][CH]([OH])[CH]1[C](=[O])[OH]
3944,[O]=[C]([OH])[CH]([OH])[CH2][CH2][NH][CH]([CH2][CH2][N]1[CH2][CH]([OH])[CH]1[C](=[O])[OH])[C](=[O])[OH]
3945,[O]=[C]([OH])[C]1([OH])[CH]=[CH][CH]=[CH][CH]1[OH]
3946,[OH][c]1[c]([Cl])[c]([Cl])[cH][c]([Cl])[c]1[Cl]
3947,[CH3][C]([CH3])=[CH][CH2][c]1[cH][c]2[c]([cH][c]1[OH])[O][CH2][C]1([OH])[c]3[cH][cH][c]([OH])[cH][c]3[O][CH]21
3948,[CH3][C]1([CH3])[CH]=[CH][c]2[cH][c]3[c]([cH][c]2[O]1)[O][CH2][C]1([OH])[c]2[cH][cH][c]([OH])[cH][c]2[O][CH]31
3949,[CH2]=[C]([CH3])[CH]1[CH2][c]2[cH][c]3[c]([cH][c]2[O]1)[O][CH2][C]1([OH])[c]2[cH][cH][c]([OH])[cH][c]2[O][CH]31
3950,[CH3][C]([CH3])=[CH][CH2][c]1[c]([OH])[cH][cH][c]2[c]1[O][CH2][C]1([OH])[c]3[cH][cH][c]([OH])[cH][c]3[O][CH]21
3951,[CH3][C]1([CH3])[CH]=[CH][c]2[c]([cH][cH][c]3[c]2[O][CH2][C]2([OH])[c]4[cH][cH][c]([OH])[cH][c]4[O][CH]32)[O]1
3952,[CH3][C](=[O])[CH2][c]1[cH][cH][cH][cH][cH]1
3953,[CH3][C](=[O])[O][CH2][c]1[cH][cH][cH][cH][cH]1
3954,[CH3][C]([CH]=[CH][C]1([OH])[C]([CH3])=[CH][C](=[O])[CH2][C]1([CH3])[CH2][OH])=[CH][C](=[O])[OH]
3955,[CH3][CH]([CH2][CH2][C](=[O])[OH])[CH]1[CH2][CH2][CH]2[CH]3[CH2][CH]([OH])[CH]4[CH2][CH]([OH])[CH2][CH2][C]4([CH3])[CH]3[CH2][CH2][C]12[CH3]
3956,[CH3][CH]([CH2][CH2][C]([OH])=[N][CH2][CH2][S](=[O])(=[O])[OH])[CH]1[CH2][CH2][CH]2[CH]3[CH]([OH])[CH]([OH])[CH]4[CH2][CH]([OH])[CH2][CH2][C]4([CH3])[CH]3[CH2][CH2][C]12[CH3]
3957,[CH3][CH]([CH2][CH2][C](=[O])[OH])[CH]1[CH2][CH2][CH]2[CH]3[CH2][CH]([OH])[CH]4[CH2][CH]([OH])[CH2][CH2][C]4([CH3])[CH]3[CH2][CH2][C]12[CH3]
3958,[CH3][CH]([CH3])[CH]([OH])[CH2][CH2][CH]([CH3])[CH]1[CH2][CH2][CH]2[CH]3[CH2][CH]=[C]4[CH2][CH]([OH])[CH2][CH2][C]4([CH3])[CH]3[CH2][CH2][C]12[CH3]
3959,[CH3][CH]([CH3])[CH]([OH])[CH2][CH2][CH]([CH3])[CH]1[CH2][CH2][CH]2[CH]3[CH]([OH])[CH]=[C]4[CH2][CH]([OH])[CH2][CH2][C]4([CH3])[CH]3[CH2][CH2][C]12[CH3]
3960,[CH3][CH]([CH2][CH2][CH2][C]([CH3])([CH3])[OH])[CH]1[CH2][CH2][CH]2[CH]3[CH]([OH])[CH]=[C]4[CH2][CH]([OH])[CH2][CH2][C]4([CH3])[CH]3[CH2][CH2][C]12[CH3]
3961,[O]=[C]1[C](=[CH][c]2[cH][cH][c]([OH])[c]([OH])[cH]2)[O][c]2[cH][c]([OH])[cH][c]([OH])[c]21
3962,[O]=[C]([CH]=[CH][c]1[cH][cH][c]([OH])[c]([OH])[cH]1)[c]1[c]([OH])[cH][c]([OH])[cH][c]1[OH]
3963,[CH3][O][C]1=[C]([OH])[C](=[O])[C]([CH3])=[C]([CH2][CH]=[C]([CH3])[CH2][CH2][CH]=[C]([CH3])[CH2][CH2][CH]=[C]([CH3])[CH2][CH2][CH]=[C]([CH3])[CH2][CH2][CH]=[C]([CH3])[CH2][CH2][CH]=[C]([CH3])[CH2][CH2][CH]=[C]([CH3])[CH2][CH2][CH]=[C]([CH3])[CH2][CH2][CH]=[C]([CH3])[CH3])[C]1=[O]
3964,[CH3][O][C]1=[C]([O][CH3])[C](=[O])[C]([CH2][CH]=[C]([CH3])[CH2][CH2][CH]=[C]([CH3])[CH2][CH2][CH]=[C]([CH3])[CH2][CH2][CH]=[C]([CH3])[CH2][CH2][CH]=[C]([CH3])[CH2][CH2][CH]=[C]([CH3])[CH2][CH2][CH]=[C]([CH3])[CH2][CH2][CH]=[C]([CH3])[CH2][CH2][CH]=[C]([CH3])[CH3])=[C]([CH3])[C]1=[O]
3965,[CH3][C]1([CH2][C](=[O])[OH])[C]2=[CH][c]3[nH][c]([c]([CH2][CH2][C](=[O])[OH])[c]3[CH2][C](=[O])[OH])[CH2][c]3[nH][c]([c]([CH2][C](=[O])[OH])[c]3[CH2][CH2][C](=[O])[OH])[CH2][c]3[nH][c]([c]([CH2][C](=[O])[OH])[c]3[CH2][CH2][C](=[O])[OH])[CH2][C](=[N]2)[CH]1[CH2][CH2][C](=[O])[OH]
3966,[CH3][CH]=[CH][c]1[cH][cH][c]([OH])[c]([O][CH3])[cH]1
3967,[CH3][CH]=[CH][c]1[cH][cH][c]([O][CH3])[c]([O][CH3])[cH]1
3968,[CH3][O][c]1[cH][c]2[c]([cH][c]1[O][CH3])[CH]1[CH]([CH3])[c]3[cH][cH][c]([O][CH3])[c]([O][CH3])[c]3[CH2][N]1[CH2][CH2]2
3969,[CH3][O][c]1[cH][c]([OH])[cH][cH][c]1[C](=[O])[CH]=[CH][c]1[cH][cH][c]([OH])[cH][cH]1
3970,[CH3][C]([OH])=[N][CH]([CH2][CH2][CH2][NH][C](=[NH])[OH])[C](=[O])[OH]
3971,[NH2][CH]([C](=[O])[OH])[CH]([OH])[CH2][F]
3972,[CH3][CH2][CH2][CH2][CH2][CH2][CH]=[CH][CH2][CH2][CH2][CH2][CH2][CH2][CH2][CH]([OH])[CH]([CH2][CH2][CH2][CH2][CH2][CH2][CH2][CH2][CH2][CH2][CH2][CH2][CH2][CH3])[C](=[O])[O][CH2][CH]1[O][CH]([O][CH]2[O][CH]([CH2][O][C](=[O])[CH]([CH2][CH2][CH2][CH2][CH2][CH2][CH2][CH2][CH2][CH2][CH2][CH2][CH2][CH3])[CH]([OH])[CH2][CH2][CH2][CH2][CH2][CH2][CH2][CH]=[CH][CH2][CH2][CH2][CH2][CH2][CH3])[CH]([OH])[CH]([OH])[CH]2[OH])[CH]([OH])[CH]([OH])[CH]1[OH]
3973,[CH3][CH2][CH2][CH2][CH2][CH2][CH]=[CH][CH2][CH2][CH2][CH2][CH2][CH2][CH2][CH]([OH])[CH]([CH2][CH2][CH2][CH2][CH2][CH2][CH2][CH2][CH2][CH2][CH2][CH2][CH2][CH3])[C](=[O])[O][CH2][CH]1[O][CH]([O][CH]2[O][CH]([CH2][OH])[CH]([OH])[CH]([OH])[CH]2[OH])[CH]([OH])[CH]([OH])[CH]1[OH]
3974,[CH3][n]1[c]2[cH][cH][cH][cH][c]2[c](=[O])[c]2[c]([OH])[cH][c]([OH])[cH][c]21
3975,[CH3][NH][c]1[cH][cH][cH][cH][c]1[C](=[O])[S][CH2][CH2][N]=[C]([OH])[CH2][CH2][N]=[C]([OH])[CH]([OH])[C]([CH3])([CH3])[CH2][O][P](=[O])([OH])[O][P](=[O])([OH])[O][CH2][CH]1[O][CH]([n]2[cH][n][c]3[c]([NH2])[n][cH][n][c]32)[CH]([OH])[CH]1[O][P](=[O])([OH])[OH]
3976,[CH2]=[C]1[CH]([O][C]([CH3])=[O])[CH2][CH2][C]2([CH3])[CH2][CH]([O][C]([CH3])=[O])[C]3=[C]([CH3])[CH2][CH]([O][C]([CH3])=[O])[CH]([CH]([O][C]([CH3])=[O])[CH]12)[C]3([CH3])[CH3]
3977,[CH2]=[C]1[CH]([O][C]([CH3])=[O])[CH2][CH2][C]2([CH3])[CH2][CH]([OH])[C]3=[C]([CH3])[CH2][CH]([O][C]([CH3])=[O])[CH]([CH]([O][C]([CH3])=[O])[CH]12)[C]3([CH3])[CH3]
3978,[CH3][C]([CH3])=[CH][CH2][CH2][C]([CH3])=[CH][CH2][CH2][C]([CH3])=[CH][CH2][CH2][C]([CH3])=[CH][CH2][CH2][C]([CH3])=[CH][CH2][CH2][C]([CH3])=[CH][CH2][CH2][C]([CH3])=[CH][CH2][CH2][C]([CH3])=[CH][CH2][CH2][C]([CH3])=[CH][CH2][CH2][C]([CH3])=[CH][CH2][CH2][C]([CH3])=[CH][CH2][O][P](=[O])([OH])[O][CH]1[O][CH]([CH2][OH])[CH]([OH])[CH]([OH])[CH]1[OH]
3979,[CH3][C](=[CH][CH2][NH][c]1[n][cH][nH][c]2[n][cH][n][c]1-2)[CH2][O][CH]1[O][CH]([CH2][OH])[CH]([OH])[CH]([OH])[CH]1[OH]
3980,[CH3][C]([CH3])([CH2][O][P](=[O])([OH])[O][P](=[O])([OH])[O][CH2][CH]1[O][CH]([n]2[cH][n][c]3[c]([NH2])[n][cH][n][c]32)[CH]([OH])[CH]1[O][P](=[O])([OH])[OH])[CH]([OH])[C]([OH])=[N][CH2][CH2][C]([OH])=[N][CH2][CH2][S][C](=[O])[c]1[cH][c]([OH])[c]2[cH][cH][cH][cH][c]2[c]1[OH]
3981,[O]=[CH][CH]([O][CH]1[O][CH]([CH2][OH])[CH]([OH])[CH]([OH])[CH]1[OH])[CH]([OH])[CH]([OH])[CH]([OH])[CH2][OH]
3982,[CH3][C]([CH3])=[CH][CH2][CH2][C]([CH3])=[CH][CH2][CH2][C]([CH3])=[CH][CH2][CH2][C]([CH3])=[CH][CH2][CH2][C]([CH3])=[CH][CH2][CH2][C]([CH3])=[CH][CH2][CH2][C]([CH3])=[CH][CH2][CH2][C]([CH3])=[CH][CH2][CH2][C]([CH3])=[CH][CH2][O][P](=[O])([OH])[O][P](=[O])([OH])[OH]
3983,[CH3][CH]([CH2][CH2][C]([OH])=[N][CH2][C](=[O])[OH])[CH]1[CH2][CH2][CH]2[CH]3[CH2][CH2][CH]4[CH2][CH]([O][S](=[O])(=[O])[OH])[CH2][CH2][C]4([CH3])[CH]3[CH2][CH2][C]12[CH3]
3984,[CH3][CH]([CH2][CH2][C]([OH])=[N][CH2][C](=[O])[OH])[CH]1[CH2][CH2][CH]2[CH]3[CH2][CH2][CH]4[CH2][CH]([OH])[CH2][CH2][C]4([CH3])[CH]3[CH2][CH2][C]12[CH3]
3985,[CH3][CH]([CH2][CH2][C]([OH])=[N][CH2][C](=[O])[OH])[CH]1[CH2][CH2][CH]2[CH]3[CH]([O][S](=[O])(=[O])[OH])[CH2][CH]4[CH2][CH]([OH])[CH2][CH2][C]4([CH3])[CH]3[CH2][CH2][C]12[CH3]
3986,[CH3][C]([CH3])([CH2][O][P](=[O])([OH])[O][P](=[O])([OH])[O][CH2][CH]1[O][CH]([n]2[cH][n][c]3[c]([NH2])[n][cH][n][c]32)[CH]([OH])[CH]1[O][P](=[O])([OH])[OH])[CH]([OH])[C]([OH])=[N][CH2][CH2][C]([OH])=[N][CH2][CH2][S][C](=[O])[C](=[O])[c]1[cH][cH][cH][cH][cH]1
3987,[CH3][C]([OH])=[N][CH2][CH2][c]1[cH][cH][cH][cH][cH]1
3988,[OH][CH]=[N][CH2][c]1[cH][cH][cH][cH][cH]1
3989,[NH2][CH2][c]1[cH][cH][cH][cH][cH]1
3990,[NH]=[c]1[n][c]([OH])[c]([N]=[CH][OH])[c]([NH][CH]2[O][CH]([CH2][O][P](=[O])([OH])[OH])[CH]([OH])[CH]2[OH])[nH]1
3991,[O]=[S]([OH])[c]1[cH][cH][cH][cH][c]1-[c]1[cH][cH][cH][cH][c]1[OH]
3992,[O]=[C]1[CH]=[C]2[CH2][CH]([C](=[O])[OH])[NH][C]2=[CH][C]1=[O]
3993,[O]=[C]1[c]2[cH][cH][c]([OH])[cH][c]2[O][CH]([OH])[CH]1[c]1[cH][cH][c]([OH])[cH][cH]1
3994,[CH3][CH]([CH2][CH2][C](=[O])[OH])[CH]1[CH2][CH2][CH]2[CH]3[CH]=[CH][C]4=[CH][C](=[O])[CH2][CH2][C]4([CH3])[CH]3[CH2][CH]([OH])[C]12[CH3]
3995,[CH3][CH]([CH2][CH2][C](=[O])[OH])[CH]1[CH2][CH2][CH]2[CH]3[CH]([OH])[CH2][C]4=[CH][C](=[O])[CH2][CH2][C]4([CH3])[CH]3[CH2][CH]([OH])[C]12[CH3]
3996,[CH3][C]([CH]=[CH][CH]=[C]([CH3])[CH]=[CH][C](=[O])[C]1([CH3])[CH2][CH]([OH])[CH2][C]1([CH3])[CH3])=[CH][CH]=[CH][CH]=[C]([CH3])[CH]=[CH][CH]=[C]([CH3])[CH]=[CH][C](=[O])[C]1([CH3])[CH2][CH]([OH])[CH2][C]1([CH3])[CH3]
3997,[CH3][C]([CH]=[CH][CH]=[C]([CH3])[CH]=[CH][C](=[O])[C]1([CH3])[CH2][CH]([OH])[CH2][C]1([CH3])[CH3])=[CH][CH]=[CH][CH]=[C]([CH3])[CH]=[CH][CH]=[C]([CH3])[CH]=[CH][C]1=[C]([CH3])[CH2][CH]([OH])[CH2][C]1([CH3])[CH3]
3998,[O]=[C]1[CH2][CH]([c]2[cH][cH][cH][cH][cH]2)[O][c]2[cH][c]([O][CH]3[O][CH]([CH2][OH])[CH]([OH])[CH]([OH])[CH]3[OH])[cH][cH][c]21
3999,[CH3][CH]1[O][CH]([O][CH]2[CH]([O][c]3[cH][cH][c]4[c]([cH]3)[O][CH]([c]3[cH][cH][cH][cH][cH]3)[CH2][C]4=[O])[O][CH]([CH2][OH])[CH]([OH])[CH]2[OH])[CH]([OH])[CH]([OH])[CH]1[OH]