﻿substrate_ID,original_compound
8500,[CH3][CH]([CH2][CH2][C](=[O])[S][CH2][CH2][N]=[C]([OH])[CH2][CH2][N]=[C]([OH])[CH]([OH])[C]([CH3])([CH3])[CH2][O][P](=[O])([OH])[O][P](=[O])([OH])[O][CH2][CH]1[O][CH]([n]2[cH][n][c]3[c]([NH2])[n][cH][n][c]32)[CH]([OH])[CH]1[O][P](=[O])([OH])[OH])[CH]1[CH2][CH2][CH]2[CH]3[CH]([OH])[CH2][CH]4[CH2][C](=[O])[CH2][CH2][C]4([CH3])[CH]3[CH2][CH2][C]12[CH3]
8501,[CH3][CH]([CH2][CH2][C](=[O])[S][CH2][CH2][N]=[C]([OH])[CH2][CH2][N]=[C]([OH])[CH]([OH])[C]([CH3])([CH3])[CH2][O][P](=[O])([OH])[O][P](=[O])([OH])[O][CH2][CH]1[O][CH]([n]2[cH][n][c]3[c]([NH2])[n][cH][n][c]32)[CH]([OH])[CH]1[O][P](=[O])([OH])[OH])[CH]1[CH2][CH2][CH]2[CH]3[CH2][CH2][C]4=[CH][C](=[O])[CH2][CH2][C]4([CH3])[CH]3[CH2][CH2][C]12[CH3]
8502,[CH3][CH]([CH2][CH2][C](=[O])[S][CH2][CH2][N]=[C]([OH])[CH2][CH2][N]=[C]([OH])[CH]([OH])[C]([CH3])([CH3])[CH2][O][P](=[O])([OH])[O][P](=[O])([OH])[O][CH2][CH]1[O][CH]([n]2[cH][n][c]3[c]([NH2])[n][cH][n][c]32)[CH]([OH])[CH]1[O][P](=[O])([OH])[OH])[CH]1[CH2][CH2][CH]2[CH]3[CH2][CH2][CH]4[CH2][C](=[O])[CH2][CH2][C]4([CH3])[CH]3[CH2][CH2][C]12[CH3]
8503,[CH3][CH]([CH2][CH2][C](=[O])[S][CH2][CH2][N]=[C]([OH])[CH2][CH2][N]=[C]([OH])[CH]([OH])[C]([CH3])([CH3])[CH2][O][P](=[O])([OH])[O][P](=[O])([OH])[O][CH2][CH]1[O][CH]([n]2[cH][n][c]3[c]([NH2])[n][cH][n][c]32)[CH]([OH])[CH]1[O][P](=[O])([OH])[OH])[CH]1[CH2][CH2][CH]2[CH]3[CH2][CH2][CH]4[CH2][CH]([OH])[CH2][CH2][C]4([CH3])[CH]3[CH2][CH2][C]12[CH3]
8504,[CH3][CH]([CH2][CH2][C](=[O])[S][CH2][CH2][N]=[C]([OH])[CH2][CH2][N]=[C]([OH])[CH]([OH])[C]([CH3])([CH3])[CH2][O][P](=[O])([OH])[O][P](=[O])([OH])[O][CH2][CH]1[O][CH]([n]2[cH][n][c]3[c]([NH2])[n][cH][n][c]32)[CH]([OH])[CH]1[O][P](=[O])([OH])[OH])[CH]1[CH2][CH2][CH]2[CH]3[CH2][CH2][CH]4[CH2][C](=[O])[CH2][CH2][C]4([CH3])[CH]3[CH2][CH2][C]12[CH3]
8505,[CH3][CH]([CH2][CH2][C](=[O])[OH])[CH]1[CH2][CH2][CH]2[CH]3[CH]([OH])[CH2][CH]4[CH2][C](=[O])[CH2][CH2][C]4([CH3])[CH]3[CH2][CH2][C]12[CH3]
8506,[CH3][CH]([CH2][CH2][C](=[O])[OH])[CH]1[CH2][CH2][CH]2[CH]3[CH]([OH])[CH2][CH]4[CH2][CH]([OH])[CH2][CH2][C]4([CH3])[CH]3[CH2][CH2][C]12[CH3]
8507,[CH3][CH]([CH2][CH2][C](=[O])[S][CH2][CH2][N]=[C]([OH])[CH2][CH2][N]=[C]([OH])[CH]([OH])[C]([CH3])([CH3])[CH2][O][P](=[O])([OH])[O][P](=[O])([OH])[O][CH2][CH]1[O][CH]([n]2[cH][n][c]3[c]([NH2])[n][cH][n][c]32)[CH]([OH])[CH]1[O][P](=[O])([OH])[OH])[CH]1[CH2][CH2][CH]2[CH]3[CH]([OH])[CH2][CH]4[CH2][C](=[O])[CH2][CH2][C]4([CH3])[CH]3[CH2][CH2][C]12[CH3]
8508,[CH3][CH]([CH2][CH2][C](=[O])[S][CH2][CH2][N]=[C]([OH])[CH2][CH2][N]=[C]([OH])[CH]([OH])[C]([CH3])([CH3])[CH2][O][P](=[O])([OH])[O][P](=[O])([OH])[O][CH2][CH]1[O][CH]([n]2[cH][n][c]3[c]([NH2])[n][cH][n][c]32)[CH]([OH])[CH]1[O][P](=[O])([OH])[OH])[CH]1[CH2][CH2][CH]2[CH]3[CH]([OH])[CH2][C]4=[CH][C](=[O])[CH2][CH2][C]4([CH3])[CH]3[CH2][CH2][C]12[CH3]
8509,[CH3][CH2][c]1[c]2[c]([OH])[cH][c]3[c]-2[n][c]1[cH][c]1[nH][c]([cH][c]2[nH][c]([cH][c]4[n][c]3[CH]([CH2][CH2][C](=[O])[OH])[CH]4[CH3])[c]([CH3])[c]2[CH]([CH3])[OH])[c]([CH3])[c]1[CH2][CH3]
8510,[CH3][CH2][c]1[c]([CH3])[c]2[cH][c]3[nH][c]([cH][c]4[n][c]([c]5[cH][c](=[O])[c]6[c]-5[nH][c]([cH][c]1[nH]2)[c]6[CH3])[CH]([CH2][CH2][C](=[O])[O][CH2][CH]=[C]([CH3])[CH2][CH2][CH]=[C]([CH3])[CH2][CH2][CH]=[C]([CH3])[CH3])[CH]4[CH3])[c]([CH3])[c]3[CH]([CH3])[OH]
8511,[CH3][CH2][c]1[c]([CH3])[c]2[cH][c]3[nH][c]([cH][c]4[n][c]([c]5[cH][c](=[O])[c]6[c]-5[nH][c]([cH][c]1[nH]2)[c]6[CH3])[CH]([CH2][CH2][C](=[O])[OH])[CH]4[CH3])[c]([CH3])[c]3[CH]([CH3])[OH]
8512,[CH3][CH2][CH2][c]1[c]([CH3])[c]2[cH][c]3[nH][c]([cH][c]4[n][c]([c]5[cH][c](=[O])[c]6[c]-5[nH][c]([cH][c]1[nH]2)[c]6[CH2][CH3])[CH]([CH2][CH2][C](=[O])[O][CH2][CH]=[C]([CH3])[CH2][CH2][CH]=[C]([CH3])[CH2][CH2][CH]=[C]([CH3])[CH3])[CH]4[CH3])[c]([CH3])[c]3[CH]([CH3])[OH]
8513,[CH3][CH2][c]1[c]2[cH][c]3[nH][c]([cH][c]4[nH][c]([cH][c]5[n][c]([c]6[cH][c](=[O])[c]1[c]-6[nH]2)[CH]([CH2][CH2][C](=[O])[O][CH2][CH]=[C]([CH3])[CH2][CH2][CH]=[C]([CH3])[CH2][CH2][CH]=[C]([CH3])[CH3])[CH]5[CH3])[c]([CH3])[c]4[CH]([CH3])[OH])[c]([CH3])[c]3[CH2][CH]([CH3])[CH3]
8514,[CH3][CH2][c]1[c]([CH3])[c]2[cH][c]3[nH][c]([c]([CH3])[c]4[n][c]([c]5[cH][c](=[O])[c]6[c]-5[nH][c]([cH][c]1[nH]2)[c]6[CH3])[CH]([CH2][CH2][C](=[O])[OH])[CH]4[CH3])[c]([CH3])[c]3[CH]([CH3])[OH]
8515,[CH3][CH2][c]1[c]([CH3])[c]2[cH][c]3[nH][c]([c]([CH3])[c]4[n][c]([c]5[cH][c](=[O])[c]6[c]-5[nH][c]([cH][c]1[nH]2)[c]6[CH3])[CH]([CH2][CH2][C](=[O])[O][CH2][CH]=[C]([CH3])[CH2][CH2][CH]=[C]([CH3])[CH2][CH2][CH]=[C]([CH3])[CH3])[CH]4[CH3])[c]([CH3])[c]3[CH]([CH3])[OH]
8516,[CH3][CH2][c]1[c]2[c]([OH])[cH][c]3[c]-2[n][c]1[cH][c]1[nH][c]([cH][c]2[nH][c]([c]([CH3])[c]4[n][c]3[CH]([CH2][CH2][C](=[O])[OH])[CH]4[CH3])[c]([CH3])[c]2[CH]([CH3])[OH])[c]([CH3])[c]1[CH2][CH3]
8517,[CH3][CH2][CH2][c]1[c]([CH3])[c]2[cH][c]3[nH][c]([c]([CH3])[c]4[n][c]([c]5[cH][c](=[O])[c]6[c]-5[nH][c]([cH][c]1[nH]2)[c]6[CH2][CH3])[CH]([CH2][CH2][C](=[O])[OH])[CH]4[CH3])[c]([CH3])[c]3[CH]([CH3])[OH]
8518,[CH3][CH2][c]1[c]2[cH][c]3[nH][c]([cH][c]4[nH][c]([c]([CH3])[c]5[n][c]([c]6[cH][c](=[O])[c]1[c]-6[nH]2)[CH]([CH2][CH2][C](=[O])[OH])[CH]5[CH3])[c]([CH3])[c]4[CH]([CH3])[OH])[c]([CH3])[c]3[CH2][CH]([CH3])[CH3]
8519,[CH3][CH2][c]1[c]2[c]([OH])[cH][c]3[c]-2[n][c]1[cH][c]1[nH][c]([cH][c]2[nH][c]([c]([CH3])[c]4[n][c]3[CH]([CH2][CH2][C](=[O])[O][CH2][CH]=[C]([CH3])[CH2][CH2][CH]=[C]([CH3])[CH2][CH2][CH]=[C]([CH3])[CH3])[CH]4[CH3])[c]([CH3])[c]2[CH]([CH3])[OH])[c]([CH3])[c]1[CH2][CH3]
8520,[CH3][CH2][CH2][c]1[c]([CH3])[c]2[cH][c]3[nH][c]([c]([CH3])[c]4[n][c]([c]5[cH][c](=[O])[c]6[c]-5[nH][c]([cH][c]1[nH]2)[c]6[CH2][CH3])[CH]([CH2][CH2][C](=[O])[O][CH2][CH]=[C]([CH3])[CH2][CH2][CH]=[C]([CH3])[CH2][CH2][CH]=[C]([CH3])[CH3])[CH]4[CH3])[c]([CH3])[c]3[CH]([CH3])[OH]
8521,[CH3][CH2][c]1[c]2[cH][c]3[nH][c]([cH][c]4[nH][c]([c]([CH3])[c]5[n][c]([c]6[cH][c](=[O])[c]1[c]-6[nH]2)[CH]([CH2][CH2][C](=[O])[O][CH2][CH]=[C]([CH3])[CH2][CH2][CH]=[C]([CH3])[CH2][CH2][CH]=[C]([CH3])[CH3])[CH]5[CH3])[c]([CH3])[c]4[CH]([CH3])[OH])[c]([CH3])[c]3[CH2][CH]([CH3])[CH3]
8522,[CH3][CH2][c]1[c]2[cH][c]3[nH][c]([cH][c]4[nH][c]([c]([CH3])[c]5[n][c]([c]6[cH][c](=[O])[c]1[c]-6[nH]2)[CH]([CH2][CH2][C](=[O])[OH])[CH]5[CH3])[c]([CH3])[c]4[CH]([CH3])[OH])[c]([CH2][OH])[c]3[CH2][CH]([CH3])[CH3]
8523,[CH3][CH2][CH2][c]1[c]([CH2][OH])[c]2[cH][c]3[nH][c]([c]([CH3])[c]4[n][c]([c]5[cH][c](=[O])[c]6[c]-5[nH][c]([cH][c]1[nH]2)[c]6[CH2][CH3])[CH]([CH2][CH2][C](=[O])[OH])[CH]4[CH3])[c]([CH3])[c]3[CH]([CH3])[OH]
8524,[CH3][CH2][CH2][c]1[c](=[CH][OH])[c]2[cH][c]3[nH][c]([c]([CH3])[c]4[n][c]([c]5[c]6[n][c]([cH][c]1[nH]2)[C]([CH2][CH3])=[C]6[C](=[O])[CH]=5)[CH]([CH2][CH2][C](=[O])[O][CH2][CH]=[C]([CH3])[CH2][CH2][CH]=[C]([CH3])[CH2][CH2][CH]=[C]([CH3])[CH3])[CH]4[CH3])[c]([CH3])[c]3[CH]([CH3])[OH]
8525,[CH3][CH2][C]1=[C]2[C](=[O])[CH]=[c]3[c]2[n][c]1[cH][c]1[nH][c]([cH][c]2[nH][c]([c]([CH3])[c]4[n][c]3[CH]([CH2][CH2][C](=[O])[O][CH2][CH]=[C]([CH3])[CH2][CH2][CH]=[C]([CH3])[CH2][CH2][CH]=[C]([CH3])[CH3])[CH]4[CH3])[c]([CH3])[c]2[CH]([CH3])[OH])[c](=[CH][OH])[c]1[CH2][CH]([CH3])[CH3]
8526,[O]=[C]([OH])[CH2][CH2][CH2][CH2][CH2][CH]1[N]=[C]([OH])[NH][CH]1[CH2][SH]
8527,[CH3][CH]=[C]1[C]2=[N][C](=[CH][C]3=[N][C](=[C]([CH3])[C]3=[C]([CH3])[OH])[CH]=[C]3[NH][C](=[C]4[C]5=[N][C](=[CH]2)[C]([CH3])=[C]5[C](=[O])[CH]4[C](=[O])[O][CH3])[CH]([CH2][CH2][C](=[O])[OH])[CH]3[CH3])[CH]1[CH3]
8528,[CH3][CH]=[C]1[c]2[cH][c]3[n][c]4[c]([c]5[nH][c]([cH][c]6[nH][c]([cH][c]([n]2)[CH]1[CH3])[c]([CH]([CH3])[OH])[c]6[CH3])[CH]([CH3])[CH]5[CH2][CH2][C](=[O])[OH])[c-]([C](=[O])[O][CH3])[c](=[O])[c]-4[c]3[CH3]
8529,[CH3][CH]=[C]1[C]2=[N][C](=[CH][C]3=[N][C](=[C]([CH3])[C]3=[C]([CH3])[OH])[CH]=[C]3[NH][C](=[C]4[C]5=[N][C](=[CH]2)[C]([CH3])=[C]5[C](=[O])[CH]4[C](=[O])[O][CH3])[CH]([CH2][CH2][C](=[O])[O][CH2][CH]=[C]([CH3])[CH2][CH2][CH2][CH]([CH3])[CH2][CH2][CH2][CH]([CH3])[CH2][CH2][CH2][CH]([CH3])[CH3])[CH]3[CH3])[CH]1[CH3]
8530,[CH2]=[CH][c]1[c]([CH3])[c]2[cH][c]3[nH][c]([cH][c]4[n][c]([c]5[c]6[n][c]([cH][c]1[nH]2)[C]([CH3])=[C]6[C](=[O])[CH]5[C](=[O])[O][CH3])[C]([CH]=[CH][C](=[O])[OH])=[C]4[CH3])[c]([CH3])[c]3[CH]=[CH2]
8531,[CH2]=[CH][c]1[c]([CH3])[c]2[cH][c]3[n][c]([c]4[c]5[n][c]([cH][c]6[nH][c]([cH][c]1[nH]2)[c]([CH3])[c]6[CH2][CH3])[C]([CH3])=[C]5[C](=[O])[CH]4[C](=[O])[O][CH3])[C]([CH]=[CH][C](=[O])[OH])=[C]3[CH3]
8532,[O]=[P]([OH])([OH])[O][CH]1[CH]([OH])[CH]([OH])[CH]([O][P](=[O])([OH])[OH])[CH]([O][P](=[O])([OH])[OH])[CH]1[OH]
8533,[O]=[P]([OH])([OH])[O][CH]1[CH]([OH])[CH]([OH])[CH]([O][P](=[O])([OH])[OH])[CH]([O][P](=[O])([OH])[OH])[CH]1[O][P](=[O])([OH])[OH]
8534,[O]=[P]([OH])([OH])[O][CH]1[CH]([OH])[CH]([OH])[CH]([O][P](=[O])([OH])[OH])[CH]([OH])[CH]1[OH]
8535,[O]=[P]([OH])([OH])[O][CH]1[CH]([OH])[CH]([OH])[CH]([OH])[CH]([OH])[CH]1[OH]
8536,[CH3][c]1[cH][cH][c]([C](=[O])[CH2][CH]([NH2])[C](=[O])[OH])[c]([NH2])[c]1[OH]
8537,[CH3][C]([OH])=[N][CH]1[CH]([OH])[O][CH]([CH2][OH])[CH]([OH])[CH]1[O][CH]1[O][CH]([CH2][OH])[CH]([OH])[CH]([O][CH]2[O][CH]([CH2][OH])[CH]([OH])[CH]([O][CH]3[O][CH]([CH2][OH])[CH]([OH])[CH]([OH])[CH]3[OH])[CH]2[N]=[C]([CH3])[OH])[CH]1[OH]
8538,[CH3][C]([OH])=[N][CH]1[CH]([OH])[O][CH]([CH2][OH])[CH]([OH])[CH]1[O][CH]1[O][CH]([CH2][OH])[CH]([OH])[CH]([O][CH]2[O][CH]([CH2][OH])[CH]([OH])[CH]([O][CH]3[O][CH]([CH2][OH])[CH]([OH])[CH]([OH])[CH]3[O][CH]3[O][CH]([CH3])[CH]([OH])[CH2][CH]3[OH])[CH]2[N]=[C]([CH3])[OH])[CH]1[OH]
8539,[CH3][C]([OH])=[N][CH]1[CH]([OH])[O][CH]([CH2][OH])[CH]([OH])[CH]1[O][CH]1[O][CH]([CH2][OH])[CH]([OH])[CH]([OH])[CH]1[O][CH]1[O][CH]([CH3])[CH]([OH])[CH2][CH]1[OH]
8540,[CH3][C]12[CH2][CH2][CH]3[CH]([CH2][CH2][C]4=[CH][C](=[O])[CH2][CH]([OH])[C]43[CH3])[CH]1[CH2][CH2][C]2=[O]
8541,[O]=[C]([OH])[CH2][C](=[CH][PH](=[O])[OH])[C](=[O])[OH]
8542,[NH]=[C]([NH2])[NH][CH]=[CH][CH2][CH]([NH2])[C](=[O])[OH]
8543,[CH3][CH]([c]1[cH][nH][c]2[cH][cH][cH][cH][c]12)[CH]([OH])[C]([OH])=[N][C](=[NH])[NH][CH]=[CH][CH2][CH]([NH2])[C](=[O])[OH]
8544,[NH]=[CH][CH2][CH2][CH]([NH2])[C](=[O])[OH]
8545,[CH3][CH2][c]1[cH][cH][cH][c]([CH2][CH3])[c]1[N]([CH2][OH])[C](=[O])[CH2][Cl]
8546,[CH3][CH2][CH2][CH2][O][CH2][N]([C](=[O])[CH2][Cl])[c]1[c]([CH2][CH3])[cH][cH][cH][c]1[CH2][CH3]
8547,[CH3][CH2][c]1[cH][cH][cH][c]([CH2][CH3])[c]1[N]=[C]([OH])[CH2][Cl]
8548,[CH3][CH2][c]1[cH][cH][cH][c]([CH2][CH3])[c]1[N]([CH3])[C](=[O])[CH2][Cl]
8549,[CH3][CH2][c]1[cH][cH][cH][c]([CH2][CH3])[c]1[NH2]
8550,[CH3][CH2][CH2][CH2][O][CH2][OH]
8551,[CH3][CH2][c]1[cH][cH][cH][c]([CH2][CH3])[c]1[N]([CH2][O][CH3])[C](=[O])[CH2][Cl]
8552,[CH3][CH2][CH2][CH2][O][CH]=[O]
8553,[CH3][O][CH]=[O]
8554,[CH3][CH2][c]1[cH][cH][cH][c]([CH3])[c]1[N]=[C]([OH])[CH2][Cl]
8555,[CH3][CH2][O][CH]=[O]
8556,[CH3][CH2][O][CH2][N]([C](=[O])[CH2][Cl])[c]1[c]([CH3])[cH][cH][cH][c]1[CH2][CH3]
8557,[CH3][O][c]1[cH][c]([CH]2[O][c]3[c]([O][CH3])[cH][c]([CH]=[CH][C](=[O])[OH])[cH][c]3[CH]2[CH]=[O])[cH][cH][c]1[OH]
8558,[CH3][O][c]1[cH][c]([CH]2[O][c]3[c]([O][CH3])[cH][c]([CH]=[CH][C](=[O])[OH])[cH][c]3[CH]2[CH2][OH])[cH][cH][c]1[OH]
8559,[CH3][O][c]1[cH][c]([CH]2[O][c]3[c]([O][CH3])[cH][c]([CH]=[CH][C](=[O])[OH])[cH][c]3[CH]2[CH]([OH])[OH])[cH][cH][c]1[OH]
8560,[CH3][O][c]1[cH][c]([CH]2[O][c]3[c]([O][CH3])[cH][c]([CH]=[CH][C](=[O])[OH])[cH][c]3[CH]2[C](=[O])[OH])[cH][cH][c]1[OH]
8561,[NH2][CH]([CH2][CH]([NH2])[C](=[O])[OH])[C](=[O])[OH]
8562,[NH2][CH]([CH2][C](=[O])[C](=[O])[OH])[C](=[O])[OH]
8563,[O]=[CH][CH2][C](=[O])[CH2][C](=[O])[C](=[O])[OH]
8564,[CH3][C](=[CH][C](=[O])[O][CH2][CH2][CH2][CH2][CH2][CH2][CH2][CH2][CH2][CH2][CH2][CH2][CH2][C](=[O])[S][CH2][CH2][N]=[C]([OH])[CH2][CH2][N]=[C]([OH])[CH]([OH])[C]([CH3])([CH3])[CH2][O][P](=[O])([OH])[O][P](=[O])([OH])[O][CH2][CH]1[O][CH]([n]2[cH][n][c]3[c]([NH2])[n][cH][n][c]32)[CH]([OH])[CH]1[O][P](=[O])([OH])[OH])[CH2][CH]1[O][CH2][CH]([CH2][CH]=[CH][CH]([CH3])[CH]([CH3])[OH])[CH]([OH])[CH]1[OH]
8565,[CH3][C](=[CH][C](=[O])[O][CH2][CH2][CH2][CH2][CH2][CH2][CH2][CH2][CH2][CH2][CH2][CH2][CH2][C](=[O])[OH])[CH2][CH]1[O][CH2][CH]([CH2][CH]=[CH][CH]([CH3])[CH]([CH3])[OH])[CH]([OH])[CH]1[OH]
8566,[CH3][C](=[CH][C](=[O])[O][CH2][CH2][CH2][CH2][CH2][CH2][CH2][CH2][CH2][CH2][CH2][CH2][CH2][CH2][CH2][C](=[O])[S][CH2][CH2][N]=[C]([OH])[CH2][CH2][N]=[C]([OH])[CH]([OH])[C]([CH3])([CH3])[CH2][O][P](=[O])([OH])[O][P](=[O])([OH])[O][CH2][CH]1[O][CH]([n]2[cH][n][c]3[c]([NH2])[n][cH][n][c]32)[CH]([OH])[CH]1[O][P](=[O])([OH])[OH])[CH2][CH]1[O][CH2][CH]([CH2][CH]=[CH][CH]([CH3])[CH]([CH3])[OH])[CH]([OH])[CH]1[OH]
8567,[CH3][C](=[CH][C](=[O])[O][CH2][CH2][CH2][CH2][CH2][CH2][CH2][CH2][CH2][CH2][CH2][CH2][CH2][CH2][CH2][C](=[O])[OH])[CH2][CH]1[O][CH2][CH]([CH2][CH]=[CH][CH]([CH3])[CH]([CH3])[OH])[CH]([OH])[CH]1[OH]
8568,[CH3][CH2][C](=[O])[CH2][C](=[O])[OH]
8569,[CH3][N]([CH3])[N]=[O]
8570,[CH3][CH2][C](=[O])[CH2][OH]
8571,[CH3][C](=[O])[O][CH2][OH]
8572,[Cl][CH]1[CH2][O]1
8573,[O]=[S](=[O])([OH])[CH2][CH2][S][CH2][CH2][OH]
8574,[O]=[S](=[O])([OH])[CH2][CH2][S][CH2][CH]([OH])[Cl]
8575,[CH3][CH]([OH])[CH2][S][CH2][CH2][S](=[O])(=[O])[OH]
8576,[CH3][CH]1[CH2][O]1
8577,[O]=[CH][CH2][S][CH2][CH2][S](=[O])(=[O])[OH]
8578,[O]=[C]([OH])[CH2][S][CH2][CH2][S](=[O])(=[O])[OH]
8579,[CH3][C]1([CH3])[CH2][O]1
8580,[CH2]=[C]([CH3])[CH3]
8581,[CH2]=[CH][C]([CH3])([CH]=[O])[S][CH2][CH]([N]=[C]([OH])[CH2][CH2][CH]([NH2])[C](=[O])[OH])[C]([OH])=[N][CH2][C](=[O])[OH]
8582,[CH2]=[CH][C]([CH3])([S][CH2][CH]([N]=[C]([OH])[CH2][CH2][CH]([NH2])[C](=[O])[OH])[C]([OH])=[N][CH2][C](=[O])[OH])[C](=[O])[OH]
8583,[CH2]=[CH][CH]([CH3])[C](=[O])[S][CH2][CH2][N]=[C]([OH])[CH2][CH2][N]=[C]([OH])[CH]([OH])[C]([CH3])([CH3])[CH2][O][P](=[O])([OH])[O][P](=[O])([OH])[O][CH2][CH]1[O][CH]([n]2[cH][n][c]3[c]([NH2])[n][cH][n][c]32)[CH]([OH])[CH]1[O][P](=[O])([OH])[OH]
8584,[cH]1[cH][cH][c]([CH]2[CH2][O]2)[cH][cH]1
8585,[CH3][C]([CH3])([OH])[C](=[NH])[OH]
8586,[CH3][C]([CH3])([CH3])[O][CH2][OH]
8587,[CH3][O][C]([CH3])([CH3])[CH3]
8588,[CH3][C]([CH3])([CH3])[O][CH]=[O]
8589,[CH2]=[CH][CH]([CH3])[OH]
8590,[CH3][CH2][CH]([CH3])[OH]
8591,[CH2]=[CH][CH2][CH3]
8592,[CH3][CH2][CH]1[CH2][O]1
8593,[CH3][CH]1[O][CH]1[CH3]
8594,[CH3][CH]=[CH][CH3]
8595,[CH3][C](=[O])[CH]([OH])[OH]
8596,[CH3][CH2][CH2][CH2][CH3]
8597,[CH3][CH]([CH2][CH2][CH2][CH]([CH3])[CH]1[CH2][CH2][CH]2[CH]3[CH2][CH2][C]4=[CH][C](=[O])[CH2][CH2][C]4([CH3])[CH]3[CH2][CH2][C]12[CH3])[C](=[O])[S][CH2][CH2][N]=[C]([OH])[CH2][CH2][N]=[C]([OH])[CH]([OH])[C]([CH3])([CH3])[CH2][O][P](=[O])([OH])[O][P](=[O])([OH])[O][CH2][CH]1[O][CH]([n]2[cH][n][c]3[c]([NH2])[n][cH][n][c]32)[CH]([OH])[CH]1[O][P](=[O])([OH])[OH]
8598,[CH3][CH]([CH]=[O])[CH2][CH2][CH2][CH]([CH3])[CH]1[CH2][CH2][CH]2[CH]3[CH2][CH]=[C]4[CH2][CH]([OH])[CH2][CH2][C]4([CH3])[CH]3[CH2][CH2][C]12[CH3]
8599,[CH3][CH]([CH2][OH])[CH2][CH2][CH2][CH]([CH3])[CH]1[CH2][CH2][CH]2[CH]3[CH2][CH]=[C]4[CH2][CH]([OH])[CH2][CH2][C]4([CH3])[CH]3[CH2][CH2][C]12[CH3]
8600,[CH3][CH]([CH]=[O])[CH2][CH2][CH2][CH]([CH3])[CH]1[CH2][CH2][CH]2[CH]3[CH2][CH]=[C]4[CH2][CH]([OH])[CH2][CH2][C]4([CH3])[CH]3[CH2][CH2][C]12[CH3]
8601,[CH3][CH]([CH2][CH2][CH2][CH]([CH3])[CH]1[CH2][CH2][CH]2[CH]3[CH2][CH]=[C]4[CH2][CH]([OH])[CH2][CH2][C]4([CH3])[CH]3[CH2][CH2][C]12[CH3])[C](=[O])[OH]
8602,[CH3][CH2][CH]([CH3])[OH]
8603,[CH3][CH2][CH2][CH]([CH3])[OH]
8604,[CH3][CH2][C]([CH3])([OH])[CH2][OH]
8605,[CH3][C]([CH3])([OH])[CH2][CH2][OH]
8606,[CH3][CH]([OH])[C]([CH3])([CH3])[OH]
8607,[CH3][C](=[O])[C]([CH3])([CH3])[OH]
8608,[CH3][C]([CH3])([OH])[CH2][CH]=[O]
8609,[CH3][CH2][C]([CH3])([OH])[CH]=[O]
8610,[CH3][CH2][C]([CH3])([OH])[C](=[O])[OH]
8611,[OH][CH2][CH]1[O][CH]([O][c]2[cH][c]([CH]3[O][c]4[cH][c]([OH])[cH][c]([OH])[c]4[CH2][CH]3[OH])[cH][cH][c]2[OH])[CH]([OH])[CH]([OH])[CH]1[OH]
8612,[OH][c]1[cH][c]([OH])[c]2[c]([cH]1)[O][CH]([c]1[cH][cH][c]([OH])[c]([OH])[cH]1)[CH]([OH])[CH2]2
8613,[O]=[S](=[O])([OH])[CH2][CH]1[O][CH]([O][CH2][CH]([OH])[CH2][OH])[CH]([OH])[CH]([OH])[CH]1[OH]
8614,[CH3][CH2][CH2][CH2][CH2][CH2][CH2][C](=[O])[CH2][C](=[O])[c]1[cH][cH][cH][cH][c]1[NH2]
8615,[O]=[C]([OH])[CH2][C](=[O])[c]1[cH][cH][cH][cH][c]1[NH][OH]
8616,[CH3][CH2][CH2][CH2][CH2][CH2][CH2][C](=[O])[CH2][C](=[O])[c]1[cH][cH][cH][cH][c]1[NH][OH]
8617,[CH3][CH2][CH2][CH2][CH2][CH2][CH2][c]1[cH][c](=[O])[c]2[cH][cH][cH][cH][c]2[n]1[OH]
8618,[OH][CH2][CH]1[O][CH]([OH])[CH]([OH])[CH]([OH])[CH]1[OH]
8619,[OH][CH2][CH]1[O][CH]([O][CH]2[CH]([CH2][OH])[O][C]([OH])([CH2][OH])[CH]2[OH])[CH]([OH])[CH]([OH])[CH]1[OH]
8620,[CH3][CH2][CH2][CH2][CH2][CH2][CH2][CH2][CH2][CH2][CH2][CH2][CH2][CH2][CH2][CH2][CH2][CH2][OH]
8621,[O]=[C]([OH])[CH]([OH])[CH]([OH])[CH]([OH])[CH]([OH])[CH2][O][CH]1[O][CH]([CH2][OH])[CH]([OH])[CH]([OH])[CH]1[OH]
8622,[OH][CH2][CH]([OH])[CH]([OH])[CH2][OH]
8623,[CH3][CH2][CH2][CH2][CH2][CH2][CH2][CH2][CH]=[CH][CH2][CH2][CH2][CH2][CH2][CH]([OH])[CH2][C](=[O])[S][CH2][CH2][N]=[C]([OH])[CH2][CH2][N]=[C]([OH])[CH]([OH])[C]([CH3])([CH3])[CH2][O][P](=[O])([OH])[O][P](=[O])([OH])[O][CH2][CH]1[O][CH]([n]2[cH][n][c]3[c]([NH2])[n][cH][n][c]32)[CH]([OH])[CH]1[O][P](=[O])([OH])[OH]
8624,[CH3][CH2][CH2][CH2][CH2][CH2][CH2][CH2][CH]=[CH][CH2][CH2][CH2][CH2][CH2][C](=[O])[CH2][C](=[O])[S][CH2][CH2][N]=[C]([OH])[CH2][CH2][N]=[C]([OH])[CH]([OH])[C]([CH3])([CH3])[CH2][O][P](=[O])([OH])[O][P](=[O])([OH])[O][CH2][CH]1[O][CH]([n]2[cH][n][c]3[c]([NH2])[n][cH][n][c]32)[CH]([OH])[CH]1[O][P](=[O])([OH])[OH]
8625,[CH3][CH2][CH2][CH2][CH2][CH2][CH2][CH2][CH]=[CH][CH2][CH2][CH2][CH2][CH2][C](=[O])[S][CH2][CH2][N]=[C]([OH])[CH2][CH2][N]=[C]([OH])[CH]([OH])[C]([CH3])([CH3])[CH2][O][P](=[O])([OH])[O][P](=[O])([OH])[O][CH2][CH]1[O][CH]([n]2[cH][n][c]3[c]([NH2])[n][cH][n][c]32)[CH]([OH])[CH]1[O][P](=[O])([OH])[OH]
8626,[CH3][CH2][CH2][CH2][CH2][CH2][CH2][CH2][CH]=[CH][CH2][CH2][CH2][CH]=[CH][C](=[O])[S][CH2][CH2][N]=[C]([OH])[CH2][CH2][N]=[C]([OH])[CH]([OH])[C]([CH3])([CH3])[CH2][O][P](=[O])([OH])[O][P](=[O])([OH])[O][CH2][CH]1[O][CH]([n]2[cH][n][c]3[c]([NH2])[n][cH][n][c]32)[CH]([OH])[CH]1[O][P](=[O])([OH])[OH]
8627,[CH3][CH2][CH2][CH2][CH2][CH2][CH2][CH2][CH]=[CH][CH2][CH2][CH2][CH]([OH])[CH2][C](=[O])[S][CH2][CH2][N]=[C]([OH])[CH2][CH2][N]=[C]([OH])[CH]([OH])[C]([CH3])([CH3])[CH2][O][P](=[O])([OH])[O][P](=[O])([OH])[O][CH2][CH]1[O][CH]([n]2[cH][n][c]3[c]([NH2])[n][cH][n][c]32)[CH]([OH])[CH]1[O][P](=[O])([OH])[OH]
8628,[CH3][CH2][CH2][CH2][CH2][CH2][CH2][CH2][CH]=[CH][CH2][CH2][CH2][C](=[O])[CH2][C](=[O])[S][CH2][CH2][N]=[C]([OH])[CH2][CH2][N]=[C]([OH])[CH]([OH])[C]([CH3])([CH3])[CH2][O][P](=[O])([OH])[O][P](=[O])([OH])[O][CH2][CH]1[O][CH]([n]2[cH][n][c]3[c]([NH2])[n][cH][n][c]32)[CH]([OH])[CH]1[O][P](=[O])([OH])[OH]
8629,[CH3][CH2][CH2][CH2][CH2][CH2][CH]=[CH][CH2][CH2][CH2][CH2][CH2][CH2][CH2][CH]=[CH][C](=[O])[S][CH2][CH2][N]=[C]([OH])[CH2][CH2][N]=[C]([OH])[CH]([OH])[C]([CH3])([CH3])[CH2][O][P](=[O])([OH])[O][P](=[O])([OH])[O][CH2][CH]1[O][CH]([n]2[cH][n][c]3[c]([NH2])[n][cH][n][c]32)[CH]([OH])[CH]1[O][P](=[O])([OH])[OH]
8630,[CH3][CH2][CH2][CH2][CH2][CH2][CH]=[CH][CH2][CH2][CH2][CH2][CH2][CH2][CH2][CH]([OH])[CH2][C](=[O])[S][CH2][CH2][N]=[C]([OH])[CH2][CH2][N]=[C]([OH])[CH]([OH])[C]([CH3])([CH3])[CH2][O][P](=[O])([OH])[O][P](=[O])([OH])[O][CH2][CH]1[O][CH]([n]2[cH][n][c]3[c]([NH2])[n][cH][n][c]32)[CH]([OH])[CH]1[O][P](=[O])([OH])[OH]
8631,[CH3][CH2][CH2][CH2][CH2][CH2][CH]=[CH][CH2][CH2][CH2][CH2][CH2][CH2][CH2][C](=[O])[CH2][C](=[O])[S][CH2][CH2][N]=[C]([OH])[CH2][CH2][N]=[C]([OH])[CH]([OH])[C]([CH3])([CH3])[CH2][O][P](=[O])([OH])[O][P](=[O])([OH])[O][CH2][CH]1[O][CH]([n]2[cH][n][c]3[c]([NH2])[n][cH][n][c]32)[CH]([OH])[CH]1[O][P](=[O])([OH])[OH]
8632,[CH3][CH2][CH2][CH2][CH2][CH2][CH]=[CH][CH2][CH2][CH2][CH2][CH2][CH]=[CH][C](=[O])[S][CH2][CH2][N]=[C]([OH])[CH2][CH2][N]=[C]([OH])[CH]([OH])[C]([CH3])([CH3])[CH2][O][P](=[O])([OH])[O][P](=[O])([OH])[O][CH2][CH]1[O][CH]([n]2[cH][n][c]3[c]([NH2])[n][cH][n][c]32)[CH]([OH])[CH]1[O][P](=[O])([OH])[OH]
8633,[CH3][CH2][CH2][CH2][CH2][CH2][CH]=[CH][CH2][CH2][CH2][CH2][CH2][CH]([OH])[CH2][C](=[O])[S][CH2][CH2][N]=[C]([OH])[CH2][CH2][N]=[C]([OH])[CH]([OH])[C]([CH3])([CH3])[CH2][O][P](=[O])([OH])[O][P](=[O])([OH])[O][CH2][CH]1[O][CH]([n]2[cH][n][c]3[c]([NH2])[n][cH][n][c]32)[CH]([OH])[CH]1[O][P](=[O])([OH])[OH]
8634,[CH3][CH2][CH2][CH2][CH2][CH2][CH]=[CH][CH2][CH2][CH2][CH2][CH2][C](=[O])[CH2][C](=[O])[S][CH2][CH2][N]=[C]([OH])[CH2][CH2][N]=[C]([OH])[CH]([OH])[C]([CH3])([CH3])[CH2][O][P](=[O])([OH])[O][P](=[O])([OH])[O][CH2][CH]1[O][CH]([n]2[cH][n][c]3[c]([NH2])[n][cH][n][c]32)[CH]([OH])[CH]1[O][P](=[O])([OH])[OH]
8635,[CH3][CH2][CH2][CH2][CH2][CH2][CH]=[CH][CH2][CH2][CH2][CH2][CH2][C](=[O])[S][CH2][CH2][N]=[C]([OH])[CH2][CH2][N]=[C]([OH])[CH]([OH])[C]([CH3])([CH3])[CH2][O][P](=[O])([OH])[O][P](=[O])([OH])[O][CH2][CH]1[O][CH]([n]2[cH][n][c]3[c]([NH2])[n][cH][n][c]32)[CH]([OH])[CH]1[O][P](=[O])([OH])[OH]
8636,[CH3][CH2][CH2][CH2][CH2][CH2][CH]=[CH][CH2][CH2][CH2][CH]=[CH][C](=[O])[S][CH2][CH2][N]=[C]([OH])[CH2][CH2][N]=[C]([OH])[CH]([OH])[C]([CH3])([CH3])[CH2][O][P](=[O])([OH])[O][P](=[O])([OH])[O][CH2][CH]1[O][CH]([n]2[cH][n][c]3[c]([NH2])[n][cH][n][c]32)[CH]([OH])[CH]1[O][P](=[O])([OH])[OH]
8637,[CH3][CH2][CH2][CH2][CH2][CH2][CH]=[CH][CH2][CH2][CH2][CH]([OH])[CH2][C](=[O])[S][CH2][CH2][N]=[C]([OH])[CH2][CH2][N]=[C]([OH])[CH]([OH])[C]([CH3])([CH3])[CH2][O][P](=[O])([OH])[O][P](=[O])([OH])[O][CH2][CH]1[O][CH]([n]2[cH][n][c]3[c]([NH2])[n][cH][n][c]32)[CH]([OH])[CH]1[O][P](=[O])([OH])[OH]
8638,[CH3][CH2][CH2][CH2][CH2][CH2][CH]=[CH][CH2][CH2][CH2][C](=[O])[CH2][C](=[O])[S][CH2][CH2][N]=[C]([OH])[CH2][CH2][N]=[C]([OH])[CH]([OH])[C]([CH3])([CH3])[CH2][O][P](=[O])([OH])[O][P](=[O])([OH])[O][CH2][CH]1[O][CH]([n]2[cH][n][c]3[c]([NH2])[n][cH][n][c]32)[CH]([OH])[CH]1[O][P](=[O])([OH])[OH]
8639,[CH3][CH2][CH2][CH2][CH2][CH2][CH]=[CH][CH2][CH2][CH2][C](=[O])[S][CH2][CH2][N]=[C]([OH])[CH2][CH2][N]=[C]([OH])[CH]([OH])[C]([CH3])([CH3])[CH2][O][P](=[O])([OH])[O][P](=[O])([OH])[O][CH2][CH]1[O][CH]([n]2[cH][n][c]3[c]([NH2])[n][cH][n][c]32)[CH]([OH])[CH]1[O][P](=[O])([OH])[OH]
8640,[CH3][CH2][CH2][CH2][CH2][CH2][CH]=[CH][CH2][CH]=[CH][C](=[O])[S][CH2][CH2][N]=[C]([OH])[CH2][CH2][N]=[C]([OH])[CH]([OH])[C]([CH3])([CH3])[CH2][O][P](=[O])([OH])[O][P](=[O])([OH])[O][CH2][CH]1[O][CH]([n]2[cH][n][c]3[c]([NH2])[n][cH][n][c]32)[CH]([OH])[CH]1[O][P](=[O])([OH])[OH]
8641,[CH3][CH2][CH2][CH2][CH2][CH2][CH]=[CH][CH2][CH]([OH])[CH2][C](=[O])[S][CH2][CH2][N]=[C]([OH])[CH2][CH2][N]=[C]([OH])[CH]([OH])[C]([CH3])([CH3])[CH2][O][P](=[O])([OH])[O][P](=[O])([OH])[O][CH2][CH]1[O][CH]([n]2[cH][n][c]3[c]([NH2])[n][cH][n][c]32)[CH]([OH])[CH]1[O][P](=[O])([OH])[OH]
8642,[CH3][CH2][CH2][CH2][CH2][CH2][CH]=[CH][CH2][C](=[O])[CH2][C](=[O])[S][CH2][CH2][N]=[C]([OH])[CH2][CH2][N]=[C]([OH])[CH]([OH])[C]([CH3])([CH3])[CH2][O][P](=[O])([OH])[O][P](=[O])([OH])[O][CH2][CH]1[O][CH]([n]2[cH][n][c]3[c]([NH2])[n][cH][n][c]32)[CH]([OH])[CH]1[O][P](=[O])([OH])[OH]
8643,[CH3][CH2][CH2][CH2][CH2][CH2][CH]=[CH][CH2][C](=[O])[S][CH2][CH2][N]=[C]([OH])[CH2][CH2][N]=[C]([OH])[CH]([OH])[C]([CH3])([CH3])[CH2][O][P](=[O])([OH])[O][P](=[O])([OH])[O][CH2][CH]1[O][CH]([n]2[cH][n][c]3[c]([NH2])[n][cH][n][c]32)[CH]([OH])[CH]1[O][P](=[O])([OH])[OH]
8644,[NH]=[c]1[n][c]([OH])[c]2[c]([nH]1)[NH][CH]1[O][CH]3[CH2][O][P](=[O])([OH])[O][CH]3[C](=[O])[CH]1[NH]2
8645,[O]=[N+]([O-])[c]1[cH][cH][c]([O][CH]2[O][CH]([CH2][OH])[CH]([OH])[CH]([OH])[CH]2[OH])[cH][cH]1
8646,[NH]=[C]([NH2])[NH][CH2][CH2][CH2][CH]([N]=[C]([OH])[CH]([NH2])[c]1[cH][cH][c]([OH])[cH][cH]1)[C]([OH])=[N][CH]([C]([OH])=[N][CH]([CH2][OH])[C]([OH])=[N][CH]([C](=[O])[OH])[c]1[cH][cH][c]([OH])[cH][cH]1)[c]1[cH][cH][c]([OH])[cH][cH]1
8647,[NH2][CH]([C]([OH])=[N][CH]([CH2][OH])[C]([OH])=[N][CH]([C](=[O])[OH])[c]1[cH][cH][c]([OH])[cH][cH]1)[c]1[cH][cH][c]([OH])[cH][cH]1
8648,[NH2][CH]([CH2][CH2][O][c]1[cH][cH][c]([CH]([NH][OH])[C]([OH])=[N][CH]2[CH2][N]([CH]([C](=[O])[OH])[c]3[cH][cH][c]([OH])[cH][cH]3)[C]2=[O])[cH][cH]1)[C](=[O])[OH]
8649,[NH2][CH]([CH2][CH2][O][c]1[cH][cH][c]([CH]([C]([OH])=[N][CH]2[CH2][N]([CH]([C](=[O])[OH])[c]3[cH][cH][c]([OH])[cH][cH]3)[C]2=[O])[N]([OH])[OH])[cH][cH]1)[C](=[O])[OH]
8650,[NH2][CH]([CH2][CH2][C]([OH])=[N][CH]([CH2][S][NH][OH])[C]([OH])=[N][CH2][C](=[O])[OH])[C](=[O])[OH]
8651,[NH2][CH]([CH2][CH2][C]([OH])=[N][CH]([CH2][S][N]=[O])[C]([OH])=[N][CH2][C](=[O])[OH])[C](=[O])[OH]
8652,[CH3][O][C]1=[CH][C](=[C]2[CH]=[C]([O][CH3])[C](=[O])[C]([O][CH3])=[CH]2)[CH]=[C]([O][CH3])[C]1=[O]
8653,[CH3][O][c]1[cH][cH][cH][c]([O][CH3])[c]1[OH]
8654,[CH3][C]([OH])=[N][CH2][P](=[O])([OH])[OH]
8655,[CH3][C]([OH])=[N][CH2][P](=[O])([OH])[O][CH]1[O][CH]([CH2][O][P](=[O])([OH])[O][P](=[O])([OH])[O][P](=[O])([OH])[OH])[CH]([OH])[CH]1[OH]
8656,[CH3][C]([OH])=[N][CH2][P](=[O])([OH])[O][CH]1[O][CH]([CH2][O][P](=[O])([OH])[OH])[CH]([OH])[CH]1[OH]
8657,[O]=[C]([OH])[CH2][NH][CH2][P](=[O])([OH])[O][CH]1[O][CH]([CH2][O][P](=[O])([OH])[O][P](=[O])([OH])[O][P](=[O])([OH])[OH])[CH]([OH])[CH]1[OH]
8658,[O]=[C]([OH])[CH2][NH][CH2][P](=[O])([OH])[O][CH]1[O][CH]([CH2][O][P](=[O])([OH])[OH])[CH]([OH])[CH]1[OH]
8659,[CH3][CH]([NH2])[P](=[O])([OH])[OH]
8660,[CH3][C]([OH])=[N][CH]([CH3])[P](=[O])([OH])[OH]
8661,[CH3][C]([OH])=[N][CH]([CH3])[P](=[O])([OH])[OH]
8662,[CH3][CH]([NH2])[P](=[O])([OH])[OH]
8663,[CH3][C]([OH])=[N][CH2][CH2][CH2][P](=[O])([OH])[OH]
8664,[NH2][CH2][CH2][CH2][P](=[O])([OH])[OH]
8665,[CH3][N]([CH3])[CH]1[C]([OH])=[C]([C](=[NH])[OH])[C](=[O])[C]2([OH])[CH]1[CH2][CH]1[C]3([CH3])[O][C]2([OH])[C]1([OH])[C](=[O])[c]1[c]([OH])[cH][cH][cH][c]13
8666,[CH3][N]([CH3])[c]1[cH][c]([N]=[C]([OH])[CH2][NH][C]([CH3])([CH3])[CH3])[c]([OH])[c]2[c]1[CH2][CH]1[CH2][CH]3[CH]([N]([CH3])[CH3])[C]([OH])=[C]([C](=[NH])[OH])[C](=[O])[C]3([OH])[C](=[O])[C]1([OH])[C]2=[O]
8667,[CH3][N]([CH3])[c]1[cH][c]([N]=[C]([OH])[CH2][NH][C]([CH3])([CH3])[CH3])[c]([OH])[c]2[c]1[CH2][CH]1[CH2][CH]3[CH]([N]([CH3])[CH3])[C]([OH])=[C]([C](=[NH])[OH])[C](=[O])[C]3([OH])[C]([OH])=[C]1[C]2=[O]
8668,[CH3][c]1[cH][n]([CH]2[CH2][CH]([OH])[CH]([CH2][O][P](=[O])([OH])[O][P](=[O])([OH])[O][CH]3[CH2][CH]([NH2])[C](=[O])[CH]([CH3])[O]3)[O]2)[c](=[O])[n][c]1[OH]
8669,[CH3][C]([CH3])=[CH][CH2][CH2][C]([CH3])=[CH][CH2][CH2][C]([CH3])=[CH][CH2][CH2][C]([CH3])=[CH][CH2][CH2][C]([CH3])=[CH][CH2][CH2][C]([CH3])=[CH][CH2][CH2][C]([CH3])=[CH][CH2][CH2][C]([CH3])=[CH][CH2][CH2][C]([CH3])=[CH][CH2][CH2][C]([CH3])=[CH][CH2][CH2][C]([CH3])=[CH][CH2][O][P](=[O])([OH])[O][P](=[O])([OH])[O][CH]1[O][CH]([CH2][OH])[CH]([O][CH]2[O][CH]([CH2][OH])[CH]([O][P](=[O])([OH])[O][CH2][CH]([OH])[CH2][O][P](=[O])([OH])[O][CH2][CH]([OH])[CH2][OH])[CH]([OH])[CH]2[N]=[C]([CH3])[OH])[CH]([OH])[CH]1[N]=[C]([CH3])[OH]
8670,[CH3][C]([CH3])=[CH][CH2][CH2][C]([CH3])=[CH][CH2][CH2][C]([CH3])=[CH][CH2][CH2][C]([CH3])=[CH][CH2][CH2][C]([CH3])=[CH][CH2][CH2][C]([CH3])=[CH][CH2][CH2][C]([CH3])=[CH][CH2][CH2][C]([CH3])=[CH][CH2][CH2][C]([CH3])=[CH][CH2][CH2][C]([CH3])=[CH][CH2][CH2][C]([CH3])=[CH][CH2][O][P](=[O])([OH])[O][P](=[O])([OH])[O][CH]1[O][CH]([CH2][OH])[CH]([O][CH]2[O][CH]([CH2][OH])[CH]([O][P](=[O])([OH])[O][CH2][CH]([OH])[CH2][OH])[CH]([OH])[CH]2[N]=[C]([CH3])[OH])[CH]([OH])[CH]1[N]=[C]([CH3])[OH]
8671,[CH3][C]([CH3])=[CH][CH2][CH2][C]([CH3])=[CH][CH2][CH2][C]([CH3])=[CH][CH2][CH2][C]([CH3])=[CH][CH2][CH2][C]([CH3])=[CH][CH2][CH2][C]([CH3])=[CH][CH2][CH2][C]([CH3])=[CH][CH2][CH2][C]([CH3])=[CH][CH2][CH2][C]([CH3])=[CH][CH2][CH2][C]([CH3])=[CH][CH2][CH2][C]([CH3])=[CH][CH2][O][P](=[O])([OH])[O][P](=[O])([OH])[O][CH]1[O][CH]([CH2][OH])[CH]([O][CH]2[O][CH]([CH2][OH])[CH]([O][P](=[O])([OH])[O][CH2][CH]([OH])[CH2][O][P](=[O])([OH])[O][CH2][CH]([OH])[CH2][O][P](=[O])([OH])[O][CH2][CH]([OH])[CH]([OH])[CH]([OH])[CH2][OH])[CH]([OH])[CH]2[N]=[C]([CH3])[OH])[CH]([OH])[CH]1[N]=[C]([CH3])[OH]
8672,[OH][CH2][CH]1[O][CH]([O][C]2([CH2][O][C]3([CH2][O][C]4([CH2][OH])[O][CH]([CH2][OH])[CH]([OH])[CH]4[OH])[O][CH]([CH2][OH])[CH]([OH])[CH]3[OH])[O][CH]([CH2][OH])[CH]([OH])[CH]2[OH])[CH]([OH])[CH]([OH])[CH]1[OH]
8673,[CH3][CH]([NH2])[C](=[O])[O][P](=[O])([OH])[O][CH2][CH]1[O][CH]([n]2[cH][n][c]3[c]([NH2])[n][cH][n][c]32)[CH]([OH])[CH]1[OH]
8674,[CH3][C]([CH3])=[CH][CH2][CH2][C]([CH3])=[CH][CH2][CH2][C]([CH3])=[CH][CH2][CH2][C]([CH3])=[CH][CH2][CH2][C]([CH3])=[CH][CH2][CH2][C]([CH3])=[CH][CH2][CH2][C]([CH3])=[CH][CH2][CH2][C]([CH3])=[CH][CH2][CH2][C]([CH3])=[CH][CH2][CH2][C]([CH3])=[CH][CH2][CH2][C]([CH3])=[CH][CH2][O][P](=[O])([OH])[O][P](=[O])([OH])[O][CH]1[O][CH]([CH2][OH])[CH]([O][CH]2[O][CH]([CH2][OH])[CH]([O][P](=[O])([OH])[O][CH2][CH]([OH])[CH2][O][P](=[O])([OH])[O][CH2][CH]([OH])[CH]([OH])[CH]([OH])[CH2][OH])[CH]([OH])[CH]2[N]=[C]([CH3])[OH])[CH]([OH])[CH]1[N]=[C]([CH3])[OH]
8675,[OH][CH2][CH]1[O][C]([CH2][OH])([O][CH2][CH]2[O][CH]([O][C]3([CH2][OH])[O][CH]([CH2][OH])[CH]([OH])[CH]3[OH])[CH]([OH])[CH]([OH])[CH]2[OH])[CH]([OH])[CH]1[OH]
8676,[CH3][C]([CH3])=[CH][CH2][CH2][C]([CH3])=[CH][CH2][CH2][C]([CH3])=[CH][CH2][CH2][C]([CH3])=[CH][CH2][CH2][C]([CH3])=[CH][CH2][CH2][C]([CH3])=[CH][CH2][CH2][C]([CH3])=[CH][CH2][CH2][C]([CH3])=[CH][CH2][CH2][C]([CH3])=[CH][CH2][CH2][C]([CH3])=[CH][CH2][CH2][C]([CH3])=[CH][CH2][O][P](=[O])([OH])[O][CH]1[O][CH]([CH2][OH])[CH]([OH])[CH]([OH])[CH]1[N]=[C]([CH3])[OH]
8677,[CH3][C]([CH3])=[CH][CH2][CH2][C]([CH3])=[CH][CH2][CH2][C]([CH3])=[CH][CH2][CH2][C]([CH3])=[CH][CH2][CH2][C]([CH3])=[CH][CH2][CH2][C]([CH3])=[CH][CH2][CH2][C]([CH3])=[CH][CH2][CH2][C]([CH3])=[CH][CH2][CH2][C]([CH3])=[CH][CH2][CH2][C]([CH3])=[CH][CH2][CH2][C]([CH3])=[CH][CH2][O][P](=[O])([OH])[O][P](=[O])([OH])[O][CH]1[O][CH]([CH3])[CH]([NH2])[CH]([O][CH]2[O][CH]([CH2][OH])[CH]([OH])[CH]([OH])[CH]2[OH])[CH]1[N]=[C]([CH3])[OH]
8678,[CH3][C]([CH3])=[CH][CH2][CH2][C]([CH3])=[CH][CH2][CH2][C]([CH3])=[CH][CH2][CH2][C]([CH3])=[CH][CH2][CH2][C]([CH3])=[CH][CH2][CH2][C]([CH3])=[CH][CH2][CH2][C]([CH3])=[CH][CH2][CH2][C]([CH3])=[CH][CH2][CH2][C]([CH3])=[CH][CH2][CH2][C]([CH3])=[CH][CH2][CH2][C]([CH3])=[CH][CH2][O][P](=[O])([OH])[O][P](=[O])([OH])[O][CH]1[O][CH]([CH3])[CH]([NH2])[CH]([O][CH]2[O][CH]([CH2][O][P](=[O])([OH])[O][CH2][CH]([OH])[CH]([OH])[CH]([OH])[CH2][OH])[CH]([OH])[CH]([OH])[CH]2[OH])[CH]1[N]=[C]([CH3])[OH]
8679,[CH3][C]([CH3])=[CH][CH2][CH2][C]([CH3])=[CH][CH2][CH2][C]([CH3])=[CH][CH2][CH2][C]([CH3])=[CH][CH2][CH2][C]([CH3])=[CH][CH2][CH2][C]([CH3])=[CH][CH2][CH2][C]([CH3])=[CH][CH2][CH2][C]([CH3])=[CH][CH2][CH2][C]([CH3])=[CH][CH2][CH2][C]([CH3])=[CH][CH2][CH2][C]([CH3])=[CH][CH2][O][P](=[O])([OH])[O][P](=[O])([OH])[O][CH]1[O][CH]([CH3])[CH]([NH2])[CH]([O][CH]2[O][CH]([CH2][O][P](=[O])([OH])[O][CH2][CH]([OH])[CH]([OH])[CH]([OH])[CH2][O][CH]3[O][CH]([CH2][OH])[CH]([OH])[CH]([OH])[CH]3[N]=[C]([CH3])[OH])[CH]([OH])[CH]([OH])[CH]2[OH])[CH]1[N]=[C]([CH3])[OH]
8680,[CH3][C]([CH3])=[CH][CH2][CH2][C]([CH3])=[CH][CH2][CH2][C]([CH3])=[CH][CH2][CH2][C]([CH3])=[CH][CH2][CH2][C]([CH3])=[CH][CH2][CH2][C]([CH3])=[CH][CH2][CH2][C]([CH3])=[CH][CH2][CH2][C]([CH3])=[CH][CH2][CH2][C]([CH3])=[CH][CH2][CH2][C]([CH3])=[CH][CH2][CH2][C]([CH3])=[CH][CH2][O][P](=[O])([OH])[O][P](=[O])([OH])[O][CH]1[O][CH]([CH3])[CH]([NH2])[CH]([O][CH]2[O][CH]([CH2][O][P](=[O])([OH])[O][CH2][CH]([OH])[CH]([OH])[CH]([OH])[CH2][O][CH]3[O][CH]([CH2][OH])[CH]([OH])[CH]([O][CH]4[O][CH]([CH2][OH])[CH]([OH])[CH]([OH])[CH]4[N]=[C]([CH3])[OH])[CH]3[N]=[C]([CH3])[OH])[CH]([OH])[CH]([OH])[CH]2[OH])[CH]1[N]=[C]([CH3])[OH]
8681,[CH3][C]([CH3])=[CH][CH2][CH2][C]([CH3])=[CH][CH2][CH2][C]([CH3])=[CH][CH2][CH2][C]([CH3])=[CH][CH2][CH2][C]([CH3])=[CH][CH2][CH2][C]([CH3])=[CH][CH2][CH2][C]([CH3])=[CH][CH2][CH2][C]([CH3])=[CH][CH2][CH2][C]([CH3])=[CH][CH2][CH2][C]([CH3])=[CH][CH2][CH2][C]([CH3])=[CH][CH2][O][P](=[O])([OH])[O][P](=[O])([OH])[O][CH]1[O][CH]([CH3])[CH]([NH2])[CH]([O][CH]2[O][CH]([CH2][O][P](=[O])([OH])[O][CH2][CH]([OH])[CH]([OH])[CH]([OH])[CH2][O][CH]3[O][CH]([CH2][OH])[CH]([OH])[CH]([O][CH]4[O][CH]([CH2][O][P](=[O])([OH])[O][CH2][CH2][N+]([CH3])([CH3])[CH3])[CH]([OH])[CH]([OH])[CH]4[N]=[C]([CH3])[OH])[CH]3[N]=[C]([CH3])[OH])[CH]([OH])[CH]([OH])[CH]2[OH])[CH]1[N]=[C]([CH3])[OH]
8682,[CH3][C]([CH3])=[CH][CH2][CH2][C]([CH3])=[CH][CH2][CH2][C]([CH3])=[CH][CH2][CH2][C]([CH3])=[CH][CH2][CH2][C]([CH3])=[CH][CH2][CH2][C]([CH3])=[CH][CH2][CH2][C]([CH3])=[CH][CH2][CH2][C]([CH3])=[CH][CH2][CH2][C]([CH3])=[CH][CH2][CH2][C]([CH3])=[CH][CH2][CH2][C]([CH3])=[CH][CH2][O][P](=[O])([OH])[O][P](=[O])([OH])[O][CH]1[O][CH]([CH3])[CH]([NH2])[CH]([O][CH]2[O][CH]([CH2][O][P](=[O])([OH])[O][CH2][CH]([OH])[CH]([OH])[CH]([OH])[CH2][O][CH]3[O][CH]([CH2][O][P](=[O])([OH])[O][CH2][CH2][N+]([CH3])([CH3])[CH3])[CH]([OH])[CH]([O][CH]4[O][CH]([CH2][O][P](=[O])([OH])[O][CH2][CH2][N+]([CH3])([CH3])[CH3])[CH]([OH])[CH]([OH])[CH]4[N]=[C]([CH3])[OH])[CH]3[N]=[C]([CH3])[OH])[CH]([OH])[CH]([OH])[CH]2[OH])[CH]1[N]=[C]([CH3])[OH]
8683,[CH3][C]([CH3])=[CH][CH2][CH2][C]([CH3])=[CH][CH2][CH2][C]([CH3])=[CH][CH2][CH2][C]([CH3])=[CH][CH2][CH2][C]([CH3])=[CH][CH2][CH2][C]([CH3])=[CH][CH2][CH2][C]([CH3])=[CH][CH2][CH2][C]([CH3])=[CH][CH2][CH2][C]([CH3])=[CH][CH2][CH2][C]([CH3])=[CH][CH2][CH2][C]([CH3])=[CH][CH2][O][P](=[O])([OH])[O][P](=[O])([OH])[O][CH]1[O][CH]([CH2][OH])[CH]([O][CH]2[O][CH]([CH2][OH])[CH]([O][P](=[O])([OH])[O][CH2][CH]([OH])[CH2][O][P](=[O])([OH])[O][CH]3[O][CH]([CH2][OH])[CH]([OH])[CH]([OH])[CH]3[N]=[C]([CH3])[OH])[CH]([OH])[CH]2[N]=[C]([CH3])[OH])[CH]([OH])[CH]1[N]=[C]([CH3])[OH]
8684,[CH3][C]([CH3])=[CH][CH2][CH2][C]([CH3])=[CH][CH2][CH2][C]([CH3])=[CH][CH2][CH2][C]([CH3])=[CH][CH2][CH2][C]([CH3])=[CH][CH2][CH2][C]([CH3])=[CH][CH2][CH2][C]([CH3])=[CH][CH2][CH2][C]([CH3])=[CH][CH2][CH2][C]([CH3])=[CH][CH2][CH2][C]([CH3])=[CH][CH2][CH2][C]([CH3])=[CH][CH2][O][P](=[O])([OH])[O][P](=[O])([OH])[O][CH]1[O][CH]([CH2][OH])[CH]([O][CH]2[O][CH]([CH2][OH])[CH]([O][P](=[O])([OH])[O][CH2][CH]([OH])[CH2][O][P](=[O])([OH])[O][CH]3[O][CH]([CH2][OH])[CH]([OH])[CH]([O][CH]4[O][CH]([CH2][OH])[CH]([OH])[CH]([OH])[CH]4[OH])[CH]3[N]=[C]([CH3])[OH])[CH]([OH])[CH]2[N]=[C]([CH3])[OH])[CH]([OH])[CH]1[N]=[C]([CH3])[OH]
8685,[CH3][C]([CH3])=[CH][CH2][CH2][C]([CH3])=[CH][CH2][CH2][C]([CH3])=[CH][CH2][CH2][C]([CH3])=[CH][CH2][CH2][C]([CH3])=[CH][CH2][CH2][C]([CH3])=[CH][CH2][CH2][C]([CH3])=[CH][CH2][CH2][C]([CH3])=[CH][CH2][CH2][C]([CH3])=[CH][CH2][CH2][C]([CH3])=[CH][CH2][CH2][C]([CH3])=[CH][CH2][O][P](=[O])([OH])[O][P](=[O])([OH])[O][CH]1[O][CH]([CH2][OH])[CH]([O][CH]2[O][CH]([CH2][OH])[CH]([O][P](=[O])([OH])[O][CH2][CH]([OH])[CH2][O][P](=[O])([OH])[O][CH]3[O][CH]([CH2][OH])[CH]([OH])[CH]([O][CH]4[O][CH]([CH2][O][P](=[O])([OH])[O][CH]5[O][CH]([CH2][OH])[CH]([OH])[CH]([OH])[CH]5[N]=[C]([CH3])[OH])[CH]([OH])[CH]([OH])[CH]4[OH])[CH]3[N]=[C]([CH3])[OH])[CH]([OH])[CH]2[N]=[C]([CH3])[OH])[CH]([OH])[CH]1[N]=[C]([CH3])[OH]
8686,[CH3][C]([CH3])=[CH][CH2][CH2][C]([CH3])=[CH][CH2][CH2][C]([CH3])=[CH][CH2][CH2][C]([CH3])=[CH][CH2][CH2][C]([CH3])=[CH][CH2][CH2][C]([CH3])=[CH][CH2][CH2][C]([CH3])=[CH][CH2][CH2][C]([CH3])=[CH][CH2][CH2][C]([CH3])=[CH][CH2][CH2][C]([CH3])=[CH][CH2][CH2][C]([CH3])=[CH][CH2][O][P](=[O])([OH])[O][P](=[O])([OH])[O][CH]1[O][CH]([CH2][OH])[CH]([O][CH]2[O][CH]([CH2][OH])[CH]([O][P](=[O])([OH])[O][CH2][CH]([OH])[CH2][O][P](=[O])([OH])[O][CH]3[O][CH]([CH2][OH])[CH]([OH])[CH]([O][CH]4[O][CH]([CH2][O][P](=[O])([OH])[O][CH]5[O][CH]([CH2][OH])[CH]([OH])[CH]([O][CH]6[O][CH]([CH2][OH])[CH]([OH])[CH]([OH])[CH]6[OH])[CH]5[N]=[C]([CH3])[OH])[CH]([OH])[CH]([OH])[CH]4[OH])[CH]3[N]=[C]([CH3])[OH])[CH]([OH])[CH]2[N]=[C]([CH3])[OH])[CH]([OH])[CH]1[N]=[C]([CH3])[OH]
8687,[CH3][C]([CH3])=[CH][CH2][CH2][C]([CH3])=[CH][CH2][CH2][C]([CH3])=[CH][CH2][CH2][C]([CH3])=[CH][CH2][CH2][C]([CH3])=[CH][CH2][CH2][C]([CH3])=[CH][CH2][CH2][C]([CH3])=[CH][CH2][CH2][C]([CH3])=[CH][CH2][CH2][C]([CH3])=[CH][CH2][CH2][C]([CH3])=[CH][CH2][CH2][C]([CH3])=[CH][CH2][O][P](=[O])([OH])[O][P](=[O])([OH])[O][CH]1[O][CH]([CH2][O][CH]2[O][CH]([CH2][OH])[CH]([OH])[CH]([OH])[CH]2[N]=[C]([CH3])[OH])[CH]([OH])[CH]([OH])[CH]1[N]=[C]([CH3])[OH]
8688,[CH3][C]([CH3])=[CH][CH2][CH2][C]([CH3])=[CH][CH2][CH2][C]([CH3])=[CH][CH2][CH2][C]([CH3])=[CH][CH2][CH2][C]([CH3])=[CH][CH2][CH2][C]([CH3])=[CH][CH2][CH2][C]([CH3])=[CH][CH2][CH2][C]([CH3])=[CH][CH2][CH2][C]([CH3])=[CH][CH2][CH2][C]([CH3])=[CH][CH2][CH2][C]([CH3])=[CH][CH2][O][P](=[O])([OH])[O][P](=[O])([OH])[O][CH]1[O][CH]([CH2][O][CH]2[O][CH]([CH2][OH])[CH]([OH])[CH]([O][CH]3[O][CH]([C](=[O])[OH])[CH]([OH])[CH]([OH])[CH]3[OH])[CH]2[N]=[C]([CH3])[OH])[CH]([OH])[CH]([OH])[CH]1[N]=[C]([CH3])[OH]
8689,[CH3][C]([CH3])=[CH][CH2][CH2][C]([CH3])=[CH][CH2][CH2][C]([CH3])=[CH][CH2][CH2][C]([CH3])=[CH][CH2][CH2][C]([CH3])=[CH][CH2][CH2][C]([CH3])=[CH][CH2][CH2][C]([CH3])=[CH][CH2][CH2][C]([CH3])=[CH][CH2][CH2][C]([CH3])=[CH][CH2][CH2][C]([CH3])=[CH][CH2][CH2][C]([CH3])=[CH][CH2][O][P](=[O])([OH])[O][P](=[O])([OH])[O][CH]1[O][CH]([CH2][O][CH]2[O][CH]([CH2][OH])[CH]([OH])[CH]([O][CH]3[O][CH]([C](=[O])[OH])[CH]([O][CH]4[O][CH]([C](=[O])[OH])[CH]([OH])[CH]([OH])[CH]4[OH])[CH]([OH])[CH]3[OH])[CH]2[N]=[C]([CH3])[OH])[CH]([OH])[CH]([OH])[CH]1[N]=[C]([CH3])[OH]
8690,[CH2]=[C]1[O][CH]([O][P](=[O])([OH])[O][P](=[O])([OH])[O][CH2][CH]2[O][CH]([n]3[cH][cH][c]([OH])[n][c]3=[O])[CH]([OH])[CH]2[OH])[CH]([N]=[C]([CH3])[OH])[CH]([OH])[CH]1[OH]
8691,[CH2]=[C]1[O][CH]([O][P](=[O])([OH])[O][P](=[O])([OH])[O][CH2][CH]2[O][CH]([n]3[cH][cH][c]([OH])[n][c]3=[O])[CH]([OH])[CH]2[OH])[CH]([N]=[C]([CH3])[OH])[CH]([OH])[CH]1[OH]
8692,[CH3][C]([OH])=[N][CH]1[CH]([O][P](=[O])([OH])[O][P](=[O])([OH])[O][CH2][CH]2[O][CH]([n]3[cH][cH][c]([OH])[n][c]3=[O])[CH]([OH])[CH]2[OH])[O][CH]([CH2][CH]([OH])[CH]2[O][CH]([n]3[cH][cH][c]([OH])[n][c]3=[O])[CH]([OH])[CH]2[OH])[CH]([OH])[CH]1[OH]
8693,[CH3][C]([OH])=[N][CH]1[CH]([OH])[O][CH]([CH2][CH]([OH])[CH]2[O][CH]([n]3[cH][cH][c]([OH])[n][c]3=[O])[CH]([OH])[CH]2[OH])[CH]([OH])[CH]1[OH]
8694,[CH3][C]([OH])=[N][CH]1[CH]([O][CH]2[O][CH]([CH2][CH]([OH])[CH]3[O][CH]([n]4[cH][cH][c]([OH])[n][c]4=[O])[CH]([OH])[CH]3[OH])[CH]([OH])[CH]([OH])[CH]2[N]=[C]([CH3])[OH])[O][CH]([CH2][OH])[CH]([OH])[CH]1[OH]
8695,[CH3][C]([OH])=[N][CH]1[CH]([O][CH]2[O][CH]([CH2][CH]([OH])[CH]3[O][CH]([n]4[cH][cH][c]([OH])[n][c]4=[O])[CH]([OH])[CH]3[OH])[CH]([OH])[CH]([OH])[CH]2[NH2])[O][CH]([CH2][OH])[CH]([OH])[CH]1[OH]
8696,[O]=[C]([OH])[CH]([OH])[CH2][CH2][NH][CH]([CH2][CH2][NH][CH]([CH2][CH2][OH])[C](=[O])[OH])[C](=[O])[OH]
8697,[CH3][N+]([CH3])([CH3])[CH]([CH2][c]1[cH][n][c]([S][OH])[nH]1)[C](=[O])[OH]
8698,[NH2][c]1[cH][cH][c]([Cl])[cH][c]1[O][C](=[O])[OH]
8699,[NH2][CH]([CH2][CH2][C]([OH])=[N][CH2][C]([OH])=[N][CH2][C](=[O])[OH])[C](=[O])[OH]
8700,[CH3][O][C](=[O])[c]1[c]([O][CH3])[cH][c]2[cH][c]3[c]([c]([OH])[c]2[c]1[CH3])[C](=[O])[c]1[c]([OH])[cH][c]([O][CH3])[c]([OH])[c]1[C]3=[O]
8701,[CH3][O][C](=[O])[c]1[c]([O][CH3])[cH][c]2[cH][c]3[c]([c]([OH])[c]2[c]1[CH3])[C](=[O])[C]12[O][C]1([C](=[O])[C]([O][CH3])=[CH][C]2=[O])[C]3=[O]
8702,[CH3][O][C](=[O])[c]1[c]([O][CH3])[cH][c]2[cH][c]3[c]([c]([OH])[c]2[c]1[CH3])[C](=[O])[C]1([OH])[C](=[O])[CH]=[C]([O][CH3])[C](=[O])[C]1([OH])[C]3=[O]
8703,[CH3][c]1[cH][cH][c]([C](=[O])[OH])[c]([OH])[c]1[OH]
8704,[CH3][C](=[O])[CH]=[CH][C]([C](=[O])[OH])=[C]([OH])[C](=[O])[OH]
8705,[CH3][O][c]1[cH][cH][c]([C](=[O])[OH])[c]([OH])[c]1[OH]
8706,[CH3][O][C](=[O])[CH]=[CH][C]([C](=[O])[OH])=[C]([OH])[C](=[O])[OH]
8707,[CH3][O][C](=[O])[CH]=[CH][CH]=[C]([OH])[C](=[O])[OH]
8708,[CH3][C]([CH3])=[CH][CH2][CH2][C]([CH3])=[CH][CH2][CH2][C]([CH3])=[CH][CH2][CH2][C]([CH3])=[CH][CH2][CH2][C]([CH3])=[CH][CH2][CH2][C]([CH3])=[CH][CH2][CH2][C]([CH3])=[CH][CH2][CH2][C]([CH3])=[CH][CH2][CH2][C]([CH3])=[CH][CH2][CH2][C]([CH3])=[CH][CH2][CH2][C]([CH3])=[CH][CH2][O][P](=[O])([OH])[O][P](=[O])([OH])[O][CH]1[O][CH]([CH2][OH])[CH]([OH])[CH]([O][CH]2[O][CH]([CH2][OH])[CH]([OH])[CH]([OH])[CH]2[OH])[CH]1[N]=[C]([CH3])[OH]
8709,[OH][c]1[cH][cH][c]([CH2][CH2][N]=[CH][c]2[cH][cH][c]([OH])[c]([OH])[cH]2)[cH][cH]1
8710,[CH3][O][c]1[cH][c]2[c]([cH][c]1[OH])[CH2][N]1[CH2][CH2][C]23[CH2][CH2][C](=[O])[CH2][CH]13
8711,[CH3][O][c]1[cH][c]2[c]([cH][c]1[OH])[CH2][N]1[CH2][CH2][C]3=[CH][CH2][C](=[O])[CH]2[CH]31
8712,[CH3][O][c]1[cH][c]2[c]([cH][c]1[OH])[CH2][N]1[CH2][CH2][C]23[CH2][CH2][C](=[O])[CH2][CH]13
8713,[CH3][O][c]1[cH][c]2[c]([cH][c]1[OH])[CH2][N]1[CH2][CH2][C]23[CH2][CH2][CH]([OH])[CH2][CH]13
8714,[CH3][O][c]1[cH][c]2[c]([cH][c]1[OH])[CH2][N]1[CH2][CH2][C]23[CH2][CH2][CH]([OH])[CH2][CH]13
8715,[CH3][O][c]1[cH][c]2[c]([cH][c]1[OH])[CH2][N]1[CH2][CH2][C]23[CH]=[CH][CH]([OH])[CH2][CH]13
8716,[CH3][O][c]1[cH][c]2[c]([cH][c]1[OH])[CH2][N]1[CH2][CH2][C]23[CH]=[CH][CH]([OH])[CH2][CH]13
8717,[CH3][O][c]1[cH][c]2[c]([cH][c]1[OH])[CH2][N]1[CH2][CH2][C]3=[CH][CH2][CH]([OH])[CH]2[CH]31
8718,[OH][CH]1[CH]=[CH][C]23[CH2][CH2][N]([CH2][c]4[cH][c]5[c]([cH][c]42)[O][CH2][O]5)[CH]3[CH2]1
8719,[OH][CH]1[CH]=[CH][C]23[c]4[cH][c]5[c]([cH][c]4[CH2][N]([CH2][CH]2[OH])[CH]3[CH2]1)[O][CH2][O]5
8720,[CH3][O][CH]1[CH]=[CH][C]23[c]4[cH][c]5[c]([cH][c]4[CH2][N]([CH2][CH]2[OH])[CH]3[CH2]1)[O][CH2][O]5
8721,[OH][CH2][CH]1[O][CH]([O][CH2][CH]2[O][CH]([O][CH]3[CH]([OH])[CH]([CH2][OH])[O][CH]([O][CH2][CH]4[O][CH]([OH])[CH]([OH])[CH]([OH])[CH]4[OH])[CH]3[OH])[CH]([OH])[CH]([OH])[CH]2[OH])[CH]([OH])[CH]([OH])[CH]1[OH]
8722,[OH][CH2][CH]1[O][CH]2[O][CH2][CH]3[O][CH]([O][CH]4[CH]([OH])[CH]([CH2][OH])[O][CH]([O][CH2][CH]5[O][CH]([O][CH]([CH]1[OH])[CH]2[OH])[CH]([OH])[CH]([OH])[CH]5[OH])[CH]4[OH])[CH]([OH])[CH]([OH])[CH]3[OH]
8723,[OH][CH]1[CH]=[C]2[CH2][CH2][N]3[CH2][c]4[cH][c]5[c]([cH][c]4[CH]([CH]1[OH])[CH]23)[O][CH2][O]5
8724,[OH][CH]1[CH2][CH]=[C]2[CH2][CH2][N]3[CH2][c]4[cH][c]5[c]([cH][c]4[CH]1[CH]23)[O][CH2][O]5
8725,[O]=[C]([OH])[c]1[nH][c]([C](=[O])[OH])[c](-[c]2[cH][nH][c]3[cH][cH][cH][cH][c]23)[c]1-[c]1[cH][nH][c]2[cH][cH][cH][cH][c]12
8726,[CH3][S][CH2][CH2][C](=[CH][C](=[O])[OH])[C](=[O])[OH]
8727,[CH3][S][CH2][CH2][CH2][C](=[CH][C](=[O])[OH])[C](=[O])[OH]
8728,[CH3][S][CH2][CH2][CH2][CH2][C](=[CH][C](=[O])[OH])[C](=[O])[OH]
8729,[CH3][S][CH2][CH2][CH2][CH2][CH2][C](=[CH][C](=[O])[OH])[C](=[O])[OH]
8730,[CH3][S][CH2][CH2][CH2][CH2][CH2][CH2][C](=[CH][C](=[O])[OH])[C](=[O])[OH]
8731,[CH3][S][CH2][CH2][CH2][CH2][CH2][CH2][CH2][C](=[CH][C](=[O])[OH])[C](=[O])[OH]
8732,[CH3][S][CH2][CH2][CH]([C](=[O])[OH])[C](=[O])[C](=[O])[OH]
8733,[cH]1[cH][cH][c]2[c](-[c]3[n][cH][cH][s]3)[cH][nH][c]2[cH]1
8734,[CH3][S][CH2][CH2][CH2][CH2][CH2][CH2][CH2][CH]([C](=[O])[OH])[C](=[O])[C](=[O])[OH]
8735,[CH3][S][CH2][CH2][CH2][CH2][CH2][CH2][CH]([C](=[O])[OH])[C](=[O])[C](=[O])[OH]
8736,[CH3][S][CH2][CH2][CH2][CH2][CH2][CH]([C](=[O])[OH])[C](=[O])[C](=[O])[OH]
8737,[CH3][S][CH2][CH2][CH2][CH2][CH]([C](=[O])[OH])[C](=[O])[C](=[O])[OH]
8738,[CH3][S][CH2][CH2][CH2][CH]([C](=[O])[OH])[C](=[O])[C](=[O])[OH]
8739,[CH3][CH2][CH]([C](=[O])[OH])[C](=[O])[C](=[O])[OH]
8740,[NH2][CH]([CH2][S][CH2][S][CH2][CH]([NH2])[C](=[O])[OH])[C](=[O])[OH]
8741,[NH2][CH]([CH2][S][CH2][SH])[C](=[O])[OH]
8742,[CH3][S][CH2][CH2][CH2][CH2][C]([SH])=[N][O][S](=[O])(=[O])[OH]
8743,[CH3][S][CH2][CH2][CH2][CH2][C]#[N]
8744,[NH2][CH2][c]1[cH][nH][c]2[cH][cH][cH][cH][c]12
8745,[CH3][N]([CH3])[CH2][c]1[cH][nH][c]2[cH][cH][cH][cH][c]12
8746,[O]=[S](=[O])([OH])[O][N]=[C]([SH])[CH2][CH2][c]1[cH][cH][cH][cH][cH]1
8747,[N]#[C][CH2][CH2][c]1[cH][cH][cH][cH][cH]1
8748,[CH3][CH]1[NH][c]2[nH][c](=[NH])[n][c]([OH])[c]2[NH][CH]1[CH]([CH3])[N]([CH]=[O])[c]1[cH][cH][c]([CH2][CH]([OH])[CH]([OH])[CH]([OH])[CH2][O][CH]2[O][CH]([CH2][O][P](=[O])([OH])[O][CH]([CH2][CH2][C](=[O])[OH])[C](=[O])[OH])[CH]([OH])[CH]2[OH])[cH][cH]1
8749,[CH3][CH]([CH3])[CH2][CH2][CH2][CH]([CH3])[CH]1[CH2][CH2][CH]2[CH]3[CH2][CH]=[C]4[CH2][CH]([O][CH]5[O][CH]([CH2][OH])[CH]([OH])[CH]([OH])[CH]5[OH])[CH2][CH2][C]4([CH3])[CH]3[CH2][CH2][C]12[CH3]
8750,[CH3][CH2][CH]([CH3])[CH]1[N]=[C]([OH])[C-]([C]([CH3])=[O])[C]1=[O]
8751,[CH3][CH]([CH2][CH2][C](=[O])[O][CH]1[O][CH]([CH2][OH])[CH]([OH])[CH]([OH])[CH]1[OH])[CH]1[CH2][CH2][CH]2[CH]3[CH2][CH2][CH]4[CH2][CH]([OH])[CH2][CH2][C]4([CH3])[CH]3[CH2][CH]([OH])[C]12[CH3]
8752,[CH3][CH]([CH2][CH2][C](=[O])[O][CH]1[O][CH]([CH2][OH])[CH]([OH])[CH]([OH])[CH]1[OH])[CH]1[CH2][CH2][CH]2[CH]3[CH]([OH])[CH2][CH]4[CH2][CH]([OH])[CH2][CH2][C]4([CH3])[CH]3[CH2][CH2][C]12[CH3]
8753,[CH3][CH]([CH2][CH2][C](=[O])[O][CH]1[O][CH]([CH2][OH])[CH]([OH])[CH]([OH])[CH]1[OH])[CH]1[CH2][CH2][CH]2[CH]3[CH]([OH])[CH2][CH]4[CH2][CH]([OH])[CH2][CH2][C]4([CH3])[CH]3[CH2][CH]([OH])[C]12[CH3]
8754,[CH3][C]([OH])=[N][CH]1[CH]([O][P](=[O])([OH])[O][P](=[O])([OH])[O][CH2][CH]2[O][CH]([n]3[cH][cH][c]([OH])[n][c]3=[O])[CH]([OH])[CH]2[OH])[O][CH]([CH3])[CH]([N]=[C]([OH])[CH2][CH2][C](=[O])[C](=[O])[OH])[CH]1[OH]
8755,[CH3][CH]1[O][CH]([O][P](=[O])([OH])[O][P](=[O])([OH])[O][CH2][CH]2[O][CH]([n]3[cH][cH][c]([OH])[n][c]3=[O])[CH]([OH])[CH]2[OH])[CH]([OH])[CH]([OH])[CH]1[NH2]
8756,[O]=[C]([OH])[C](=[O])[CH2][CH2][C]([OH])=[N][CH]1[CH2][O][CH]([O][P](=[O])([OH])[O][P](=[O])([OH])[O][CH2][CH]2[O][CH]([n]3[cH][cH][c]([OH])[n][c]3=[O])[CH]([OH])[CH]2[OH])[CH]([OH])[CH]1[OH]
8757,[CH3][C]([OH])=[N][CH]1[CH]([O][P](=[O])([OH])[O][P](=[O])([OH])[O][CH2][CH]2[O][CH]([n]3[cH][cH][c]([OH])[n][c]3=[O])[CH]([OH])[CH]2[OH])[O][CH]([CH3])[CH]([N]=[C]([OH])[CH2][CH2][C](=[O])[C](=[O])[OH])[CH]1[OH]
8758,[CH3][CH]1[O][CH]([O][P](=[O])([OH])[O][P](=[O])([OH])[O][CH2][CH]2[O][CH]([n]3[cH][cH][c]([OH])[n][c]3=[O])[CH]([OH])[CH]2[OH])[CH]([OH])[CH]([OH])[CH]1[N]=[C]([OH])[CH2][CH2][C](=[O])[C](=[O])[OH]
8759,[OH][CH2][CH]1[O][C]([CH2][OH])([O][CH2][CH]2[O][C]([CH2][OH])([O][CH2][CH]3[O][CH]([O][C]4([CH2][OH])[O][CH]([CH2][OH])[CH]([OH])[CH]4[OH])[CH]([OH])[CH]([OH])[CH]3[OH])[CH]([OH])[CH]2[OH])[CH]([OH])[CH]1[OH]
8760,[CH3][C]([CH3])([CH2][O][P](=[O])([OH])[O][P](=[O])([OH])[O][CH2][CH]1[O][CH]([n]2[cH][n][c]3[c]([NH2])[n][cH][n][c]32)[CH]([OH])[CH]1[O][P](=[O])([OH])[OH])[CH]([OH])[C]([OH])=[N][CH2][CH2][C]([OH])=[N][CH2][CH2][S][C](=[O])[CH2][CH2][CH2][CH2][CH2][CH2][CH2][CH]=[CH][CH2][CH2][CH2][CH2][CH2][CH2][CH2][CH]=[O]
8761,[O]=[S](=[O])([OH])[O][N]=[C]([CH2][c]1[cH][nH][c]2[cH][cH][cH][c]([OH])[c]12)[S][CH]1[O][CH]([CH2][OH])[CH]([OH])[CH]([OH])[CH]1[OH]
8762,[CH3][O][c]1[cH][cH][cH][c]2[nH][cH][c]([CH2][C](=[N][O][S](=[O])(=[O])[OH])[S][CH]3[O][CH]([CH2][OH])[CH]([OH])[CH]([OH])[CH]3[OH])[c]12
8763,[NH]=[C]([NH2])[NH][O][CH2][CH2][CH]([NH2])[C](=[O])[OH]
8764,[CH3][S][CH2][CH2][CH2][CH]([NH2])[C](=[O])[OH]
8765,[CH3][S](=[O])[CH2][CH2][CH2][C](=[N][O][S](=[O])(=[O])[OH])[S][CH]1[O][CH]([CH2][OH])[CH]([OH])[CH]([OH])[CH]1[OH]
8766,[CH2]=[CH][CH2][C](=[N][O][S](=[O])(=[O])[OH])[S][CH]1[O][CH]([CH2][OH])[CH]([OH])[CH]([OH])[CH]1[OH]
8767,[CH3][C]([CH3])([CH2][O][P](=[O])([OH])[O][P](=[O])([OH])[O][CH2][CH]1[O][CH]([n]2[cH][n][c]3[c]([NH2])[n][cH][n][c]32)[CH]([OH])[CH]1[O][P](=[O])([OH])[OH])[CH]([OH])[C]([OH])=[N][CH2][CH2][C]([OH])=[N][CH2][CH2][S][C](=[O])[CH2][CH]1[CH2][CH2][C](=[O])[O]1
8768,[NH2][O][CH2][CH2][CH]([NH2])[C](=[O])[OH]
8769,[O]=[C]1[c]2[cH][cH][cH][cH][c]2[C]2=[CH][CH]=[CH][CH]([OH])[C]12[OH]
8770,[CH3][CH]([N]=[C]([OH])[CH2][c]1[cH][nH][c]2[cH][cH][cH][cH][c]12)[C](=[O])[OH]
8771,[CH3][CH]([CH3])[CH2][CH]([N]=[C]([OH])[CH2][c]1[cH][nH][c]2[cH][cH][cH][cH][c]12)[C](=[O])[OH]
8772,[O]=[C]([OH])[CH2][CH]([N]=[C]([OH])[CH2][c]1[cH][nH][c]2[cH][cH][cH][cH][c]12)[C](=[O])[OH]
8773,[O]=[C]([OH])[CH2][CH2][CH]([N]=[C]([OH])[CH2][c]1[cH][nH][c]2[cH][cH][cH][cH][c]12)[C](=[O])[OH]
8774,[NH]=[C]([OH])[CH2][CH2][CH]([N]=[C]([OH])[CH2][c]1[cH][nH][c]2[cH][cH][cH][cH][c]12)[C](=[O])[OH]
8775,[O]=[C]([CH2][c]1[cH][nH][c]2[cH][cH][cH][cH][c]12)[O][CH]1[CH]([CH2][OH])[O][CH]([OH])[CH]([OH])[CH]1[OH]
8776,[O]=[C]([CH2][c]1[cH][nH][c]2[cH][cH][cH][cH][c]12)[O][CH2][CH]1[O][CH]([OH])[CH]([OH])[CH]([OH])[CH]1[OH]
8777,[O]=[C]([OH])[CH2][CH]1[C]([OH])=[N][c]2[cH][cH][cH][cH][c]21
8778,[O]=[C]([OH])[CH2][CH]([N]=[C]([OH])[CH2][CH]1[C]([OH])=[N][c]2[cH][cH][cH][cH][c]21)[C](=[O])[OH]
8779,[CH3][O][c]1[cH][cH][c]([CH]2[C](=[O])[c]3[cH][cH][c]([OH])[cH][c]3[O][CH]2[OH])[cH][cH]1
8780,[O]=[C]([OH])[CH2][C]1([OH])[C]([OH])=[N][c]2[cH][cH][cH][cH][c]21
8781,[CH3][CH2][C]([CH2][CH2][CH]([CH3])[CH]1[CH2][CH2][CH]2[CH]3[CH2][CH]=[C]4[CH2][CH]([OH])[CH2][CH2][C]4([CH3])[CH]3[CH2][CH2][C]12[CH3])=[C]([CH3])[CH3]
8782,[CH3][C]([CH3])=[C]([CH3])[CH2][CH2][CH]([CH3])[CH]1[CH2][CH2][CH]2[CH]3[CH2][CH]=[C]4[CH2][CH]([OH])[CH2][CH2][C]4([CH3])[CH]3[CH2][CH2][C]12[CH3]
8783,[CH3][CH]([CH3])[CH2][CH2][CH2][CH]([CH3])[CH]1[CH2][CH2][C]2([CH3])[CH]3[CH2][CH2][CH]4[C]([CH3])([CH3])[CH]([OH])[CH2][CH2][C]45[CH2][C]35[CH2][CH2][C]12[CH3]
8784,[CH3][C](=[CH][CH2][NH][c]1[n][cH][n][c]2[n][cH][n]([CH]3[O][CH]([CH2][OH])[CH]([OH])[CH]([OH])[CH]3[OH])[c]12)[CH2][OH]
8785,[CH3][CH]([CH2][OH])[CH2][CH2][NH][c]1[n][cH][n][c]2[n][cH][n]([CH]3[O][CH]([CH2][OH])[CH]([OH])[CH]([OH])[CH]3[OH])[c]12
8786,[CH3][CH]([CH2][OH])[CH2][CH2][NH][c]1[n][cH][n][c]2[c]1[n][cH][n]2[CH]1[O][CH]([CH2][OH])[CH]([OH])[CH]([OH])[CH]1[OH]
8787,[CH3][C]([CH3])=[CH][CH2][NH][c]1[n][cH][n][c]2[n][cH][n]([CH]3[O][CH]([CH2][OH])[CH]([OH])[CH]([OH])[CH]3[OH])[c]12
8788,[CH3][C]([CH3])=[CH][CH2][NH][c]1[n][cH][n][c]2[c]1[n][cH][n]2[CH]1[O][CH]([CH2][OH])[CH]([OH])[CH]([OH])[CH]1[OH]
8789,[cH]1[cH][cH][c]([CH2][NH][c]2[n][cH][nH][c]3[n][cH][n][c]2-3)[cH][cH]1
8790,[OH][CH2][CH]1[O][CH]([n]2[cH][n][c]3[n][cH][n][c]([NH][CH2][c]4[cH][cH][cH][cH][cH]4)[c]32)[CH]([OH])[CH]([OH])[CH]1[OH]
8791,[OH][CH2][CH]1[O][CH]([n]2[cH][n][c]3[c]([NH][CH2][c]4[cH][cH][cH][cH][cH]4)[n][cH][n][c]32)[CH]([OH])[CH]([OH])[CH]1[OH]
8792,[cH]1[cH][o][c]([CH2][NH][c]2[n][cH][nH][c]3[n][cH][n][c]2-3)[cH]1
8793,[OH][CH2][CH]1[O][CH]([n]2[cH][n][c]3[n][cH][n][c]([NH][CH2][c]4[cH][cH][cH][o]4)[c]32)[CH]([OH])[CH]([OH])[CH]1[OH]
8794,[OH][CH2][CH]1[O][CH]([n]2[cH][n][c]3[c]([NH][CH2][c]4[cH][cH][cH][o]4)[n][cH][n][c]32)[CH]([OH])[CH]([OH])[CH]1[OH]
8795,[CH3][CH]([CH2][CH2][NH][c]1[n][cH][n][c]2[c]1[n][cH][n]2[CH]1[O][CH]([CH2][OH])[CH]([OH])[CH]([OH])[CH]1[OH])[CH2][O][CH]1[O][CH]([CH2][OH])[CH]([OH])[CH]([OH])[CH]1[OH]
8796,[CH2]=[C]([CH3])[CH]1[CH2][CH]=[C]2[CH]([OH])[CH2][CH2][CH]([CH3])[C]2([CH3])[CH2]1
8797,[CH2]=[C]([CH3])[CH]1[CH2][CH]=[C]2[CH2][CH2][CH]([OH])[CH]([CH3])[C]2([CH3])[CH2]1
8798,[CH2]=[C]([CH3])[CH]1[CH2][CH2][C]2([CH2]1)[CH]([CH3])[CH2][C](=[O])[CH2][CH]2[CH]=[O]
8799,[CH2]=[C]([CH3])[CH]1[CH2][CH2][C]2([CH2]1)[CH]([CH3])[CH2][CH]([OH])[CH2][CH]2[CH]=[O]
8800,[CH2]=[C]([CH3])[CH]1[CH2][CH2][C]2([CH2]1)[CH]([CH]=[O])[CH2][CH]([OH])[CH]([OH])[CH]2[CH3]
8801,[CH2]=[C]([CH3])[CH]1[CH2][CH2][C]2([CH2]1)[CH]([CH2][OH])[CH2][CH]([OH])[CH]([OH])[CH]2[CH3]
8802,[O]=[C]([OH])[C]1=[N][CH]([C](=[O])[OH])[CH2][CH]=[CH]1
8803,[CH3][CH]([CH3])[C]#[N]
8804,[CH2]=[C]1[CH2][CH2][C]2([CH]([CH3])[CH3])[CH2][CH]12
8805,[CH3][C]1=[CH][CH2][C]2([CH]([CH3])[CH3])[CH2][CH]12
8806,[OH][c]1[cH][cH][c]([CH2][CH]2[NH][CH2][CH2][c]3[cH][c]([OH])[c]([OH])[cH][c]32)[cH][cH]1
8807,[CH3][O][c]1[cH][c]2[c]([cH][c]1[OH])[CH]([CH2][c]1[cH][cH][c]([OH])[cH][cH]1)[NH][CH2][CH2]2
8808,[CH2]=[C]1[CH]=[CH][CH]([CH]([CH3])[CH3])[CH2][CH2]1
8809,[CH3][CH]1[CH2][CH2][CH]([CH]([CH3])[CH3])[CH]([OH])[CH2]1
8810,[CH3][CH]1[CH2][CH2][CH]([CH]([CH3])[CH3])[CH]([OH])[CH2]1
8811,[CH3][C]([OH])=[N][CH]([CH2][CH2][CH2][C](=[O])[OH])[C](=[O])[OH]
8812,[O]=[C]([OH])[C]1=[CH][CH2][CH]=[C]([C](=[O])[OH])[NH]1
8813,[O]=[CH][C](=[O])[c]1[cH][nH][c]2[cH][cH][cH][cH][c]12
8814,[O]=[C]([OH])[CH]([OH])[c]1[cH][nH][c]2[cH][cH][cH][cH][c]12
8815,[OH][CH2][CH]([OH])[c]1[cH][nH][c]2[cH][cH][cH][cH][c]12
8816,[O]=[C]([OH])[C](=[O])[c]1[cH][nH][c]2[cH][cH][cH][cH][c]12
8817,[O]=[C]([CH2][OH])[c]1[cH][nH][c]2[cH][cH][cH][cH][c]12
8818,[CH3][O][c]1[cH][cH][c]([CH]2[C](=[O])[c]3[c]([OH])[cH][c]([OH])[cH][c]3[O][CH]2[OH])[cH][cH]1
8819,[CH3][NH][CH2][CH2][OH]
8820,[CH3][N]([CH3])[CH2][CH2][OH]
8821,[O]=[CH][CH]([OH])[CH2][C](=[O])[OH]
8822,[NH2][c]1[cH][cH][c]([C](=[O])[O][CH]2[O][CH]([CH2][OH])[CH]([OH])[CH]([OH])[CH]2[OH])[cH][cH]1
8823,[O]=[C]([CH]=[CH][c]1[cH][cH][c]([OH])[c]([OH])[cH]1)[c]1[cH][cH][c]([O][CH]2[O][CH]([CH2][OH])[CH]([OH])[CH]([OH])[CH]2[OH])[cH][c]1[OH]
8824,[CH3][c]1[cH][n][c]2[cH][cH][cH][cH][c]2[cH]1
8825,[CH3][c]1[cH][c]2[cH][cH][cH][cH][c]2[n][c]1[OH]
8826,[NH2][CH2][CH2][CH2][NH][CH2][CH2][CH2][CH]=[O]
8827,[NH2][CH2][CH2][CH2][N+]1=[CH][CH2][CH2][CH2]1
8828,[CH2]1[CH2][NH][CH]2[CH2][CH2][CH2][N]2[CH2]1
8829,[CH3][c]1[cH][c]([OH])[c]([CH]=[CH][C](=[O])[C](=[O])[OH])[n][c]1[OH]
8830,[CH3][NH][CH2][CH2][C](=[O])[OH]
8831,[CH3][N]([CH3])[CH2][CH2][C](=[O])[OH]
8832,[CH3][N+]([CH3])([CH3])[CH2][CH2][C](=[O])[OH]
8833,[CH2]=[C]1[CH2][C]23[CH2][CH]1[CH2][CH2][CH]2[C]1([C](=[O])[OH])[CH2][CH2][CH]([OH])[C]([CH3])([C](=[O])[OH])[CH]1[CH]3[C](=[O])[OH]
8834,[CH2]=[C]1[CH2][C]23[CH2][CH]1[CH2][CH2][CH]2[C]1([C](=[O])[OH])[CH2][CH2][CH2][C]([CH3])([C](=[O])[OH])[CH]1[CH]3[C](=[O])[OH]
8835,[CH2]=[C]1[CH2][C]23[CH2][CH]1[CH2][CH2][CH]2[C]1([C](=[O])[OH])[CH2][CH]([OH])[CH]([OH])[C]([CH3])([C](=[O])[OH])[CH]1[CH]3[C](=[O])[OH]
8836,[CH2]=[C]1[CH2][C]23[CH2][CH]1[CH2][CH2][CH]2[C]1([C](=[O])[OH])[CH2][CH]([OH])[CH2][C]([CH3])([C](=[O])[OH])[CH]1[CH]3[C](=[O])[OH]
8837,[CH2]=[C]1[CH2][C]23[CH2][CH]1[CH2][CH2][CH]2[C]1([CH3])[CH2][CH2][CH]([OH])[C]([CH3])([C](=[O])[OH])[CH]1[CH]3[C](=[O])[OH]
8838,[CH2]=[C]1[CH2][C]23[CH2][CH]1[CH2][CH2][CH]2[C]1([CH3])[CH2][CH2][CH]([OH])[C]([CH3])([C](=[O])[OH])[CH]1[CH]3[CH]=[O]
8839,[CH2]=[C]1[CH2][C]23[CH2][C]1([OH])[CH2][CH2][CH]2[C]1([C](=[O])[OH])[CH2][CH2][CH2][C]([CH3])([C](=[O])[OH])[CH]1[CH]3[C](=[O])[OH]
8840,[CH2]=[C]1[CH2][C]23[CH2][C]1([OH])[CH2][CH2][CH]2[C]1([C](=[O])[OH])[CH2][CH2][CH]([OH])[C]([CH3])([C](=[O])[OH])[CH]1[CH]3[C](=[O])[OH]
8841,[CH2]=[C]1[CH2][C]23[CH2][C]1([OH])[CH2][CH2][CH]2[C]1([C](=[O])[OH])[CH2][CH]([OH])[CH]([OH])[C]([CH3])([C](=[O])[OH])[CH]1[CH]3[C](=[O])[OH]
8842,[NH]=[C]([OH])[CH2][CH]([OH])[C](=[O])[OH]
8843,[O]=[C]1[CH]([O][CH]2[O][CH]([CH2][OH])[CH]([OH])[CH]([OH])[CH]2[OH])[O][c]2[cH][c]([OH])[cH][cH][c]2[N]1[OH]
8844,[NH]=[C]([OH])[CH2][N]=[C]([OH])[CH]([CH2][S][SH])[N]=[C]([OH])[CH2][CH2][CH]([NH2])[C](=[O])[OH]
8845,[NH2][CH2][CH2][CH2][NH][OH]
8846,[CH3][C](=[O])[N]([OH])[CH2][CH2][CH2][NH2]
8847,[CH3][C](=[O])[N]([OH])[CH2][CH2][CH2][N]=[C]([OH])[CH2][C]([OH])([CH2][C]([OH])=[N][CH2][CH2][CH2][N]([OH])[C]([CH3])=[O])[C](=[O])[OH]
8848,[CH3][As]([CH3])[OH]
8849,[O]=[As]([OH])([OH])[O][CH]1[O][CH]([CH2][OH])[CH]([OH])[CH]1[OH]
8850,[CH3][O][c]1[cH][cH][c]2[c]([cH]1)[O][CH]([O][CH]1[O][CH]([CH2][OH])[CH]([OH])[CH]([OH])[CH]1[OH])[C](=[O])[N]2[O][CH3]
8851,[CH3][O][c]1[cH][c]([CH]=[CH][C]([OH])=[CH][C](=[O])[CH]=[CH][c]2[cH][cH][c]([O][CH]3[O][CH]([CH2][O][CH]4[O][CH]([CH2][OH])[CH]([OH])[CH]([OH])[CH]4[OH])[CH]([OH])[CH]([OH])[CH]3[OH])[c]([O][CH3])[cH]2)[cH][cH][c]1[O][CH]1[O][CH]([CH2][OH])[CH]([OH])[CH]([OH])[CH]1[OH]
8852,[CH3][O][c]1[cH][c]([CH]=[CH][C](=[O])[CH]=[C]([OH])[CH]=[CH][c]2[cH][cH][c]([O][CH]3[O][CH]([CH2][O][CH]4[O][CH]([CH2][OH])[CH]([OH])[CH]([OH])[CH]4[OH])[CH]([OH])[CH]([OH])[CH]3[OH])[c]([O][CH3])[cH]2)[cH][cH][c]1[O][CH]1[O][CH]([CH2][O][CH]2[O][CH]([CH2][OH])[CH]([OH])[CH]([OH])[CH]2[OH])[CH]([OH])[CH]([OH])[CH]1[OH]
8853,[O]=[c]1[c](-[c]2[cH][cH][c]([OH])[cH][c]2[OH])[cH][o][c]2[cH][c]([OH])[cH][c]([OH])[c]12
8854,[CH3][C]([CH3])=[CH][CH2][c]1[c]([OH])[cH][c]2[o][cH][c](-[c]3[cH][cH][c]([OH])[cH][c]3[OH])[c](=[O])[c]2[c]1[OH]
8855,[CH3][C]([CH3])=[CH][CH2][c]1[c]([OH])[cH][c]2[o][cH][c](-[c]3[cH][cH][c]([OH])[cH][cH]3)[c](=[O])[c]2[c]1[OH]
8856,[O]=[C]1[c]2[c]([OH])[cH][c]([OH])[cH][c]2[O][CH2][CH]1[c]1[cH][cH][c]([OH])[cH][c]1[OH]
8857,[CH3][C]([CH3])=[CH][CH2][c]1[c]([OH])[cH][c]([OH])[c]2[c](=[O])[c](-[c]3[cH][cH][c]([OH])[cH][c]3[OH])[cH][o][c]12
8858,[O]=[P]([OH])([OH])[O][CH]1[CH]([OH])[CH]([OH])[CH]([O][P](=[O])([OH])[OH])[CH]([O][P](=[O])([OH])[OH])[CH]1[O][P](=[O])([OH])[OH]
8859,[O]=[P]([OH])([OH])[O][CH]1[CH]([OH])[CH]([OH])[CH]([OH])[CH]([O][P](=[O])([OH])[OH])[CH]1[O][P](=[O])([OH])[OH]
8860,[O]=[P]([OH])([OH])[O][CH]1[CH]([OH])[CH]([OH])[CH]([OH])[CH]([OH])[CH]1[O][P](=[O])([OH])[OH]
8861,[O]=[P]([OH])([OH])[O][CH]1[CH]([OH])[CH]([OH])[CH]([O][P](=[O])([OH])[OH])[CH]([O][P](=[O])([OH])[OH])[CH]1[O][P](=[O])([OH])[OH]
8862,[O]=[P]([OH])([OH])[O][CH]1[CH]([OH])[CH]([OH])[CH]([OH])[CH]([O][P](=[O])([OH])[OH])[CH]1[O][P](=[O])([OH])[OH]
8863,[O]=[P]([OH])([OH])[O][CH]1[CH]([OH])[CH]([OH])[CH]([O][P](=[O])([OH])[OH])[CH]([O][P](=[O])([OH])[OH])[CH]1[O][P](=[O])([OH])[OH]
8864,[O]=[P]([OH])([OH])[O][CH]1[CH]([OH])[CH]([OH])[CH]([OH])[CH]([O][P](=[O])([OH])[OH])[CH]1[O][P](=[O])([OH])[OH]
8865,[O]=[P]([OH])([OH])[O][CH]1[CH]([OH])[CH]([OH])[CH]([OH])[CH]([O][P](=[O])([OH])[OH])[CH]1[OH]
8866,[CH]1=[N][NH][CH2][CH2]1
8867,[CH2]1[CH2][NH][NH][CH2]1
8868,[O]=[c]1[c]2[cH][c]([OH])[cH][cH][c]2[o][c]2[cH][c]([OH])[cH][c]([OH])[c]12
8869,[O]=[c]1[c]2[cH][cH][cH][c]([OH])[c]2[o][c]2[cH][c]([OH])[cH][c]([OH])[c]12
8870,[O]=[c]1[c]2[cH][c]([OH])[c]([OH])[cH][c]2[o][c]2[cH][c]([OH])[cH][c]([OH])[c]12
8871,[O]=[c]1[c]2[c]([OH])[cH][c]([OH])[cH][c]2[o][c]2[c]([OH])[cH][cH][c]([OH])[c]12
8872,[O]=[c]1[c]2[cH][cH][c]([OH])[c]([OH])[c]2[o][c]2[cH][c]([OH])[cH][c]([OH])[c]12
8873,[NH2][CH]([CH2][n]1[c]([OH])[n][cH][cH][c]1=[O])[C](=[O])[OH]
8874,[O]=[c]1[cH][c]([OH])[cH][c]([CH]=[CH][c]2[cH][cH][c]([OH])[cH][cH]2)[o]1
8875,[O]=[C]([OH])[CH2][C](=[O])[CH2][C](=[O])[CH2][C](=[O])[CH]=[CH][c]1[cH][cH][c]([OH])[cH][cH]1
8876,[O]=[C]([CH]=[CH][c]1[cH][cH][c]([OH])[cH][cH]1)[CH2][c]1[cH][c]([OH])[cH][c](=[O])[o]1
8877,[NH]=[C]([OH])[CH]([CH2][CH2][C](=[O])[OH])[N]=[CH][OH]
8878,[NH]=[C]([OH])[CH]([NH2])[CH2][CH2][C](=[O])[OH]
8879,[OH][c]1[cH][c]([OH])[cH][c]([CH2][CH2][c]2[cH][cH][cH][cH][cH]2)[cH]1
8880,[CH3][O][c]1[cH][c]([OH])[cH][c]([CH]=[CH][c]2[cH][cH][cH][cH][cH]2)[cH]1
8881,[CH2]=[C]1[CH2][C]23[CH2][CH]1[CH2][CH2][CH]2[C]12[CH]=[CH][CH2][C]([CH3])([C](=[O])[O]1)[CH]2[CH]3[C](=[O])[OH]
8882,[O]=[C]([CH]=[CH][c]1[cH][cH][c]([OH])[cH][cH]1)[O][CH]([CH2][c]1[cH][cH][c]([OH])[cH][cH]1)[C](=[O])[OH]
8883,[O]=[C]([CH]=[CH][c]1[cH][cH][c]([OH])[c]([OH])[cH]1)[O][CH]([CH2][c]1[cH][cH][c]([OH])[cH][cH]1)[C](=[O])[OH]
8884,[O]=[C]([CH]=[CH][c]1[cH][cH][c]([OH])[cH][cH]1)[O][CH]([CH2][c]1[cH][cH][c]([OH])[c]([OH])[cH]1)[C](=[O])[OH]
8885,[O]=[C]([OH])[CH]([OH])[CH2][c]1[cH][cH][c]([OH])[c]([OH])[cH]1
8886,[CH2]=[C]1[CH2][C]23[CH2][CH]1[CH2][CH2][CH]2[C]12[CH2][CH]([OH])[CH2][C]([CH3])([C](=[O])[O]1)[CH]2[CH]3[C](=[O])[OH]
8887,[CH2]=[CH][C]1=[C]([CH3])[c]2[cH][c]3[n][c]([c]4[c]([C](=[O])[O][CH3])[c]([OH])[c]5[c]([CH3])[c]([cH][c]6[nH][c]([cH][c]1[n]2)[c]([CH3])[c]6[CH2][CH3])[nH][c]45)[CH]([CH2][CH2][C](=[O])[O][CH2][CH]=[C]([CH3])[CH2][CH2][CH2][CH]([CH3])[CH2][CH2][CH]=[C]([CH3])[CH2][CH2][CH]=[C]([CH3])[CH3])[CH]3[CH3]
8888,[CH2]=[CH][C]1=[C]([CH3])[c]2[cH][c]3[n][c]([c]4[c]([C](=[O])[O][CH3])[c]([OH])[c]5[c]([CH3])[c]([cH][c]6[nH][c]([cH][c]1[n]2)[c]([CH3])[c]6[CH2][CH3])[nH][c]45)[CH]([CH2][CH2][C](=[O])[O][CH2][CH]=[C]([CH3])[CH2][CH2][CH2][CH]([CH3])[CH2][CH2][CH2][CH]([CH3])[CH2][CH2][CH]=[C]([CH3])[CH3])[CH]3[CH3]
8889,[CH3][O][c]1[cH][c]([OH])[c]2[c]([cH]1)[O][CH]([c]1[cH][cH][cH][cH][cH]1)[CH2][C]2=[O]
8890,[CH3][CH]([CH3])[C](=[O])[CH2][C](=[O])[OH]
8891,[CH3][S][CH2][CH2][CH]=[O]
8892,[CH3][S][CH2][CH2][CH2][OH]
8893,[CH3][CH]1[O][CH]([O][CH2][CH]2[O][CH]([O][c]3[cH][c]([OH])[c]4[c]([cH]3)[O][CH]([c]3[cH][cH][c]([OH])[cH][cH]3)[CH2][C]4=[O])[CH]([OH])[CH]([OH])[CH]2[OH])[CH]([OH])[CH]([OH])[CH]1[OH]
8894,[CH3][O][c]1[cH][cH][c]([CH]2[CH2][C](=[O])[c]3[c]([OH])[cH][c]([OH])[cH][c]3[O]2)[cH][cH]1
8895,[CH3][C]([CH3])=[CH][CH2][c]1[c]([OH])[cH][cH][c](-[c]2[cH][o][c]3[cH][c]([OH])[cH][c]([OH])[c]3[c]2=[O])[c]1[OH]
8896,[CH3][C]([CH3])=[CH][CH2][c]1[cH][c](-[c]2[cH][o][c]3[cH][c]([OH])[cH][c]([OH])[c]3[c]2=[O])[cH][cH][c]1[OH]
8897,[CH3][C]([CH3])=[CH][CH2][c]1[c]([OH])[cH][c]([OH])[c]2[c](=[O])[c](-[c]3[cH][cH][c]([OH])[cH][cH]3)[cH][o][c]12
8898,[CH3][C]([CH3])=[CH][CH2][c]1[c]([OH])[c]([CH2][CH]=[C]([CH3])[CH3])[c]([OH])[c]([C](=[O])[CH2][CH]([CH3])[CH3])[c]1[OH]
8899,[CH3][C]([CH3])=[CH][CH2][C]1=[C]([OH])[C]([OH])([CH2][CH]=[C]([CH3])[CH3])[C](=[O])[C]([C](=[O])[CH2][CH]([CH3])[CH3])=[C]1[OH]
8900,[CH3][C]([CH3])=[CH][CH2][C]1=[C]([OH])[C]([OH])([CH2][CH]=[C]([CH3])[CH3])[C](=[O])[C]([C](=[O])[CH]([CH3])[CH3])=[C]1[OH]
8901,[CH3][C]([CH3])=[CH][CH2][c]1[c]([OH])[c]([CH2][CH]=[C]([CH3])[CH3])[c]([OH])[c]([C](=[O])[CH]([CH3])[CH3])[c]1[OH]
8902,[CH3][C]([CH3])=[CH][CH2][c]1[c]([OH])[cH][c]([OH])[c]([C](=[O])[CH2][CH]([CH3])[CH3])[c]1[OH]
8903,[CH3][C]([CH3])=[CH][CH2][c]1[c]([OH])[cH][c]([OH])[c]([C](=[O])[CH]([CH3])[CH3])[c]1[OH]
8904,[CH3][C]([CH3])=[CH][CH2][c]1[c]([OH])[cH][c]([OH])[c]([C](=[O])[CH]=[CH][c]2[cH][cH][c]([OH])[cH][cH]2)[c]1[OH]
8905,[CH3][O][c]1[cH][c]([OH])[c]([CH2][CH]=[C]([CH3])[CH3])[c]([OH])[c]1[C](=[O])[CH]=[CH][c]1[cH][cH][c]([OH])[cH][cH]1
8906,[CH3][CH]([CH3])[CH2][c]1[cH][c]([OH])[cH][c](=[O])[o]1
8907,[CH3][CH]([CH3])[CH2][C](=[O])[CH2][c]1[cH][c]([OH])[cH][c](=[O])[o]1
8908,[CH3][CH2][CH2][CH2][CH2][c]1[cH][c]2[c]([c]([OH])[c]1[C](=[O])[OH])[CH]1[CH]=[C]([CH3])[CH2][CH2][CH]1[C]([CH3])([CH3])[O]2
8909,[CH3][CH2][CH2][CH2][CH2][c]1[cH][c]2[c]([c]([OH])[c]1[C](=[O])[OH])[CH]=[CH][C]([CH3])([CH2][CH2][CH]=[C]([CH3])[CH3])[O]2
8910,[CH3][CH2][CH2][CH2][CH2][c]1[cH][c]([OH])[c]2[c]([cH]1)[O][C]([CH3])([CH3])[CH]1[CH2][CH2][C]([CH3])=[CH][CH]21
8911,[CH2]=[C]([CH3])[CH]1[CH2][CH2][C]([CH3])=[CH][CH]1[c]1[c]([OH])[cH][c]([CH2][CH2][CH2][CH2][CH3])[cH][c]1[OH]
8912,[CH3][CH2][CH2][CH2][CH2][c]1[cH][c]([OH])[c]2[c]([cH]1)[O][C]([CH3])([CH2][CH2][CH]=[C]([CH3])[CH3])[CH]=[CH]2
8913,[CH3][CH2][CH2][CH2][CH2][c]1[cH][c]([OH])[c]([CH2][CH]=[C]([CH3])[CH2][CH2][CH]=[C]([CH3])[CH3])[c]([OH])[c]1[C](=[O])[OH]
8914,[CH3][CH2][CH]([CH2][CH]([OH])[CH]([CH3])[CH]1[CH2][CH2][CH]2[CH]3[CH2][CH]=[C]4[CH2][CH]([OH])[CH2][CH2][C]4([CH3])[CH]3[CH2][CH2][C]12[CH3])[CH]([CH3])[CH3]
8915,[CH3][CH]=[C]([CH2][CH]([OH])[CH]([CH3])[CH]1[CH2][CH2][CH]2[CH]3[CH2][CH]=[C]4[CH2][CH]([OH])[CH2][CH2][C]4([CH3])[CH]3[CH2][CH2][C]12[CH3])[CH]([CH3])[CH3]
8916,[CH3][CH]([CH3])[CH2][CH2][CH]([OH])[CH]([CH3])[CH]1[CH2][CH2][CH]2[CH]3[CH2][CH2][CH]4[CH2][CH]([OH])[CH2][CH2][C]4([CH3])[CH]3[CH2][CH2][C]12[CH3]
8917,[CH3][CH]([CH3])[CH2][CH2][CH2][CH]([CH3])[CH]1[CH2][CH2][CH]2[CH]3[CH2][CH2][CH]4[CH2][CH]([OH])[CH2][CH2][C]4([CH3])[CH]3[CH2][CH2][C]12[CH3]
8918,[CH3][C](=[O])[CH]=[CH][CH]1[C]([CH3])=[CH][CH]([OH])[CH2][C]1([CH3])[CH3]
8919,[CH3][C](=[O])[CH]=[CH][C]1=[C]([CH3])[CH2][CH]([OH])[CH2][C]1([CH3])[CH3]
8920,[CH3][C](=[O])[CH]=[CH][C]12[O][C]1([CH3])[CH2][CH]([OH])[CH2][C]2([CH3])[CH3]
8921,[CH3][C]([CH]=[CH][CH]=[O])=[CH][CH]=[CH][CH]=[C]([CH3])[CH]=[CH][CH]=[C]([CH3])[CH]=[CH][C]12[O][C]1([CH3])[CH2][CH]([OH])[CH2][C]2([CH3])[CH3]
8922,[CH3][C](=[O])[CH]=[C]=[C]1[C]([CH3])([CH3])[CH2][CH]([OH])[CH2][C]1([CH3])[OH]
8923,[CH3][C]([CH]=[C]=[C]1[C]([CH3])([CH3])[CH2][CH]([OH])[CH2][C]1([CH3])[OH])=[CH][CH]=[CH][C]([CH3])=[CH][CH]=[CH][CH]=[C]([CH3])[CH]=[CH][CH]=[O]
8924,[O]=[C]1[C](=[CH][c]2[cH][cH][c]([OH])[c]([OH])[cH]2)[O][c]2[cH][c]([O][CH]3[O][CH]([CH2][OH])[CH]([OH])[CH]([OH])[CH]3[OH])[cH][cH][c]21
8925,[O]=[C]1[C](=[CH][c]2[cH][cH][c]([OH])[c]([OH])[cH]2)[O][c]2[cH][c]([OH])[cH][cH][c]21
8926,[CH3][C]([CH]=[CH][CH]=[C]([CH3])[CH]=[CH][CH]1[C]([CH3])=[CH][CH2][CH2][C]1([CH3])[CH3])=[CH][CH]=[CH][CH]=[C]([CH3])[CH]=[CH][CH]=[C]([CH3])[CH]=[CH][CH]1[C]([CH3])=[CH][CH]([OH])[CH2][C]1([CH3])[CH3]
8927,[CH3][C]([CH]=[CH][CH]=[C]([CH3])[CH]=[CH][CH]1[C]([CH3])=[CH][CH]([OH])[CH2][C]1([CH3])[CH3])=[CH][CH]=[CH][CH]=[C]([CH3])[CH]=[CH][CH]=[C]([CH3])[CH]=[CH][CH]1[C]([CH3])=[CH][CH]([OH])[CH2][C]1([CH3])[CH3]
8928,[CH3][C]([CH3])=[CH][CH2][CH2][C]([CH3])=[CH][CH2][CH2][C]([CH3])=[CH][CH]=[CH][C]([CH3])=[CH][CH]=[CH][CH]=[C]([CH3])[CH]=[CH][CH]=[C]([CH3])[CH]=[CH][C]1=[C]([CH3])[CH2][CH]([OH])[CH2][C]1([CH3])[CH3]
8929,[CH3][C]1=[CH][CH]2[CH]([CH2][CH2]1)[CH]([CH3])[CH2][CH2][CH]2[CH]([CH3])[C](=[O])[OH]
8930,[CH3][CH]1[CH2][CH2][CH]([CH]([CH3])[C](=[O])[OH])[C]2=[CH][C]([CH3])([O][OH])[CH2][CH2][CH]21
8931,[CH3][CH]1[CH2][CH2][CH]2[CH]([CH3])[C](=[O])[O][CH]3[O][C]4([CH3])[CH2][CH2][CH]1[C]32[O][O]4
8932,[CH3][C]1([CH2][C](=[NH])[OH])[C]2=[N][CH]([CH2][C]34[N]=[C]([OH])[CH2][C]3([CH3])[CH]([CH2][CH2][C](=[O])[OH])[C](=[N]4)[CH]=[C]3[NH][C](=[CH][C]4=[N][CH]([CH2]2)[CH]([CH2][C](=[O])[OH])[CH]4[CH2][CH2][C](=[O])[OH])[CH]([CH2][CH2][C](=[O])[OH])[CH]3[CH2][C](=[O])[OH])[CH]1[CH2][CH2][C](=[O])[OH]
8933,[CH3][C]1([CH2][C](=[NH])[OH])[C]2=[CH][CH]3[N]=[C]([CH2][CH]4[N]=[C]([CH]=[C]5[NH][C](=[CH][C](=[N]2)[CH]1[CH2][CH2][C](=[O])[OH])[CH]([CH2][C](=[O])[OH])[CH]5[CH2][CH2][C](=[O])[OH])[CH]([CH2][CH2][C](=[O])[OH])[CH]4[CH2][C](=[O])[OH])[C]([CH3])([CH2][C](=[NH])[OH])[CH]3[CH2][CH2][C](=[O])[OH]
8934,[CH3][C]1([CH2][C](=[NH])[OH])[C]2=[N][CH]([CH2][C]34[N]=[C]([OH])[CH2][C]3([CH3])[CH]([CH2][CH2][C](=[O])[OH])[C](=[N]4)[CH]=[C]3[N]=[C]([C]4=[C]([OH])[CH2][CH2][CH]5[C]4=[N][CH]([CH2]2)[CH]5[CH2][C](=[O])[OH])[CH]([CH2][CH2][C](=[O])[OH])[CH]3[CH2][C](=[O])[OH])[CH]1[CH2][CH2][C](=[O])[OH]
8935,[CH2]=[CH][C]1=[C]([CH3])[c]2[cH][c]3[nH][c]([cH][c]4[n][c]([cH][c]5[nH][c]([cH][c]1[n]2)[c]([CH3])[c]5[CH]=[CH2])[C]([CH3])([OH])[C]4([OH])[CH2][CH2][C](=[O])[OH])[c]([CH2][CH2][C](=[O])[OH])[c]3[CH3]
8936,[NH2][CH2][c]1[cH][c]([CH2][O][c]2[cH][cH][c]([CH2][CH2][N]=[C]([OH])[CH2][CH2][CH]([N]=[C]([OH])[CH2][CH2][CH]([N]=[C]([OH])[CH2][CH2][CH]([N]=[C]([OH])[CH2][CH2][CH]([N]=[C]([OH])[CH2][CH2][CH]([N]=[C]([OH])[CH2][CH2][CH]([N]=[C]([OH])[CH2][CH2][CH]([NH2])[C](=[O])[OH])[C](=[O])[OH])[C](=[O])[OH])[C](=[O])[OH])[C](=[O])[OH])[C](=[O])[OH])[C](=[O])[OH])[cH][cH]2)[cH][o]1
8937,[CH3][C]([CH]=[CH][C]1([OH])[C]2([CH3])[CH2][O][C]1([CH3])[CH2][CH]([OH])[CH2]2)=[CH][C](=[O])[OH]
8938,[CH3][C]([CH]=[CH][CH]=[C]([CH3])[CH]=[CH][C]1=[C]([CH3])[CH]=[CH][CH2][C]1([CH3])[CH3])=[CH][CH]=[CH][CH]=[C]([CH3])[CH]=[CH][CH]=[C]([CH3])[CH]=[CH][C]1=[C]([CH3])[CH]=[CH][CH2][C]1([CH3])[CH3]
8939,[CH3][C]1([CH2][C](=[NH])[OH])[C]2=[CH][C]3=[N][C](=[C]([CH2][CH2][C](=[O])[OH])[CH]3[CH2][C](=[O])[OH])[CH]=[C]3[N]=[C]([CH]=[C]4[NH][C](=[CH][C](=[N]2)[CH]1[CH2][CH2][C](=[O])[OH])[C]([CH3])([CH2][C](=[O])[OH])[CH]4[CH2][CH2][C](=[O])[OH])[C]([CH2][C](=[O])[OH])=[C]3[CH2][CH2][C](=[O])[OH]
8940,[CH3][C]([CH3])=[CH][CH]=[CH][C]([CH3])=[CH][CH]=[CH][C]([CH3])=[CH][CH]=[CH][C]([CH3])=[CH][CH]=[CH][CH]=[C]([CH3])[CH]=[CH][CH]=[C]([CH3])[CH]=[CH][C]1=[C]([CH3])[C](=[O])[CH2][CH2][C]1([CH3])[CH3]
8941,[CH3][C]([CH3])=[CH][CH]=[CH][C]([CH3])=[CH][CH]=[CH][C]([CH3])=[CH][CH]=[CH][C]([CH3])=[CH][CH]=[CH][CH]=[C]([CH3])[CH]=[CH][CH]=[C]([CH3])[CH]=[CH][C]1=[C]([CH3])[C](=[O])[CH]([OH])[CH2][C]1([CH3])[CH3]
8942,[CH3][C]([CH]=[CH][CH]=[C]([CH3])[CH]=[CH][CH]=[O])=[CH][CH]=[CH][CH]=[C]([CH3])[CH]=[CH][CH]=[C]([CH3])[CH]=[CH][CH]=[O]
8943,[CH3][C]([CH]=[CH][CH]=[C]([CH3])[CH]=[CH][C](=[O])[OH])=[CH][CH]=[CH][CH]=[C]([CH3])[CH]=[CH][CH]=[C]([CH3])[CH]=[CH][C](=[O])[OH]
8944,[CH3][O][C](=[O])[CH]=[CH][C]([CH3])=[CH][CH]=[CH][C]([CH3])=[CH][CH]=[CH][CH]=[C]([CH3])[CH]=[CH][CH]=[C]([CH3])[CH]=[CH][C](=[O])[OH]
8945,[CH3][O][C](=[O])[CH]=[CH][C]([CH3])=[CH][CH]=[CH][C]([CH3])=[CH][CH]=[CH][CH]=[C]([CH3])[CH]=[CH][CH]=[C]([CH3])[CH]=[CH][C](=[O])[O][CH3]
8946,[O]=[c]1[c]([OH])[c](-[c]2[cH][cH][c]([OH])[cH][cH]2)[o][c]2[cH][c]([O][CH]3[O][CH]([CH2][OH])[CH]([OH])[CH]([OH])[CH]3[OH])[cH][c]([OH])[c]12
8947,[O]=[c]1[c]([O][CH]2[O][CH]([CH2][OH])[CH]([OH])[CH]([OH])[CH]2[OH])[c](-[c]2[cH][cH][c]([OH])[c]([OH])[cH]2)[o][c]2[cH][c]([OH])[cH][c]([O][CH]3[O][CH]([CH2][OH])[CH]([OH])[CH]([OH])[CH]3[OH])[c]12
8948,[CH3][CH]1[O][CH]([O][c]2[c](-[c]3[cH][cH][c]([OH])[cH][cH]3)[o][c]3[cH][c]([O][CH]4[O][CH]([CH2][OH])[CH]([OH])[CH]([OH])[CH]4[OH])[cH][c]([OH])[c]3[c]2=[O])[CH]([OH])[CH]([OH])[CH]1[OH]
8949,[CH3][CH]1[O][CH]([O][c]2[c](-[c]3[cH][cH][c]([OH])[cH][cH]3)[o][c]3[cH][c]([OH])[cH][c]([OH])[c]3[c]2=[O])[CH]([OH])[CH]([OH])[CH]1[OH]
8950,[CH3][CH]1[O][CH]([O][c]2[c](-[c]3[cH][cH][c]([OH])[c]([OH])[cH]3)[o][c]3[cH][c]([OH])[cH][c]([OH])[c]3[c]2=[O])[CH]([OH])[CH]([OH])[CH]1[OH]
8951,[O]=[c]1[c]([O][CH]2[O][CH]([CH2][OH])[CH]([OH])[CH]([OH])[CH]2[OH])[c](-[c]2[cH][cH][c]([OH])[cH][cH]2)[o][c]2[cH][c]([O][CH]3[O][CH]([CH2][OH])[CH]([OH])[CH]([OH])[CH]3[OH])[cH][c]([OH])[c]12
8952,[O]=[c]1[c]([O][CH]2[O][CH]([CH2][OH])[CH]([OH])[CH]([OH])[CH]2[OH])[c](-[c]2[cH][cH][c]([OH])[c]([OH])[cH]2)[o][c]2[cH][c]([O][CH]3[O][CH]([CH2][OH])[CH]([OH])[CH]([OH])[CH]3[OH])[cH][c]([OH])[c]12
8953,[CH3][O][CH]1[CH]([OH])[CH]([OH])[CH]([OH])[CH]([O][CH]2[O][CH]([CH2][OH])[CH]([OH])[CH]([OH])[CH]2[OH])[CH]1[OH]
8954,[CH3][O][CH]1[CH]([OH])[CH]([OH])[CH]([OH])[CH]([OH])[CH]1[O][CH]1[O][CH]([CH2][OH])[CH]([OH])[CH]([OH])[CH]1[OH]
8955,[CH3][O][CH]1[CH]([OH])[CH]([OH])[CH]([OH])[CH]([O][CH]2[O][CH]([CH2][O][CH]3[O][CH]([CH2][OH])[CH]([OH])[CH]([OH])[CH]3[OH])[CH]([OH])[CH]([OH])[CH]2[OH])[CH]1[OH]
8956,[CH3][O][CH]1[CH]([OH])[CH]([OH])[CH]([OH])[CH]([OH])[CH]1[O][CH]1[O][CH]([CH2][OH])[CH]([OH])[CH]([OH])[CH]1[OH]
8957,[OH][CH2][CH]1[O][CH]([O][CH2][CH]2[O][CH]([O][CH2][CH]3[O][CH]([O][CH2][CH]4[O][CH]([O][C]5([CH2][OH])[O][CH]([CH2][OH])[CH]([OH])[CH]5[OH])[CH]([OH])[CH]([OH])[CH]4[OH])[CH]([OH])[CH]([OH])[CH]3[OH])[CH]([OH])[CH]([OH])[CH]2[OH])[CH]([OH])[CH]([OH])[CH]1[OH]
8958,[OH][CH2][CH]1[O][CH]([O][CH2][CH]2[O][CH]([O][CH2][CH]3[O][CH]([O][CH2][CH]4[O][CH]([O][CH2][CH]5[O][CH]([O][C]6([CH2][OH])[O][CH]([CH2][OH])[CH]([OH])[CH]6[OH])[CH]([OH])[CH]([OH])[CH]5[OH])[CH]([OH])[CH]([OH])[CH]4[OH])[CH]([OH])[CH]([OH])[CH]3[OH])[CH]([OH])[CH]([OH])[CH]2[OH])[CH]([OH])[CH]([OH])[CH]1[OH]
8959,[O]=[c]1[c]([O][CH]2[O][CH]([CH2][OH])[CH]([OH])[CH]([OH])[CH]2[O][CH]2[O][CH]([CH2][OH])[CH]([OH])[CH]([OH])[CH]2[O][CH]2[O][CH]([CH2][OH])[CH]([OH])[CH]([OH])[CH]2[OH])[c](-[c]2[cH][cH][c]([OH])[cH][cH]2)[o][c]2[cH][c]([OH])[cH][c]([OH])[c]12
8960,[O]=[C]([CH]=[CH][c]1[cH][cH][c]([OH])[cH][cH]1)[O][CH2][CH]1[O][CH]([O][CH]2[CH]([O][CH]3[CH]([O][c]4[c](-[c]5[cH][cH][c]([OH])[cH][cH]5)[o][c]5[cH][c]([OH])[cH][c]([OH])[c]5[c]4=[O])[O][CH]([CH2][OH])[CH]([OH])[CH]3[OH])[O][CH]([CH2][OH])[CH]([OH])[CH]2[OH])[CH]([OH])[CH]([OH])[CH]1[OH]
8961,[CH3][CH2][CH2][CH2][CH2][CH]=[CH][CH2][CH]=[CH][CH2][CH2][CH2][CH2][CH2][CH2][CH2][C](=[O])[O][CH2][CH]([CH2][O][CH]1[O][CH]([CH2][OH])[CH]([OH])[CH]([OH])[CH]1[OH])[O][C](=[O])[CH2][CH2][CH2][CH2][CH2][CH2][CH2][CH2][CH2][CH2][CH2][CH2][CH2][CH2][CH3]
8962,[CH3][CH2][CH]=[CH][CH2][CH]=[CH][CH2][CH]=[CH][CH2][CH2][CH2][CH2][CH2][CH2][CH2][C](=[O])[O][CH2][CH]([CH2][O][CH]1[O][CH]([CH2][OH])[CH]([OH])[CH]([OH])[CH]1[OH])[O][C](=[O])[CH2][CH2][CH2][CH2][CH2][CH2][CH2][CH2][CH2][CH2][CH2][CH2][CH2][CH2][CH3]
8963,[CH3][CH2][CH2][CH2][CH2][CH]=[CH][CH2][CH]=[CH][CH2][CH2][CH2][CH2][CH2][CH2][CH2][C](=[O])[O][CH2][CH]([CH2][O][CH]1[O][CH]([CH2][OH])[CH]([OH])[CH]([OH])[CH]1[OH])[O][C](=[O])[CH2][CH2][CH2][CH2][CH2][CH]=[CH][CH2][CH2][CH2][CH2][CH2][CH2][CH2][CH3]
8964,[CH3][CH2][CH]=[CH][CH2][CH]=[CH][CH2][CH]=[CH][CH2][CH2][CH2][CH2][CH2][CH2][CH2][C](=[O])[O][CH2][CH]([CH2][O][CH]1[O][CH]([CH2][OH])[CH]([OH])[CH]([OH])[CH]1[OH])[O][C](=[O])[CH2][CH2][CH2][CH2][CH2][CH]=[CH][CH2][CH2][CH2][CH2][CH2][CH2][CH2][CH3]
8965,[CH3][CH2][CH2][CH2][CH2][CH]=[CH][CH2][CH]=[CH][CH2][CH2][CH2][CH2][CH2][CH2][CH2][C](=[O])[O][CH2][CH]([CH2][O][CH]1[O][CH]([CH2][OH])[CH]([OH])[CH]([OH])[CH]1[OH])[O][C](=[O])[CH2][CH2][CH2][CH2][CH2][CH]=[CH][CH2][CH]=[CH][CH2][CH2][CH2][CH2][CH3]
8966,[CH3][CH2][CH2][CH2][CH2][CH]=[CH][CH2][CH]=[CH][CH2][CH2][CH2][CH2][CH2][C](=[O])[O][CH]([CH2][O][C](=[O])[CH2][CH2][CH2][CH2][CH2][CH2][CH2][CH]=[CH][CH2][CH2][CH2][CH2][CH2][CH2][CH2][CH3])[CH2][O][CH]1[O][CH]([CH2][OH])[CH]([OH])[CH]([OH])[CH]1[OH]
8967,[CH3][CH2][CH]=[CH][CH2][CH]=[CH][CH2][CH]=[CH][CH2][CH2][CH2][CH2][CH2][CH2][CH2][C](=[O])[O][CH2][CH]([CH2][O][CH]1[O][CH]([CH2][OH])[CH]([OH])[CH]([OH])[CH]1[OH])[O][C](=[O])[CH2][CH2][CH2][CH2][CH2][CH]=[CH][CH2][CH]=[CH][CH2][CH2][CH2][CH2][CH3]
8968,[CH3][CH2][CH]=[CH][CH2][CH]=[CH][CH2][CH]=[CH][CH2][CH2][CH2][CH2][CH2][C](=[O])[O][CH]([CH2][O][C](=[O])[CH2][CH2][CH2][CH2][CH2][CH2][CH2][CH]=[CH][CH2][CH]=[CH][CH2][CH2][CH2][CH2][CH3])[CH2][O][CH]1[O][CH]([CH2][OH])[CH]([OH])[CH]([OH])[CH]1[OH]
8969,[CH3][CH2][CH]=[CH][CH2][CH]=[CH][CH2][CH]=[CH][CH2][CH2][CH2][CH2][CH2][C](=[O])[O][CH]([CH2][O][C](=[O])[CH2][CH2][CH2][CH2][CH2][CH2][CH2][CH]=[CH][CH2][CH2][CH2][CH2][CH2][CH2][CH2][CH3])[CH2][O][CH]1[O][CH]([CH2][OH])[CH]([OH])[CH]([OH])[CH]1[OH]
8970,[CH3][CH2][CH]=[CH][CH2][CH]=[CH][CH2][CH]=[CH][CH2][CH2][CH2][CH2][CH2][CH2][CH2][C](=[O])[O][CH2][CH]([CH2][O][CH]1[O][CH]([CH2][OH])[CH]([OH])[CH]([OH])[CH]1[OH])[O][C](=[O])[CH2][CH2][CH2][CH2][CH2][CH]=[CH][CH2][CH]=[CH][CH2][CH]=[CH][CH2][CH3]
8971,[CH3][CH2][CH]=[CH][CH2][CH]=[CH][CH2][CH]=[CH][CH2][CH2][CH2][CH2][CH2][CH2][CH2][C](=[O])[O][CH2][CH]([CH2][O][CH]1[O][CH]([CH2][O][CH]2[O][CH]([CH2][OH])[CH]([OH])[CH]([OH])[CH]2[OH])[CH]([OH])[CH]([OH])[CH]1[OH])[O][C](=[O])[CH2][CH2][CH2][CH2][CH2][CH2][CH2][CH]=[CH][CH2][CH]=[CH][CH2][CH2][CH2][CH2][CH3]
8972,[CH3][CH2][CH2][CH2][CH2][CH]=[CH][CH2][CH]=[CH][CH2][CH2][CH2][CH2][CH2][CH2][CH2][C](=[O])[O][CH2][CH]([CH2][O][CH]1[O][CH]([CH2][O][CH]2[O][CH]([CH2][OH])[CH]([OH])[CH]([OH])[CH]2[OH])[CH]([OH])[CH]([OH])[CH]1[OH])[O][C](=[O])[CH2][CH2][CH2][CH2][CH2][CH2][CH2][CH]=[CH][CH2][CH]=[CH][CH2][CH2][CH2][CH2][CH3]
8973,[CH3][CH2][CH]=[CH][CH2][CH]=[CH][CH2][CH]=[CH][CH2][CH2][CH2][CH2][CH2][CH2][CH2][C](=[O])[O][CH2][CH]([CH2][O][CH]1[O][CH]([CH2][O][CH]2[O][CH]([CH2][OH])[CH]([OH])[CH]([OH])[CH]2[OH])[CH]([OH])[CH]([OH])[CH]1[OH])[O][C](=[O])[CH2][CH2][CH2][CH2][CH2][CH2][CH2][CH]=[CH][CH2][CH]=[CH][CH2][CH]=[CH][CH2][CH3]
8974,[CH3][CH2][CH]=[CH][CH2][CH]=[CH][CH2][CH]=[CH][CH2][CH2][CH2][CH2][CH2][CH2][CH2][C](=[O])[O][CH]([CH2][O][C](=[O])[CH2][CH2][CH2][CH2][CH2][CH2][CH2][CH]=[CH][CH2][CH]=[CH][CH2][CH2][CH2][CH2][CH3])[CH2][O][CH]1[O][CH]([CH2][O][CH]2[O][CH]([CH2][OH])[CH]([OH])[CH]([OH])[CH]2[OH])[CH]([OH])[CH]([OH])[CH]1[OH]
8975,[CH3][CH2][CH2][CH2][CH2][CH]=[CH][CH2][CH]=[CH][CH2][CH2][CH2][CH2][CH2][CH2][CH2][C](=[O])[O][CH2][CH]([CH2][O][P](=[O])([OH])[O][CH2][CH]([OH])[CH2][OH])[O][C](=[O])[CH2][CH2][CH2][CH2][CH2][CH2][CH2][CH2][CH2][CH2][CH2][CH2][CH2][CH2][CH3]
8976,[CH3][CH2][CH]=[CH][CH2][CH]=[CH][CH2][CH]=[CH][CH2][CH2][CH2][CH2][CH2][CH2][CH2][C](=[O])[O][CH2][CH]([CH2][O][P](=[O])([OH])[O][CH2][CH]([OH])[CH2][OH])[O][C](=[O])[CH2][CH2][CH2][CH2][CH2][CH2][CH2][CH2][CH2][CH2][CH2][CH2][CH2][CH2][CH3]
8977,[CH3][CH2][CH2][CH2][CH2][CH]=[CH][CH2][CH]=[CH][CH2][CH2][CH2][CH2][CH2][CH2][CH2][C](=[O])[O][CH2][CH]([CH2][O][P](=[O])([OH])[O][CH2][CH2][N+]([CH3])([CH3])[CH3])[O][C](=[O])[CH2][CH2][CH2][CH2][CH2][CH2][CH2][CH]=[CH][CH2][CH2][CH2][CH2][CH2][CH2][CH2][CH3]
8978,[CH3][CH2][CH2][CH2][CH2][CH2][CH2][CH2][CH]=[CH][CH2][CH2][CH2][CH2][CH2][CH2][CH2][C](=[O])[O][CH2][CH]([CH2][O][P](=[O])([OH])[O][CH2][CH2][N+]([CH3])([CH3])[CH3])[O][C](=[O])[CH2][CH2][CH2][CH2][CH2][CH2][CH2][CH]=[CH][CH2][CH2][CH2][CH2][CH2][CH2][CH2][CH3]
8979,[CH3][CH2][CH]=[CH][CH2][CH]=[CH][CH2][CH]=[CH][CH2][CH2][CH2][CH2][CH2][CH2][CH2][C](=[O])[O][CH2][CH]([CH2][O][P](=[O])([OH])[O][CH2][CH2][N+]([CH3])([CH3])[CH3])[O][C](=[O])[CH2][CH2][CH2][CH2][CH2][CH2][CH2][CH]=[CH][CH2][CH2][CH2][CH2][CH2][CH2][CH2][CH3]
8980,[CH3][CH2][CH2][CH2][CH2][CH]=[CH][CH2][CH]=[CH][CH2][CH2][CH2][CH2][CH2][CH2][CH2][C](=[O])[O][CH2][CH]([CH2][O][P](=[O])([OH])[O][CH2][CH2][N+]([CH3])([CH3])[CH3])[O][C](=[O])[CH2][CH2][CH2][CH2][CH2][CH2][CH2][CH]=[CH][CH2][CH]=[CH][CH2][CH2][CH2][CH2][CH3]
8981,[CH3][CH2][CH2][CH2][CH2][CH]=[CH][CH2][CH]=[CH][CH2][CH2][CH2][CH2][CH2][CH2][CH2][C](=[O])[O][CH]([CH2][O][C](=[O])[CH2][CH2][CH2][CH2][CH2][CH2][CH2][CH]=[CH][CH2][CH2][CH2][CH2][CH2][CH2][CH2][CH3])[CH2][O][P](=[O])([OH])[O][CH2][CH2][N+]([CH3])([CH3])[CH3]
8982,[CH3][CH2][CH]=[CH][CH2][CH]=[CH][CH2][CH]=[CH][CH2][CH2][CH2][CH2][CH2][CH2][CH2][C](=[O])[O][CH2][CH]([CH2][O][P](=[O])([OH])[O][CH2][CH2][N+]([CH3])([CH3])[CH3])[O][C](=[O])[CH2][CH2][CH2][CH2][CH2][CH2][CH2][CH]=[CH][CH2][CH]=[CH][CH2][CH2][CH2][CH2][CH3]
8983,[CH3][CH2][CH]=[CH][CH2][CH]=[CH][CH2][CH]=[CH][CH2][CH2][CH2][CH2][CH2][CH2][CH2][C](=[O])[O][CH]([CH2][O][C](=[O])[CH2][CH2][CH2][CH2][CH2][CH2][CH2][CH]=[CH][CH2][CH]=[CH][CH2][CH2][CH2][CH2][CH3])[CH2][O][P](=[O])([OH])[O][CH2][CH2][N+]([CH3])([CH3])[CH3]
8984,[CH3][CH2][CH]=[CH][CH2][CH]=[CH][CH2][CH]=[CH][CH2][CH2][CH2][CH2][CH2][CH2][CH2][C](=[O])[O][CH]([CH2][O][C](=[O])[CH2][CH2][CH2][CH2][CH2][CH2][CH2][CH]=[CH][CH2][CH2][CH2][CH2][CH2][CH2][CH2][CH3])[CH2][O][P](=[O])([OH])[O][CH2][CH2][N+]([CH3])([CH3])[CH3]
8985,[CH3][CH2][CH]=[CH][CH2][CH]=[CH][CH2][CH]=[CH][CH2][CH2][CH2][CH2][CH2][CH2][CH2][C](=[O])[O][CH2][CH]([CH2][O][P](=[O])([OH])[O][CH2][CH2][N+]([CH3])([CH3])[CH3])[O][C](=[O])[CH2][CH2][CH2][CH2][CH2][CH2][CH2][CH]=[CH][CH2][CH]=[CH][CH2][CH]=[CH][CH2][CH3]
8986,[O]=[C]([OH])[CH]=[CH][C]1=[CH][C](=[O])[C](=[O])[CH]=[CH]1
8987,[O]=[C]([OH])[CH]=[CH][c]1[cH][cH][c]([OH])[c]([OH])[cH]1
8988,[O]=[c]1[cH][c](-[c]2[cH][cH][cH][cH][cH]2)[o][c]2[cH][cH][c]([OH])[cH][c]12
8989,[O]=[c]1[cH][c](-[c]2[cH][cH][cH][cH][cH]2)[o][c]2[cH][cH][c]([O][CH]3[O][CH]([CH2][OH])[CH]([OH])[CH]([OH])[CH]3[OH])[cH][c]12
8990,[O]=[c]1[cH][c](-[c]2[cH][cH][cH][cH][cH]2)[o][c]2[cH][c]([O][CH]3[O][CH]([CH2][OH])[CH]([OH])[CH]([OH])[CH]3[OH])[cH][cH][c]12
8991,[O]=[c]1[cH][c](-[c]2[cH][cH][cH][cH][cH]2)[o][c]2[cH][c]([OH])[cH][cH][c]12
8992,[O]=[C]([OH])[CH2][C](=[O])[O][CH2][CH]1[O][CH]([O][c]2[cH][cH][c]3[c](=[O])[cH][c](-[c]4[cH][cH][cH][cH][cH]4)[o][c]3[cH]2)[CH]([OH])[CH]([OH])[CH]1[OH]
8993,[CH3][CH2][CH2][CH2][CH2][CH2][CH2][CH2][CH]=[CH][CH2][CH2][CH2][CH2][CH2][CH2][CH2][C](=[O])[O][CH]([CH2][O][C](=[O])[CH2][CH2][CH2][CH2][CH2][CH2][CH2][CH2][CH2][CH2][CH2][CH2][CH2][CH2][CH3])[CH2][O][P](=[O])([OH])[O][CH2][CH2][N+]([CH3])([CH3])[CH3]
8994,[CH3][CH2][CH]=[CH][CH2][CH]=[CH][CH2][CH]=[CH][CH2][CH2][CH2][CH2][CH2][CH2][CH2][C](=[O])[O][CH]([CH2][O][C](=[O])[CH2][CH2][CH2][CH2][CH2][CH2][CH2][CH2][CH2][CH2][CH2][CH2][CH2][CH2][CH3])[CH2][O][P](=[O])([OH])[O][CH2][CH2][N+]([CH3])([CH3])[CH3]
8995,[CH3][CH2][CH2][CH2][CH2][CH]=[CH][CH2][CH]=[CH][CH2][CH2][CH2][CH2][CH2][CH2][CH2][C](=[O])[O][CH2][CH]([CH2][O][CH]1[O][CH]([CH2][O][CH]2[O][CH]([CH2][OH])[CH]([OH])[CH]([OH])[CH]2[OH])[CH]([OH])[CH]([OH])[CH]1[OH])[O][C](=[O])[CH2][CH2][CH2][CH2][CH2][CH2][CH2][CH2][CH2][CH2][CH2][CH2][CH2][CH2][CH3]
8996,[CH3][CH2][CH2][CH2][CH2][CH2][CH2][CH2][CH]=[CH][CH2][CH2][CH2][CH2][CH2][CH2][CH2][C](=[O])[O][CH2][CH]([CH2][O][CH]1[O][CH]([CH2][O][CH]2[O][CH]([CH2][OH])[CH]([OH])[CH]([OH])[CH]2[OH])[CH]([OH])[CH]([OH])[CH]1[OH])[O][C](=[O])[CH2][CH2][CH2][CH2][CH2][CH2][CH2][CH2][CH2][CH2][CH2][CH2][CH2][CH2][CH3]
8997,[CH3][CH2][CH]=[CH][CH2][CH]=[CH][CH2][CH]=[CH][CH2][CH2][CH2][CH2][CH2][CH2][CH2][C](=[O])[O][CH2][CH]([CH2][O][CH]1[O][CH]([CH2][O][CH]2[O][CH]([CH2][OH])[CH]([OH])[CH]([OH])[CH]2[OH])[CH]([OH])[CH]([OH])[CH]1[OH])[O][C](=[O])[CH2][CH2][CH2][CH2][CH2][CH2][CH2][CH2][CH2][CH2][CH2][CH2][CH2][CH2][CH3]
8998,[CH3][CH2][CH]=[CH][CH2][CH]=[CH][CH2][CH]=[CH][CH2][CH2][CH2][CH2][CH2][CH2][CH2][C](=[O])[O][CH]([CH2][O][C](=[O])[CH2][CH2][CH2][CH2][CH2][CH2][CH2][CH2][CH2][CH2][CH2][CH2][CH2][CH2][CH3])[CH2][O][CH]1[O][CH]([CH2][O][CH]2[O][CH]([CH2][OH])[CH]([OH])[CH]([OH])[CH]2[OH])[CH]([OH])[CH]([OH])[CH]1[OH]
8999,[CH3][CH2][CH2][CH2][CH2][CH]=[CH][CH2][CH]=[CH][CH2][CH2][CH2][CH2][CH2][CH2][CH2][C](=[O])[O][CH]([CH2][O][C](=[O])[CH2][CH2][CH2][CH2][CH2][CH2][CH2][CH2][CH2][CH2][CH2][CH2][CH2][CH2][CH3])[CH2][O][CH]1[O][CH]([CH2][O][CH]2[O][CH]([CH2][OH])[CH]([OH])[CH]([OH])[CH]2[OH])[CH]([OH])[CH]([OH])[CH]1[OH]