﻿substrate_ID,original_compound
5500,[CH3][C]1([CH3])[O][C]23[CH2][CH2][C]4([CH3])[CH]([CH2][CH2][CH]5[CH2][c]6[c]([nH][c]7[cH][cH][cH][cH][c]67)[C]54[CH3])[C]2=[CH][C](=[O])[CH]1[O]3
5501,[CH3][C]1([CH3])[O][C]23[CH2][CH2][C]4([CH3])[C]([OH])([CH2][CH2][CH]5[CH2][c]6[c]([nH][c]7[cH][cH][cH][cH][c]67)[C]54[CH3])[C]2=[CH][C](=[O])[CH]1[O]3
5502,[CH2]=[CH][C]([CH3])([CH3])[c]1[cH][cH][cH][c]2[nH][c]3[c]([c]12)[CH2][CH]1[CH2][CH2][C]2([OH])[C]4=[CH][C](=[O])[CH]5[O][C]4([CH2][CH2][C]2([CH3])[C]31[CH3])[O][C]5([CH3])[CH3]
5503,[CH3][C]([CH3])([OH])[CH]1[O][CH]2[CH2][CH2][C]3([CH3])[C]4([CH3])[c]5[nH][c]6[cH][cH][cH][cH][c]6[c]5[CH2][CH]4[CH2][CH2][C]3([OH])[C]23[O][CH]3[CH]1[OH]
5504,[CH3][C]([CH3])([OH])[CH]1[O][CH]2[CH2][CH2][C]3([CH3])[CH]([CH2][CH2][CH]4[CH2][c]5[c]([nH][c]6[cH][cH][cH][cH][c]56)[C]43[CH3])[C]23[O][CH]3[CH]1[OH]
5505,[CH3][C]([CH3])([OH])[CH]1[O][CH]2[CH2][CH2][C]3([CH3])[C]4([CH3])[c]5[nH][c]6[cH][cH][c]7[c]([c]6[c]5[CH2][CH]4[CH2][CH2][C]3([OH])[C]23[O][CH]3[CH]1[OH])[CH2][CH]1[CH]([C]7=[O])[C]([CH3])([CH3])[O][C]1([CH3])[CH3]
5506,[CH3][C]([CH3])=[CH][CH2][c]1[cH][cH][c]2[nH][c]3[c]([c]2[c]1[CH2][CH]=[C]([CH3])[CH3])[CH2][CH]1[CH2][CH2][C]2([OH])[C]45[O][CH]4[CH]([OH])[CH]([C]([CH3])([CH3])[OH])[O][CH]5[CH2][CH2][C]2([CH3])[C]31[CH3]
5507,[CH3][C]([CH3])=[CH][CH]1[O][CH]2[CH]([O][CH]3[CH2][CH2][C]4([CH3])[C]5([CH3])[c]6[nH][c]7[cH][cH][c]8[c]([c]7[c]6[CH2][CH]5[CH2][CH2][C]4([OH])[C]34[O][CH]24)[CH2][CH]2[CH]([C]8=[O])[C]([CH3])([CH3])[O][C]2([CH3])[CH3])[C]([CH3])([CH3])[O]1
5508,[CH3][C]([CH3])=[CH][CH2][O][C]([CH3])([CH3])[CH]1[O][CH]2[CH2][CH2][C]3([CH3])[C]4([CH3])[c]5[nH][c]6[cH][cH][c]7[c]([c]6[c]5[CH2][CH]4[CH2][CH2][C]3([OH])[C]23[O][CH]3[CH]1[OH])[CH2][CH]1[CH]([C]7=[O])[C]([CH3])([CH3])[O][C]1([CH3])[CH3]
5509,[CH3][C]([CH3])([OH])[CH]1[CH2][CH]([OH])[C]2([CH3])[CH]([CH2][CH2][C]3([CH3])[CH]2[CH2][CH2][CH]2[CH2][c]4[c]([nH][c]5[cH][cH][cH][cH][c]45)[C]23[CH3])[O]1
5510,[CH3][C]([CH3])=[CH][CH2][O][C]([CH3])([CH3])[CH]1[O][CH]2[CH2][CH2][C]3([CH3])[C]4([CH3])[c]5[nH][c]6[cH][cH][cH][cH][c]6[c]5[CH2][CH]4[CH2][CH2][C]3([OH])[C]23[O][CH]3[CH]1[OH]
5511,[CH3][C]([CH3])=[CH][CH]1[O][CH]2[CH]([O][CH]3[CH2][CH2][C]4([CH3])[C]5([CH3])[c]6[nH][c]7[cH][cH][cH][cH][c]7[c]6[CH2][CH]5[CH2][CH2][C]4([OH])[C]34[O][CH]24)[C]([CH3])([CH3])[O]1
5512,[CH3][C]([CH3])=[CH][CH]1[O][CH]2[CH]([O][C]3=[CH][CH2][C]4([CH3])[C]5([CH3])[c]6[nH][c]7[cH][cH][cH][cH][c]7[c]6[CH2][CH]5[CH2][CH2][C]4([OH])[C]34[O][CH]24)[C]([CH3])([CH3])[O]1
5513,[CH3][C]([CH3])=[CH][CH2][c]1[cH][cH][c]2[nH][c]3[c]([c]2[c]1[CH2][CH]=[C]([CH3])[CH3])[CH2][CH]1[CH2][CH2][C]2([OH])[C]45[O][CH]4[CH]4[O][CH]([CH]=[C]([CH3])[CH3])[O][C]([CH3])([CH3])[CH]4[O][CH]5[CH2][CH2][C]2([CH3])[C]31[CH3]
5514,[CH3][C]([CH3])=[CH][CH2][O][C]([CH3])([CH3])[CH]1[O][CH]2[CH2][CH2][C]3([CH3])[C]4([CH3])[c]5[nH][c]6[cH][cH][c]([CH2][CH]=[C]([CH3])[CH3])[c]([CH2][CH]=[C]([CH3])[CH3])[c]6[c]5[CH2][CH]4[CH2][CH2][C]3([OH])[C]23[O][CH]3[CH]1[OH]
5515,[O]=[C]1[c]2[cH][c]([OH])[cH][c]([OH])[c]2[C](=[O])[c]2[c]1[cH][c]([OH])[c]([CH]([CH2][OH])[CH2][CH2][OH])[c]2[OH]
5516,[CH3][C](=[O])[O][CH2][CH2][CH]([CH2][OH])[c]1[c]([OH])[cH][c]2[c]([c]1[OH])[C](=[O])[c]1[c]([OH])[cH][c]([OH])[cH][c]1[C]2=[O]
5517,[CH3][C](=[O])[O][CH2][CH2][CH]1[c]2[c]([cH][c]3[c]([c]2[OH])[C](=[O])[c]2[c]([OH])[cH][c]([OH])[cH][c]2[C]3=[O])[O][CH]1[OH]
5518,[O]=[C]1[c]2[cH][c]([OH])[cH][c]([OH])[c]2[C](=[O])[c]2[c]1[cH][c]1[c]([c]2[OH])[CH]([CH2][CH2][OH])[CH]([OH])[O]1
5519,[O]=[C]1[c]2[cH][c]([OH])[cH][c]([OH])[c]2[C](=[O])[c]2[c]1[cH][c]1[c]([c]2[OH])[CH]2[CH2][CH2][O][CH]2[O]1
5520,[O]=[c]1[c]2[c]([OH])[cH][cH][cH][c]2[o][c]2[c]3[c]([cH][c]([OH])[c]12)[O][CH]1[O][CH2][CH2][CH]31
5521,[NH2][CH]([C](=[O])[OH])[CH]([OH])[CH]([OH])[CH]([OH])[CH2][O][P](=[O])([OH])[OH]
5522,[CH3][C]([CH3])([OH])[CH]1[O][CH]2[CH2][CH2][C]3([CH3])[C]([OH])([CH2][CH2][CH]4[CH2][c]5[c]([nH][c]6[cH][cH][cH][cH][c]56)[C]43[CH3])[C]2=[CH][CH]1[OH]
5523,[NH]=[C]1[NH][CH2][CH]([CH]([OH])[CH]([NH2])[C](=[O])[OH])[NH]1
5524,[NH]=[C]1[NH][CH2][CH]([CH2][CH]([NH2])[C](=[O])[OH])[NH]1
5525,[CH3][O][c]1[cH][cH][c]2[c]3[c]([nH][c]2[cH]1)[CH]([CH]=[C]([CH3])[CH3])[N]1[C](=[O])[CH]2[CH2][CH2][CH2][N]2[C](=[O])[C]1([OH])[CH]3[OH]
5526,[CH3][O][c]1[cH][cH][c]2[c]3[c]([nH][c]2[cH]1)[CH]([CH]=[C]([CH3])[CH3])[N]1[C](=[O])[CH]2[CH2][CH2][CH2][N]2[C](=[O])[CH]1[CH2]3
5527,[O]=[C]([OH])[C]1=[CH][CH2][CH]2[CH2][C](=[O])[N]12
5528,[O]=[C]([OH])[CH]1[CH2][CH2][CH]2[CH2][C](=[O])[N]21
5529,[CH3][O][c]1[cH][cH][c]2[c]([CH2][CH]3[N]=[C]([OH])[CH]4[CH2][CH2][CH2][N]4[C]3=[O])[c]([CH2][CH]=[C]([CH3])[CH3])[nH][c]2[cH]1
5530,[CH3][CH]([Cl])[C](=[O])[OH]
5531,[CH2]=[C]([Cl])[C](=[O])[OH]
5532,[CH3][CH]1[O][CH]([O][P](=[O])([OH])[O][P](=[O])([OH])[O][CH2][CH]2[O][CH]([n]3[cH][n][c]4[c]([OH])[n][c](=[NH])[nH][c]43)[CH]([OH])[CH]2[OH])[CH]([OH])[CH2][CH]1[OH]
5533,[CH3][CH]1[O][CH]([O][P](=[O])([OH])[O][P](=[O])([OH])[O][CH2][CH]2[O][CH]([n]3[cH][n][c]4[c]([OH])[n][c](=[NH])[nH][c]43)[CH]([OH])[CH]2[OH])[CH]([OH])[CH2][C]1=[O]
5534,[NH2][CH]1[CH2][CH]([NH2])[CH]([O][CH]2[O][CH]([CH2][OH])[CH]([OH])[CH]([NH2])[CH]2[OH])[CH]([OH])[CH]1[O][CH]1[O][CH]([CH2][OH])[CH]([OH])[CH]([OH])[CH]1[NH2]
5535,[NH2][CH]1[CH2][CH]([NH2])[CH]([O][CH]2[O][CH]([CH2][OH])[CH]([OH])[CH]([OH])[CH]2[OH])[CH]([OH])[CH]1[O][CH]1[O][CH]([CH2][OH])[CH]([OH])[CH]([NH2])[CH]1[OH]
5536,[OH][CH2][CH]1[O][CH]([OH])[CH]([OH])[CH]([OH])[CH]1[OH]
5537,[O]=[C]1[O][CH]([CH2][OH])[CH]([OH])[CH]([OH])[CH]1[OH]
5538,[CH3][C]([CH3])=[CH][CH2][CH2][C]([CH3])=[CH][CH2][CH2][C]([CH3])=[CH][CH2][CH2][C]([CH3])=[CH][CH2][CH2][C]([CH3])=[CH][CH2][CH2][C]([CH3])=[CH][CH2][CH2][C]([CH3])=[CH][CH2][CH2][C]([CH3])=[CH][CH2][CH2][C]([CH3])=[CH][CH2][CH2][C]([CH3])=[CH][CH2][CH2][C]([CH3])=[CH][CH2][O][P](=[O])([OH])[O][P](=[O])([OH])[O][CH]1[O][CH]([CH2][OH])[CH]([OH])[CH]([O][CH]2[O][CH]([CH2][OH])[CH]([OH])[CH]([OH])[CH]2[OH])[CH]1[N]=[C]([CH3])[OH]
5539,[CH3][C]([CH3])=[CH][CH2][CH2][C]([CH3])=[CH][CH2][CH2][C]([CH3])=[CH][CH2][CH2][C]([CH3])=[CH][CH2][CH2][C]([CH3])=[CH][CH2][CH2][C]([CH3])=[CH][CH2][CH2][C]([CH3])=[CH][CH2][CH2][C]([CH3])=[CH][CH2][CH2][C]([CH3])=[CH][CH2][CH2][C]([CH3])=[CH][CH2][CH2][C]([CH3])=[CH][CH2][O][P](=[O])([OH])[O][P](=[O])([OH])[O][CH]1[O][CH]([CH2][OH])[CH]([O][CH]2[O][CH]([CH2][OH])[CH]([OH])[CH]([OH])[CH]2[OH])[CH]([OH])[CH]1[N]=[C]([CH3])[OH]
5540,[CH3][C]([CH3])=[CH][CH2][CH2][C]([CH3])=[CH][CH2][CH2][C]([CH3])=[CH][CH2][CH2][C]([CH3])=[CH][CH2][CH2][C]([CH3])=[CH][CH2][CH2][C]([CH3])=[CH][CH2][CH2][C]([CH3])=[CH][CH2][CH2][C]([CH3])=[CH][CH2][CH2][C]([CH3])=[CH][CH2][CH2][C]([CH3])=[CH][CH2][CH2][C]([CH3])=[CH][CH2][O][P](=[O])([OH])[O][P](=[O])([OH])[O][CH]1[O][CH]([CH2][OH])[CH]([OH])[CH]([O][CH]2[O][CH]([CH2][OH])[CH]([OH])[CH]([OH])[CH]2[OH])[CH]1[N]=[C]([CH3])[OH]
5541,[CH3][C]([CH3])=[CH][CH2][CH2][C]([CH3])=[CH][CH2][CH2][C]([CH3])=[CH][CH2][CH2][C]([CH3])=[CH][CH2][CH2][C]([CH3])=[CH][CH2][CH2][C]([CH3])=[CH][CH2][CH2][C]([CH3])=[CH][CH2][CH2][C]([CH3])=[CH][CH2][CH2][C]([CH3])=[CH][CH2][CH2][C]([CH3])=[CH][CH2][CH2][C]([CH3])=[CH][CH2][O][P](=[O])([OH])[O][P](=[O])([OH])[O][CH]1[O][CH]([CH2][OH])[CH]([OH])[CH]([OH])[CH]1[N]=[C]([CH3])[OH]
5542,[CH3][C]([CH3])=[CH][CH2][CH2][C]([CH3])=[CH][CH2][CH2][C]([CH3])=[CH][CH2][CH2][C]([CH3])=[CH][CH2][CH2][C]([CH3])=[CH][CH2][CH2][C]([CH3])=[CH][CH2][CH2][C]([CH3])=[CH][CH2][CH2][C]([CH3])=[CH][CH2][CH2][C]([CH3])=[CH][CH2][CH2][C]([CH3])=[CH][CH2][CH2][C]([CH3])=[CH][CH2][O][P](=[O])([OH])[O][P](=[O])([OH])[O][CH]1[O][CH]([CH2][OH])[CH]([OH])[CH]([O][CH]2[O][CH]([CH2][OH])[CH]([OH])[CH]([OH])[CH]2[N]=[C]([CH3])[OH])[CH]1[N]=[C]([CH3])[OH]
5543,[CH3][C]([CH3])=[CH][CH2][CH2][C]([CH3])=[CH][CH2][CH2][C]([CH3])=[CH][CH2][CH2][C]([CH3])=[CH][CH2][CH2][C]([CH3])=[CH][CH2][CH2][C]([CH3])=[CH][CH2][CH2][C]([CH3])=[CH][CH2][CH2][C]([CH3])=[CH][CH2][CH2][C]([CH3])=[CH][CH2][CH2][C]([CH3])=[CH][CH2][CH2][C]([CH3])=[CH][CH2][O][P](=[O])([OH])[O][P](=[O])([OH])[O][CH]1[O][CH]([CH2][OH])[CH]([OH])[CH]([O][CH]2[O][CH]([CH2][OH])[CH]([OH])[CH]([O][CH]3[O][CH]([CH2][OH])[CH]([OH])[CH]([OH])[CH]3[OH])[CH]2[N]=[C]([CH3])[OH])[CH]1[N]=[C]([CH3])[OH]
5544,[CH3][C]([CH3])=[CH][CH2][CH2][C]([CH3])=[CH][CH2][CH2][C]([CH3])=[CH][CH2][CH2][C]([CH3])=[CH][CH2][CH2][C]([CH3])=[CH][CH2][CH2][C]([CH3])=[CH][CH2][CH2][C]([CH3])=[CH][CH2][CH2][C]([CH3])=[CH][CH2][CH2][C]([CH3])=[CH][CH2][CH2][C]([CH3])=[CH][CH2][CH2][C]([CH3])=[CH][CH2][O][P](=[O])([OH])[O][P](=[O])([OH])[O][CH]1[O][CH]([CH2][OH])[CH]([OH])[CH]([O][CH]2[O][CH]([CH2][OH])[CH]([OH])[CH]([O][CH]3[O][CH]([CH2][OH])[CH]([OH])[CH]([OH])[CH]3[O][CH]3[O][CH]([CH3])[CH]([OH])[CH]([OH])[CH]3[OH])[CH]2[N]=[C]([CH3])[OH])[CH]1[N]=[C]([CH3])[OH]
5545,[CH3][C]([CH3])=[CH][CH2][CH2][C]([CH3])=[CH][CH2][CH2][C]([CH3])=[CH][CH2][CH2][C]([CH3])=[CH][CH2][CH2][C]([CH3])=[CH][CH2][CH2][C]([CH3])=[CH][CH2][CH2][C]([CH3])=[CH][CH2][CH2][C]([CH3])=[CH][CH2][CH2][C]([CH3])=[CH][CH2][CH2][C]([CH3])=[CH][CH2][CH2][C]([CH3])=[CH][CH2][O][P](=[O])([OH])[O][P](=[O])([OH])[O][CH]1[O][CH]([CH2][OH])[CH]([OH])[CH]([O][CH]2[O][CH]([CH2][OH])[CH]([OH])[CH]([O][CH]3[O][CH]([CH2][OH])[CH]([OH])[CH]([O][CH]4[O][CH]([CH2][OH])[CH]([OH])[CH]([OH])[CH]4[OH])[CH]3[O][CH]3[O][CH]([CH3])[CH]([OH])[CH]([OH])[CH]3[OH])[CH]2[N]=[C]([CH3])[OH])[CH]1[N]=[C]([CH3])[OH]
5546,[CH3][CH]([CH3])[CH2][CH2][CH2][CH]([CH3])[CH2][CH2][CH2][CH]([CH3])[CH2][CH2][CH2][CH]([CH3])[CH2][CH2][O][CH2][CH]([CH2][O][P](=[O])([OH])[O][P](=[O])([OH])[O][CH2][CH]1[O][CH]([n]2[cH][cH][c](=[NH])[n][c]2[OH])[CH]([OH])[CH]1[OH])[O][CH2][CH2][CH]([CH3])[CH2][CH2][CH2][CH]([CH3])[CH2][CH2][CH2][CH]([CH3])[CH2][CH2][CH2][CH]([CH3])[CH3]
5547,[CH3][CH]([CH3])[CH2][CH2][CH2][CH]([CH3])[CH2][CH2][CH2][CH]([CH3])[CH2][CH2][CH2][CH]([CH3])[CH2][CH2][O][CH2][CH]([CH2][O][P](=[O])([OH])[O][CH2][CH]([NH2])[C](=[O])[OH])[O][CH2][CH2][CH]([CH3])[CH2][CH2][CH2][CH]([CH3])[CH2][CH2][CH2][CH]([CH3])[CH2][CH2][CH2][CH]([CH3])[CH3]
5548,[CH3][S][c]1[c]([CH2][CH2][CH]([CH3])[CH2][CH2][CH2][CH]([CH3])[CH2][CH2][CH2][CH]([CH3])[CH2][CH2][CH2][CH]([CH3])[CH2][CH2][CH2][CH]([CH3])[CH2][CH2][CH2][CH]([CH3])[CH3])[c]([OH])[c]2[s][cH][cH][c]2[c]1[OH]
5549,[CH3][S][C]1=[C]([CH2][CH2][CH]([CH3])[CH2][CH2][CH2][CH]([CH3])[CH2][CH2][CH2][CH]([CH3])[CH2][CH2][CH2][CH]([CH3])[CH2][CH2][CH2][CH]([CH3])[CH2][CH2][CH2][CH]([CH3])[CH3])[C](=[O])[c]2[s][cH][cH][c]2[C]1=[O]
5550,[CH3][O][c]1[cH][cH][c]2[c]3[c]([n]([CH2][CH]=[C]([CH3])[CH3])[c]2[cH]1)[CH]([CH]=[C]([CH3])[CH3])[N]1[C](=[O])[CH]2[CH2][CH2][CH2][N]2[C](=[O])[C]1([OH])[CH]3[OH]
5551,[NH]=[C]([OH])[CH]([OH])[CH]([NH2])[C](=[O])[OH]
5552,[CH3][O][C](=[O])[c]1[cH][cH][cH][cH][cH]1
5553,[CH3][O][C](=[O])[c]1[cH][cH][cH][cH][c]1[OH]
5554,[CH2]=[C]1[CH2][C]23[CH2][CH]1[CH2][CH2][CH]2[C]12[CH2][CH2][CH2][C]([CH3])([C](=[O])[O]1)[CH]2[CH]3[C](=[O])[O][CH3]
5555,[CH2]=[C]1[CH2][C]23[CH2][CH]1[CH2][CH2][CH]2[C]12[CH2][CH2][CH]([OH])[C]([CH3])([C](=[O])[O]1)[CH]2[CH]3[C](=[O])[O][CH3]
5556,[CH3][O][C](=[O])[c]1[cH][cH][cH][cH][c]1[NH2]
5557,[CH3][C]([CH3])=[CH][CH2][c]1[cH][c]([C](=[O])[NH][c]2[c]([OH])[c]3[cH][cH][c]([OH])[cH][c]3[o][c]2=[O])[cH][cH][c]1[OH]
5558,[CH2]=[CH][C]([CH3])([CH3])[c]1[nH][c]2[cH][cH][cH][cH][c]2[c]1[CH2][CH]1[N]=[C]([OH])[CH]2[CH2][CH2][CH2][N]2[C]1=[O]
5559,[CH3][c]1[cH][n]([CH]2[CH2][CH]([OH])[CH]([CH2][O][P](=[O])([OH])[O][P](=[O])([OH])[O][CH]3[O][C]([CH3])([CH3])[C](=[O])[CH]([OH])[CH]3[OH])[O]2)[c](=[O])[n][c]1[OH]
5560,[CH3][CH]1[O][CH]([O][P](=[O])([OH])[O][P](=[O])([OH])[O][CH2][CH]2[O][CH]([n]3[cH][n][c]4[c]([OH])[n][c](=[NH])[nH][c]43)[CH]([OH])[CH]2[OH])[CH]([OH])[CH]([OH])[CH]1[NH2]
5561,[NH]=[C]([OH])[NH][O][CH2][CH]([NH2])[C](=[O])[OH]
5562,[NH]=[C]([OH])[NH][OH]
5563,[NH]=[c]1[n][c]([OH])[c]2[n][cH][n]([CH]3[O][CH]4[CH2][O][P](=[O])([OH])[O][CH]5[CH]([CH2][O][P](=[O])([OH])[O][CH]3[CH]4[OH])[O][CH]([n]3[cH][n][c]4[c]([NH2])[n][cH][n][c]43)[CH]5[OH])[c]2[nH]1
5564,[CH3][CH]([OH])[CH]([N]=[C]([OH])[O][P](=[O])([OH])[O][CH2][CH]1[O][CH]([n]2[cH][n][c]3[c]([NH2])[n][cH][n][c]32)[CH]([OH])[CH]1[OH])[C](=[O])[OH]
5565,[CH3][CH]([CH3])[CH2][CH2][CH2][CH]([CH3])[CH2][CH2][CH2][CH]([CH3])[CH2][CH2][CH2][CH]([CH3])[CH2][CH2][O][CH2][CH]([CH2][O][P](=[O])([OH])[O][CH]1[CH]([OH])[CH]([OH])[CH]([OH])[CH]([O][P](=[O])([OH])[OH])[CH]1[OH])[O][CH2][CH2][CH]([CH3])[CH2][CH2][CH2][CH]([CH3])[CH2][CH2][CH2][CH]([CH3])[CH2][CH2][CH2][CH]([CH3])[CH3]
5566,[CH3][CH2][CH2][CH2][CH2][CH2][CH2][c]1[nH][c]2[cH][cH][cH][cH][c]2[c](=[O])[c]1[OH]
5567,[CH3][CH2][CH2][CH2][CH2][CH2][CH2][c]1[cH][c](=[O])[c]2[cH][cH][cH][cH][c]2[nH]1
5568,[NH2][CH]([CH2][CH]([OH])[CH]([OH])[C](=[O])[CH2][O][P](=[O])([OH])[OH])[C](=[O])[OH]
5569,[NH2][CH]1[CH2][O][N]=[C]1[OH]
5570,[NH]=[C]([OH])[NH][O][CH2][CH]([NH2])[C](=[O])[OH]
5571,[CH3][c]1[cH][c]([OH])[c]2[c]([cH]1)[C](=[O])[c]1[cH][c]([OH])[cH][c]([OH])[c]1[C]2=[O]
5572,[CH3][C](=[O])[O][CH2][CH]=[CH][c]1[cH][cH][cH][cH][cH]1
5573,[CH3][C]12[CH2][CH2][CH2][CH]([O]1)[c]1[c]([cH][c]3[c]([c]1[OH])[C](=[O])[c]1[c]([OH])[cH][c]([OH])[cH][c]1[C]3=[O])[O]2
5574,[O]=[C]1[c]2[cH][c]([OH])[cH][c]([OH])[c]2[C](=[O])[c]2[c]1[cH][c]1[c]([c]2[OH])[CH]2[CH]=[CH][O][CH]2[O]1
5575,[CH3][CH]([O][c]1[cH][cH][c]([Cl])[cH][c]1[Cl])[C](=[O])[OH]
5576,[CH3][C]([CH3])=[CH][CH2][CH2][C]([CH3])=[CH][CH2][CH2][C]([CH3])=[CH][CH2][CH2][C]1([CH3])[CH2][CH2][c]2[cH][c]([OH])[c]([CH3])[c]([CH3])[c]2[O]1
5577,[CH3][C]([CH3])=[CH][CH2][CH2][C]([CH3])=[CH][CH2][CH2][C]([CH3])=[CH][CH2][CH2][C]1([CH3])[CH2][CH2][c]2[c]([CH3])[c]([OH])[c]([CH3])[c]([CH3])[c]2[O]1
5578,[CH3][C]([CH3])=[CH][CH2][CH2][C]([CH3])=[CH][CH2][CH2][C]([CH3])=[CH][CH2][CH2][C]1([CH3])[CH2][CH2][c]2[cH][c]([OH])[cH][c]([CH3])[c]2[O]1
5579,[CH3][C]([CH3])=[CH][CH2][CH2][C]([CH3])=[CH][CH2][CH2][C]([CH3])=[CH][CH2][CH2][C]1([CH3])[CH2][CH2][c]2[c]([CH3])[c]([OH])[cH][c]([CH3])[c]2[O]1
5580,[CH3][C]1=[CH][CH]([OH])[CH]([CH]([CH3])[CH3])[CH2][CH2][C]([CH3])=[CH][CH2][CH2]1
5581,[CH2]=[C]([CH2][CH2][OH])[C](=[O])[O][CH2][CH]1[O][CH]([OH])[CH]([OH])[CH]([OH])[CH]1[OH]
5582,[CH2]=[C]1[CH2][CH2][O][C]1=[O]
5583,[CH3][N]1[C](=[O])[c]2[cH][cH][cH][cH][c]2[N]=[C]([OH])[CH]1[CH2][c]1[cH][cH][cH][cH][cH]1
5584,[O]=[C]([OH])[CH]([OH])[CH]([CH2][c]1[cH][cH][cH][cH][cH]1)[C](=[O])[OH]
5585,[O]=[C]([OH])[CH2][C]([OH])([CH2][c]1[cH][cH][cH][cH][cH]1)[C](=[O])[OH]
5586,[O]=[C]([OH])[C](=[O])[CH2][CH2][c]1[cH][cH][cH][cH][cH]1
5587,[CH3][CH]([OH])[CH]([CH3])[OH]
5588,[CH3][C]([OH])=[N][CH]1[CH]([CH3])[O][CH]([O][P](=[O])([OH])[O][P](=[O])([OH])[O][CH2][CH]2[O][CH]([n]3[cH][n][c]4[c]([OH])[n][c](=[NH])[nH][c]43)[CH]([OH])[CH]2[OH])[CH]([OH])[CH]1[OH]
5589,[O]=[C]1[CH]([OH])[CH]([OH])[O][CH]([CH2][O][P](=[O])([OH])[OH])[CH]1[OH]
5590,[NH2][c]1[cH][cH][c]([Cl])[cH][c]1[OH]
5591,[NH2][C](=[CH][CH]=[C]([Cl])[CH]=[O])[C](=[O])[OH]
5592,[CH3][NH][CH]([CH2][c]1[cH][n][cH][nH]1)[C](=[O])[OH]
5593,[CH3][CH]([CH3])[CH2][C]([OH])=[N][CH]1[CH2][CH2][O][C]1=[O]
5594,[CH3][c]1[cH][c]([Cl])[cH][cH][c]1[OH]
5595,[CH3][c]1[cH][c]([Cl])[cH][cH][c]1[O][CH]([CH3])[C](=[O])[OH]
5596,[O]=[C]1[O][CH2][CH2][CH]1[N]=[C]([OH])[CH]=[CH][c]1[cH][cH][c]([OH])[cH][cH]1
5597,[CH3][CH]([CH2][OH])[CH2][CH2][C]1([OH])[O][CH]2[CH2][CH]3[CH]4[CH2][CH]=[C]5[CH2][CH]([O][CH]6[O][CH]([CH2][OH])[CH]([O][CH]7[O][CH]([CH3])[CH]([OH])[CH]([OH])[CH]7[OH])[CH]([OH])[CH]6[O][CH]6[O][CH]([CH3])[CH]([OH])[CH]([OH])[CH]6[OH])[CH2][CH2][C]5([CH3])[CH]4[CH2][CH2][C]3([CH3])[CH]2[CH]1[CH3]
5598,[CH3][CH]([CH2][CH2][C]1([OH])[O][CH]2[CH2][CH]3[CH]4[CH2][CH]=[C]5[CH2][CH]([O][CH]6[O][CH]([CH2][OH])[CH]([O][CH]7[O][CH]([CH3])[CH]([OH])[CH]([OH])[CH]7[OH])[CH]([OH])[CH]6[O][CH]6[O][CH]([CH3])[CH]([OH])[CH]([OH])[CH]6[OH])[CH2][CH2][C]5([CH3])[CH]4[CH2][CH2][C]3([CH3])[CH]2[CH]1[CH3])[CH2][O][CH]1[O][CH]([CH2][OH])[CH]([OH])[CH]([OH])[CH]1[OH]
5599,[O]=[C]([OH])[C](=[O])[CH2][CH]([OH])[CH]([OH])[CH2][OH]
5600,[CH2]=[CH][C]([CH3])([OH])[CH2][CH2][CH]=[C]([CH3])[CH2][CH2][CH]=[C]([CH3])[CH2][CH2][CH]=[C]([CH3])[CH3]
5601,[O]=[C]=[S]
5602,[S]=[C]=[S]
5603,[CH3][c]1[cH][n]([CH]2[CH2][CH]([OH])[CH]([CH2][O][P](=[O])([OH])[O][P](=[O])([OH])[O][CH]3[O][CH]([CH]([CH3])[OH])[CH]([OH])[CH]3[OH])[O]2)[c](=[O])[n][c]1[OH]
5604,[CH3][c]1[cH][c]([Cl])[cH][cH][c]1[O][CH]([CH3])[C](=[O])[OH]
5605,[CH3][C]([CH3])=[CH][CH2][CH2][C]([CH3])([OH])[CH]1[CH2][CH2][C]2([CH3])[CH]1[CH]([OH])[CH2][CH]1[C]3([CH3])[CH2][CH2][CH]([OH])[C]([CH3])([CH3])[CH]3[CH2][CH2][C]12[CH3]
5606,[NH]=[C]([OH])[O][P](=[O])([OH])[O][CH2][CH]1[O][CH]([n]2[cH][n][c]3[c]([NH2])[n][cH][n][c]32)[CH]([OH])[CH]1[OH]
5607,[CH3][CH]([O][c]1[cH][cH][c]([Cl])[cH][c]1[Cl])[C](=[O])[OH]
5608,[NH2][CH2][CH]1[O][CH]([O][CH]2[CH]([NH2])[CH2][CH]([NH2])[CH]([O][CH]3[O][CH]([CH2][OH])[CH]([OH])[CH]([NH2])[CH]3[OH])[CH]2[OH])[CH]([NH2])[CH2][CH]1[OH]
5609,[NH]=[C]([OH])[O][CH2][CH]1[O][CH]([O][CH]2[CH]([NH2])[CH2][CH]([NH2])[CH]([O][CH]3[O][CH]([CH2][NH2])[CH]([OH])[CH2][CH]3[NH2])[CH]2[OH])[CH]([OH])[CH]([NH2])[CH]1[OH]
5610,[NH]=[C]([OH])[O][CH2][CH]1[O][CH]([O][CH]2[CH]([NH2])[CH2][CH]([NH2])[CH]([O][CH]3[O][CH]([CH2][NH2])[CH]([OH])[CH]([OH])[CH]3[OH])[CH]2[OH])[CH]([OH])[CH]([NH2])[CH]1[OH]
5611,[CH3][CH2][C]1([OH])[CH2][CH]([O][CH]2[CH2][CH]([N]([CH3])[CH3])[CH]([OH])[CH]([CH3])[O]2)[c]2[c]([cH][c]3[c]([c]2[OH])[C](=[O])[c]2[c]([OH])[cH][cH][cH][c]2[C]3=[O])[CH]1[C](=[O])[OH]
5612,[O]=[C]([OH])[CH2][CH]1[CH2][CH2][CH]([C](=[O])[OH])[NH]1
5613,[CH3][C]([CH]=[CH][CH]=[C]([CH3])[CH]=[CH][C]1=[C]([CH3])[CH2][CH2][CH2][C]1([CH3])[CH3])=[CH][CH]=[CH][CH]=[C]([CH3])[CH]=[CH][CH]=[C]([CH3])[CH]=[CH][C]1=[C]([CH3])[CH2][CH2][CH2][C]1([CH3])[CH3]
5614,[CH3][C](=[O])[CH]=[CH][C]1=[C]([CH3])[CH2][CH2][CH2][C]1([CH3])[CH3]
5615,[CH3][C]([CH]=[CH][CH]=[O])=[CH][CH]=[CH][CH]=[C]([CH3])[CH]=[CH][CH]=[C]([CH3])[CH]=[CH][C]1=[C]([CH3])[CH2][CH2][CH2][C]1([CH3])[CH3]
5616,[CH3][C]([CH]=[CH][C]1=[C]([CH3])[CH2][CH2][CH2][C]1([CH3])[CH3])=[CH][O][CH]1[CH]=[C]([CH3])[C](=[O])[O]1
5617,[CH3][C]([CH]=[CH][CH]=[O])=[CH][CH]=[CH][OH]
5618,[CH3][C]([CH]=[CH][CH]=[O])=[CH][CH]=[CH][CH]=[C]([CH3])[CH]=[CH][CH]=[C]([CH3])[CH]=[CH][C]1=[C]([CH3])[CH2][CH2][CH2][C]1([CH3])[CH3]
5619,[CH3][C](=[O])[CH]=[CH][CH]=[C]([CH3])[CH]=[CH][C]1=[C]([CH3])[CH2][CH2][CH2][C]1([CH3])[CH3]
5620,[CH3][C]([CH]=[CH][CH]=[O])=[CH][CH]=[CH][CH]=[O]
5621,[CH2]=[CH][CH]=[C]([CH3])[CH2][CH2][CH]=[C]([CH3])[CH2][CH2][CH]=[C]([CH3])[CH3]
5622,[CH2]=[CH][C]([CH3])=[O]
5623,[CH3][CH2][CH2][CH2][CH2][CH2][CH2][CH2][CH]([CH]=[CH][CH2][CH2][CH2][CH2][CH2][CH2][C](=[O])[OH])[O][OH]
5624,[CH3][CH2][CH2][CH2][CH2][CH]=[CH][CH2][CH]([CH]=[CH][CH2][CH2][CH2][CH2][CH2][CH2][C](=[O])[OH])[O][OH]
5625,[CH3][CH2][CH]=[CH][CH2][CH]=[CH][CH2][CH]([CH]=[CH][CH2][CH2][CH2][CH2][CH2][CH2][C](=[O])[OH])[O][OH]
5626,[O]=[C]([OH])[CH]1[CH2][CH]([O][CH]2[O][CH]([CH2][OH])[CH]([OH])[CH]2[OH])[CH2][NH]1
5627,[O]=[C]([OH])[CH]1[CH2][CH]([O][CH]2[O][CH]([CH2][OH])[CH]([OH])[CH]2[O][CH]2[O][CH]([CH2][OH])[CH]([OH])[CH]2[O][CH]2[O][CH]([CH2][OH])[CH]([OH])[CH]2[OH])[CH2][NH]1
5628,[CH3][CH]1[O][CH]([O][CH]2[CH]([O][CH]3[CH2][CH2][C]4([CH3])[C](=[CH][CH2][CH]5[CH]4[CH2][CH2][C]4([CH3])[CH]5[CH2][CH]5[O][C]6([CH2][CH2][C]([CH3])([CH2][OH])[O]6)[CH]([CH3])[CH]54)[CH2]3)[O][CH]([CH2][OH])[CH]([O][CH]3[O][CH]([CH2][OH])[CH]([OH])[CH]([O][CH]4[O][CH]([CH2][OH])[CH]([OH])[CH]([OH])[CH]4[OH])[CH]3[OH])[CH]2[OH])[CH]([OH])[CH]([OH])[CH]1[OH]
5629,[CH3][CH]1[O][CH]([O][CH]2[CH]([O][CH]3[CH2][CH2][C]4([CH3])[C](=[CH][CH2][CH]5[CH]4[CH2][CH2][C]4([CH3])[CH]5[CH2][CH]5[O][C]6([CH2][CH2][C]([CH3])([CH2][O][CH]7[O][CH]([CH2][OH])[CH]([OH])[CH]([OH])[CH]7[OH])[O]6)[CH]([CH3])[CH]54)[CH2]3)[O][CH]([CH2][OH])[CH]([O][CH]3[O][CH]([CH2][OH])[CH]([OH])[CH]([O][CH]4[O][CH]([CH2][OH])[CH]([OH])[CH]([OH])[CH]4[OH])[CH]3[OH])[CH]2[OH])[CH]([OH])[CH]([OH])[CH]1[OH]
5630,[O]=[C]([OH])[C]1=[CH][CH]([OH])[CH]([OH])[CH]=[CH]1
5631,[CH3][C]1=[CH][CH2][CH]2[CH]3[CH]([CH]([CH3])[CH3])[CH2][CH2][C]2([CH3])[CH]13
5632,[CH3][CH]([CH3])[C]1=[CH][CH2][C]2=[C]([CH2][CH2][CH]3[C]([CH3])([CH3])[CH2][CH2][CH2][C]23[CH3])[CH2]1
5633,[CH3][CH2][CH2][CH2][CH2][CH2][CH2][C](=[O])[CH2][C](=[O])[OH]
5634,[OH][c]1[cH][c]([OH])[c]2[cH][cH][cH][cH][c]2[n]1
5635,[CH3][C]([CH3])=[CH][CH2][CH2][C]([CH3])([OH])[CH]1[CH2][CH2][C]2([CH3])[CH]1[CH]([OH])[CH2][CH]1[C]3([CH3])[CH2][CH2][CH]([OH])[C]([CH3])([CH3])[CH]3[CH]([OH])[CH2][C]12[CH3]
5636,[CH2]=[C]1[O][C]([CH3])=[C]([OH])[C]1=[O]
5637,[CH3][c]1[o][c]([CH3])[c]([OH])[c]1[OH]
5638,[CH3][NH][CH]([CH2][CH]([CH3])[CH3])[C]([OH])=[N][CH]1[C]([OH])=[N][CH]([CH2][C](=[NH])[OH])[C]([OH])=[N][CH]2[C]([OH])=[N][CH]3[C]([OH])=[N][CH]([C]([OH])=[N][CH]([C](=[O])[OH])[c]4[cH][c]([OH])[cH][c]([OH])[c]4-[c]4[cH][c]3[cH][cH][c]4[OH])[CH]([OH])[c]3[cH][cH][c]([c]([Cl])[cH]3)[O][c]3[cH][c]2[cH][c]([c]3[O][CH]2[O][CH]([CH2][OH])[CH]([OH])[CH]([OH])[CH]2[OH])[O][c]2[cH][cH][c]([cH][c]2[Cl])[CH]1[OH]
5639,[CH3][NH][CH]([CH2][CH]([CH3])[CH3])[C]([OH])=[N][CH]1[C]([OH])=[N][CH]([CH2][C](=[NH])[OH])[C]([OH])=[N][CH]2[C]([OH])=[N][CH]3[C]([OH])=[N][CH]([C]([OH])=[N][CH]([C](=[O])[OH])[c]4[cH][c]([OH])[cH][c]([OH])[c]4-[c]4[cH][c]3[cH][cH][c]4[OH])[CH]([OH])[c]3[cH][cH][c]([c]([Cl])[cH]3)[O][c]3[cH][c]2[cH][c]([c]3[OH])[O][c]2[cH][cH][c]([cH][c]2[Cl])[CH]1[OH]
5640,[CH3][NH][CH]([CH2][CH]([CH3])[CH3])[C]([OH])=[N][CH]1[C]([OH])=[N][CH]([CH2][C](=[NH])[OH])[C]([OH])=[N][CH]2[C]([OH])=[N][CH]3[C]([OH])=[N][CH]([C]([OH])=[N][CH]([C](=[O])[OH])[c]4[cH][c]([OH])[cH][c]([OH])[c]4-[c]4[cH][c]3[cH][cH][c]4[OH])[CH]([O][CH]3[CH2][C]([CH3])([NH2])[CH]([OH])[CH]([CH3])[O]3)[c]3[cH][cH][c]([c]([Cl])[cH]3)[O][c]3[cH][c]2[cH][c]([c]3[O][CH]2[O][CH]([CH2][OH])[CH]([OH])[CH]([OH])[CH]2[OH])[O][c]2[cH][cH][c]([cH][c]2[Cl])[CH]1[OH]
5641,[CH2]=[C]1[CH2][CH2][CH2][C]([CH3])([CH3])[C]12[CH2][CH]=[C]([CH3])[CH2][CH2]2
5642,[CH3][C]1=[CH][CH2][C]2([CH3])[CH2][CH2][CH2][C]([CH3])([CH3])[C]23[CH2][CH]13
5643,[CH3][O][c]1[cH][cH][c]([CH2][CH]2[c]3[cH][c]([O][CH3])[c]([O][CH3])[cH][c]3[CH2][CH2][N]2[CH3])[cH][c]1[OH]
5644,[CH3][O][c]1[cH][cH][c]([CH2][CH]2[c]3[cH][c]([O][CH3])[c]([O][CH3])[cH][c]3[CH2][CH2][N]2[CH3])[cH][c]1[OH]
5645,[CH3][C]([CH3])=[CH][CH2][CH2][C]([CH3])([O][CH]1[O][CH]([CH2][OH])[CH]([OH])[CH]([OH])[CH]1[OH])[CH]1[CH2][CH2][C]2([CH3])[CH]1[CH]([OH])[CH2][CH]1[C]3([CH3])[CH2][CH2][CH]([O][CH]4[O][CH]([CH2][OH])[CH]([OH])[CH]([OH])[CH]4[O][CH]4[O][CH]([CH2][OH])[CH]([OH])[CH]([OH])[CH]4[OH])[C]([CH3])([CH3])[CH]3[CH2][CH2][C]12[CH3]
5646,[CH3][C]([CH3])=[CH][CH2][CH2][C]([CH3])([O][CH]1[O][CH]([CH2][O][CH]2[O][CH]([CH2][OH])[CH]([OH])[CH]([OH])[CH]2[OH])[CH]([OH])[CH]([OH])[CH]1[OH])[CH]1[CH2][CH2][C]2([CH3])[CH]1[CH]([OH])[CH2][CH]1[C]3([CH3])[CH2][CH2][CH]([O][CH]4[O][CH]([CH2][OH])[CH]([OH])[CH]([OH])[CH]4[O][CH]4[O][CH]([CH2][OH])[CH]([OH])[CH]([OH])[CH]4[OH])[C]([CH3])([CH3])[CH]3[CH2][CH2][C]12[CH3]
5647,[O]=[P]([OH])([OH])[O][CH2][CH]1[O][CH]([O][c]2[cH][cH][cH][cH][cH]2)[CH]([OH])[CH]1[OH]
5648,[O]=[c]1[c]([O][CH]2[O][CH2][CH]([OH])[CH]([OH])[CH]2[OH])[c](-[c]2[cH][cH][c]([OH])[cH][cH]2)[o][c]2[cH][c]([OH])[cH][c]([OH])[c]12
5649,[CH3][C]([CH3])=[CH][CH2][CH2][C]([CH3])=[CH][CH2][CH2][C]([CH3])=[CH][CH2][CH2][C]([CH3])=[CH][CH2][c]1[cH][c]([OH])[cH][c]([CH3])[c]1[OH]
5650,[CH3][C]([CH3])=[CH][CH2][CH2][C]([CH3])=[CH][CH2][CH2][C]([CH3])=[CH][CH2][CH2][C]([CH3])=[CH][CH2][c]1[cH][c]([OH])[c]([CH3])[c]([CH3])[c]1[OH]
5651,[CH3][CH]1[CH2][CH]([N]([CH3])[CH3])[CH]([OH])[CH]([O][CH]2[CH]([CH3])[CH2][CH]([CH3])[C](=[O])[CH]=[CH][CH]([CH3])[CH]([CH]([CH3])[OH])[O][C](=[O])[CH]([CH3])[C](=[O])[CH]2[CH3])[O]1
5652,[CH3][CH]1[CH2][CH]([N]([CH3])[CH3])[CH]([OH])[CH]([O][CH]2[CH]([CH3])[CH2][CH]([CH3])[C](=[O])[CH]=[CH][C]([CH3])([OH])[CH]([CH]([CH3])[OH])[O][C](=[O])[CH]([CH3])[C](=[O])[CH]2[CH3])[O]1
5653,[CH3][CH]1[CH2][CH]([N]([CH3])[CH3])[CH]([OH])[CH]([O][CH]2[CH]([CH3])[CH2][CH]([CH3])[C](=[O])[CH]=[CH][C]([CH3])([OH])[CH]([CH]([CH3])[OH])[O][C](=[O])[CH]2[CH3])[O]1
5654,[NH]=[c]1[c]2[n][cH][n]3[c]2[n][cH][n]1[CH]1[O][CH]([CH2][O][P](=[O])([OH])[O][P](=[O])([OH])[O][CH2][CH]2[O][CH]3[CH]([OH])[CH]2[OH])[CH]([OH])[CH]1[OH]
5655,[NH2][c]1[c]2[n][cH][n]3[c]2[n][cH][n+]1[CH]1[O][CH]([CH2][O][P](=[O])([OH])[O][P](=[O])([OH])[O][CH2][CH]2[O][CH]3[CH]([O][P](=[O])([OH])[OH])[CH]2[OH])[CH]([OH])[CH]1[OH]
5656,[NH]=[C]([OH])[C]1=[CH][N]([CH]2[O][CH]([CH2][O][P](=[O])([OH])[O][P](=[O])([OH])[O][CH2][CH]3[O][CH]([n]4[cH][n][c]5[c]([NH2])[n][cH][n][c]54)[CH]([OH])[CH]3[OH])[CH]([OH])[CH]2[OH])[CH]=[CH][CH2]1
5657,[NH]=[C]([OH])[C]1=[CH][N]([CH]2[O][CH]([CH2][O][P](=[O])([OH])[O][P](=[O])([OH])[O][CH2][CH]3[O][CH]([n]4[cH][n][c]5[c]([NH2])[n][cH][n][c]54)[CH]([O][P](=[O])([OH])[OH])[CH]3[OH])[CH]([OH])[CH]2[OH])[CH]=[CH][CH2]1
5658,[CH3][C]([OH])([CH2][C](=[O])[S][CH2][CH2][N]=[C]([OH])[CH2][CH2][N]=[C]([OH])[CH]([OH])[C]([CH3])([CH3])[CH2][O][P](=[O])([OH])[O][P](=[O])([OH])[O][CH2][CH]1[O][CH]([n]2[cH][n][c]3[c]([NH2])[n][cH][n][c]32)[CH]([OH])[CH]1[O][P](=[O])([OH])[OH])[C](=[O])[OH]
5659,[CH3][C]([CH3])([CH2][O][P](=[O])([OH])[O][P](=[O])([OH])[O][CH2][CH]1[O][CH]([n]2[cH][n][c]3[c]([NH2])[n][cH][n][c]32)[CH]([OH])[CH]1[O][P](=[O])([OH])[OH])[CH]([OH])[C]([OH])=[N][CH2][CH2][C]([OH])=[N][CH2][CH2][S][C](=[O])[CH2][CH]([OH])[C](=[O])[OH]
5660,[NH2][CH]1[C]([OH])=[N][CH]2[CH2][c]3[cH][cH][c]([c]([Cl])[cH]3)[O][c]3[cH][c]4[cH][c]([c]3[OH])[O][c]3[cH][cH][c]([cH][c]3[Cl])[CH]([OH])[CH]3[N]=[C]([OH])[CH]([N]=[C]([OH])[CH]4[N]=[C]([OH])[CH]([N]=[C]2[OH])[c]2[cH][c]([OH])[cH][c]([cH]2)[O][c]2[cH][c]1[cH][cH][c]2[OH])[c]1[cH][c]([Cl])[c]([OH])[c]([cH]1)-[c]1[c]([OH])[cH][c]([OH])[cH][c]1[CH]([C](=[O])[OH])[N]=[C]3[OH]
5661,[NH2][CH]1[C]([OH])=[N][CH]2[CH2][c]3[cH][cH][c]([c]([Cl])[cH]3)[O][c]3[cH][c]4[cH][c]([c]3[OH])[O][c]3[cH][cH][c]([cH][c]3[Cl])[CH]([OH])[CH]3[N]=[C]([OH])[CH]([N]=[C]([OH])[CH]4[N]=[C]([OH])[CH]([N]=[C]2[OH])[c]2[cH][c]([OH])[cH][c]([cH]2)[O][c]2[cH][c]1[cH][cH][c]2[O][S](=[O])(=[O])[OH])[c]1[cH][c]([Cl])[c]([OH])[c]([cH]1)-[c]1[c]([OH])[cH][c]([OH])[cH][c]1[CH]([C](=[O])[OH])[N]=[C]3[OH]
5662,[CH3][C](=[CH][CH2][O][P](=[O])([OH])[OH])[CH2][CH2][CH2][CH]([CH3])[CH2][CH2][CH2][CH]([CH3])[CH2][CH2][CH2][CH]([CH3])[CH3]
5663,[CH3][O][CH]1[CH]([CH3])[O][CH]([O][P](=[O])([OH])[O][P](=[O])([OH])[O][CH2][CH]2[O][CH]([n]3[cH][c]([CH3])[c]([OH])[n][c]3=[O])[CH2][CH]2[OH])[CH2][C]1([CH3])[NH2]
5664,[CH3][O][CH]1[CH]([CH3])[O][CH]([O][P](=[O])([OH])[O][P](=[O])([OH])[O][CH2][CH]2[O][CH]([n]3[cH][c]([CH3])[c]([OH])[n][c]3=[O])[CH2][CH]2[OH])[CH2][C]1([CH3])[NH][OH]
5665,[CH3][O][CH]1[CH]([CH3])[O][CH]([O][P](=[O])([OH])[O][P](=[O])([OH])[O][CH2][CH]2[O][CH]([n]3[cH][c]([CH3])[c]([OH])[n][c]3=[O])[CH2][CH]2[OH])[CH2][C]1([CH3])[N]=[O]
5666,[CH3][C]([OH])=[N][CH]1[CH]([O][P](=[O])([OH])[O][P](=[O])([OH])[O][CH2][CH]2[O][CH]([n]3[cH][cH][c]([OH])[n][c]3=[O])[CH]([OH])[CH]2[OH])[O][CH]([CH3])[CH]([OH])[CH]1[OH]
5667,[CH2]=[C]([O][c]1[cH][cH][cH][c]([C](=[O])[OH])[cH]1)[C](=[O])[OH]
5668,[NH2][c]1[n][cH][n][c]2[c]1[n][cH][n]2[CH]1[O][CH]([CH2][CH2][C](=[O])[c]2[cH][cH][cH][c]([C](=[O])[OH])[cH]2)[CH]([OH])[CH]1[OH]
5669,[O]=[C]([OH])[CH2][CH2][CH]([N]=[C]([OH])[C]([OH])([CH2][C](=[O])[OH])[CH2][C](=[O])[OH])[C](=[O])[OH]
5670,[CH3][C]([OH])=[N][CH]([CH2][C](=[O])[OH])[C]([OH])=[N][CH]([CH2][CH2][C](=[O])[OH])[C](=[O])[OH]
5671,[CH3][C]([OH])=[N][CH]([CH2][C](=[O])[OH])[C]([OH])=[N][CH]([CH2][CH2][C](=[O])[OH])[C]([OH])=[N][CH]([CH2][CH2][C](=[O])[OH])[C](=[O])[OH]
5672,[CH3][O][c]1[cH][c]2[c]([cH][c]1[O][CH3])[CH]1[CH2][c]3[cH][c]([O][CH3])[c]([O][CH3])[cH][c]3[CH]([CH2]2)[NH]1
5673,[CH3][O][c]1[cH][c]2[c]([cH][c]1[O][CH3])[CH]1[CH2][c]3[cH][c]([O][CH3])[c]([O][CH3])[cH][c]3[CH]([CH2]2)[N]1[CH3]
5674,[CH3][CH]([CH3])[CH]([CH3])[CH]([OH])[CH]([OH])[CH]([CH3])[CH]1[CH2][CH2][CH]2[CH]3[CH2][O][C](=[O])[CH]4[CH2][CH]([OH])[CH]([OH])[CH2][C]4([CH3])[CH]3[CH2][CH2][C]12[CH3]
5675,[CH3][CH]([OH])[C](=[O])[CH2][C](=[O])[C](=[O])[OH]
5676,[cH]1[cH][cH][c]([CH]2[CH2][O]2)[cH][cH]1
5677,[CH3][CH2][CH3]
5678,[CH3][O][C]([CH3])=[O]
5679,[CH3][C]([CH3])=[CH][CH2][CH2][C]([CH3])=[CH][CH2][CH2][C]([CH3])=[CH][CH2][CH2][C]([CH3])=[CH][CH2][CH2][C]([CH3])=[CH][CH2][CH2][C]([CH3])=[CH][CH2][CH2][C]([CH3])=[CH][CH2][CH2][C]([CH3])=[CH][CH2][CH2][C]([CH3])=[CH][CH2][c]1[cH][c]([OH])[cH][c]([CH3])[c]1[OH]
5680,[CH3][C]([CH3])=[CH][CH2][CH2][C]([CH3])=[CH][CH2][CH2][C]([CH3])=[CH][CH2][CH2][C]([CH3])=[CH][CH2][CH2][C]([CH3])=[CH][CH2][CH2][C]([CH3])=[CH][CH2][CH2][C]([CH3])=[CH][CH2][CH2][C]([CH3])=[CH][CH2][CH2][C]([CH3])=[CH][CH2][c]1[cH][c]([OH])[c]([CH3])[c]([CH3])[c]1[OH]
5681,[O]=[S](=[O])([OH])[CH2][CH]([OH])[CH2][OH]
5682,[O]=[CH][CH]([OH])[CH2][S](=[O])(=[O])[OH]
5683,[CH3][C]([OH])=[N][CH]([CH2][S][c]1[c]2[n][c]3[cH][c]([C](=[O])[OH])[cH][cH][c]3[o][c]-2[cH][c](=[O])[c]1[NH2])[C](=[O])[OH]
5684,[CH3][c]1[cH][c]([CH2][CH]([NH2])[C](=[O])[OH])[cH][cH][c]1[OH]
5685,[CH3][c]1[cH][c]([CH2][CH]([NH2])[C](=[O])[OH])[cH][c]([OH])[c]1[OH]
5686,[NH2][CH2][CH]([OH])[P](=[O])([OH])[OH]
5687,[CH3][CH]([OH])[CH]([CH3])[CH]([NH2])[C](=[O])[OH]
5688,[CH3][c]1[cH][cH][cH][c]2[c]([C](=[O])[OH])[cH][c]([OH])[cH][c]12
5689,[CH3][c]1[cH][cH][cH][c]2[c]([C](=[O])[OH])[cH][cH][cH][c]12
5690,[CH3][C]1=[CH][CH2][CH]2[CH]3[CH]1[C]2([CH3])[CH2][CH2][CH2][C]3([CH3])[CH3]
5691,[CH3][CH]([CH3])[c]1[cH][c]2[c]([cH][c]1[OH])[C]1([CH3])[CH2][CH2][CH2][C]([CH3])([CH3])[CH]1[CH2][CH2]2
5692,[CH3][C](=[CH][CH2][C]1=[C]([CH3])[C](=[O])[c]2[cH][cH][cH][cH][c]2[C]1=[O])[CH2][CH2][CH2][CH]([CH3])[CH2][CH2][CH2][CH]([CH3])[CH2][CH2][CH2][CH]([CH3])[CH2][OH]
5693,[CH3][CH]1[CH2][CH2][CH2][NH]1
5694,[CH3][C]1=[N][CH2][CH2][CH2]1
5695,[CH3][C]([CH3])=[CH][CH2][CH2][C]1([CH3])[CH]2[CH2][CH]=[C]([CH3])[CH]1[CH2]2
5696,[CH2]=[C]1[CH]2[CH2][CH2][CH]([CH2]2)[C]1([CH3])[CH2][CH2][CH]=[C]([CH3])[CH3]
5697,[CH3][CH]([OH])[CH]1[C](=[O])[N]2[C]([C](=[O])[OH])=[C]([S][CH2][CH2][N]=[C]([OH])[CH2][CH2][N]=[C]([OH])[CH]([OH])[C]([CH3])([CH3])[CH2][OH])[CH2][CH]12
5698,[CH3][CH2][CH]1[C](=[O])[N]2[C]([C](=[O])[OH])=[C]([S][CH2][CH2][N]=[C]([OH])[CH2][CH2][N]=[C]([OH])[CH]([OH])[C]([CH3])([CH3])[CH2][OH])[CH2][CH]12
5699,[NH2][CH2][CH2][S][CH]1[CH2][CH]2[CH2][C](=[O])[N]2[CH]1[C](=[O])[OH]
5700,[CH3][CH]([OH])[CH]1[C](=[O])[N]2[C]([C](=[O])[OH])=[C]([S][CH2][CH2][NH2])[CH2][CH]12
5701,[CH3][CH]([OH])[CH]1[C](=[O])[N]2[CH]1[CH2][CH]([S][CH2][CH2][NH2])[CH]2[C](=[O])[OH]
5702,[CH3][C]([OH])=[N][CH]=[CH][S][C]1=[C]([C](=[O])[OH])[N]2[C](=[O])[CH]([CH]([CH3])[O][S](=[O])(=[O])[OH])[CH]2[CH2]1
5703,[CH3][C]([OH])=[N][CH2][CH2][S][C]1=[C]([C](=[O])[OH])[N]2[C](=[O])[CH]([CH]([CH3])[O][S](=[O])(=[O])[OH])[CH]2[CH2]1
5704,[CH3][C]([OH])=[N][CH]=[CH][S](=[O])[C]1=[C]([C](=[O])[OH])[N]2[C](=[O])[CH]([CH]([CH3])[O][S](=[O])(=[O])[OH])[CH]2[CH2]1
5705,[CH3][CH2][CH]1[C](=[O])[N]2[CH]1[CH2][CH]([S][CH2][CH2][NH2])[CH]2[C](=[O])[OH]
5706,[CH3][CH2][CH]1[C](=[O])[N]2[C]([C](=[O])[OH])=[C]([S][CH2][CH2][NH2])[CH2][CH]12
5707,[CH3][C]([OH])=[N][CH2][CH2][S][C]1=[C]([C](=[O])[OH])[N]2[C](=[O])[CH]([CH]([CH3])[OH])[CH]2[CH2]1
5708,[CH3][CH]([O][S](=[O])(=[O])[OH])[CH]1[C](=[O])[N]2[C]([C](=[O])[OH])=[C]([S][CH2][CH2][NH2])[CH2][CH]12
5709,[CH3][CH]([O][S](=[O])(=[O])[OH])[CH]1[C](=[O])[N]2[C]([C](=[O])[OH])=[C]([S][CH2][CH2][N]=[C]([OH])[CH2][CH2][N]=[C]([OH])[CH]([OH])[C]([CH3])([CH3])[CH2][OH])[CH2][CH]12
5710,[CH3][CH]([OH])[CH]1[C](=[O])[N]2[C]([C](=[O])[OH])=[C]([S][CH2][CH2][N]=[C]([OH])[CH2][CH2][N]=[C]([OH])[CH]([OH])[C]([CH3])([CH3])[CH2][OH])[CH2][CH]12
5711,[CH3][CH]1[C](=[O])[N]2[CH]1[CH2][CH]([S][CH2][CH2][NH2])[CH]2[C](=[O])[OH]
5712,[CH2]=[C]1[C](=[O])[N]2[CH]1[CH2][CH]([S][CH2][CH2][NH2])[CH]2[C](=[O])[OH]
5713,[CH3][CH]=[C]1[C](=[O])[N]2[CH]1[CH2][CH]([S][CH2][CH2][NH2])[CH]2[C](=[O])[OH]
5714,[O]=[P]([OH])([OH])[O][CH2][C]1([OH])[O][CH]([CH2][S](=[O])(=[O])[OH])[CH]([OH])[CH]1[OH]
5715,[O]=[S](=[O])([OH])[CH2][CH]1[O][C]([OH])([CH2][OH])[CH]([OH])[CH]1[OH]
5716,[O]=[S](=[O])([OH])[CH2][CH]1[O][CH]([OH])[CH]([OH])[CH]([OH])[CH]1[OH]
5717,[CH3][C]([CH3])([CH2][O][P](=[O])([OH])[O][P](=[O])([OH])[O][CH2][CH]1[O][CH]([n]2[cH][n][c]3[c]([NH2])[n][cH][n][c]32)[CH]([OH])[CH]1[O][P](=[O])([OH])[OH])[CH]([OH])[C]([OH])=[N][CH2][CH2][C]([OH])=[N][CH2][CH2][S][C](=[O])[CH2][CH2][CH]1[C](=[O])[CH2][CH2][C]2([CH3])[C](=[O])[CH2][CH2][CH]12
5718,[CH3][CH]([CH2][CH2][CH2][CH]([CH3])[CH]1[CH2][CH2][CH]2[CH]3[CH2][CH2][C]4=[CH][C](=[O])[CH2][CH2][C]4([CH3])[CH]3[CH2][CH2][C]12[CH3])[C](=[O])[OH]
5719,[CH3][CH]([CH2][CH2][CH2][CH]([CH3])[CH]1[CH2][CH2][CH]2[CH]3[CH2][CH2][C]4=[CH][C](=[O])[CH2][CH2][C]4([CH3])[CH]3[CH2][CH2][C]12[CH3])[C](=[O])[S][CH2][CH2][N]=[C]([OH])[CH2][CH2][N]=[C]([OH])[CH]([OH])[C]([CH3])([CH3])[CH2][O][P](=[O])([OH])[O][P](=[O])([OH])[O][CH2][CH]1[O][CH]([n]2[cH][n][c]3[c]([NH2])[n][cH][n][c]32)[CH]([OH])[CH]1[O][P](=[O])([OH])[OH]
5720,[CH3][O][c]1[cH][c]([CH3])[c]2[cH][cH][c]([OH])[c]([C](=[O])[S][CH2][CH2][N]=[C]([OH])[CH2][CH2][N]=[C]([OH])[CH]([OH])[C]([CH3])([CH3])[CH2][O][P](=[O])([OH])[O][P](=[O])([OH])[O][CH2][CH]3[O][CH]([n]4[cH][n][c]5[c]([NH2])[n][cH][n][c]54)[CH]([OH])[CH]3[O][P](=[O])([OH])[OH])[c]2[cH]1
5721,[CH3][O][c]1[cH][c]([CH3])[c]2[cH][cH][c]([OH])[c]([C](=[O])[OH])[c]2[cH]1
5722,[NH2][CH]([CH2][CH2][C]([OH])=[N][c]1[cH][cH][cH][cH][cH]1)[C](=[O])[OH]
5723,[CH3][CH]([C](=[O])[OH])[C]([OH])=[N][C](=[NH])[OH]
5724,[CH3][C]([CH2][CH2][OH])([CH2][C](=[O])[OH])[O][P](=[O])([OH])[OH]
5725,[CH3][C]([CH2][CH2][O][P](=[O])([OH])[OH])([CH2][C](=[O])[OH])[O][P](=[O])([OH])[OH]
5726,[CH3][C]([OH])=[N][CH]1[C](=[O])[CH]([OH])[CH]([CH2][OH])[O][CH]1[O][P](=[O])([OH])[O][P](=[O])([OH])[O][CH2][CH]1[O][CH]([n]2[cH][cH][c]([OH])[n][c]2=[O])[CH]([OH])[CH]1[OH]
5727,[NH2][CH]([CH2][CH2][CH2][NH][OH])[C](=[O])[OH]
5728,[CH3][CH]1[CH2][CH2][CH]2[C](=[CH][CH]([OH])[CH]([CH3])[CH]2[CH2][CH2][CH]([OH])[CH2][CH]([OH])[CH2][C](=[O])[OH])[CH2]1
5729,[CH3][CH]1[CH2][CH2][CH]2[CH]([CH]=[CH][CH]([CH3])[CH]2[CH2][CH2][CH]([OH])[CH2][CH]([OH])[CH2][C](=[O])[OH])[CH2]1
5730,[CH3][CH]1[CH]=[C]2[CH]=[CH][CH]([CH3])[CH]([CH2][CH2][CH]([OH])[CH2][CH]([OH])[CH2][C](=[O])[OH])[CH]2[CH2][CH2]1
5731,[CH3][CH]1[CH]=[C]2[CH]=[CH][CH]([CH3])[CH]([CH2][CH2][CH]([OH])[CH2][CH]([OH])[CH2][C](=[O])[OH])[CH]2[CH]([OH])[CH2]1
5732,[O]=[C]([OH])[CH2][CH2][CH]=[CH][CH2][CH]=[CH][CH2][CH]=[CH][CH2][CH]=[CH][CH2][CH]=[CH][CH2][CH]=[CH][CH2][CH2][OH]
5733,[CH3][c]1[cH][c]([OH])[cH][c]2[c]([C](=[O])[OH])[c]([OH])[cH][cH][c]12
5734,[CH3][c]1[cH][cH][cH][c]2[c]([C](=[O])[OH])[c]([OH])[cH][cH][c]12
5735,[CH3][S][CH2][CH2][C](=[O])[S][CH2][CH2][N]=[C]([OH])[CH2][CH2][N]=[C]([OH])[CH]([OH])[C]([CH3])([CH3])[CH2][O][P](=[O])([OH])[O][P](=[O])([OH])[O][CH2][CH]1[O][CH]([n]2[cH][n][c]3[c]([NH2])[n][cH][n][c]32)[CH]([OH])[CH]1[O][P](=[O])([OH])[OH]
5736,[CH3][C]([OH])=[N][CH]1[CH]([OH])[O][CH]([CH2][OH])[CH]([O][CH]2[O][CH]([CH2][OH])[CH]([OH])[CH]([OH])[CH]2[OH])[CH]1[OH]
5737,[O]=[C]([OH])[CH]([OH])[CH]([OH])[CH]([O][CH]1[O][CH]([CH2][OH])[CH]([OH])[CH]([OH])[CH]1[OH])[CH]([OH])[CH2][OH]
5738,[CH3][NH][CH]([CH2][CH]([CH3])[CH3])[C]([OH])=[N][CH]1[C]([OH])=[N][CH]([CH2][C](=[NH])[OH])[C]([OH])=[N][CH]2[C]([OH])=[N][CH]3[C]([OH])=[N][CH]([C]([OH])=[N][CH]([C](=[O])[OH])[c]4[cH][c]([OH])[cH][c]([OH])[c]4-[c]4[cH][c]3[cH][cH][c]4[OH])[CH]([OH])[c]3[cH][cH][c]([c]([Cl])[cH]3)[O][c]3[cH][c]2[cH][c]([c]3[O][CH]2[O][CH]([CH2][OH])[CH]([OH])[CH]([OH])[CH]2[O][CH]2[CH2][C]([CH3])([NH2])[CH]([OH])[CH]([CH3])[O]2)[O][c]2[cH][cH][c]([cH][c]2[Cl])[CH]1[OH]
5739,[CH3][CH]1[CH2][CH2][CH]2[C]([C](=[O])[OH])=[CH][O][CH]([OH])[CH]12
5740,[CH3][O][C](=[O])[C]1=[CH][O][CH]([OH])[CH]2[CH]([CH3])[CH2][CH2][CH]12
5741,[O]=[c]1[cH][cH][nH][o]1
5742,[NH2][CH]([CH2][n]1[cH][cH][c](=[O])[o]1)[C](=[O])[OH]
5743,[NH2][CH]([CH2][c]1[cH][nH][o][c]1=[O])[C](=[O])[OH]
5744,[O]=[C]1[O][CH]([C](=[O])[OH])[CH]([OH])[CH]([OH])[CH]1[OH]
5745,[O]=[C]1[O][CH]([C](=[O])[OH])[CH]([OH])[CH]([OH])[CH]1[OH]
5746,[CH3][C]([CH]=[O])=[CH][CH]=[CH][C]([CH3])=[CH][CH]=[CH][CH]=[C]([CH3])[CH]=[CH][CH]=[C]([CH3])[CH]=[CH][C]1=[C]([CH3])[CH2][CH]([OH])[CH2][C]1([CH3])[CH3]
5747,[CH3][CH]([C](=[O])[C](=[O])[OH])[c]1[cH][cH][cH][cH][cH]1
5748,[CH3][CH]([c]1[cH][cH][cH][cH][cH]1)[CH]([NH2])[C](=[O])[OH]
5749,[O]=[C]1[O][CH]([CH]([OH])[C](=[O])[OH])[CH]([OH])[CH]1[OH]
5750,[O]=[CH][c]1[cH][cH][c]([CH]=[O])[o]1
5751,[O]=[CH][c]1[cH][cH][c]([CH]([OH])[OH])[o]1
5752,[O]=[CH][c]1[cH][cH][c]([C](=[O])[OH])[o]1
5753,[O]=[C]([OH])[c]1[cH][cH][c]([CH]([OH])[OH])[o]1
5754,[O]=[C]([OH])[CH]([OH])[CH]1[O][CH2][CH]([OH])[CH]1[OH]
5755,[OH][CH]1[O][CH]2[CH2][O][CH]([CH]1[OH])[CH]2[OH]
5756,[CH3][C]([OH])=[N][CH]1[CH]([OH])[O][CH]([CH2][O][S](=[O])(=[O])[OH])[CH]([OH])[CH]1[OH]
5757,[CH3][CH2][CH]1[O][C](=[O])[CH]=[CH][CH]([CH3])[CH]([O][CH]2[O][CH]([CH3])[CH2][CH]([N]([CH3])[CH3])[CH]2[OH])[CH]([CH3])[CH2][CH]([CH3])[C](=[O])[CH]=[CH][CH]=[CH][CH]1[CH2][OH]
5758,[CH3][CH2][CH]1[O][C](=[O])[CH]=[CH][CH]([CH3])[CH]([O][CH]2[O][CH]([CH3])[CH2][CH]([N]([CH3])[CH3])[CH]2[OH])[CH]([CH3])[CH2][CH]([CH3])[C](=[O])[CH]=[CH][CH]=[CH][CH]1[CH3]
5759,[CH3][CH2][CH]1[O][C](=[O])[CH]=[CH][CH]([CH3])[CH]([OH])[CH]([CH3])[CH2][CH]([CH3])[C](=[O])[CH]=[CH][CH]=[CH][CH]1[CH3]
5760,[CH3][CH2][CH]1[O][C](=[O])[CH]=[CH][CH]([CH3])[CH]([O][CH]2[O][CH]([CH3])[CH2][CH]([N]([CH3])[CH3])[CH]2[OH])[CH]([CH3])[CH2][CH]([CH3])[C](=[O])[CH]=[CH][CH]=[CH][C]1([OH])[CH2][O][CH]1[O][CH]([CH3])[CH]([OH])[CH]([O][CH3])[CH]1[O][CH3]
5761,[CH3][CH2][CH]1[O][C](=[O])[CH]=[CH][CH]([CH3])[CH]([O][CH]2[O][CH]([CH3])[CH2][CH]([N]([CH3])[CH3])[CH]2[OH])[CH]([CH3])[CH2][CH]([CH3])[C](=[O])[CH]=[CH][CH]2[O][CH]2[C]1([OH])[CH2][O][CH]1[O][CH]([CH3])[CH]([OH])[CH]([O][CH3])[CH]1[O][CH3]
5762,[CH3][CH2][CH]1[O][C](=[O])[CH]=[CH][CH]([CH3])[CH]([O][CH]2[O][CH]([CH3])[CH2][CH]([N]([CH3])[CH3])[CH]2[OH])[CH]([CH3])[CH2][CH]([CH3])[C](=[O])[CH]=[CH][CH]2[O][CH]2[CH]1[CH2][O][CH]1[O][CH]([CH3])[CH]([OH])[CH]([O][CH3])[CH]1[O][CH3]
5763,[NH]=[C]([NH2])[NH][CH2][CH2][CH2][CH]([N]=[C]([OH])[CH]([NH2])[c]1[cH][cH][c]([OH])[cH][cH]1)[C](=[O])[OH]
5764,[NH2][CH]([C]([OH])=[N][CH]1[CH2][N]([CH]([C](=[O])[OH])[c]2[cH][cH][c]([OH])[cH][cH]2)[C]1=[O])[c]1[cH][cH][c]([OH])[cH][cH]1
5765,[NH2][CH]([CH2][CH2][O][c]1[cH][cH][c]([CH]([NH2])[C]([OH])=[N][CH]2[CH2][N]([CH]([C](=[O])[OH])[c]3[cH][cH][c]([OH])[cH][cH]3)[C]2=[O])[cH][cH]1)[C](=[O])[OH]
5766,[NH2][CH]([CH2][CH2][O][c]1[cH][cH][c]([C](=[N][OH])[C]([OH])=[N][CH]2[CH2][N]([CH]([C](=[O])[OH])[c]3[cH][cH][c]([OH])[cH][cH]3)[C]2=[O])[cH][cH]1)[C](=[O])[OH]
5767,[NH2][CH]([CH2][CH2][O][c]1[cH][cH][c]([CH]([NH2])[C]([OH])=[N][CH]2[CH2][N]([CH]([C](=[O])[OH])[c]3[cH][cH][c]([OH])[cH][cH]3)[C]2=[O])[cH][cH]1)[C](=[O])[OH]
5768,[NH2][CH2][CH]([CH2][CH2][CH]([NH2])[C](=[O])[OH])[C](=[O])[OH]
5769,[NH2][CH]([CH2][CH2][CH]([C](=[O])[OH])[CH]([NH2])[C](=[O])[OH])[C](=[O])[OH]
5770,[NH2][CH]([CH2][CH2][C]1([OH])[CH2][N]=[C]1[OH])[C](=[O])[OH]
5771,[CH3][CH]([OH])[CH]([N]=[C]([OH])[CH]([NH2])[CH2][CH2][C]1([OH])[CH2][N]=[C]1[OH])[C](=[O])[OH]
5772,[CH3][C]([OH])=[N][CH]([CH2][CH2][C]1([OH])[CH2][N]=[C]1[OH])[C](=[O])[OH]
5773,[NH2][CH2][C]1([OH])[CH2][CH2][CH]([C](=[O])[OH])[N]=[C]1[OH]
5774,[CH3][CH]([OH])[CH]([N]=[C]([OH])[CH]1[CH2][CH2][C]([OH])([CH2][NH2])[C]([OH])=[N]1)[C](=[O])[OH]
5775,[CH3][C]1=[CH][CH2][CH2][C]([CH3])=[CH][CH2][C](=[C]([CH3])[CH3])[CH2][CH2][C]([CH3])=[CH][CH2][CH2]1
5776,[CH2]=[C]([CH3])[CH]1[CH2][CH]=[C]([CH3])[CH2][CH2][CH]=[C]([CH3])[CH2][CH2][CH]=[C]([CH3])[CH2][CH2]1
5777,[CH3][CH]([NH2])[C]([OH])=[N][CH]([CH2][CH2][C]([OH])=[N][CH]([CH2][CH2][CH2][CH]([NH2])[C](=[O])[OH])[C](=[O])[OH])[C](=[O])[OH]
5778,[NH2][CH]([CH2][CH2][C]([OH])=[N][CH2][CH2][c]1[cH][cH][c]([OH])[cH][cH]1)[C](=[O])[OH]
5779,[NH2][c]1[n][cH][n][c]2[c]1[n][cH][n]2[CH]1[O][CH]([CH2][O][P](=[O])([OH])[O][CH]2[CH]([OH])[CH]([CH2][O][P](=[O])([OH])[O][CH]3[CH]([OH])[CH]([CH2][O][P](=[O])([OH])[O][P](=[O])([OH])[O][P](=[O])([OH])[OH])[O][CH]3[n]3[cH][n][c]4[c]([NH2])[n][cH][n][c]43)[O][CH]2[n]2[cH][n][c]3[c]([NH2])[n][cH][n][c]32)[CH]([OH])[CH]1[OH]
5780,[NH2][CH]([CH2][CH]1[CH2][CH2][CH]([OH])[CH]2[O][CH]12)[C](=[O])[OH]
5781,[NH2][CH]([CH2][CH]1[CH2][CH2][C](=[O])[CH]2[O][CH]12)[C](=[O])[OH]
5782,[CH2]=[CH][C](=[CH2])[CH2][C](=[O])[CH]=[C]([CH3])[CH3]
5783,[CH2]=[CH][C](=[CH2])[CH2][CH]([OH])[CH]=[C]([CH3])[CH3]
5784,[CH3][C]1([CH3])[CH2][CH2][C]2([CH2][OH])[CH2][CH2][C]3([CH3])[C](=[CH][CH2][CH]4[C]5([CH3])[CH2][CH2][CH]([OH])[C]([CH3])([CH3])[CH]5[CH2][CH2][C]43[CH3])[CH]2[CH2]1
5785,[CH3][C]1([CH3])[CH2][CH2][C]2([CH]=[O])[CH2][CH2][C]3([CH3])[C](=[CH][CH2][CH]4[C]5([CH3])[CH2][CH2][CH]([OH])[C]([CH3])([CH3])[CH]5[CH2][CH2][C]43[CH3])[CH]2[CH2]1
5786,[CH3][C]1([CH3])[CH2][CH2][C]2([C](=[O])[OH])[CH2][CH2][C]3([CH3])[C](=[CH][CH2][CH]4[C]5([CH3])[CH2][CH2][CH]([OH])[C]([CH3])([CH3])[CH]5[CH2][CH2][C]43[CH3])[CH]2[CH2]1
5787,[CH3][CH2][CH2][CH2][CH2][CH2][CH2][CH2][CH2][CH2][CH2][CH2][CH2][CH2][CH]=[CH][CH2][CH2][CH2][C](=[O])[S][CH2][CH2][N]=[C]([OH])[CH2][CH2][N]=[C]([OH])[CH]([OH])[C]([CH3])([CH3])[CH2][O][P](=[O])([OH])[O][P](=[O])([OH])[O][CH2][CH]1[O][CH]([n]2[cH][n][c]3[c]([NH2])[n][cH][n][c]32)[CH]([OH])[CH]1[O][P](=[O])([OH])[OH]
5788,[O]=[C]([OH])[C](=[O])[CH2][C]1=[CH][CH2][CH]([OH])[CH]=[CH]1
5789,[O]=[CH][c]1[cH][c]([CH2][O][P](=[O])([OH])[OH])[cH][o]1
5790,[CH3][S][CH]=[CH][C](=[O])[S][CH2][CH2][N]=[C]([OH])[CH2][CH2][N]=[C]([OH])[CH]([OH])[C]([CH3])([CH3])[CH2][O][P](=[O])([OH])[O][P](=[O])([OH])[O][CH2][CH]1[O][CH]([n]2[cH][n][c]3[c]([NH2])[n][cH][n][c]32)[CH]([OH])[CH]1[O][P](=[O])([OH])[OH]
5791,[O]=[P]([OH])([OH])[O][CH2][CH]1[O][C]([OH])([CH2][OH])[CH]([OH])[CH]([OH])[CH]1[OH]
5792,[O]=[C]1[CH2][C]([OH])([CH2][OH])[CH]([OH])[CH]([OH])[CH]1[OH]
5793,[CH3][C](=[O])[C](=[O])[CH]([OH])[CH2][O][P](=[O])([OH])[OH]
5794,[CH3][C](=[O])[CH]([OH])[C](=[O])[CH2][O][P](=[O])([OH])[OH]
5795,[NH2][CH]([CH2][N]=[C]([OH])[CH]=[CH][C](=[O])[OH])[C](=[O])[OH]
5796,[NH]=[C]([OH])[CH]1[O][CH]1[C]([OH])=[N][CH2][CH]([NH2])[C](=[O])[OH]
5797,[CH3][CH]([CH3])[CH]([N]=[C]([OH])[CH]([NH2])[CH2][N]=[C]([OH])[CH]1[O][CH]1[C](=[NH])[OH])[C](=[O])[OH]
5798,[NH]=[C]([OH])[CH]=[CH][C]([OH])=[N][CH2][CH]([NH2])[C](=[O])[OH]
5799,[CH3][CH]([CH3])[CH]([N]=[C]([OH])[CH]([NH2])[CH2][N]=[C]([OH])[CH]=[CH][C](=[NH])[OH])[C](=[O])[OH]
5800,[CH3][CH2][CH]([CH3])[CH]([N]=[C]([OH])[CH]([NH2])[CH2][N]=[C]([OH])[CH]=[CH][C](=[NH])[OH])[C](=[O])[OH]
5801,[CH3][CH]([CH3])[CH2][CH]([N]=[C]([OH])[CH]([NH2])[CH2][N]=[C]([OH])[CH]=[CH][C](=[NH])[OH])[C](=[O])[OH]
5802,[CH3][S][CH]([OH])[CH2][C](=[O])[S][CH2][CH2][N]=[C]([OH])[CH2][CH2][N]=[C]([OH])[CH]([OH])[C]([CH3])([CH3])[CH2][O][P](=[O])([OH])[O][P](=[O])([OH])[O][CH2][CH]1[O][CH]([n]2[cH][n][c]3[c]([NH2])[n][cH][n][c]32)[CH]([OH])[CH]1[O][P](=[O])([OH])[OH]
5803,[O]=[C]([OH])[O][P](=[O])([OH])[OH]
5804,[CH3][O][C](=[O])[c]1[c]([OH])[cH][c]2[cH][c]3[c]([c]([OH])[c]2[c]1[CH3])[C](=[O])[C]1([OH])[C](=[O])[CH]=[C]([O][CH3])[CH]([OH])[C]1([OH])[C]3=[O]
5805,[CH3][O][C](=[O])[c]1[c]([O][CH]2[O][CH]([CH3])[CH]([OH])[CH]([OH])[CH]2[OH])[cH][c]2[cH][c]3[c]([c]([OH])[c]2[c]1[CH3])[C](=[O])[C]1([OH])[C](=[O])[CH]=[C]([O][CH3])[CH]([OH])[C]1([OH])[C]3=[O]
5806,[CH3][O][C](=[O])[c]1[c]([O][CH]2[O][CH]([CH3])[CH]([OH])[CH]([OH])[CH]2[O][CH3])[cH][c]2[cH][c]3[c]([c]([OH])[c]2[c]1[CH3])[C](=[O])[C]1([OH])[C](=[O])[CH]=[C]([O][CH3])[CH]([OH])[C]1([OH])[C]3=[O]
5807,[CH3][O][C](=[O])[c]1[c]([O][CH]2[O][CH]([CH3])[CH]([OH])[CH]([O][CH3])[CH]2[O][CH3])[cH][c]2[cH][c]3[c]([c]([OH])[c]2[c]1[CH3])[C](=[O])[C]1([OH])[C](=[O])[CH]=[C]([O][CH3])[CH]([OH])[C]1([OH])[C]3=[O]
5808,[CH3][O][C](=[O])[c]1[c]([O][CH]2[O][CH]([CH3])[CH]([O][CH3])[CH]([O][CH3])[CH]2[O][CH3])[cH][c]2[cH][c]3[c]([c]([OH])[c]2[c]1[CH3])[C](=[O])[C]1([OH])[C](=[O])[CH]=[C]([O][CH3])[CH]([OH])[C]1([OH])[C]3=[O]
5809,[CH3][O][C](=[O])[c]1[c]([O][CH]2[O][CH]([CH3])[CH]([O][CH3])[CH]([O][CH3])[CH]2[O][CH3])[cH][c]2[cH][c]3[c]([c]([OH])[c]2[c]1[CH3])[C](=[O])[C]1([O][CH3])[C](=[O])[CH]=[C]([O][CH3])[CH]([OH])[C]1([OH])[C]3=[O]
5810,[CH3][O][c]1[cH][c]([C](=[O])[OH])[c]2[cH][cH][cH][c]([CH3])[c]2[cH]1
5811,[CH3][C]([CH3])=[CH][CH2][c]1[cH][cH][cH][c]2[c]1[NH][c]1[c]([cH][cH][cH][c]1[C](=[O])[OH])[NH]2
5812,[O]=[C]([OH])[c]1[cH][cH][cH][c]2[c]1[NH][c]1[cH][cH][cH][cH][c]1[NH]2
5813,[CH3][C]([CH3])=[CH][CH2][O][c]1[cH][cH][c]([CH2][CH]([NH2])[C](=[O])[OH])[cH][cH]1
5814,[O]=[C]1[C]([OH])=[CH][C](=[O])[c]2[c]([OH])[cH][c]([OH])[cH][c]21
5815,[CH2]=[CH][C]([CH3])([CH2][CH2][CH]=[C]([CH3])[CH3])[C]1=[C]([OH])[C](=[O])[c]2[cH][c]([OH])[cH][c]([OH])[c]2[C]1=[O]
5816,[O]=[P]([OH])([OH])[O][CH2][CH]1[O][CH]([OH])[CH]([O][P](=[O])([OH])[OH])[CH]1[OH]
5817,[CH3][C]([CH3])([CH2][O][P](=[O])([OH])[O][P](=[O])([OH])[O][CH2][CH]1[O][CH]([n]2[cH][n][c]3[c]([NH2])[n][cH][n][c]32)[CH]([OH])[CH]1[O][P](=[O])([OH])[OH])[CH]([OH])[C]([OH])=[N][CH2][CH2][C]([OH])=[N][CH2][CH2][S][C](=[O])[CH2][CH2][S](=[O])[OH]
5818,[CH3][CH2][C](=[CH][CH2][CH2][C]([CH3])=[CH][C](=[O])[OH])[CH2][CH2][CH]1[O][C]1([CH3])[CH2][CH3]
5819,[CH3][CH2][C](=[CH][CH2][CH2][C]([CH3])=[CH][C](=[O])[O][CH3])[CH2][CH2][CH]1[O][C]1([CH3])[CH2][CH3]
5820,[CH3][C]([CH]=[CH][CH]=[C]([CH3])[C](=[O])[O][CH]1[O][CH]([CH2][O][CH]2[O][CH]([CH2][OH])[CH]([OH])[CH]([OH])[CH]2[OH])[CH]([OH])[CH]([OH])[CH]1[OH])=[CH][CH]=[CH][CH]=[C]([CH3])[CH]=[CH][CH]=[C]([CH3])[C](=[O])[O][CH]1[O][CH]([CH2][O][CH]2[O][CH]([CH2][OH])[CH]([OH])[CH]([OH])[CH]2[OH])[CH]([OH])[CH]([OH])[CH]1[OH]
5821,[CH3][CH2][CH]([N]=[C]([OH])[CH2][CH2][CH]([NH2])[C](=[O])[OH])[C](=[O])[OH]
5822,[CH3][CH2][CH]([N]=[C]([OH])[CH2][CH2][CH]([NH2])[C](=[O])[OH])[C]([OH])=[N][CH2][C](=[O])[OH]
5823,[CH3][CH2][CH]([OH])[c]1[s][c]([CH2][CH2][O][P](=[O])([OH])[O][P](=[O])([OH])[OH])[c]([CH3])[n+]1[CH2][c]1[cH][n][c]([CH3])[nH][c]1=[NH]
5824,[CH3][C]([CH3])([CH2][O][P](=[O])([OH])[O][P](=[O])([OH])[O][CH2][CH]1[O][CH]([n]2[cH][n][c]3[c]([NH2])[n][cH][n][c]32)[CH]([OH])[CH]1[O][P](=[O])([OH])[OH])[CH]([OH])[C]([OH])=[N][CH2][CH2][C]([OH])=[N][CH2][CH2][S][C](=[O])[CH2][CH2][CH2][CH2][CH2][CH2][CH2][CH]=[CH][CH2][CH2][CH2][CH2][CH2][CH2][CH2][CH2][OH]
5825,[CH3][C]([CH3])([CH2][O][P](=[O])([OH])[O][P](=[O])([OH])[O][CH2][CH]1[O][CH]([n]2[cH][n][c]3[c]([NH2])[n][cH][n][c]32)[CH]([OH])[CH]1[O][P](=[O])([OH])[OH])[CH]([OH])[C]([OH])=[N][CH2][CH2][C]([OH])=[N][CH2][CH2][S][C](=[O])[CH2][CH2][CH2][CH2][CH2][CH2][CH2][CH]=[CH][CH2][CH]=[CH][CH2][CH2][CH2][CH2][CH2][OH]
5826,[CH3][CH2][CH2][CH2][CH]=[CH][CH2][CH2][CH2][CH2][CH2][CH2][CH2][CH2][CH2][C](=[O])[S][CH2][CH2][N]=[C]([OH])[CH2][CH2][N]=[C]([OH])[CH]([OH])[C]([CH3])([CH3])[CH2][O][P](=[O])([OH])[O][P](=[O])([OH])[O][CH2][CH]1[O][CH]([n]2[cH][n][c]3[c]([NH2])[n][cH][n][c]32)[CH]([OH])[CH]1[O][P](=[O])([OH])[OH]
5827,[CH3][CH2][CH2][CH]=[CH][CH]=[CH][CH2][CH2][CH2][CH2][CH2][CH2][CH2][CH2][C](=[O])[S][CH2][CH2][N]=[C]([OH])[CH2][CH2][N]=[C]([OH])[CH]([OH])[C]([CH3])([CH3])[CH2][O][P](=[O])([OH])[O][P](=[O])([OH])[O][CH2][CH]1[O][CH]([n]2[cH][n][c]3[c]([NH2])[n][cH][n][c]32)[CH]([OH])[CH]1[O][P](=[O])([OH])[OH]
5828,[CH3][CH]=[CH][CH2][CH2][CH2][CH2][CH2][CH2][CH2][CH2][CH2][CH2][CH2][CH2][C](=[O])[S][CH2][CH2][N]=[C]([OH])[CH2][CH2][N]=[C]([OH])[CH]([OH])[C]([CH3])([CH3])[CH2][O][P](=[O])([OH])[O][P](=[O])([OH])[O][CH2][CH]1[O][CH]([n]2[cH][n][c]3[c]([NH2])[n][cH][n][c]32)[CH]([OH])[CH]1[O][P](=[O])([OH])[OH]
5829,[CH3][CH]=[CH][CH2][CH2][CH2][CH2][CH2][CH2][CH2][CH2][CH2][CH2][CH2][CH2][C](=[O])[S][CH2][CH2][N]=[C]([OH])[CH2][CH2][N]=[C]([OH])[CH]([OH])[C]([CH3])([CH3])[CH2][O][P](=[O])([OH])[O][P](=[O])([OH])[O][CH2][CH]1[O][CH]([n]2[cH][n][c]3[c]([NH2])[n][cH][n][c]32)[CH]([OH])[CH]1[O][P](=[O])([OH])[OH]
5830,[CH3][N+]([CH3])([CH3])[CH]([CH2][c]1[cH][n][c]([S](=[O])[CH2][CH]([N]=[C]([OH])[CH2][CH2][CH]([NH2])[C](=[O])[OH])[C](=[O])[OH])[nH]1)[C](=[O])[OH]
5831,[CH3][N+]([CH3])([CH3])[CH]([CH2][c]1[cH][n][c]([S](=[O])[CH2][CH]([NH2])[C](=[O])[OH])[nH]1)[C](=[O])[OH]
5832,[NH]=[C]([NH2])[NH][CH2][CH2][CH2][C](=[NH])[C](=[O])[OH]
5833,[NH]=[c]1[n][c]([OH])[c]2[c]([nH]1)[NH][CH2][CH]([CH]([OH])[CH]([OH])[CH2][OH])[NH]2
5834,[O]=[C]([OH])[c]1[cH][cH][cH][cH][n]1
5835,[CH3][C]([OH])=[N][CH]1[CH]([O][P](=[O])([OH])[OH])[O][CH]([CH2][OH])[CH]([OH])[CH]1[O][CH]([CH3])[C](=[O])[OH]
5836,[O]=[C]1[O][CH]([CH2][S](=[O])(=[O])[OH])[CH]([OH])[CH]([OH])[CH]1[OH]
5837,[NH2][CH2][c]1[cH][c]([CH2][O][P](=[O])([OH])[OH])[cH][o]1
5838,[NH2][CH2][c]1[cH][c]([CH2][O][P](=[O])([OH])[O][P](=[O])([OH])[OH])[cH][o]1
5839,[NH2][CH2][c]1[cH][c]([CH2][O][c]2[cH][cH][c]([CH2][CH2][N]=[C]([OH])[CH2][CH2][CH]([NH2])[C](=[O])[OH])[cH][cH]2)[cH][o]1
5840,[CH3][O][CH]1[CH2][CH]([O][P](=[O])([OH])[O][P](=[O])([OH])[O][CH2][CH]2[O][CH]([n]3[cH][c]([CH3])[c]([OH])[n][c]3=[O])[CH2][CH]2[OH])[O][CH]([CH3])[C]1=[O]
5841,[CH3][c]1[cH][n]([CH]2[CH2][CH]([OH])[CH]([CH2][O][P](=[O])([OH])[O][P](=[O])([OH])[O][CH]3[CH2][CH]([N]([CH3])[CH3])[C](=[O])[CH]([CH3])[O]3)[O]2)[c](=[O])[n][c]1[OH]
5842,[CH3][c]1[cH][n]([CH]2[CH2][CH]([OH])[CH]([CH2][O][P](=[O])([OH])[O][P](=[O])([OH])[O][CH]3[CH2][CH]([N]([CH3])[CH3])[C](=[O])[CH]([CH3])[O]3)[O]2)[c](=[O])[n][c]1[OH]
5843,[CH3][c]1[cH][n]([CH]2[CH2][CH]([OH])[CH]([CH2][O][P](=[O])([OH])[O][P](=[O])([OH])[O][CH]3[CH2][CH]([OH])[C](=[O])[CH]([CH3])[O]3)[O]2)[c](=[O])[n][c]1[OH]
5844,[CH3][C]([CH]=[O])=[CH][CH]=[CH][C]([CH3])=[CH][CH]=[CH][CH]=[O]
5845,[O]=[CH][CH]1[O][CH]([n]2[cH][cH][c]([OH])[n][c]2=[O])[CH]([OH])[CH]1[OH]
5846,[CH3][CH2][CH2][CH2][CH2][CH2][CH2][CH2][CH2][CH2][CH2][C](=[O])[OH]
5847,[CH3][CH2][CH2][CH2][CH2][CH]([OH])[CH2][CH2][CH2][CH2][CH2][C](=[O])[OH]
5848,[CH3][C]([CH3])([CH2][O][P](=[O])([OH])[O][P](=[O])([OH])[O][CH2][CH]1[O][CH]([n]2[cH][n][c]3[c]([NH2])[n][cH][n][c]32)[CH]([OH])[CH]1[O][P](=[O])([OH])[OH])[CH]([OH])[C]([OH])=[N][CH2][CH2][C]([OH])=[N][CH2][CH2][S][C](=[O])[c]1[cH][c]([OH])[cH][cH][c]1[OH]
5849,[CH3][CH2][CH2][CH2][CH2][CH]=[CH][CH2][CH]=[CH][CH2][CH2][CH2][CH2][CH]=[CH][CH2][CH2][CH2][C](=[O])[S][CH2][CH2][N]=[C]([OH])[CH2][CH2][N]=[C]([OH])[CH]([OH])[C]([CH3])([CH3])[CH2][O][P](=[O])([OH])[O][P](=[O])([OH])[O][CH2][CH]1[O][CH]([n]2[cH][n][c]3[c]([NH2])[n][cH][n][c]32)[CH]([OH])[CH]1[O][P](=[O])([OH])[OH]
5850,[CH3][CH2][CH2][CH2][CH2][CH]=[CH][CH2][CH]=[CH][CH2][CH2][CH2][CH2][CH2][CH2][CH2][CH2][CH2][C](=[O])[S][CH2][CH2][N]=[C]([OH])[CH2][CH2][N]=[C]([OH])[CH]([OH])[C]([CH3])([CH3])[CH2][O][P](=[O])([OH])[O][P](=[O])([OH])[O][CH2][CH]1[O][CH]([n]2[cH][n][c]3[c]([NH2])[n][cH][n][c]32)[CH]([OH])[CH]1[O][P](=[O])([OH])[OH]
5851,[CH3][CH2][CH]=[CH][CH2][CH]=[CH][CH2][CH]=[CH][CH2][CH2][CH2][CH2][CH]=[CH][CH2][CH2][CH2][C](=[O])[S][CH2][CH2][N]=[C]([OH])[CH2][CH2][N]=[C]([OH])[CH]([OH])[C]([CH3])([CH3])[CH2][O][P](=[O])([OH])[O][P](=[O])([OH])[O][CH2][CH]1[O][CH]([n]2[cH][n][c]3[c]([NH2])[n][cH][n][c]32)[CH]([OH])[CH]1[O][P](=[O])([OH])[OH]
5852,[CH3][CH2][CH]=[CH][CH2][CH]=[CH][CH2][CH]=[CH][CH2][CH2][CH2][CH2][CH2][CH2][CH2][CH2][CH2][C](=[O])[S][CH2][CH2][N]=[C]([OH])[CH2][CH2][N]=[C]([OH])[CH]([OH])[C]([CH3])([CH3])[CH2][O][P](=[O])([OH])[O][P](=[O])([OH])[O][CH2][CH]1[O][CH]([n]2[cH][n][c]3[c]([NH2])[n][cH][n][c]32)[CH]([OH])[CH]1[O][P](=[O])([OH])[OH]
5853,[CH3][CH2][CH]=[CH][CH2][CH]=[CH][CH2][CH]=[CH][CH2][CH]=[CH][CH2][CH2][CH2][CH2][CH2][CH2][C](=[O])[S][CH2][CH2][N]=[C]([OH])[CH2][CH2][N]=[C]([OH])[CH]([OH])[C]([CH3])([CH3])[CH2][O][P](=[O])([OH])[O][P](=[O])([OH])[O][CH2][CH]1[O][CH]([n]2[cH][n][c]3[c]([NH2])[n][cH][n][c]32)[CH]([OH])[CH]1[O][P](=[O])([OH])[OH]
5854,[CH3][CH]([NH2])[C]([OH])=[N][CH]([CH2][CH]1[CH2][CH2][C](=[O])[CH]2[O][CH]12)[C](=[O])[OH]
5855,[O]=[C]([OH])[C](=[O])[CH]=[C]1[CH]=[CH][CH]([OH])[CH2][CH2]1
5856,[CH3][C]1=[CH][CH2][CH2][CH]2[C]1([CH3])[C](=[O])[CH]([OH])[CH]([CH3])[C]2([CH3])[CH2][CH]([OH])[C]1([C](=[O])[CH]=[O])[CH2][O]1
5857,[CH2]=[CH][c]1[cH][cH][c]([OH])[c]([O][CH3])[cH]1
5858,[O]=[C]([OH])[CH]([OH])[CH]([OH])[CH]([OH])[CH]([OH])[C](=[O])[OH]
5859,[CH3][CH]([CH3])[CH]=[CH][C](=[O])[S][CH2][CH2][N]=[C]([OH])[CH2][CH2][N]=[C]([OH])[CH]([OH])[C]([CH3])([CH3])[CH2][O][P](=[O])([OH])[O][P](=[O])([OH])[O][CH2][CH]1[O][CH]([n]2[cH][n][c]3[c]([NH2])[n][cH][n][c]32)[CH]([OH])[CH]1[O][P](=[O])([OH])[OH]
5860,[CH3][CH]([CH3])[CH2][CH]([OH])[C](=[O])[S][CH2][CH2][N]=[C]([OH])[CH2][CH2][N]=[C]([OH])[CH]([OH])[C]([CH3])([CH3])[CH2][O][P](=[O])([OH])[O][P](=[O])([OH])[O][CH2][CH]1[O][CH]([n]2[cH][n][c]3[c]([NH2])[n][cH][n][c]32)[CH]([OH])[CH]1[O][P](=[O])([OH])[OH]
5861,[O]=[C]([OH])[C](=[O])[CH2][CH]([OH])[CH]([OH])[C](=[O])[OH]
5862,[O]=[C]1[O][CH]([CH]([OH])[C](=[O])[OH])[CH]([OH])[CH]1[OH]
5863,[NH2][CH2][CH2][CH2][NH][CH2][CH2][CH2][NH][CH2][CH2][CH2][NH2]
5864,[NH2][CH2][CH2][CH2][NH][CH2][CH2][CH2][NH][CH2][CH2][CH2][NH][CH2][CH2][CH2][NH2]
5865,[CH3][CH]1[O][CH]([n]2[cH][n][c]3[c]([OH])[n][cH][n][c]32)[CH]([OH])[CH]1[OH]
5866,[CH3][CH2][C](=[NH])[C](=[O])[OH]
5867,[CH3][C](=[NH])[C](=[O])[OH]
5868,[O]=[P]([OH])([OH])[O][CH2][CH]1[O][CH]([c]2[cH][cH][c]([OH])[cH][cH]2)[CH]([OH])[CH]1[OH]
5869,[NH]=[C]([OH])[C]1=[CH][N]([CH]2[O][CH]([CH2][O][P](=[O])([OH])[OH])[CH]([OH])[CH]2[OH])[CH]=[CH][CH2]1
5870,[NH2][c]1[c]([Cl])[cH][cH][cH][c]1-[c]1[cH][cH][nH][cH]1
5871,[NH2][c]1[c]([Cl])[cH][cH][cH][c]1-[c]1[cH][nH][cH][c]1[Cl]
5872,[O]=[N+]([O-])[c]1[c]([Cl])[cH][cH][cH][c]1-[c]1[cH][nH][cH][c]1[Cl]
5873,[CH3][CH2][CH]=[CH][CH2][CH]=[CH][CH2][CH]=[CH][CH2][CH]=[CH][CH2][CH]=[CH][CH2][CH]=[CH][CH2][CH2][CH2][CH2][C](=[O])[S][CH2][CH2][N]=[C]([OH])[CH2][CH2][N]=[C]([OH])[CH]([OH])[C]([CH3])([CH3])[CH2][O][P](=[O])([OH])[O][P](=[O])([OH])[O][CH2][CH]1[O][CH]([n]2[cH][n][c]3[c]([NH2])[n][cH][n][c]32)[CH]([OH])[CH]1[O][P](=[O])([OH])[OH]
5874,[CH3][CH2][CH]=[CH][CH2][CH]=[CH][CH2][CH]=[CH][CH2][CH]=[CH][CH2][CH]=[CH][CH2][CH2][CH2][CH2][CH2][CH2][CH2][C](=[O])[S][CH2][CH2][N]=[C]([OH])[CH2][CH2][N]=[C]([OH])[CH]([OH])[C]([CH3])([CH3])[CH2][O][P](=[O])([OH])[O][P](=[O])([OH])[O][CH2][CH]1[O][CH]([n]2[cH][n][c]3[c]([NH2])[n][cH][n][c]32)[CH]([OH])[CH]1[O][P](=[O])([OH])[OH]
5875,[CH3][CH2][CH2][CH2][CH2][CH]=[CH][CH2][CH]=[CH][CH2][CH]=[CH][CH2][CH]=[CH][CH2][CH]=[CH][CH2][CH2][CH2][CH2][C](=[O])[S][CH2][CH2][N]=[C]([OH])[CH2][CH2][N]=[C]([OH])[CH]([OH])[C]([CH3])([CH3])[CH2][O][P](=[O])([OH])[O][P](=[O])([OH])[O][CH2][CH]1[O][CH]([n]2[cH][n][c]3[c]([NH2])[n][cH][n][c]32)[CH]([OH])[CH]1[O][P](=[O])([OH])[OH]
5876,[CH3][CH2][CH2][CH2][CH2][CH]=[CH][CH2][CH]=[CH][CH2][CH]=[CH][CH2][CH]=[CH][CH2][CH2][CH2][CH2][CH2][CH2][CH2][C](=[O])[S][CH2][CH2][N]=[C]([OH])[CH2][CH2][N]=[C]([OH])[CH]([OH])[C]([CH3])([CH3])[CH2][O][P](=[O])([OH])[O][P](=[O])([OH])[O][CH2][CH]1[O][CH]([n]2[cH][n][c]3[c]([NH2])[n][cH][n][c]32)[CH]([OH])[CH]1[O][P](=[O])([OH])[OH]
5877,[CH3][CH]([CH2][CH2][CH]1[O][CH]([n]2[cH][n][c]3[c]([NH2])[n][cH][n][c]32)[CH]([OH])[CH]1[OH])[CH]1[CH2][CH2][C]2([CH3])[CH]1[CH2][CH2][C]1([CH3])[CH]2[CH2][CH2][CH]2[C]3([CH3])[CH2][CH2][CH2][C]([CH3])([CH3])[CH]3[CH2][CH2][C]21[CH3]
5878,[CH3][CH]([CH2][CH2][CH]1[O][CH]([OH])[CH]([OH])[CH]1[OH])[CH]1[CH2][CH2][C]2([CH3])[CH]1[CH2][CH2][C]1([CH3])[CH]2[CH2][CH2][CH]2[C]3([CH3])[CH2][CH2][CH2][C]([CH3])([CH3])[CH]3[CH2][CH2][C]21[CH3]
5879,[CH3][CH]([CH2][CH2][CH]([OH])[CH]([OH])[CH]([OH])[CH2][OH])[CH]1[CH2][CH2][C]2([CH3])[CH]1[CH2][CH2][C]1([CH3])[CH]2[CH2][CH2][CH]2[C]3([CH3])[CH2][CH2][CH2][C]([CH3])([CH3])[CH]3[CH2][CH2][C]21[CH3]
5880,[CH3][C]([OH])=[N][CH]1[CH]([O][CH2][CH]([OH])[CH]([OH])[CH]([OH])[CH2][CH2][CH]([CH3])[CH]2[CH2][CH2][C]3([CH3])[CH]2[CH2][CH2][C]2([CH3])[CH]3[CH2][CH2][CH]3[C]4([CH3])[CH2][CH2][CH2][C]([CH3])([CH3])[CH]4[CH2][CH2][C]32[CH3])[O][CH]([CH2][OH])[CH]([OH])[CH]1[OH]
5881,[CH3][CH]([CH2][CH2][CH]([OH])[CH]([OH])[CH]([OH])[CH2][O][CH]1[O][CH]([CH2][OH])[CH]([OH])[CH]([OH])[CH]1[NH2])[CH]1[CH2][CH2][C]2([CH3])[CH]1[CH2][CH2][C]1([CH3])[CH]2[CH2][CH2][CH]2[C]3([CH3])[CH2][CH2][CH2][C]([CH3])([CH3])[CH]3[CH2][CH2][C]21[CH3]
5882,[CH3][CH]([CH2][CH2][CH]([OH])[CH]([OH])[CH]([OH])[CH2][O][CH]1[CH]([NH2])[CH]([OH])[CH]([OH])[C]1([OH])[CH2][OH])[CH]1[CH2][CH2][C]2([CH3])[CH]1[CH2][CH2][C]1([CH3])[CH]2[CH2][CH2][CH]2[C]3([CH3])[CH2][CH2][CH2][C]([CH3])([CH3])[CH]3[CH2][CH2][C]21[CH3]
5883,[CH3][CH]([CH2][CH2][CH]([OH])[CH]([OH])[CH]([OH])[CH2][NH2])[CH]1[CH2][CH2][C]2([CH3])[CH]1[CH2][CH2][C]1([CH3])[CH]2[CH2][CH2][CH]2[C]3([CH3])[CH2][CH2][CH2][C]([CH3])([CH3])[CH]3[CH2][CH2][C]21[CH3]
5884,[CH3][CH]1[O][CH]([n]2[c]3[cH][cH][cH][cH][c]3[c]3[c]4[c]([c]5[c]6[cH][cH][cH][cH][c]6[nH][c]5[c]32)[CH2][N]=[C]4[OH])[CH2][CH]([NH2])[CH]1[OH]
5885,[OH][C]1=[N][CH2][c]2[c]1[c]1[c]3[cH][cH][cH][cH][c]3[nH][c]1[c]1[nH][c]3[cH][cH][cH][cH][c]3[c]21
5886,[CH3][c]1[cH][n]([CH]2[CH2][CH]([OH])[CH]([CH2][O][P](=[O])([OH])[O][P](=[O])([OH])[O][CH]3[CH2][CH]([NH2])[CH]([OH])[CH]([CH3])[O]3)[O]2)[c](=[O])[n][c]1[OH]
5887,[CH3][C]12[O][CH]([CH2][CH]([NH2])[CH]1[OH])[n]1[c]3[cH][cH][cH][cH][c]3[c]3[c]4[c]([c]5[c]6[cH][cH][cH][cH][c]6[n]2[c]5[c]31)[CH2][N]=[C]4[OH]
5888,[O]=[C]([OH])[c]1[nH][c](-[c]2[cH][nH][c]3[cH][cH][cH][cH][c]23)[cH][c]1-[c]1[cH][nH][c]2[cH][cH][cH][cH][c]12
5889,[O]=[C]([OH])[c]1[nH][c](-[c]2[cH][nH][c]3[cH][cH][cH][cH][c]23)[cH][c]1-[c]1[c]([OH])[nH][c]2[cH][cH][cH][cH][c]12
5890,[O]=[C]1[NH][C]([c]2[cH][nH][c]3[cH][cH][cH][cH][c]23)=[CH][C]1=[C]1[C](=[O])[NH][c]2[cH][cH][cH][cH][c]21
5891,[O]=[C]([OH])[c]1[nH][c](-[c]2[cH][nH][c]3[cH][cH][c]([OH])[cH][c]23)[cH][c]1-[c]1[cH][nH][c]2[cH][cH][cH][cH][c]12
5892,[O]=[C]([OH])[c]1[nH][c](-[c]2[cH][nH][c]3[cH][cH][c]([OH])[cH][c]23)[cH][c]1-[c]1[c]([OH])[nH][c]2[cH][cH][cH][cH][c]12
5893,[O]=[C]1[NH][C]([c]2[cH][nH][c]3[cH][cH][c]([OH])[cH][c]23)=[CH][C]1=[C]1[C](=[O])[NH][c]2[cH][cH][cH][cH][c]21
5894,[CH3][c]1[cH][n]([CH]2[CH2][CH]([OH])[CH]([CH2][O][P](=[O])([OH])[O][P](=[O])([OH])[O][CH]3[CH2][CH]([NH2])[C](=[O])[CH]([CH3])[O]3)[O]2)[c](=[O])[n][c]1[OH]
5895,[CH3][CH2][CH2][CH2][CH2][CH]([CH2][CH]=[O])[C]([CH3])=[O]
5896,[CH3][CH2][CH2][CH2][CH2][CH]=[CH][CH]=[O]
5897,[CH3][CH]([CH2][CH2][C](=[O])[OH])[CH]1[CH2][CH2][CH]2[CH]3[CH2][CH2][CH]4[CH2][CH]([OH])[CH2][CH2][C]4([CH3])[CH]3[CH2][CH2][C]12[CH3]
5898,[CH3][C]([CH3])=[CH][CH2][CH2][C]([CH3])=[CH][CH2][CH2][C]([CH3])=[CH][CH2][C]1([OH])[c]2[cH][cH][cH][cH][c]2[N+]([O-])=[C]([CH3])[CH]1[OH]
5899,[CH3][C]([CH3])=[CH][CH2][CH2][C]([CH3])=[CH][CH2][CH2][C]([CH3])=[CH][CH2][C]1([OH])[C](=[O])[C]([CH3])=[N+]([O-])[c]2[cH][cH][cH][cH][c]21
5900,[CH3][C]([CH3])=[CH][CH2][CH2][C]([CH3])=[CH][CH2][CH2][C]([CH3])=[CH][CH2][c]1[c]([OH])[c]([CH3])[n+]([O-])[c]2[cH][cH][cH][cH][c]12
5901,[CH3][O][CH]1[CH]=[CH][O][C]2([CH3])[O][c]3[c]([CH3])[c]([OH])[c]4[c]([OH])[c]([c]([CH]=[N][N]5[CH2][CH2][N]([CH3])[CH2][CH2]5)[c]([OH])[c]4[c]3[C]2=[O])[N]=[C]([OH])[C]([CH3])=[CH][CH]=[CH][CH]([CH3])[CH]([OH])[CH]([CH3])[CH]([OH])[CH]([CH3])[CH]([O][C]([CH3])=[O])[CH]1[CH3]
5902,[CH3][O][CH]1[CH]=[CH][O][C]2([CH3])[O][c]3[c]([CH3])[c]([OH])[c]4[c]([c]3[C]2=[O])[C](=[O])[C](=[CH][N]([OH])[N]2[CH2][CH2][N]([CH3])[CH2][CH2]2)[C](=[C]4[OH])[N]=[C]([OH])[C]([CH3])=[CH][CH]=[CH][CH]([CH3])[CH]([OH])[CH]([CH3])[CH]([OH])[CH]([CH3])[CH]([O][C]([CH3])=[O])[CH]1[CH3]
5903,[CH3][N]1[C](=[O])[N]([CH3])[C]2=[N][C](=[O])[N]([CH3])[C]2([OH])[C]1=[O]
5904,[NH2][CH2][CH2][CH2][CH2][N+]([CH2][CH2][CH2][NH2])([CH2][CH2][CH2][NH2])[CH2][CH2][CH2][NH2]
5905,[O]=[C]1[CH]=[CH][C]([OH])([CH]=[CH][CH]=[CH][CH]=[CH][C]([OH])=[N][C]2=[C]([OH])[CH2][CH2][C]2=[O])[CH]=[C]1[N]=[C]([OH])[CH]=[CH][CH]=[CH][CH]=[CH][CH]1[CH2][CH2][CH2][CH2][CH2]1
5906,[O]=[C]1[CH2][CH2][C]([OH])=[C]1[N]=[C]([OH])[CH]=[CH][CH]=[CH][CH]=[CH][c]1[cH][cH][c]([OH])[c]([N]=[C]([OH])[CH]=[CH][CH]=[CH][CH]=[CH][CH]2[CH2][CH2][CH2][CH2][CH2]2)[cH]1
5907,[O]=[C]1[c]2[cH][cH][cH][cH][c]2-[n]2[c]([n][c]3[cH][cH][cH][cH][c]3[c]2=[O])[CH]2[CH2][C]3([OH])[c]4[cH][cH][cH][cH][c]4[NH][CH]3[N]12
5908,[O]=[c]1[c]2[cH][cH][cH][cH][c]2[n][c]2[n]1-[c]1[cH][cH][cH][cH][c]1[C]([OH])=[N][CH]2[CH2][c]1[cH][nH][c]2[cH][cH][cH][cH][c]12
5909,[NH2][CH2][CH2][CH2][CH2][N]([CH2][CH2][CH2][NH2])[CH2][CH2][CH2][NH2]
5910,[CH3][N]1[CH2][CH2][CH]=[C]1[c]1[cH][cH][cH][n][cH]1
5911,[O]=[C]1[NH][c]2[cH][cH][cH][cH][c]2[C]1=[O]
5912,[NH2][c]1[cH][cH][cH][cH][c]1[C](=[O])[C](=[O])[OH]
5913,[CH3][CH]1[O][CH]([O][CH]2[CH]([CH2][OH])[O][CH]([O][CH]3[CH]([CH2][OH])[O][CH]([OH])[CH]([OH])[CH]3[OH])[CH]([OH])[CH]2[OH])[CH]([OH])[CH]([OH])[CH]1[NH][CH]1[CH]=[C]([CH2][O][P](=[O])([OH])[OH])[CH]([OH])[CH]([OH])[CH]1[OH]
5914,[CH3][CH]1[O][CH]([O][CH]2[CH]([CH2][OH])[O][CH]([O][CH]3[CH]([CH2][OH])[O][CH]([OH])[CH]([OH])[CH]3[OH])[CH]([OH])[CH]2[OH])[CH]([OH])[CH]([OH])[CH]1[NH][CH]1[CH]=[C]([CH2][OH])[CH]([OH])[CH]([OH])[CH]1[OH]
5915,[O]=[C]1[CH2][C]([OH])([CH2][O][P](=[O])([OH])[OH])[CH]([OH])[CH]([OH])[CH]1[OH]
5916,[CH3][O][c]1[cH][cH][c]([N+](=[O])[O-])[cH][c]1[N+](=[O])[O-]
5917,[O]=[N+]([O-])[c]1[cH][cH][c]([OH])[c]([N+](=[O])[O-])[cH]1
5918,[CH3][CH]([NH2])[C]([OH])=[N][CH]([CH2][CH2][C]([OH])=[N][CH]([CH2][CH2][CH2][CH2][NH2])[C](=[O])[OH])[C](=[O])[OH]
5919,[CH3][CH]([NH2])[C]([OH])=[N][CH]([CH2][CH2][C](=[O])[OH])[C](=[O])[OH]
5920,[CH3][C]1=[C]([OH])[C](=[O])[C]2=[C]([C]1=[O])[N]1[CH2][CH]3[CH]([N]3[CH3])[C]1([OH])[C-]2[CH2][O][C](=[NH])[OH]
5921,[CH3][O][C]1=[C]([CH3])[C](=[O])[C]2=[C]([C]1=[O])[C-]([CH2][O][C](=[NH])[OH])[C]1([OH])[CH]3[CH]([CH2][N]21)[N]3[CH3]
5922,[CH3][c]1[cH][c]([CH]=[O])[cH][cH][c]1[OH]
5923,[CH3][c]1[cH][cH][c]([OH])[c]([CH3])[cH]1
5924,[CH3][c]1[cH][c]([C](=[O])[OH])[cH][cH][c]1[OH]
5925,[O]=[C]([OH])[c]1[cH][cH][c]([OH])[c]([C](=[O])[OH])[cH]1
5926,[CH3][O][c]1[cH][c]([CH]=[CH][C]([OH])=[N][CH2][CH2][CH2][CH2][NH][CH2][CH2][CH2][N]=[C]([OH])[CH]=[CH][c]2[cH][c]([O][CH3])[c]([OH])[c]([O][CH3])[cH]2)[cH][c]([O][CH3])[c]1[OH]
5927,[OH][C]([CH]=[CH][c]1[cH][cH][c]([OH])[cH][cH]1)=[N][CH2][CH2][CH2][CH2][NH][CH2][CH2][CH2][N]=[C]([OH])[CH]=[CH][c]1[cH][cH][c]([OH])[cH][cH]1
5928,[CH3][C]([CH3])([CH2][O][P](=[O])([OH])[O][P](=[O])([OH])[O][CH2][CH]1[O][CH]([n]2[cH][n][c]3[c]([NH2])[n][cH][n][c]32)[CH]([OH])[CH]1[O][P](=[O])([OH])[OH])[CH]([OH])[C]([OH])=[N][CH2][CH2][C]([OH])=[N][CH2][CH2][S][C](=[O])[CH2][CH2][c]1[cH][cH][c]([OH])[c]([OH])[cH]1
5929,[CH3][O][c]1[cH][c]([CH]2[c]3[cH][c]4[c]([cH][c]3[CH2][CH]3[CH2][O][C](=[O])[CH]32)[O][CH2][O]4)[cH][c]([O][CH3])[c]1[O][CH3]
5930,[CH3][O][c]1[cH][c]([CH2][CH]2[C](=[O])[O][CH2][CH]2[CH2][c]2[cH][cH][c]3[c]([cH]2)[O][CH2][O]3)[cH][c]([O][CH3])[c]1[O][CH3]
5931,[CH3][O][c]1[cH][c]([CH2][CH]2[C](=[O])[O][CH2][CH]2[CH2][c]2[cH][cH][c]3[c]([cH]2)[O][CH2][O]3)[cH][c]([OH])[c]1[O][CH3]
5932,[CH3][O][c]1[cH][cH][c]([CH2][CH]2[C](=[O])[O][CH2][CH]2[CH2][c]2[cH][cH][c]3[c]([cH]2)[O][CH2][O]3)[cH][c]1[O][CH3]
5933,[CH3][O][c]1[cH][c]([CH]2[c]3[cH][c]4[c]([cH][c]3[CH]([OH])[CH]3[CH2][O][C](=[O])[CH]23)[O][CH2][O]4)[cH][c]([O][CH3])[c]1[OH]
5934,[CH3][O][c]1[cH][c]([CH]2[c]3[cH][c]4[c]([cH][c]3[CH2][CH]3[CH2][O][C](=[O])[CH]32)[O][CH2][O]4)[cH][c]([O][CH3])[c]1[OH]
5935,[O]=[CH][CH]([OH])[CH2][S](=[O])(=[O])[OH]
5936,[O]=[C]([OH])[C](=[O])[CH2][CH]([OH])[CH]([OH])[CH2][S](=[O])(=[O])[OH]
5937,[O]=[C]([OH])[CH]([OH])[CH]([OH])[CH]([OH])[CH]([OH])[CH2][S](=[O])(=[O])[OH]
5938,[CH2]=[C]([C](=[O])[O][CH2][CH]1[O][CH]([OH])[CH]([OH])[CH]([OH])[CH]1[OH])[CH]([OH])[CH2][OH]
5939,[CH2]=[C]1[C](=[O])[O][CH2][CH]1[OH]
5940,[CH3][O][c]1[cH][c]([CH2][CH]2[C](=[O])[O][CH2][CH]2[CH2][c]2[cH][cH][c]3[c]([cH]2)[O][CH2][O]3)[cH][cH][c]1[OH]
5941,[CH3][C]([CH3])=[CH][CH2][O][P](=[O])([OH])[OH]
5942,[CH3][c]1[cH][c]2[c]3[c]([c]1[CH3])[C]([CH3])([CH3])[CH2][CH2][N]3[c]1[c]([OH])[n][c]([OH])[n][c]1[N]2[CH2][CH]([OH])[CH]([OH])[CH]([OH])[CH2][O][P](=[O])([OH])[OH]
5943,[CH3][CH2][CH]1[C]2=[N][C](=[CH][C]3=[N][C](=[C]([CH3])[C]3=[C]([CH3])[OH])[CH]=[C]3[NH][C](=[C]4[C]5=[N][C](=[CH]2)[C]([CH3])=[C]5[C](=[O])[C-]4[C](=[O])[O][CH3])[CH]([CH2][CH2][C](=[O])[O][CH2][CH]=[C]([CH3])[CH2][CH2][CH2][CH]([CH3])[CH2][CH2][CH2][CH]([CH3])[CH2][CH2][CH2][CH]([CH3])[CH3])[CH]3[CH3])[CH]1[CH3]
5944,[CH3][CH2][CH]1[C]2=[N][C](=[CH][C]3=[N][C](=[C]([CH3])[C]3=[C]([CH3])[OH])[CH]=[C]3[NH][C](=[C]4[C]5=[N][C](=[CH]2)[C]([CH3])=[C]5[C](=[O])[C-]4[C](=[O])[O][CH3])[CH]([CH2][CH2][C](=[O])[O][CH2][CH]=[C]([CH3])[CH2][CH2][CH]=[C]([CH3])[CH2][CH2][CH]=[C]([CH3])[CH2][CH2][CH]=[C]([CH3])[CH3])[CH]3[CH3])[CH]1[CH3]
5945,[CH2]=[CH][C-]1[C]([CH3])=[C]2[CH]=[C]3[N]=[C]([C]4=[C]([C](=[O])[O][CH3])[C](=[O])[c]5[c]4[nH][c]([c]5[CH3])[CH]=[C]4[N]=[C]([C]([CH3])=[C]4[CH2][CH3])[CH]4[O][C]14[NH]2)[CH]([CH2][CH2][C](=[O])[OH])[CH]3[CH3]
5946,[O]=[C]1[CH2][C]([OH])([CH2][OH])[CH]([OH])[CH]([OH])[CH]1[OH]
5947,[O]=[C]1[CH]=[C]([CH2][OH])[CH]([OH])[CH]([OH])[CH]1[OH]
5948,[OH][CH2][C]1=[CH][CH]([NH][CH]2[CH2][CH]([CH2][OH])[CH]([OH])[CH]([OH])[CH]2[OH])[CH]([OH])[CH]([OH])[CH]1[OH]
5949,[O]=[P]([OH])([OH])[O][CH2][CH]1[CH2][CH]([NH][CH]2[CH]=[C]([CH2][OH])[CH]([OH])[CH]([OH])[CH]2[OH])[CH]([OH])[CH]([OH])[CH]1[OH]
5950,[OH][CH2][C]1=[CH][CH]([NH][CH]2[CH2][CH]([CH2][OH])[CH]([O][CH]3[O][CH]([CH2][OH])[CH]([OH])[CH]([OH])[CH]3[OH])[CH]([OH])[CH]2[OH])[CH]([OH])[CH]([OH])[CH]1[OH]
5951,[O]=[P]([OH])([OH])[O][CH2][C]1([OH])[CH2][CH]([OH])[CH]([OH])[CH]([OH])[CH]1[OH]
5952,[O]=[C]1[CH2][C]([OH])([CH2][O][P](=[O])([OH])[OH])[CH]([OH])[CH]([OH])[CH]1[OH]
5953,[O]=[P]([OH])([OH])[O][CH2][C]1=[CH][CH]([OH])[CH]([OH])[CH]([OH])[CH]1[OH]
5954,[O]=[P]([OH])([OH])[O][CH]1[CH]=[C]([CH2][OH])[CH]([OH])[CH]([OH])[CH]1[OH]
5955,[O]=[P]([OH])([OH])[O][CH2][CH]1[O][CH2][CH]([NH][CH]2[CH]=[C]([CH2][OH])[CH]([OH])[CH]([OH])[CH]2[OH])[CH]([OH])[CH]1[OH]
5956,[OH][CH2][C]1=[CH][CH]([NH][CH]2[CH2][O][CH]([CH2][OH])[CH]([OH])[CH]2[OH])[CH]([OH])[CH]([OH])[CH]1[OH]
5957,[CH3][C]([C](=[O])[OH])=[C]([CH2][C](=[O])[OH])[C](=[O])[OH]
5958,[NH2][CH2][CH]1[O][CH]([O][CH]2[CH]([NH2])[CH2][CH]([NH2])[CH]([OH])[CH]2[O][CH]2[O][CH]([CH2][OH])[C](=[O])[CH]2[OH])[CH]([NH2])[CH]([OH])[CH]1[OH]
5959,[NH2][CH2][CH]1[O][CH]([O][CH]2[CH]([NH2])[CH2][CH]([NH2])[CH]([OH])[CH]2[O][CH]2[O][CH]([CH2][OH])[CH]([OH])[CH]2[OH])[CH]([NH2])[CH]([OH])[CH]1[OH]
5960,[NH2][CH]1[CH2][CH]([NH2])[CH]([O][CH]2[O][CH]([CH]=[O])[CH]([OH])[CH]([OH])[CH]2[OH])[CH]([OH])[CH]1[O][CH]1[O][CH]([CH2][OH])[CH]([OH])[CH]([NH2])[CH]1[OH]
5961,[NH2][CH]1[CH2][CH]([NH2])[CH]([O][CH]2[O][CH]([CH2][OH])[CH]([OH])[CH]([NH2])[CH]2[OH])[CH]([OH])[CH]1[O][CH]1[O][CH]([CH]=[O])[CH]([OH])[CH]([OH])[CH]1[NH2]
5962,[NH2][CH2][CH]1[O][CH]([O][CH]2[CH]([NH2])[CH2][CH]([NH2])[CH]([O][CH]3[O][CH]([CH2][OH])[CH]([OH])[CH]([OH])[CH]3[OH])[CH]2[OH])[CH]([OH])[CH]([OH])[CH]1[OH]
5963,[NH2][CH2][CH]1[O][CH]([O][CH]2[CH]([NH2])[CH2][CH]([NH2])[CH]([O][CH]3[O][CH]([CH2][OH])[CH]([OH])[CH]([OH])[CH]3[OH])[CH]2[OH])[CH]([NH2])[CH]([OH])[CH]1[OH]
5964,[NH2][CH]1[CH2][CH]([OH])[CH]([CH2][OH])[O][CH]1[O][CH]1[CH]([NH2])[CH2][CH]([NH2])[CH]([OH])[CH]1[OH]
5965,[NH2][CH]1[CH2][CH]([OH])[CH]([CH]=[O])[O][CH]1[O][CH]1[CH]([NH2])[CH2][CH]([NH2])[CH]([OH])[CH]1[OH]
5966,[NH2][CH]1[CH2][C](=[O])[CH]([CH2][OH])[O][CH]1[O][CH]1[CH]([NH2])[CH2][CH]([NH2])[CH]([OH])[CH]1[OH]
5967,[NH2][CH2][CH]1[O][CH]([O][CH]2[CH]([NH2])[CH2][CH]([NH2])[CH]([OH])[CH]2[OH])[CH]([NH2])[CH2][C]1=[O]
5968,[NH2][CH2][CH]1[O][CH]([O][CH]2[CH]([NH2])[CH2][CH]([NH2])[CH]([OH])[CH]2[OH])[CH]([NH2])[CH2][CH]1[OH]
5969,[NH]=[C]([OH])[O][CH2][CH]1[O][CH]([O][CH]2[CH]([NH2])[CH2][CH]([NH2])[CH]([O][CH]3[O][CH]([CH2][NH2])[CH]([OH])[CH]([OH])[CH]3[NH2])[CH]2[OH])[CH]([OH])[CH]([NH2])[CH]1[OH]
5970,[NH2][CH]1[CH2][CH]([NH2])[CH]([O][CH]2[O][CH]([CH2][OH])[CH]([OH])[CH]([OH])[CH]2[NH2])[CH]([O][CH]2[O][CH]([CH2][O][P](=[O])([OH])[OH])[CH]([OH])[CH]2[OH])[CH]1[OH]
5971,[NH2][CH]1[CH2][CH]([NH2])[CH]([O][CH]2[O][CH]([CH2][OH])[CH]([OH])[CH]([OH])[CH]2[NH2])[CH]([O][CH]2[O][CH]([CH2][OH])[CH]([OH])[CH]2[OH])[CH]1[OH]
5972,[CH3][C]([OH])=[N][CH]1[CH]([O][CH]2[CH]([CH2][OH])[O][CH]([O][CH]3[CH]([OH])[CH]([NH2])[CH2][CH]([NH2])[CH]3[O][CH]3[O][CH]([CH2][OH])[CH]([OH])[CH]([OH])[CH]3[NH2])[CH]2[OH])[O][CH]([CH2][OH])[CH]([OH])[CH]1[OH]
5973,[NH2][CH]1[CH2][CH]([NH2])[CH]([O][CH]2[O][CH]([CH2][OH])[CH]([OH])[CH]([OH])[CH]2[NH2])[CH]([O][CH]2[O][CH]([CH2][OH])[CH]([O][CH]3[O][CH]([CH2][OH])[CH]([OH])[CH]([OH])[CH]3[NH2])[CH]2[OH])[CH]1[OH]
5974,[NH2][CH]1[CH2][CH]([NH2])[CH]([O][CH]2[O][CH]([CH2][OH])[CH]([OH])[CH]([OH])[CH]2[NH2])[CH]([O][CH]2[O][CH]([CH2][OH])[CH]([O][CH]3[O][CH]([CH]=[O])[CH]([OH])[CH]([OH])[CH]3[NH2])[CH]2[OH])[CH]1[OH]
5975,[NH2][CH2][CH]1[O][CH]([O][CH]2[CH]([CH2][OH])[O][CH]([O][CH]3[CH]([OH])[CH]([NH2])[CH2][CH]([NH2])[CH]3[O][CH]3[O][CH]([CH2][OH])[CH]([OH])[CH]([OH])[CH]3[NH2])[CH]2[OH])[CH]([NH2])[CH]([OH])[CH]1[OH]
5976,[NH2][CH]1[CH2][CH]([NH2])[CH]([O][CH]2[O][CH2][CH]([OH])[CH]([OH])[CH]2[OH])[CH]([OH])[CH]1[O][CH]1[O][CH]([CH2][OH])[CH]([OH])[CH]([OH])[CH]1[NH2]
5977,[NH2][CH]1[CH2][CH]([NH2])[CH]([O][CH]2[O][CH]([CH2][OH])[CH]([OH])[CH]([OH])[CH]2[NH2])[CH]([OH])[CH]1[O][CH]1[O][CH2][CH]([OH])[C](=[O])[CH]1[OH]
5978,[NH2][CH]1[CH2][CH]([NH2])[CH]([O][CH]2[O][CH2][CH]([OH])[CH]([NH2])[CH]2[OH])[CH]([OH])[CH]1[O][CH]1[O][CH]([CH2][OH])[CH]([OH])[CH]([OH])[CH]1[NH2]
5979,[CH3][NH][CH]1[CH]([OH])[CH]([O][CH]2[CH]([NH2])[CH2][CH]([NH2])[CH]([O][CH]3[O][CH]([CH]=[O])[CH]([OH])[CH]([OH])[CH]3[NH2])[CH]2[OH])[O][CH2][C]1([CH3])[OH]
5980,[CH3][NH][CH]1[CH]([OH])[CH]([O][CH]2[CH]([NH2])[CH2][CH]([NH2])[CH]([O][CH]3[O][CH]([CH2][NH2])[CH]([OH])[CH]([OH])[CH]3[NH2])[CH]2[OH])[O][CH2][C]1([CH3])[OH]
5981,[CH3][NH][CH]1[CH]([OH])[CH]([O][CH]2[CH]([NH2])[CH2][CH]([NH2])[CH]([O][CH]3[O][CH]([C]([CH3])=[O])[CH]([OH])[CH]([OH])[CH]3[NH2])[CH]2[OH])[O][CH2][C]1([CH3])[OH]
5982,[CH3][NH][CH]1[CH]([OH])[CH]([O][CH]2[CH]([NH2])[CH2][CH]([NH2])[CH]([O][CH]3[O][CH]([CH]([CH3])[NH2])[CH]([OH])[CH]([OH])[CH]3[NH2])[CH]2[OH])[O][CH2][C]1([CH3])[OH]
5983,[CH3][NH][CH]1[CH]([OH])[CH]([O][CH]2[CH]([NH2])[CH2][CH]([NH2])[CH]([O][CH]3[O][CH]([CH]([CH3])[NH2])[CH]([OH])[CH]([OH])[CH]3[NH2])[CH]2[OH])[O][CH2][C]1([CH3])[OH]
5984,[CH3][c]1[n][cH][c]([CH2][N]=[CH][OH])[c](=[NH])[nH]1
5985,[O]=[C]1[CH2][C]([OH])([CH2][OH])[CH]([OH])[CH]([OH])[CH]1[OH]
5986,[O]=[C]([OH])[CH]=[CH][c]1[cH][nH][c]2[cH][cH][cH][cH][c]12
5987,[O]=[C]([CH2][OH])[CH]([OH])[CH2][O][P](=[O])([OH])[OH]
5988,[CH3][C]([CH3])([OH])[C](=[O])[S][CH2][CH2][N]=[C]([OH])[CH2][CH2][N]=[C]([OH])[CH]([OH])[C]([CH3])([CH3])[CH2][O][P](=[O])([OH])[O][P](=[O])([OH])[O][CH2][CH]1[O][CH]([n]2[cH][n][c]3[c]([NH2])[n][cH][n][c]32)[CH]([OH])[CH]1[O][P](=[O])([OH])[OH]
5989,[CH3][CH]([c]1[cH][nH][c]2[cH][cH][cH][cH][c]12)[CH]([OH])[C](=[O])[OH]
5990,[CH3][C]([CH3])([OH])[CH2][OH]
5991,[CH3][C]([CH3])([OH])[CH]=[O]
5992,[OH][CH2][C]1=[CH][CH]([NH][CH]2[CH]([OH])[CH]([OH])[CH]([O][CH]3[O][CH]([CH2][OH])[CH]([OH])[CH]([OH])[CH]3[OH])[CH]([CH2][OH])[CH]2[OH])[CH]([OH])[CH]([OH])[CH]1[OH]
5993,[O]=[C]([CH2][O][P](=[O])([OH])[OH])[CH]([OH])[CH2][OH]
5994,[O]=[P]([OH])([OH])[O][CH2][CH]([OH])[CH]([OH])[CH2][OH]
5995,[CH3][N]1[c]2[cH][cH][cH][cH][c]2[NH][c]2[c]([OH])[cH][cH][cH][c]21
5996,[CH3][n+]1[c]2[cH][cH][cH][cH][c]2[n][c]2[c]([C](=[O])[OH])[cH][cH][cH][c]21
5997,[CH3][C]12[CH2][CH2][CH]3[CH]([CH2][CH2][C]4=[CH][C](=[O])[CH2][CH]([OH])[C]43[CH3])[CH]1[CH2][CH2][CH]2[OH]
5998,[CH3][C]([CH3])([OH])[C](=[O])[OH]
5999,[O]=[CH][CH]=[O]