﻿substrate_ID,original_compound
10500,[CH3][CH2][CH2][CH2][CH]=[CH][CH2][CH]=[CH][CH2][CH2][CH2][CH2][CH2][CH2][CH2][C](=[O])[S][CH2][CH2][N]=[C]([OH])[CH2][CH2][N]=[C]([OH])[CH]([OH])[C]([CH3])([CH3])[CH2][O][P](=[O])([OH])[O][P](=[O])([OH])[O][CH2][CH]1[O][CH]([n]2[cH][n][c]3[c]([NH2])[n][cH][n][c]32)[CH]([OH])[CH]1[O][P](=[O])([OH])[OH]
10501,[CH3][CH2][CH2][CH2][CH2][CH]=[CH][CH2][CH]=[CH][CH2][CH]=[CH][CH2][CH]=[CH][CH2][CH2][CH2][C](=[O])[O][CH]([CH2][O][C](=[O])[CH2][CH2][CH2][CH2][CH2][CH2][CH2][CH]=[CH][CH2][CH2][CH2][CH2][CH2][CH2][CH2][CH3])[CH2][O][P](=[O])([OH])[O][CH]1[CH]([OH])[CH]([OH])[CH]([OH])[CH]([OH])[CH]1[OH]
10502,[CH3][CH2][CH2][CH2][CH2][CH2][CH2][CH2][CH]=[CH][CH2][CH2][CH2][CH2][CH2][CH2][CH2][C](=[O])[O][CH2][CH]([OH])[CH2][O][P](=[O])([OH])[O][CH]1[CH]([OH])[CH]([OH])[CH]([OH])[CH]([OH])[CH]1[OH]
10503,[CH3][CH2][CH2][CH2][CH2][CH]=[CH][CH2][CH]=[CH][CH2][CH]=[CH][CH2][CH]=[CH][CH2][CH2][CH2][C](=[O])[O][CH]([CH2][O][C](=[O])[CH2][CH2][CH2][CH2][CH2][CH2][CH2][CH2][CH2][CH2][CH2][CH2][CH2][CH2][CH2][CH3])[CH2][O][P](=[O])([OH])[OH]
10504,[CH3][CH2][CH2][CH2][CH2][CH2][CH]=[CH][CH2][CH2][CH2][CH2][CH2][CH2][CH2][C](=[O])[O][CH]([CH2][O][C](=[O])[CH2][CH2][CH2][CH2][CH2][CH2][CH2][CH]=[CH][CH2][CH2][CH2][CH2][CH2][CH2][CH2][CH3])[CH2][O][P](=[O])([OH])[O][CH2][CH2][NH2]
10505,[CH3][CH2][CH2][CH2][CH2][CH2][CH2][CH2][CH]=[CH][CH2][CH2][CH2][CH2][CH2][CH2][CH2][C](=[O])[O][CH2][CH]([CH2][O][P](=[O])([OH])[O][CH2][CH2][NH2])[O][C](=[O])[CH2][CH2][CH2][CH2][CH2][CH2][CH2][CH2][CH2][CH2][CH2][CH2][CH2][CH2][CH3]
10506,[CH3][CH2][CH2][CH2][CH2][CH2][CH2][CH2][CH]=[CH][CH2][CH2][CH2][CH2][CH2][CH2][CH2][C](=[O])[O][CH2][CH]([CH2][O][P](=[O])([OH])[O][CH2][CH2][NH2])[O][C](=[O])[CH2][CH2][CH2][CH2][CH2][CH2][CH2][CH2][CH2][CH2][CH2][CH2][CH3]
10507,[CH3][CH2][CH2][CH2][CH2][CH2][CH2][CH2][CH]=[CH][CH2][CH2][CH2][CH2][CH2][CH2][CH2][C](=[O])[O][CH2][CH]([CH2][O][P](=[O])([OH])[O][CH2][CH]([OH])[CH2][O][P](=[O])([OH])[OH])[O][C](=[O])[CH2][CH2][CH2][CH2][CH2][CH2][CH2][CH]=[CH][CH2][CH2][CH2][CH2][CH2][CH2][CH2][CH3]
10508,[CH3][CH2][CH2][CH2][CH2][CH2][CH2][C](=[O])[O][CH2][CH]([CH2][O][P](=[O])([OH])[O][CH]1[CH]([OH])[CH]([OH])[CH]([OH])[CH]([OH])[CH]1[OH])[O][C](=[O])[CH2][CH2][CH2][CH2][CH2][CH2][CH3]
10509,[CH3][CH2][CH2][CH2][CH2][CH2][CH2][C](=[O])[O][CH2][CH]([CH2][O][P](=[O])([OH])[O][CH]1[CH]([OH])[CH]([OH])[CH]([OH])[CH]([O][P](=[O])([OH])[OH])[CH]1[OH])[O][C](=[O])[CH2][CH2][CH2][CH2][CH2][CH2][CH3]
10510,[CH3][CH2][CH2][CH2][CH2][CH2][CH2][C](=[O])[O][CH2][CH]([CH2][O][P](=[O])([OH])[O][CH]1[CH]([OH])[CH]([OH])[CH]([OH])[CH]([O][P](=[O])([OH])[OH])[CH]1[OH])[O][C](=[O])[CH2][CH2][CH2][CH2][CH2][CH2][CH3]
10511,[CH3][CH2][CH2][CH2][CH2][CH2][CH2][CH2][CH2][CH2][CH2][CH2][CH2][CH2][CH2][C](=[O])[O][CH2][CH]([CH2][O][P](=[O])([OH])[O][CH]1[CH]([OH])[CH]([OH])[CH]([OH])[CH]([O][P](=[O])([OH])[OH])[CH]1[OH])[O][C](=[O])[CH2][CH2][CH2][CH2][CH2][CH2][CH2][CH2][CH2][CH2][CH2][CH2][CH2][CH2][CH3]
10512,[CH3][CH2][CH2][CH2][CH2][CH2][CH2][CH2][CH2][CH2][CH2][CH2][CH2][CH2][CH2][C](=[O])[O][CH2][CH]([CH2][O][P](=[O])([OH])[O][CH]1[CH]([OH])[CH]([O][P](=[O])([OH])[OH])[CH]([OH])[CH]([O][P](=[O])([OH])[OH])[CH]1[OH])[O][C](=[O])[CH2][CH2][CH2][CH2][CH2][CH2][CH2][CH2][CH2][CH2][CH2][CH2][CH2][CH2][CH3]
10513,[NH2][CH2][CH2][CH]([OH])[CH2][CH]([NH2])[C](=[O])[OH]
10514,[CH3][CH2][CH2][C](=[O])[O][CH2][CH]([CH2][O][P](=[O])([OH])[O][CH]1[CH]([OH])[CH]([OH])[CH]([OH])[CH]([OH])[CH]1[OH])[O][C](=[O])[CH2][CH2][CH3]
10515,[CH3][CH2][CH2][C](=[O])[O][CH2][CH]([CH2][O][P](=[O])([OH])[O][CH]1[CH]([OH])[CH]([OH])[CH]([OH])[CH]([O][P](=[O])([OH])[OH])[CH]1[OH])[O][C](=[O])[CH2][CH2][CH3]
10516,[CH3][CH2][CH2][CH2][CH2][CH2][CH2][CH2][CH2][CH2][CH2][CH2][CH2][CH2][CH2][C](=[O])[O][CH]1[CH2][CH2][C]2([CH3])[C](=[CH][CH2][CH]3[CH]2[CH2][CH2][C]2([CH3])[CH]([CH]([CH3])[CH2][CH2][CH2][CH]([CH3])[CH3])[CH2][CH2][CH]32)[CH2]1
10517,[CH3][CH2][CH2][CH2][CH2][CH]=[CH][CH2][CH]=[CH][CH2][CH2][CH2][CH2][CH2][CH2][CH2][C](=[O])[O][CH]1[CH2][CH2][C]2([CH3])[C](=[CH][CH2][CH]3[CH]2[CH2][CH2][C]2([CH3])[CH]([CH]([CH3])[CH2][CH2][CH2][CH]([CH3])[CH3])[CH2][CH2][CH]32)[CH2]1
10518,[CH3][CH2][CH2][CH2][CH2][CH2][CH2][CH2][CH2][CH2][CH2][CH2][CH2][CH2][CH2][CH2][CH2][C](=[O])[O][CH]1[CH2][CH2][C]2([CH3])[C](=[CH][CH2][CH]3[CH]2[CH2][CH2][C]2([CH3])[CH]([CH]([CH3])[CH2][CH2][CH2][CH]([CH3])[CH3])[CH2][CH2][CH]32)[CH2]1
10519,[CH3][CH2][CH2][CH2][CH2][CH]=[CH][CH2][CH]=[CH][CH2][CH]=[CH][CH2][CH]=[CH][CH2][CH2][CH2][C](=[O])[O][CH]1[CH2][CH2][C]2([CH3])[C](=[CH][CH2][CH]3[CH]2[CH2][CH2][C]2([CH3])[CH]([CH]([CH3])[CH2][CH2][CH2][CH]([CH3])[CH3])[CH2][CH2][CH]32)[CH2]1
10520,[CH3][CH2][CH2][CH2][CH2][CH2][CH2][C](=[O])[O][CH2][CH]([CH2][O][P](=[O])([OH])[O][P](=[O])([OH])[OH])[O][C](=[O])[CH2][CH2][CH2][CH2][CH2][CH2][CH3]
10521,[NH2][CH2][CH2][CH2][NH][CH2][CH2][CH2][CH2][N]([CH2][CH2][CH2][NH2])[CH2][CH2][CH2][NH2]
10522,[CH3][CH2][CH2][CH2][CH2][CH2][CH2][CH2][CH2][CH2][CH2][CH2][CH2][CH2][CH2][C]([OH])=[N][CH]([CH2][OH])[CH]([OH])[CH2][CH2][CH2][CH2][CH2][CH2][CH2][CH2][CH2][CH2][CH2][CH2][CH3]
10523,[CH3][CH2][CH2][CH2][CH2][CH2][CH2][CH2][CH2][CH2][CH2][CH2][CH2][CH2][CH2][CH2][CH2][C]([OH])=[N][CH]([CH2][OH])[CH]([OH])[CH2][CH2][CH2][CH2][CH2][CH2][CH2][CH2][CH2][CH2][CH2][CH2][CH3]
10524,[CH3][CH2][CH2][CH2][CH2][CH2][CH2][CH2][CH2][CH2][CH2][CH2][CH2][CH2][CH]([OH])[CH]([OH])[CH]([CH2][OH])[N]=[C]([OH])[CH2][CH2][CH2][CH2][CH2][CH2][CH3]
10525,[CH3][CH2][CH2][CH2][CH2][CH2][CH2][CH2][CH2][CH2][CH2][CH2][CH2][CH2][CH2][CH]([OH])[CH]([CH2][OH])[N]=[C]([OH])[CH2][CH2][CH2][CH2][CH2][CH2][CH3]
10526,[CH3][CH2][CH2][CH2][CH2][CH]=[CH][CH2][CH]=[CH][CH2][CH2][CH2][CH2][CH2][CH2][CH2][C](=[O])[O][CH]1[CH2][CH2][C]2([CH3])[C](=[CH][CH2][CH]3[CH]2[CH2][CH2][C]2([CH3])[CH]([CH]([CH3])[CH2][CH2][CH]([OH])[CH]([CH3])[CH3])[CH2][CH2][CH]32)[CH2]1
10527,[CH3][CH2][CH]=[CH][CH2][CH]=[CH][CH2][CH]=[CH][CH2][CH]=[CH][CH2][CH]=[CH][CH2][CH]=[CH][CH2][CH2][C](=[O])[O][CH2][CH]([CH2][O][P](=[O])([OH])[OH])[O][C](=[O])[CH2][CH2][CH]=[CH][CH2][CH]=[CH][CH2][CH]=[CH][CH2][CH]=[CH][CH2][CH]=[CH][CH2][CH]=[CH][CH2][CH3]
10528,[CH3][CH2][CH]=[CH][CH2][CH]=[CH][CH2][CH]=[CH][CH2][CH]=[CH][CH2][CH]=[CH][CH2][CH]=[CH][CH2][CH2][C](=[O])[O][CH2][CH]([CH2][OH])[O][C](=[O])[CH2][CH2][CH]=[CH][CH2][CH]=[CH][CH2][CH]=[CH][CH2][CH]=[CH][CH2][CH]=[CH][CH2][CH]=[CH][CH2][CH3]
10529,[CH3][CH2][CH2][CH2][CH2][CH]=[CH][CH2][CH]=[CH][CH2][CH2][CH2][CH2][CH2][CH2][CH2][C](=[O])[O][CH]([CH2][OH])[CH2][O][C](=[O])[CH2][CH2][CH2][CH2][CH2][CH2][CH2][CH2][CH2][CH2][CH2][CH2][CH2][CH2][CH3]
10530,[CH3][CH2][CH2][CH2][CH2][CH2][CH2][CH2][CH2][CH2][CH2][CH2][CH2][CH2][CH2][CH2][CH2][CH2][CH2][C](=[O])[O][CH]([CH2][O][C](=[O])[CH2][CH2][CH2][CH2][CH2][CH2][CH2][CH2][CH2][CH2][CH2][CH2][CH2][CH2][CH3])[CH2][O][P](=[O])([OH])[O][CH2][CH2][N+]([CH3])([CH3])[CH3]
10531,[CH3][CH2][CH]=[CH][CH2][CH]=[CH][CH2][CH]=[CH][CH2][CH]=[CH][CH2][CH]=[CH][CH2][CH]=[CH][CH2][CH2][C](=[O])[O][CH]([CH2][O][C](=[O])[CH2][CH2][CH2][CH2][CH2][CH2][CH2][CH2][CH2][CH2][CH2][CH2][CH2][CH2][CH3])[CH2][O][P](=[O])([OH])[OH]
10532,[CH3][CH2][CH]=[CH][CH2][CH]=[CH][CH2][CH]=[CH][CH2][CH]=[CH][CH2][CH]=[CH][CH2][CH]=[CH][CH2][CH2][C](=[O])[O][CH]([CH2][OH])[CH2][O][C](=[O])[CH2][CH2][CH2][CH2][CH2][CH2][CH2][CH2][CH2][CH2][CH2][CH2][CH2][CH2][CH3]
10533,[CH3][CH2][CH2][CH2][CH2][CH2][CH2][CH2][CH2][CH2][CH2][CH2][CH2][CH]=[CH][CH]([OH])[CH]([CH2][O][P](=[O])([OH])[OH])[N]=[C]([OH])[CH2][CH2][CH2][CH2][CH3]
10534,[CH3][CH2][CH2][CH2][CH2][CH2][CH2][CH2][CH2][CH2][CH2][C](=[O])[CH2][c]1[cH][c]([OH])[cH][c](=[O])[o]1
10535,[CH3][CH2][CH2][CH2][CH2][CH2][CH2][CH2][CH2][CH2][CH2][CH2][CH2][CH]=[CH][CH]([OH])[CH]([CH2][OH])[N]=[C]([OH])[CH]([OH])[CH2][CH2][CH2][CH3]
10536,[CH3][CH2][CH2][CH2][CH2][CH2][CH2][CH2][CH2][CH2][CH2][CH2][CH2][CH]=[CH][CH]([OH])[CH]([CH2][O][CH]1[O][CH]([CH2][OH])[CH]([OH])[CH]([OH])[CH]1[OH])[N]=[C]([OH])[CH]([OH])[CH2][CH2][CH2][CH3]
10537,[CH3][CH2][CH2][CH2][CH2][CH2][CH2][CH2][CH2][CH2][CH2][CH2][CH2][CH2][CH2][CH]([OH])[CH]([CH2][OH])[N]=[C]([OH])[CH]([OH])[CH2][CH2][CH2][CH3]
10538,[CH3][CH2][CH2][CH2][CH2][CH2][CH2][CH2][CH2][CH2][CH2][CH2][CH2][CH2][CH2][CH]([OH])[CH]([CH2][O][CH]1[O][CH]([CH2][OH])[CH]([OH])[CH]([OH])[CH]1[OH])[N]=[C]([OH])[CH]([OH])[CH2][CH2][CH2][CH3]
10539,[CH3][CH2][CH2][CH2][CH2][CH2][CH2][CH2][CH2][CH2][CH2][CH2][CH2][CH2][CH2][CH]([OH])[CH]([NH2])[CH2][O][CH]1[O][CH]([CH2][OH])[CH]([OH])[CH]([OH])[CH]1[OH]
10540,[CH3][CH2][CH2][CH2][CH2][CH2][CH2][CH2][CH2][CH2][CH2][CH2][CH2][C](=[O])[O][CH2][CH]([CH2][OH])[O][C](=[O])[CH2][CH2][CH2][CH2][CH2][CH2][CH2][CH2][CH2][CH2][CH2][CH2][CH3]
10541,[CH3][CH2][CH2][CH2][CH2][CH2][CH2][CH2][CH2][CH2][CH2][c]1[cH][c]([OH])[cH][c](=[O])[o]1
10542,[CH3][CH2][CH2][CH2][CH2][CH]=[CH][CH2][CH]([CH]=[CH][CH]=[CH][CH2][CH2][CH2][CH2][CH2][CH2][C](=[O])[OH])[O][OH]
10543,[CH3][CH2][CH]=[CH][CH2][CH]=[CH][CH2][CH]([CH]=[CH][CH]=[CH][CH2][CH]=[CH][CH2][CH]=[CH][CH2][CH2][C](=[O])[OH])[O][OH]
10544,[CH3][CH2][CH2][CH2][CH2][CH]=[CH][CH2][CH]([CH]=[CH][CH]=[CH][CH2][CH2][CH2][CH2][C](=[O])[OH])[O][OH]
10545,[CH3][CH2][CH2][CH2][CH2][CH]=[CH][CH2][CH]=[CH][CH]=[CH][CH]([CH2][CH]=[CH][CH2][CH2][CH2][C](=[O])[O][CH3])[O][OH]
10546,[CH3][CH2][CH2][CH2][CH2][CH2][CH2][C](=[O])[O][CH2][CH]([CH2][O][P](=[O])([OH])[O][CH]1[CH]([OH])[CH]([O][P](=[O])([OH])[OH])[CH]([O][P](=[O])([OH])[OH])[CH]([O][P](=[O])([OH])[OH])[CH]1[OH])[O][C](=[O])[CH2][CH2][CH2][CH2][CH2][CH2][CH3]
10547,[CH3][CH2][CH2][CH2][CH2][CH2][CH2][C](=[O])[O][CH2][CH]([CH2][O][P](=[O])([OH])[O][CH]1[CH]([OH])[CH]([OH])[CH]([O][P](=[O])([OH])[OH])[CH]([O][P](=[O])([OH])[OH])[CH]1[OH])[O][C](=[O])[CH2][CH2][CH2][CH2][CH2][CH2][CH3]
10548,[CH3][CH2][CH2][CH2][CH2][CH2][CH2][C](=[O])[O][CH2][CH]([CH2][O][P](=[O])([OH])[O][CH]1[CH]([OH])[CH]([OH])[CH]([O][P](=[O])([OH])[OH])[CH]([O][P](=[O])([OH])[OH])[CH]1[OH])[O][C](=[O])[CH2][CH2][CH2][CH2][CH2][CH2][CH3]
10549,[CH3][CH2][CH2][CH2][CH2][CH2][CH2][CH2][CH2][CH2][CH2][CH2][CH2][CH2][CH2][C](=[O])[O][CH2][CH]([CH2][O][P](=[O])([OH])[O][CH]1[CH]([OH])[CH]([O][P](=[O])([OH])[OH])[CH]([O][P](=[O])([OH])[OH])[CH]([O][P](=[O])([OH])[OH])[CH]1[OH])[O][C](=[O])[CH2][CH2][CH2][CH2][CH2][CH2][CH2][CH2][CH2][CH2][CH2][CH2][CH2][CH2][CH3]
10550,[CH3][CH2][CH2][CH2][CH2][CH2][CH2][CH2][CH2][CH2][CH2][CH2][CH2][CH2][CH2][C](=[O])[O][CH2][CH]([CH2][O][P](=[O])([OH])[O][CH]1[CH]([OH])[CH]([OH])[CH]([O][P](=[O])([OH])[OH])[CH]([O][P](=[O])([OH])[OH])[CH]1[OH])[O][C](=[O])[CH2][CH2][CH2][CH2][CH2][CH2][CH2][CH2][CH2][CH2][CH2][CH2][CH2][CH2][CH3]
10551,[CH3][CH2][CH2][CH2][CH2][CH2][CH2][CH2][CH2][CH2][CH2][CH2][CH2][CH2][CH2][C](=[O])[O][CH2][CH]([CH2][O][P](=[O])([OH])[O][CH]1[CH]([OH])[CH]([OH])[CH]([O][P](=[O])([OH])[OH])[CH]([O][P](=[O])([OH])[OH])[CH]1[OH])[O][C](=[O])[CH2][CH2][CH2][CH2][CH2][CH2][CH2][CH2][CH2][CH2][CH2][CH2][CH2][CH2][CH3]
10552,[CH3][CH2][CH2][CH2][CH2][CH2][CH2][CH2][CH2][CH2][CH2][CH2][CH2][CH2][CH2][CH2][CH2][CH2][CH2][CH2][CH2][CH2][CH]([C](=[O])[OH])[C](=[O])[S][CH2][CH2][N]=[C]([OH])[CH2][CH2][N]=[C]([OH])[CH]([OH])[C]([CH3])([CH3])[CH2][O][P](=[O])([OH])[O][P](=[O])([OH])[O][CH2][CH]1[O][CH]([n]2[cH][n][c]3[c]([NH2])[n][cH][n][c]32)[CH]([OH])[CH]1[O][P](=[O])([OH])[OH]
10553,[CH3][CH2][CH2][CH2][CH2][CH]=[CH][CH2][CH]=[CH][CH2][CH2][CH2][CH2][CH2][CH2][CH2][C](=[O])[O][CH2][CH]([CH2][O][P](=[O])([OH])[O][CH2][CH]([OH])[CH2][O][P](=[O])([OH])[O][CH2][CH]([CH2][O][C](=[O])[CH2][CH2][CH2][CH2][CH2][CH2][CH2][CH]=[CH][CH2][CH]=[CH][CH2][CH2][CH2][CH2][CH3])[O][C](=[O])[CH2][CH2][CH2][CH2][CH2][CH2][CH2][CH]=[CH][CH2][CH]=[CH][CH2][CH2][CH2][CH2][CH3])[O][C](=[O])[CH2][CH2][CH2][CH2][CH2][CH2][CH2][CH]=[CH][CH2][CH]=[CH][CH2][CH2][CH2][CH2][CH3]
10554,[CH3][CH2][CH2][CH2][CH2][CH]=[CH][CH2][CH]=[CH][CH2][CH2][CH2][CH2][CH2][CH2][CH2][C](=[O])[O][CH2][CH]([OH])[CH2][O][P](=[O])([OH])[O][CH2][CH]([OH])[CH2][O][P](=[O])([OH])[O][CH2][CH]([CH2][O][C](=[O])[CH2][CH2][CH2][CH2][CH2][CH2][CH2][CH]=[CH][CH2][CH]=[CH][CH2][CH2][CH2][CH2][CH3])[O][C](=[O])[CH2][CH2][CH2][CH2][CH2][CH2][CH2][CH]=[CH][CH2][CH]=[CH][CH2][CH2][CH2][CH2][CH3]
10555,[CH3][CH2][CH2][CH2][CH2][CH]=[CH][CH2][CH]=[CH][CH2][CH2][CH2][CH2][CH2][CH2][CH2][C](=[O])[O][CH2][CH]([CH2][O][P](=[O])([OH])[O][CH2][CH]([OH])[CH2][O][P](=[O])([OH])[O][CH2][CH]([CH2][O][C](=[O])[CH2][CH2][CH2][CH2][CH2][CH2][CH2][CH]=[CH][CH2][CH]=[CH][CH2][CH2][CH2][CH2][CH3])[O][C](=[O])[CH2][CH2][CH2][CH2][CH2][CH2][CH2][CH]=[CH][CH2][CH2][CH2][CH2][CH2][CH2][CH2][CH3])[O][C](=[O])[CH2][CH2][CH2][CH2][CH2][CH2][CH2][CH]=[CH][CH2][CH]=[CH][CH2][CH2][CH2][CH2][CH3]
10556,[CH3][CH2][CH2][CH2][CH2][CH]=[CH][CH2][CH]=[CH][CH2][CH2][CH2][CH2][CH2][CH2][CH2][C](=[O])[O][CH2][CH]([CH2][O][P](=[O])([OH])[O][CH2][CH]([OH])[CH2][O][P](=[O])([OH])[O][CH2][CH]([CH2][O][C](=[O])[CH2][CH2][CH2][CH2][CH2][CH2][CH2][CH]=[CH][CH2][CH]=[CH][CH2][CH2][CH2][CH2][CH3])[O][C](=[O])[CH2][CH2][CH2][CH2][CH2][CH2][CH2][CH2][CH2][CH2][CH2][CH2][CH2][CH2][CH3])[O][C](=[O])[CH2][CH2][CH2][CH2][CH2][CH2][CH2][CH]=[CH][CH2][CH]=[CH][CH2][CH2][CH2][CH2][CH3]
10557,[CH3][CH2][CH2][CH2][CH2][CH2][CH2][CH2][CH2][CH2][CH2][CH2][CH2][C](=[O])[O][P](=[O])([OH])[O][CH2][CH]1[O][CH]([n]2[cH][n][c]3[c]([NH2])[n][cH][n][c]32)[CH]([OH])[CH]1[OH]
10558,[CH3][CH2][CH2][CH2][CH2][CH2][CH2][CH2][CH2][CH2][CH2][C](=[O])[O][P](=[O])([OH])[O][CH2][CH]1[O][CH]([n]2[cH][n][c]3[c]([NH2])[n][cH][n][c]32)[CH]([OH])[CH]1[OH]
10559,[CH3][CH2][CH2][CH2][CH2][CH]=[CH][CH2][CH]=[CH][CH2][CH2][CH2][CH2][CH2][CH2][CH2][C](=[O])[O][CH2][CH]([CH2][O][P](=[O])([OH])[O][CH2][CH]([OH])[CH2][O][P](=[O])([OH])[O][CH2][CH]([CH2][OH])[O][C](=[O])[CH2][CH2][CH2][CH2][CH2][CH2][CH2][CH]=[CH][CH2][CH]=[CH][CH2][CH2][CH2][CH2][CH3])[O][C](=[O])[CH2][CH2][CH2][CH2][CH2][CH2][CH2][CH]=[CH][CH2][CH]=[CH][CH2][CH2][CH2][CH2][CH3]
10560,[CH3][CH2][CH2][CH2][CH2][CH2][CH]=[CH][CH2][CH2][CH2][CH2][CH2][CH2][CH2][C](=[O])[O][CH2][CH]([CH2][O][P](=[O])([OH])[O][CH2][CH2][N+]([CH3])([CH3])[CH3])[O][C](=[O])[CH2][CH2][CH2][CH2][CH2][CH2][CH2][CH]=[CH][CH2][CH2][CH2][CH2][CH2][CH3]
10561,[CH3][CH2][CH2][CH2][CH2][CH2][CH]=[CH][CH2][CH2][CH2][CH2][CH2][CH2][CH2][C](=[O])[O][CH2][CH]([OH])[CH2][O][P](=[O])([OH])[O][CH2][CH2][N+]([CH3])([CH3])[CH3]
10562,[CH3][CH2][CH2][CH2][CH2][CH2][CH2][CH2][CH2][CH2][CH2][CH2][CH2][CH2][CH2][CH2][CH2][C](=[O])[O][CH2][CH]([CH2][O][P](=[O])([OH])[O][CH2][CH2][N+]([CH3])([CH3])[CH3])[O][C](=[O])[CH2][CH2][CH2][CH2][CH2][CH2][CH2][CH2][CH2][CH2][CH2][CH2][CH2][CH2][CH2][CH2][CH3]
10563,[CH3][C]12[CH2][CH2][CH]([OH])[CH]([CH2][CH2][C](=[O])[OH])[CH]1[CH2][CH2][C]2=[O]
10564,[CH3][CH]([CH]=[O])[CH2][CH2][CH2][CH]([CH3])[CH]1[CH2][CH2][CH]2[CH]3[CH2][CH]=[C]4[CH2][CH]([OH])[CH2][CH2][C]4([CH3])[CH]3[CH2][CH2][C]12[CH3]
10565,[CH3][CH2][CH2][CH2][CH2][CH2][CH2][CH2][CH2][CH2][CH2][CH2][CH2][CH2][CH2][CH2][CH2][CH2][CH2][CH2][CH2][CH2][CH2][CH2][CH2][CH2][CH2][CH2][CH2][C](=[O])[CH2][C](=[O])[S][CH2][CH2][N]=[C]([OH])[CH2][CH2][N]=[C]([OH])[CH]([OH])[C]([CH3])([CH3])[CH2][O][P](=[O])([OH])[O][P](=[O])([OH])[O][CH2][CH]1[O][CH]([n]2[cH][n][c]3[c]([NH2])[n][cH][n][c]32)[CH]([OH])[CH]1[O][P](=[O])([OH])[OH]
10566,[CH3][c]1[cH][cH][c]([OH])[cH][c]1[CH2][CH2][CH]1[C](=[O])[CH2][CH2][C]2([CH3])[CH]([CH]([CH3])[C](=[O])[S][CH2][CH2][N]=[C]([OH])[CH2][CH2][N]=[C]([OH])[CH]([OH])[C]([CH3])([CH3])[CH2][O][P](=[O])([OH])[O][P](=[O])([OH])[O][CH2][CH]3[O][CH]([n]4[cH][n][c]5[c]([NH2])[n][cH][n][c]54)[CH]([OH])[CH]3[O][P](=[O])([OH])[OH])[CH2][CH2][CH]12
10567,[CH3][c]1[cH][cH][c]([OH])[cH][c]1[CH2][CH2][CH]1[C](=[O])[CH2][CH2][C]2([CH3])[CH]([CH]([CH3])[C](=[O])[OH])[CH2][CH2][CH]12
10568,[CH3][CH]([CH2][CH2][CH2][CH]([CH3])[CH]1[CH2][CH2][CH]2[CH]3[CH2][CH]=[C]4[CH2][CH]([OH])[CH2][CH2][C]4([CH3])[CH]3[CH2][CH2][C]12[CH3])[C](=[O])[S][CH2][CH2][N]=[C]([OH])[CH2][CH2][N]=[C]([OH])[CH]([OH])[C]([CH3])([CH3])[CH2][O][P](=[O])([OH])[O][P](=[O])([OH])[O][CH2][CH]1[O][CH]([n]2[cH][n][c]3[c]([NH2])[n][cH][n][c]32)[CH]([OH])[CH]1[O][P](=[O])([OH])[OH]
10569,[CH3][C]12[CH2][CH2][CH]3[CH]([CH]([OH])[CH2][CH]4[CH2][CH]([OH])[CH2][CH2][C]43[CH3])[CH]1[CH2][CH2][C]2=[O]
10570,[CH3][O][c]1[cH][c]2[c](=[O])[c](-[c]3[cH][c]4[c]([cH][c]3[O][CH3])[O][CH2][O]4)[cH][o][c]2[cH][c]1[O][CH]1[O][CH]([CH2][O][CH]2[O][CH2][C]([OH])([CH2][OH])[CH]2[OH])[CH]([OH])[CH]([OH])[CH]1[OH]
10571,[CH3][CH2][CH]([OH])[CH2][CH2][CH2][CH2][CH2][CH2][CH2][CH2][CH2][CH2][CH2][CH2][C](=[O])[OH]
10572,[CH3][CH]([OH])[CH2][CH2][CH2][CH2][CH2][CH2][CH2][CH2][CH2][CH2][CH2][CH2][CH2][C](=[O])[OH]
10573,[CH3][CH2][CH2][CH2][CH2][CH2][CH2][CH2][CH2][CH2][CH2][CH2][CH2][CH]([CH3])[CH2][C](=[O])[S][CH2][CH2][N]=[C]([OH])[CH2][CH2][N]=[C]([OH])[CH]([OH])[C]([CH3])([CH3])[CH2][O][P](=[O])([OH])[O][P](=[O])([OH])[O][CH2][CH]1[O][CH]([n]2[cH][n][c]3[c]([NH2])[n][cH][n][c]32)[CH]([OH])[CH]1[O][P](=[O])([OH])[OH]
10574,[CH3][CH2][CH2][CH2][CH2][CH2][CH2][CH2][CH2][CH2][CH2][CH2][CH2][CH2][CH2][C](=[O])[O][CH]1[CH]([O][CH]2[O][CH]([CH2][OH])[CH]([OH])[CH]([OH])[CH]2[OH])[O][CH]([CH2][OH])[CH]([OH])[CH]1[O][C](=[O])[CH2][CH2][CH2][CH2][CH2][CH2][CH2][CH2][CH2][CH2][CH2][CH2][CH2][CH2][CH3]
10575,[CH3][CH2][CH2][CH2][CH2][CH2][CH2][CH2][CH2][CH2][CH2][CH2][CH2][CH2][CH2][C](=[O])[O][CH2][CH2][CH2][CH2][CH2][CH2][CH2][CH3]
10576,[CH3][CH2][CH2][CH2][CH2][CH2][CH2][CH2][CH2][CH2][CH2][CH2][CH2][CH2][C](=[O])[OH]
10577,[CH3][CH2][CH2][CH2][CH2][CH2][CH2][CH2][CH2][CH2][C](=[O])[S][CH2][CH2][N]=[C]([OH])[CH2][CH2][N]=[C]([OH])[CH]([OH])[C]([CH3])([CH3])[CH2][O][P](=[O])([OH])[O][P](=[O])([OH])[O][CH2][CH]1[O][CH]([n]2[cH][n][c]3[c]([NH2])[n][cH][n][c]32)[CH]([OH])[CH]1[O][P](=[O])([OH])[OH]
10578,[CH3][CH2][CH2][CH2][CH2][CH2][CH2][CH2][CH2][CH2][CH2][CH2][CH2][CH2][CH2][CH2][C](=[O])[OH]
10579,[CH3][CH2][CH2][CH2][CH2][CH2][C](=[O])[S][CH2][CH2][N]=[C]([OH])[CH2][CH2][N]=[C]([OH])[CH]([OH])[C]([CH3])([CH3])[CH2][O][P](=[O])([OH])[O][P](=[O])([OH])[O][CH2][CH]1[O][CH]([n]2[cH][n][c]3[c]([NH2])[n][cH][n][c]32)[CH]([OH])[CH]1[O][P](=[O])([OH])[OH]
10580,[CH3][CH2][CH2][CH2][CH2][CH2][CH2][CH2][CH2][CH2][CH2][CH2][CH2][CH2][CH2][CH2][CH2][CH2][C](=[O])[OH]
10581,[CH3][CH2][CH2][CH2][CH2][CH2][CH2][CH2][CH2][CH2][CH2][CH2][CH2][CH2][CH2][C](=[O])[O][CH2][CH2][CH2][CH2][CH2][CH2][CH2][CH2][CH2][CH3]
10582,[CH3][CH2][CH2][CH2][CH2][CH2][CH2][CH2][CH2][CH2][CH2][CH2][CH2][CH2][CH2][C](=[O])[O][CH2][CH2][CH2][CH2][CH2][CH2][CH2][CH2][CH3]
10583,[CH3][CH2][CH2][CH2][CH2][CH2][CH2][CH2][CH2][OH]
10584,[CH3][CH2][CH2][CH2][CH2][CH2][CH2][CH2][CH2][CH2][CH2][CH2][CH2][CH2][CH2][CH2][CH2][CH2][CH2][CH2][O][C](=[O])[CH2][CH2][CH2][CH2][CH2][CH2][CH2][CH2][CH2][CH2][CH2][CH2][CH2][CH2][CH3]
10585,[CH3][CH2][CH2][CH2][CH2][CH2][CH2][CH2][CH2][CH2][CH2][CH2][CH2][CH2][CH2][CH2][CH2][CH2][O][C](=[O])[CH2][CH2][CH2][CH2][CH2][CH2][CH2][CH2][CH2][CH2][CH2][CH2][CH2][CH2][CH3]
10586,[CH3][CH2][CH2][CH2][CH2][CH2][CH2][CH2][CH2][CH2][CH2][CH2][CH2][CH2][CH2][C](=[O])[O][CH2][CH2][CH2][CH2][CH2][CH2][CH2][CH2][CH2][CH2][CH2][CH2][CH2][CH3]
10587,[CH3][CH2][CH2][CH2][CH2][CH2][CH2][CH2][CH2][CH2][CH2][CH2][CH2][CH2][CH2][CH2][O][C](=[O])[CH2][CH2][CH2][CH2][CH2][CH2][CH2][CH2][CH2][CH2][CH3]
10588,[O]=[P]([OH])([OH])[O][P](=[O])([OH])[O][P](=[O])([OH])[O][CH2][CH]1[O][CH]([OH])[CH]([OH])[CH]1[OH]
10589,[CH3][CH2][CH2][CH2][CH2][CH2][CH2][CH2][CH2][CH2][CH2][CH2][CH2][CH]=[O]
10590,[CH3][CH2][CH2][CH2][CH2][CH2][CH]=[CH][CH2][CH2][CH2][CH2][CH2][CH2][CH2][C](=[O])[O][CH2][CH]([OH])[CH2][O][P](=[O])([OH])[OH]
10591,[CH3][CH2][CH2][CH2][CH2][CH2][CH2][CH2][CH2][CH2][CH2][CH2][CH2][CH2][CH]([CH3])[C](=[O])[S][CH2][CH2][N]=[C]([OH])[CH2][CH2][N]=[C]([OH])[CH]([OH])[C]([CH3])([CH3])[CH2][O][P](=[O])([OH])[O][P](=[O])([OH])[O][CH2][CH]1[O][CH]([n]2[cH][n][c]3[c]([NH2])[n][cH][n][c]32)[CH]([OH])[CH]1[O][P](=[O])([OH])[OH]
10592,[CH3][CH2][CH2][CH2][CH2][CH2][CH2][CH2][CH2][CH2][CH2][CH2][CH2][CH2][CH]([CH3])[C](=[O])[OH]
10593,[CH3][CH2][CH2][CH2][CH2][CH2][CH2][CH2][CH]([CH3])[CH2][C](=[O])[S][CH2][CH2][N]=[C]([OH])[CH2][CH2][N]=[C]([OH])[CH]([OH])[C]([CH3])([CH3])[CH2][O][P](=[O])([OH])[O][P](=[O])([OH])[O][CH2][CH]1[O][CH]([n]2[cH][n][c]3[c]([NH2])[n][cH][n][c]32)[CH]([OH])[CH]1[O][P](=[O])([OH])[OH]
10594,[CH3][CH2][CH2][CH2][CH2][CH2][CH2][CH2][CH]([CH3])[CH2][C](=[O])[OH]
10595,[CH3][CH2][CH2][CH2][CH2][CH2][CH]([CH3])[CH2][CH2][CH2][CH2][CH2][CH2][CH2][CH2][CH2][CH2][C](=[O])[S][CH2][CH2][N]=[C]([OH])[CH2][CH2][N]=[C]([OH])[CH]([OH])[C]([CH3])([CH3])[CH2][O][P](=[O])([OH])[O][P](=[O])([OH])[O][CH2][CH]1[O][CH]([n]2[cH][n][c]3[c]([NH2])[n][cH][n][c]32)[CH]([OH])[CH]1[O][P](=[O])([OH])[OH]
10596,[CH3][CH2][CH2][CH2][CH2][CH2][CH]([CH3])[CH2][CH2][CH2][CH2][CH2][CH2][CH2][CH2][CH2][CH2][C](=[O])[OH]
10597,[CH3][CH]([CH3])[CH2][CH2][CH2][CH2][CH2][CH2][CH2][CH2][CH2][CH2][C](=[O])[S][CH2][CH2][N]=[C]([OH])[CH2][CH2][N]=[C]([OH])[CH]([OH])[C]([CH3])([CH3])[CH2][O][P](=[O])([OH])[O][P](=[O])([OH])[O][CH2][CH]1[O][CH]([n]2[cH][n][c]3[c]([NH2])[n][cH][n][c]32)[CH]([OH])[CH]1[O][P](=[O])([OH])[OH]
10598,[CH3][CH]([CH3])[CH2][CH2][CH2][CH2][CH2][CH2][CH2][CH2][CH2][CH2][C](=[O])[OH]
10599,[CH3][CH2][CH2][CH2][CH2][CH2][CH2][CH2][CH2][CH2][CH2][CH]([OH])[CH2][C](=[O])[S][CH2][CH2][N]=[C]([OH])[CH2][CH2][N]=[C]([OH])[CH]([OH])[C]([CH3])([CH3])[CH2][O][P](=[O])([OH])[O][P](=[O])([OH])[O][CH2][CH]1[O][CH]([n]2[cH][n][c]3[c]([NH2])[n][cH][n][c]32)[CH]([OH])[CH]1[O][P](=[O])([OH])[OH]
10600,[CH3][CH2][CH2][CH2][CH2][CH2][CH2][CH2][CH2][CH2][CH2][CH]([OH])[CH2][C](=[O])[OH]
10601,[CH3][CH2][CH2][CH2][CH2][CH2][CH]([OH])[CH2][CH2][CH2][CH2][CH2][CH2][CH2][CH2][CH2][CH2][C](=[O])[S][CH2][CH2][N]=[C]([OH])[CH2][CH2][N]=[C]([OH])[CH]([OH])[C]([CH3])([CH3])[CH2][O][P](=[O])([OH])[O][P](=[O])([OH])[O][CH2][CH]1[O][CH]([n]2[cH][n][c]3[c]([NH2])[n][cH][n][c]32)[CH]([OH])[CH]1[O][P](=[O])([OH])[OH]
10602,[CH3][CH2][CH2][CH2][CH2][CH2][CH]([OH])[CH2][CH2][CH2][CH2][CH2][CH2][CH2][CH2][CH2][CH2][C](=[O])[OH]
10603,[CH3][C]([CH3])([CH2][O][P](=[O])([OH])[O][P](=[O])([OH])[O][CH2][CH]1[O][CH]([n]2[cH][n][c]3[c]([NH2])[n][cH][n][c]32)[CH]([OH])[CH]1[O][P](=[O])([OH])[OH])[CH]([OH])[C]([OH])=[N][CH2][CH2][C]([OH])=[N][CH2][CH2][S][C](=[O])[CH2][CH2][CH2][CH2][CH2][CH2][CH2][CH2][CH2][CH2][CH2][CH2][CH2][CH2][OH]
10604,[O]=[C]([OH])[CH2][CH2][CH2][CH2][CH2][CH2][CH2][CH2][CH2][CH2][CH2][CH2][CH2][CH2][OH]
10605,[CH2]=[CH][CH2][CH2][CH2][CH2][CH2][CH2][CH2][C](=[O])[S][CH2][CH2][N]=[C]([OH])[CH2][CH2][N]=[C]([OH])[CH]([OH])[C]([CH3])([CH3])[CH2][O][P](=[O])([OH])[O][P](=[O])([OH])[O][CH2][CH]1[O][CH]([n]2[cH][n][c]3[c]([NH2])[n][cH][n][c]32)[CH]([OH])[CH]1[O][P](=[O])([OH])[OH]
10606,[CH2]=[CH][CH2][CH2][CH2][CH2][CH2][CH2][CH2][C](=[O])[OH]
10607,[CH3][CH2][CH2][CH2][CH2][CH2][CH2][CH2][CH]=[CH][CH2][CH2][CH2][CH2][CH2][CH2][CH2][C](=[O])[O][CH2][CH]([CH2][O][P](=[O])([OH])[O][CH2][CH2][NH2])[O][C](=[O])[CH2][CH2][CH2][CH2][CH2][CH2][CH2][CH2][CH2][CH2][CH2][CH2][CH2][CH2][CH2][CH2][CH3]
10608,[CH3][CH2][CH2][CH2][CH2][CH2][CH2][CH2][CH2][CH2][CH2][CH2][CH2][CH2][CH2][c]1[cH][c]([OH])[cH][c](=[O])[o]1
10609,[CH3][CH2][CH2][CH2][CH2][CH2][CH2][CH2][CH2][CH2][CH2][CH2][CH2][CH2][CH2][CH2][CH2][CH2][CH2][c]1[cH][c]([OH])[cH][c](=[O])[o]1
10610,[CH3][CH2][CH2][CH2][CH2][CH2][CH2][CH2][CH2][CH2][CH2][CH2][CH2][CH2][CH2][C](=[O])[CH2][c]1[cH][c]([OH])[cH][c](=[O])[o]1
10611,[CH3][CH2][CH2][CH2][CH2][CH2][CH2][CH2][CH2][CH2][CH2][CH2][CH2][CH2][CH2][CH2][CH2][C](=[O])[CH2][c]1[cH][c]([OH])[cH][c](=[O])[o]1
10612,[CH3][CH2][CH2][CH2][CH2][CH2][CH2][CH2][CH2][CH2][CH2][CH2][CH2][CH2][CH2][CH2][CH2][CH2][CH2][C](=[O])[CH2][c]1[cH][c]([OH])[cH][c](=[O])[o]1
10613,[CH3][CH2][CH2][CH2][CH2][CH2][CH2][CH2][CH2][CH2][CH2][CH2][CH2][CH2][CH2][CH2][CH2][c]1[cH][c]([OH])[cH][c](=[O])[o]1
10614,[CH3][CH2][CH2][CH2][CH2][CH2][CH2][c]1[cH][c]([OH])[cH][c](=[O])[o]1
10615,[CH3][CH2][CH2][CH2][CH2][CH2][CH2][CH2][CH2][CH2][CH2][CH2][CH2][CH2][CH2][c]1[o][c](=[O])[cH][c]([OH])[c]1[CH3]
10616,[CH3][CH2][CH2][CH2][CH2][CH2][CH2][CH2][CH2][CH2][CH2][CH2][CH2][CH2][CH2][CH2][CH2][c]1[o][c](=[O])[cH][c]([OH])[c]1[CH3]
10617,[CH3][CH2][CH2][CH2][CH2][CH2][CH2][CH2][CH]=[CH][CH2][CH2][CH2][CH2][CH2][CH2][CH2][C](=[O])[O][CH]([CH2][O][C](=[O])[CH2][CH2][CH2][CH2][CH2][CH2][CH2][CH2][CH2][CH2][CH2][CH2][CH3])[CH2][O][P](=[O])([OH])[O][CH2][CH2][NH2]
10618,[CH3][CH2][CH2][CH2][CH2][CH2][CH2][CH2][CH2][CH2][CH2][CH2][CH2][C](=[O])[O][CH2][CH]([OH])[CH2][O][P](=[O])([OH])[O][CH2][CH2][NH2]
10619,[CH3][CH2][CH2][C](=[O])[O][CH2][CH]([OH])[CH2][OH]
10620,[CH3][CH2][CH2][CH2][CH2][CH2][CH2][C](=[O])[O][CH2][CH]([OH])[CH2][OH]
10621,[CH3][CH2][CH2][CH2][CH2][CH2][CH2][CH2][CH2][CH2][CH2][CH2][CH2][CH2][CH2][CH2][C](=[O])[O][CH2][CH]([CH2][O][P](=[O])([OH])[OH])[O][C](=[O])[CH2][CH2][CH2][CH2][CH2][CH2][CH2][CH2][CH2][CH2][CH3]
10622,[CH3][CH2][CH2][CH2][CH2][CH2][CH2][CH2][CH2][CH2][CH2][CH2][CH2][CH2][CH2][CH2][C](=[O])[O][CH2][CH]([CH2][O][P](=[O])([OH])[OH])[O][C](=[O])[CH2][CH2][CH2][CH2][CH2][CH2][CH2][CH2][CH2][CH2][CH2][CH2][CH3]
10623,[CH3][CH2][CH2][CH2][CH2][CH2][CH2][CH2][CH2][CH2][CH2][CH2][CH2][CH2][CH2][CH2][CH2][C](=[O])[O][CH]([CH2][O][C](=[O])[CH2][CH2][CH2][CH2][CH2][CH2][CH2][CH2][CH2][CH2][CH2][CH2][CH2][CH2][CH2][CH3])[CH2][O][P](=[O])([OH])[OH]
10624,[CH3][CH2][CH2][CH2][CH2][CH2][CH2][CH2][CH2][CH2][CH2][CH2][CH2][CH2][CH2][CH2][C](=[O])[O][CH2][CH]([CH2][O][P](=[O])([OH])[OH])[O][C](=[O])[CH2][CH2][CH2][CH2][CH2][CH2][CH2][CH2][CH2][CH2][CH2][CH2][CH2][CH2][CH3]
10625,[CH3][CH2][CH2][CH2][CH2][CH2][CH2][CH2][CH2][CH2][CH2][CH2][CH2][CH2][CH2][CH2][C](=[O])[O][CH2][CH]([OH])[CH2][O][P](=[O])([OH])[O][CH2][CH]([NH2])[C](=[O])[OH]
10626,[CH3][CH2][CH2][CH2][CH2][CH]=[CH][CH2][CH]=[CH][CH2][CH]=[CH][CH2][CH]=[CH][CH2][CH2][CH2][C](=[O])[O][CH]([CH2][O][C](=[O])[CH2][CH2][CH2][CH2][CH2][CH2][CH2][CH2][CH2][CH2][CH2][CH2][CH2][CH2][CH2][CH3])[CH2][O][P](=[O])([OH])[O][CH2][CH]([NH2])[C](=[O])[OH]
10627,[CH3][CH2][CH2][CH2][CH2][CH2][CH2][CH2][CH2][CH2][CH2][CH2][CH2][CH2][CH2][CH2][CH2][C](=[O])[O][CH2][CH]([OH])[CH2][O][P](=[O])([OH])[O][CH2][CH]([NH2])[C](=[O])[OH]
10628,[CH3][CH2][CH2][CH2][CH2][CH]=[CH][CH2][CH]=[CH][CH2][CH2][CH2][CH2][CH2][CH2][CH2][C](=[O])[O][CH]([CH2][O][C](=[O])[CH2][CH2][CH2][CH2][CH2][CH2][CH2][CH2][CH2][CH2][CH2][CH2][CH2][CH2][CH2][CH2][CH3])[CH2][O][P](=[O])([OH])[O][CH2][CH]([NH2])[C](=[O])[OH]
10629,[CH3][CH2][CH2][CH2][CH2][CH2][CH2][CH2][CH2][CH2][CH2][CH2][CH2][CH2][CH2][CH2][C](=[O])[O][CH2][CH]([OH])[CH2][O][P](=[O])([OH])[O][CH2][CH2][N+]([CH3])([CH3])[CH3]
10630,[CH3][CH2][CH2][CH2][CH2][CH]=[CH][CH2][CH]=[CH][CH2][CH]=[CH][CH2][CH]=[CH][CH2][CH2][CH2][C](=[O])[O][CH]([CH2][O][C](=[O])[CH2][CH2][CH2][CH2][CH2][CH2][CH2][CH2][CH2][CH2][CH2][CH2][CH2][CH2][CH2][CH3])[CH2][O][P](=[O])([OH])[O][CH2][CH2][N+]([CH3])([CH3])[CH3]
10631,[CH3][CH2][CH2][CH2][CH2][CH2][CH2][CH2][CH2][CH2][CH2][CH2][CH2][CH2][CH2][CH2][C](=[O])[O][CH2][CH]([OH])[CH2][O][P](=[O])([OH])[O][CH2][CH2][NH2]
10632,[CH3][CH2][CH2][CH2][CH2][CH]=[CH][CH2][CH]=[CH][CH2][CH]=[CH][CH2][CH]=[CH][CH2][CH2][CH2][C](=[O])[O][CH]([CH2][O][C](=[O])[CH2][CH2][CH2][CH2][CH2][CH2][CH2][CH2][CH2][CH2][CH2][CH2][CH2][CH2][CH2][CH3])[CH2][O][P](=[O])([OH])[O][CH2][CH2][NH2]
10633,[CH3][CH2][CH2][CH2][CH2][CH2][CH2][CH2][CH2][C](=[O])[O][CH]([CH2][C](=[O])[OH])[CH2][N+]([CH3])([CH3])[CH3]
10634,[CH3][CH2][CH2][CH2][CH2][CH2][CH2][CH2][CH2][CH2][CH2][CH2][CH2][C](=[O])[O][CH]([CH2][C](=[O])[OH])[CH2][N+]([CH3])([CH3])[CH3]
10635,[CH3][CH2][CH2][CH2][CH2][CH2][CH2][CH2][CH2][CH2][CH2][CH2][CH2][CH2][CH2][CH2][CH2][C](=[O])[O][CH]([CH2][C](=[O])[OH])[CH2][N+]([CH3])([CH3])[CH3]
10636,[CH3][CH2][CH2][CH2][CH2][CH2][CH2][CH2][CH2][CH2][CH2][CH2][CH2][CH2][CH2][CH2][CH2][CH2][CH2][C](=[O])[O][CH]([CH2][C](=[O])[OH])[CH2][N+]([CH3])([CH3])[CH3]
10637,[CH3][CH2][CH2][CH2][CH]=[CH][CH2][CH2][CH2][CH2][CH2][CH2][CH2][C](=[O])[O][CH]([CH2][C](=[O])[OH])[CH2][N+]([CH3])([CH3])[CH3]
10638,[CH3][CH2][CH2][CH2][CH2][CH2][CH2][CH2][CH]=[CH][CH2][CH2][CH2][C](=[O])[O][CH]([CH2][C](=[O])[OH])[CH2][N+]([CH3])([CH3])[CH3]
10639,[CH3][CH2][CH2][CH2][CH2][CH2][CH2][CH2][CH]=[CH][CH2][CH2][CH2][CH2][CH2][CH2][CH2][C](=[O])[O][CH]([CH2][C](=[O])[OH])[CH2][N+]([CH3])([CH3])[CH3]
10640,[CH3][CH]([CH3])[CH2][CH2][CH2][CH]([CH3])[CH2][CH2][C](=[O])[O][CH]([CH2][C](=[O])[OH])[CH2][N+]([CH3])([CH3])[CH3]
10641,[CH3][CH2][CH2][CH2][CH2][CH]=[CH][CH2][CH]=[CH][CH2][CH2][CH2][CH2][CH2][CH2][CH2][C](=[O])[O][CH2][CH]([OH])[CH2][OH]
10642,[CH3][CH]=[CH][CH]=[CH][C](=[O])[S][CH2][CH2][N]=[C]([OH])[CH2][CH2][N]=[C]([OH])[CH]([OH])[C]([CH3])([CH3])[CH2][O][P](=[O])([OH])[O][P](=[O])([OH])[O][CH2][CH]1[O][CH]([n]2[cH][n][c]3[c]([NH2])[n][cH][n][c]32)[CH]([OH])[CH]1[O][P](=[O])([OH])[OH]
10643,[CH3][CH2][CH]=[CH][CH2][C](=[O])[S][CH2][CH2][N]=[C]([OH])[CH2][CH2][N]=[C]([OH])[CH]([OH])[C]([CH3])([CH3])[CH2][O][P](=[O])([OH])[O][P](=[O])([OH])[O][CH2][CH]1[O][CH]([n]2[cH][n][c]3[c]([NH2])[n][cH][n][c]32)[CH]([OH])[CH]1[O][P](=[O])([OH])[OH]
10644,[CH3][CH2][CH2][CH2][CH2][CH]=[CH][CH]=[CH][C](=[O])[S][CH2][CH2][N]=[C]([OH])[CH2][CH2][N]=[C]([OH])[CH]([OH])[C]([CH3])([CH3])[CH2][O][P](=[O])([OH])[O][P](=[O])([OH])[O][CH2][CH]1[O][CH]([n]2[cH][n][c]3[c]([NH2])[n][cH][n][c]32)[CH]([OH])[CH]1[O][P](=[O])([OH])[OH]
10645,[CH3][CH2][CH]=[CH][CH2][CH]=[CH][CH2][CH]=[CH][CH2][CH]=[CH][CH2][CH]=[CH][CH2][CH2][CH]=[CH][CH2][C](=[O])[S][CH2][CH2][N]=[C]([OH])[CH2][CH2][N]=[C]([OH])[CH]([OH])[C]([CH3])([CH3])[CH2][O][P](=[O])([OH])[O][P](=[O])([OH])[O][CH2][CH]1[O][CH]([n]2[cH][n][c]3[c]([NH2])[n][cH][n][c]32)[CH]([OH])[CH]1[O][P](=[O])([OH])[OH]
10646,[CH3][CH2][CH]=[CH][CH2][CH]=[CH][CH2][CH]=[CH][CH2][CH]=[CH][CH2][CH]=[CH][CH2][CH]=[CH][CH]=[CH][C](=[O])[S][CH2][CH2][N]=[C]([OH])[CH2][CH2][N]=[C]([OH])[CH]([OH])[C]([CH3])([CH3])[CH2][O][P](=[O])([OH])[O][P](=[O])([OH])[O][CH2][CH]1[O][CH]([n]2[cH][n][c]3[c]([NH2])[n][cH][n][c]32)[CH]([OH])[CH]1[O][P](=[O])([OH])[OH]
10647,[CH3][CH2][CH2][CH2][CH2][C](=[O])[O][CH]([CH2][C](=[O])[OH])[CH2][N+]([CH3])([CH3])[CH3]
10648,[CH3][CH]([CH3])[C](=[O])[O][CH]([CH2][C](=[O])[OH])[CH2][N+]([CH3])([CH3])[CH3]
10649,[CH3][CH2][CH]([CH3])[C](=[O])[O][CH]([CH2][C](=[O])[OH])[CH2][N+]([CH3])([CH3])[CH3]
10650,[CH3][C](=[O])[CH2][C](=[O])[O][CH]([CH2][C](=[O])[OH])[CH2][N+]([CH3])([CH3])[CH3]
10651,[CH3][CH]([OH])[CH2][C](=[O])[O][CH]([CH2][C](=[O])[OH])[CH2][N+]([CH3])([CH3])[CH3]
10652,[CH3][CH]([CH3])[CH2][CH2][CH2][CH]([CH3])[C](=[O])[O][CH]([CH2][C](=[O])[OH])[CH2][N+]([CH3])([CH3])[CH3]
10653,[CH3][CH]([CH3])[CH2][CH2][CH2][CH]([CH3])[C](=[O])[S][CH2][CH2][N]=[C]([OH])[CH2][CH2][N]=[C]([OH])[CH]([OH])[C]([CH3])([CH3])[CH2][O][P](=[O])([OH])[O][P](=[O])([OH])[O][CH2][CH]1[O][CH]([n]2[cH][n][c]3[c]([NH2])[n][cH][n][c]32)[CH]([OH])[CH]1[O][P](=[O])([OH])[OH]
10654,[CH3][CH2][CH2][CH2][CH2][CH2][CH2][CH2][CH2][CH2][CH2][CH2][CH2][CH2][CH2][CH2][CH2][C]([OH])=[N][CH]([CH2][OH])[CH]([OH])[CH]([OH])[CH2][CH2][CH2][CH2][CH2][CH2][CH2][CH2][CH2][CH2][CH2][CH2][CH2][CH3]
10655,[CH3][CH]=[CH][C](=[O])[O][CH]([CH2][C](=[O])[OH])[CH2][N+]([CH3])([CH3])[CH3]
10656,[CH3][CH2][CH2][CH2][CH2][CH2][CH2][CH2][CH2][CH2][CH2][CH2][CH2][CH2][CH2][C]([OH])=[N][CH2][CH2][OH]
10657,[NH]=[C]([OH])[CH]1[O][CH]1[C]([OH])=[N][CH]([CH2][NH2])[C](=[O])[OH]
10658,[CH3][CH2][CH2][CH2][CH2][CH2][CH2][CH2][CH2][CH2][CH2][CH2][CH2][CH]=[CH][CH]([OH])[CH]([CH2][OH])[N]=[C]([OH])[CH2][CH2][CH2][CH2][CH2][CH2][CH3]
10659,[CH3][c]1[c]([OH])[cH][c]2[c]([c]1[CH3])[O][C]([CH3])([CH2][CH2][CH2][CH]([CH3])[CH2][CH2][CH2][CH]([CH3])[CH2][CH2][CH2][CH]([CH3])[CH2][OH])[CH2][CH2]2
10660,[CH3][CH2][CH2][CH2][CH2][CH2][CH2][CH2][CH]=[CH][CH2][CH2][CH2][CH2][CH2][CH2][CH2][C](=[O])[O][CH2][CH]([CH2][O][P](=[O])([OH])[O][CH2][CH2][N]=[C]([OH])[CH2][CH2][CH2][CH2][CH2][CH2][CH2][CH2][CH2][CH2][CH2][CH2][CH2][CH2][CH3])[O][C](=[O])[CH2][CH2][CH2][CH2][CH2][CH2][CH2][CH]=[CH][CH2][CH2][CH2][CH2][CH2][CH2][CH2][CH3]
10661,[CH3][CH2][CH2][CH2][CH2][CH]=[CH][CH2][CH]=[CH][CH2][CH]=[CH][CH2][CH2][CH]=[CH][CH]=[CH][C](=[O])[S][CH2][CH2][N]=[C]([OH])[CH2][CH2][N]=[C]([OH])[CH]([OH])[C]([CH3])([CH3])[CH2][O][P](=[O])([OH])[O][P](=[O])([OH])[O][CH2][CH]1[O][CH]([n]2[cH][n][c]3[c]([NH2])[n][cH][n][c]32)[CH]([OH])[CH]1[O][P](=[O])([OH])[OH]
10662,[CH3][CH2][CH2][CH2][CH2][CH]=[CH][CH2][CH]=[CH][CH2][CH]=[CH][CH2][CH]=[CH][CH]=[CH][CH2][C](=[O])[S][CH2][CH2][N]=[C]([OH])[CH2][CH2][N]=[C]([OH])[CH]([OH])[C]([CH3])([CH3])[CH2][O][P](=[O])([OH])[O][P](=[O])([OH])[O][CH2][CH]1[O][CH]([n]2[cH][n][c]3[c]([NH2])[n][cH][n][c]32)[CH]([OH])[CH]1[O][P](=[O])([OH])[OH]
10663,[CH3][CH2][CH]=[CH][CH]=[CH][CH2][C](=[O])[S][CH2][CH2][N]=[C]([OH])[CH2][CH2][N]=[C]([OH])[CH]([OH])[C]([CH3])([CH3])[CH2][O][P](=[O])([OH])[O][P](=[O])([OH])[O][CH2][CH]1[O][CH]([n]2[cH][n][c]3[c]([NH2])[n][cH][n][c]32)[CH]([OH])[CH]1[O][P](=[O])([OH])[OH]
10664,[CH3][CH2][CH2][CH]=[CH][CH]=[CH][C](=[O])[S][CH2][CH2][N]=[C]([OH])[CH2][CH2][N]=[C]([OH])[CH]([OH])[C]([CH3])([CH3])[CH2][O][P](=[O])([OH])[O][P](=[O])([OH])[O][CH2][CH]1[O][CH]([n]2[cH][n][c]3[c]([NH2])[n][cH][n][c]32)[CH]([OH])[CH]1[O][P](=[O])([OH])[OH]
10665,[CH3][CH2][CH2][CH2][CH2][CH2][CH]([CH2][CH]=[CH][CH2][CH2][CH2][CH2][CH2][CH2][CH2][C](=[O])[OH])[O][P](=[O])([OH])[OH]
10666,[CH3][CH2][CH2][CH2][CH2][CH2][CH]([OH])[CH2][CH]=[CH][CH2][CH2][CH2][CH2][CH2][CH2][CH2][C](=[O])[OH]
10667,[CH3][CH2][CH2][CH2][CH2][CH2][CH]([CH2][CH]=[CH][CH2][CH2][CH2][CH2][CH2][CH2][CH2][C](=[O])[OH])[O][P](=[O])([OH])[OH]
10668,[CH3][CH2][CH2][CH2][CH2][CH2][CH]([OH])[CH2][CH]=[CH][CH2][CH2][CH2][CH2][CH2][CH2][CH2][C](=[O])[OH]
10669,[CH3][CH2][CH2][CH2][CH2][CH2][CH]([CH2][CH2][CH2][CH2][CH2][CH2][CH2][CH2][CH2][CH2][C](=[O])[OH])[O][P](=[O])([OH])[OH]
10670,[CH3][CH2][CH2][CH2][CH2][CH]([CH]=[CH][CH]1[CH]2[CH2][CH]([O][O]2)[CH]1[CH2][CH]=[CH][CH2][CH2][CH2][C](=[O])[O][CH]([CH2][OH])[CH2][OH])[O][OH]
10671,[CH3][CH2][CH2][CH2][CH2][CH]([OH])[CH]=[CH][CH]1[CH]2[CH2][CH]([O][O]2)[CH]1[CH2][CH]=[CH][CH2][CH2][CH2][C](=[O])[O][CH]([CH2][OH])[CH2][OH]
10672,[CH3][CH2][CH2][CH2][CH2][CH]([OH])[CH]=[CH][CH]1[C](=[O])[CH2][CH]([OH])[CH]1[CH2][CH]=[CH][CH2][CH2][CH2][C]([OH])=[N][CH2][CH2][OH]
10673,[CH3][CH2][CH2][CH2][CH2][CH]([OH])[CH]=[CH][CH]1[CH]([OH])[CH2][CH]([OH])[CH]1[CH2][CH]=[CH][CH2][CH2][CH2][C]([OH])=[N][CH2][CH2][OH]
10674,[CH3][CH2][CH2][CH2][CH2][CH2][CH2][CH2][CH]=[CH][CH2][CH2][CH2][CH2][CH2][CH2][CH2][CH2][CH2][CH2][CH2][CH2][CH2][C]([OH])=[N][CH]([CH2][O][P](=[O])([OH])[O][CH2][CH2][N+]([CH3])([CH3])[CH3])[CH]([OH])[CH]=[CH][CH2][CH2][CH2][CH2][CH2][CH2][CH2][CH2][CH2][CH2][CH2][CH2][CH3]
10675,[CH3][CH2][CH2][CH2][CH2][CH2][CH2][CH2][CH2][CH2][CH2][CH2][CH2][CH]=[CH][CH]([OH])[CH]([CH2][O][P](=[O])([OH])[O][CH2][CH2][N+]([CH3])([CH3])[CH3])[N]=[C]([OH])[CH2][CH2][CH2][CH2][CH2][CH2][CH2][CH2][CH2][CH2][CH2][CH2][CH2][CH2][CH2][CH2][CH2][CH2][CH2][CH2][CH2][CH2][CH3]
10676,[NH]=[C]1[N]=[C]([OH])[CH]2[N]=[C]([OH])[CH2][N]=[C]2[NH]1
10677,[CH3][CH2][CH2][CH2][CH2][CH]=[CH][CH2][CH]=[CH][CH2][CH]=[CH][CH2][CH]=[CH][CH2][CH2][CH2][C]([OH])=[N][CH]([CH2][OH])[CH]([OH])[CH]=[CH][CH2][CH2][CH2][CH2][CH2][CH2][CH2][CH2][CH2][CH2][CH2][CH2][CH3]
10678,[CH3][CH2][CH2][CH2][CH2][CH2][CH2][CH2][CH]=[CH][CH2][CH2][CH2][CH2][CH2][CH2][CH2][CH2][CH2][C]([OH])=[N][CH]([CH2][OH])[CH]([OH])[CH]=[CH][CH2][CH2][CH2][CH2][CH2][CH2][CH2][CH2][CH2][CH2][CH2][CH2][CH3]
10679,[CH3][CH2][CH2][CH2][CH2][CH2][CH2][CH2][CH]=[CH][CH2][CH2][CH2][CH2][CH2][CH2][CH2][CH2][CH2][C](=[O])[OH]
10680,[CH3][CH2][CH2][CH2][CH2][CH2][CH2][CH2][CH]=[CH][CH2][CH2][CH2][CH2][CH2][CH2][CH2][CH2][CH2][C]([OH])=[N][CH]([CH2][OH])[CH]([OH])[CH2][CH2][CH2][CH2][CH2][CH2][CH2][CH2][CH2][CH2][CH2][CH2][CH2][CH2][CH3]
10681,[CH3][CH2][CH2][CH2][CH2][CH2][CH2][CH2][CH]=[CH][CH2][CH2][CH2][CH2][CH2][CH2][CH2][CH2][CH2][C]([OH])=[N][CH]([CH2][OH])[CH]([OH])[CH]([OH])[CH2][CH2][CH2][CH2][CH2][CH2][CH2][CH2][CH2][CH2][CH2][CH2][CH2][CH3]
10682,[CH3][CH2][CH2][CH2][CH2][CH2][CH2][CH2][CH]=[CH][CH2][CH2][CH2][CH2][CH2][CH2][CH2][C]([OH])=[N][CH]([CH2][OH])[CH]([OH])[CH]([OH])[CH2][CH2][CH2][CH2][CH2][CH2][CH2][CH2][CH2][CH2][CH2][CH2][CH2][CH3]
10683,[CH3][CH2][CH2][CH2][CH2][CH]=[CH][CH2][CH]=[CH][CH2][CH]=[CH][CH2][CH]=[CH][CH2][CH2][CH2][C]([OH])=[N][CH]([CH2][OH])[CH]([OH])[CH2][CH2][CH2][CH2][CH2][CH2][CH2][CH2][CH2][CH2][CH2][CH2][CH2][CH2][CH3]
10684,[CH3][CH2][CH2][CH2][CH2][CH]=[CH][CH2][CH]=[CH][CH2][CH]=[CH][CH2][CH]=[CH][CH2][CH2][CH2][C]([OH])=[N][CH]([CH2][OH])[CH]([OH])[CH]([OH])[CH2][CH2][CH2][CH2][CH2][CH2][CH2][CH2][CH2][CH2][CH2][CH2][CH2][CH3]
10685,[CH3][CH2][CH2][CH2][CH2][CH2][CH2][CH2][CH]=[CH][CH2][CH2][CH2][CH2][CH2][CH2][CH2][C](=[O])[O][CH2][CH]([OH])[CH2][O][P](=[O])([OH])[O][CH2][CH2][N]=[C]([OH])[CH2][CH2][CH2][CH2][CH2][CH2][CH2][CH2][CH2][CH2][CH2][CH2][CH2][CH2][CH2][CH2][CH3]
10686,[CH3][CH2][CH2][CH2][CH2][CH2][CH2][CH2][CH2][CH2][CH2][CH2][CH2][CH2][CH2][CH2][CH2][C]([OH])=[N][CH2][CH2][O][P](=[O])([OH])[O][CH2][CH]([OH])[CH2][OH]
10687,[CH3][CH2][CH2][CH2][CH2][CH2][CH2][CH2][CH]=[CH][CH2][CH2][CH2][CH2][CH2][CH2][CH2][C](=[O])[O][CH2][CH]([OH])[CH2][O][P](=[O])([OH])[O][CH2][CH2][N]=[C]([OH])[CH2][CH2][CH2][CH2][CH2][CH2][CH2][CH]=[CH][CH2][CH2][CH2][CH2][CH2][CH2][CH2][CH3]
10688,[CH3][CH2][CH2][CH2][CH2][CH2][CH2][CH2][CH]=[CH][CH2][CH2][CH2][CH2][CH2][CH2][CH2][C]([OH])=[N][CH2][CH2][O][P](=[O])([OH])[O][CH2][CH]([OH])[CH2][OH]
10689,[CH3][CH2][CH2][CH2][CH2][CH]=[CH][CH2][CH]=[CH][CH2][CH]=[CH][CH2][CH]=[CH][CH2][CH2][CH2][C]([OH])=[N][CH2][CH2][O][P](=[O])([OH])[O][CH2][CH]([OH])[CH2][O][C](=[O])[CH2][CH2][CH2][CH2][CH2][CH2][CH2][CH]=[CH][CH2][CH2][CH2][CH2][CH2][CH2][CH2][CH3]
10690,[CH3][CH2][CH2][CH2][CH2][CH]=[CH][CH2][CH]=[CH][CH2][CH]=[CH][CH2][CH]=[CH][CH2][CH2][CH2][C]([OH])=[N][CH2][CH2][O][P](=[O])([OH])[O][CH2][CH]([OH])[CH2][OH]
10691,[CH3][CH2][CH2][CH2][CH2][CH]=[CH][CH2][CH]=[CH][CH2][CH]=[CH][CH2][CH]=[CH][CH2][CH2][CH2][C](=[O])[O][CH]([CH2][O][CH2][CH2][CH2][CH2][CH2][CH2][CH2][CH2][CH]=[CH][CH2][CH2][CH2][CH2][CH2][CH2][CH2][CH3])[CH2][O][P](=[O])([OH])[OH]
10692,[CH3][CH2][CH2][CH2][CH2][CH]([OH])[CH]=[CH][CH]1[C](=[O])[CH2][CH]([OH])[CH]1[CH2][CH]=[CH][CH2][CH2][CH2][C](=[O])[O][CH2][CH]([OH])[CH2][OH]
10693,[CH3][CH2][CH2][CH2][CH2][CH]=[CH][CH]=[C]1[C](=[O])[CH]=[CH][CH]1[CH2][CH]=[CH][CH2][CH2][CH2][C](=[O])[O][CH]([CH2][OH])[CH2][OH]
10694,[CH3][CH2][CH2][CH2][CH2][CH2][CH2][CH2][CH]=[CH][CH2][CH2][CH2][CH2][CH2][CH2][CH2][C](=[O])[O][CH2][CH]([OH])[CH2][O][P](=[O])([OH])[O][CH2][CH2][N]=[C]([OH])[CH2][CH2][CH2][CH2][CH2][CH2][CH2][CH2][CH2][CH2][CH2][CH2][CH2][CH2][CH3]
10695,[CH3][CH2][CH2][CH2][CH2][CH2][CH2][CH2][CH]=[CH][CH2][CH2][CH2][CH2][CH2][CH2][CH2][C]([OH])=[N][CH2][CH2][OH]
10696,[CH3][CH2][CH2][CH2][CH2][CH2][CH2][CH2][CH2][CH2][CH2][CH2][CH2][CH2][CH2][C]([OH])=[N][CH2][CH2][O][P](=[O])([OH])[O][CH2][CH]([OH])[CH2][OH]
10697,[CH3][CH2][CH2][CH2][CH2][CH2][CH2][CH2][CH2][CH2][CH2][CH2][CH2][CH2][CH2][CH2][CH2][CH2][CH2][C]([OH])=[N][CH2][CH2][O][P](=[O])([OH])[O][CH2][CH]([OH])[CH2][OH]
10698,[CH3][CH2][CH2][CH2][CH2][CH2][CH2][CH2][CH2][CH2][CH2][CH2][CH2][CH2][CH2][CH2][CH2][CH2][CH2][C]([OH])=[N][CH2][CH2][OH]
10699,[CH3][CH2][CH]=[CH][CH2][CH]=[CH][CH2][CH]=[CH][CH2][CH]=[CH][CH2][CH]=[CH][CH2][CH]=[CH][CH2][CH2][C]([OH])=[N][CH2][CH2][O][P](=[O])([OH])[O][CH2][CH]([OH])[CH2][OH]
10700,[CH3][CH2][CH]=[CH][CH2][CH]=[CH][CH2][CH]=[CH][CH2][CH]=[CH][CH2][CH]=[CH][CH2][CH]=[CH][CH2][CH2][C]([OH])=[N][CH2][CH2][OH]
10701,[CH3][CH2][CH2][CH2][CH2][CH2][CH2][CH2][CH2][CH2][CH2][CH2][CH2][CH2][CH2][CH]([OH])[CH]([CH2][OH])[N]=[C]([OH])[CH2][CH2][CH2][CH2][CH2][CH2][CH2][CH2][CH2][CH2][CH3]
10702,[CH3][CH2][CH2][CH2][CH2][CH2][CH2][CH2][CH2][CH2][CH2][CH2][CH2][C]([OH])=[N][CH2][CH2][OH]
10703,[CH3][CH2][CH2][CH2][CH2][CH2][CH2][CH2][CH2][CH2][CH2][C]([OH])=[N][CH2][CH2][OH]
10704,[CH3][CH2][CH2][CH2][CH2][CH2][CH2][CH2][CH2][CH2][CH2][CH2][CH2][CH2][CH2][C](=[O])[O][CH2][CH]([CH2][O][P](=[O])([OH])[O][CH2][CH]([OH])[CH2][OH])[O][C](=[O])[CH2][CH2][CH2][CH2][CH2][CH2][CH2][CH2][CH2][CH2][CH2][CH2][CH2][CH2][CH3]
10705,[CH3][CH2][CH2][CH2][CH2][CH2][CH2][CH2][CH2][CH2][CH2][CH2][CH2][CH2][CH2][C](=[O])[O][CH2][CH]([OH])[CH2][O][P](=[O])([OH])[O][CH2][CH]([OH])[CH2][OH]
10706,[CH3][CH2][CH2][CH2][CH2][CH]=[CH][CH2][CH]=[CH][CH2][CH]=[CH][CH2][CH]=[CH][CH2][CH2][CH2][C]([OH])=[N][CH2][CH2][O][P](=[O])([OH])[O][CH2][CH]([CH2][O][C](=[O])[CH2][CH2][CH2][CH2][CH2][CH2][CH2][CH]=[CH][CH2][CH2][CH2][CH2][CH2][CH2][CH2][CH3])[O][C](=[O])[CH2][CH2][CH2][CH2][CH2][CH2][CH2][CH]=[CH][CH2][CH2][CH2][CH2][CH2][CH2][CH2][CH3]
10707,[CH3][CH2][CH2][CH2][CH2][CH2][CH2][CH2][CH]=[CH][CH2][CH2][CH2][CH2][CH2][CH2][CH2][C](=[O])[O][CH2][CH]([CH2][O][P](=[O])([OH])[O][CH2][CH2][N]=[C]([OH])[CH2][CH2][CH2][CH2][CH2][CH2][CH2][CH]=[CH][CH2][CH2][CH2][CH2][CH2][CH2][CH2][CH3])[O][C](=[O])[CH2][CH2][CH2][CH2][CH2][CH2][CH2][CH]=[CH][CH2][CH2][CH2][CH2][CH2][CH2][CH2][CH3]
10708,[CH3][CH2][CH2][CH2][CH2][CH2][CH2][CH2][CH]=[CH][CH2][CH2][CH2][CH2][CH2][CH2][CH2][C](=[O])[O][CH2][CH]([CH2][O][P](=[O])([OH])[O][CH2][CH2][N]=[C]([OH])[CH2][CH2][CH2][CH2][CH2][CH2][CH2][CH2][CH2][CH2][CH2][CH2][CH2][CH2][CH2][CH2][CH3])[O][C](=[O])[CH2][CH2][CH2][CH2][CH2][CH2][CH2][CH]=[CH][CH2][CH2][CH2][CH2][CH2][CH2][CH2][CH3]
10709,[CH3][CH2][CH2][CH2][CH2][CH2][CH2][CH2][CH2][CH2][CH2][CH2][CH2][CH2][CH2][CH2][CH2][C]([OH])=[N][CH2][CH2][OH]
10710,[CH3][CH2][CH2][CH2][CH2][CH2][CH2][CH2][CH]=[CH][CH2][CH2][CH2][CH2][CH2][CH2][CH2][C](=[O])[O][CH2][CH]([CH2][O][P](=[O])([OH])[O][CH2][CH2][N]=[C]([OH])[CH2][CH2][CH2][CH2][CH2][CH2][CH2][CH2][CH2][CH2][CH2][CH2][CH3])[O][C](=[O])[CH2][CH2][CH2][CH2][CH2][CH2][CH2][CH]=[CH][CH2][CH2][CH2][CH2][CH2][CH2][CH2][CH3]
10711,[CH3][CH2][CH2][CH2][CH2][CH2][CH2][CH2][CH]=[CH][CH2][CH2][CH2][CH2][CH2][CH2][CH2][C](=[O])[O][CH2][CH]([CH2][O][P](=[O])([OH])[O][CH2][CH2][N]=[C]([OH])[CH2][CH2][CH2][CH2][CH2][CH2][CH2][CH2][CH2][CH2][CH3])[O][C](=[O])[CH2][CH2][CH2][CH2][CH2][CH2][CH2][CH]=[CH][CH2][CH2][CH2][CH2][CH2][CH2][CH2][CH3]
10712,[CH3][CH2][CH2][CH2][CH2][CH2][CH2][CH2][CH2][CH2][CH2][CH2][CH2][CH2][CH2][C](=[O])[O][CH2][CH]([OH])[CH2][O][P](=[O])([OH])[O][CH2][CH2][N]=[C]([OH])[CH2][CH2][CH2][CH2][CH2][CH2][CH2][CH2][CH2][CH2][CH2][CH2][CH2][CH2][CH3]
10713,[CH3][CH2][CH2][CH2][CH2][CH]=[CH][CH2][CH]=[CH][CH2][CH2][CH2][CH2][CH2][CH2][CH2][C](=[O])[O][CH]([CH2][O][C](=[O])[CH2][CH2][CH2][CH2][CH2][CH2][CH2][CH2][CH2][CH2][CH2][CH2][CH2][CH2][CH3])[CH2][O][P](=[O])([OH])[O][CH2][CH2][N]=[C]([OH])[CH2][CH2][CH2][CH2][CH2][CH2][CH2][CH2][CH2][CH2][CH2][CH2][CH2][CH2][CH3]
10714,[CH3][CH2][CH2][CH2][CH2][CH]=[CH][CH2][CH]=[CH][CH2][CH2][CH2][CH2][CH2][CH2][CH2][C](=[O])[O][CH]([CH2][O][C](=[O])[CH2][CH2][CH2][CH2][CH2][CH2][CH2][CH2][CH2][CH2][CH2][CH2][CH2][CH2][CH3])[CH2][O][P](=[O])([OH])[O][CH2][CH2][N]=[C]([OH])[CH2][CH2][CH2][CH2][CH2][CH2][CH2][CH2][CH3]
10715,[CH3][CH2][CH2][CH2][CH2][CH2][CH2][CH2][CH2][C]([OH])=[N][CH2][CH2][OH]
10716,[CH3][CH2][CH2][CH2][CH2][CH]=[CH][CH2][CH]=[CH][CH2][CH2][CH2][CH2][CH2][CH2][CH2][C](=[O])[O][CH]([CH2][O][C](=[O])[CH2][CH2][CH2][CH2][CH2][CH2][CH2][CH2][CH2][CH2][CH2][CH2][CH2][CH2][CH3])[CH2][O][P](=[O])([OH])[O][CH2][CH2][N]=[C]([OH])[CH2][CH2][CH2][CH2][CH2][CH2][CH3]
10717,[CH3][CH2][CH2][CH2][CH2][CH2][CH2][C]([OH])=[N][CH2][CH2][OH]
10718,[CH3][CH2][CH2][CH2][CH2][CH]=[CH][CH2][CH]=[CH][CH2][CH2][CH2][CH2][CH2][CH2][CH2][C](=[O])[O][CH]([CH2][O][C](=[O])[CH2][CH2][CH2][CH2][CH2][CH2][CH2][CH2][CH2][CH2][CH2][CH2][CH2][CH2][CH3])[CH2][O][P](=[O])([OH])[O][CH2][CH2][N]=[C]([OH])[CH2][CH2][CH2][CH2][CH3]
10719,[CH3][CH2][CH2][CH2][CH2][C]([OH])=[N][CH2][CH2][OH]
10720,[CH3][CH2][CH2][CH2][CH2][CH]=[CH][CH2][CH]=[CH][CH2][CH2][CH2][CH2][CH2][CH2][CH2][C](=[O])[O][CH]([CH2][O][C](=[O])[CH2][CH2][CH2][CH2][CH2][CH2][CH2][CH2][CH2][CH2][CH2][CH2][CH2][CH2][CH3])[CH2][O][P](=[O])([OH])[O][CH2][CH2][N]=[C]([OH])[CH2][CH2][CH3]
10721,[CH3][CH2][CH2][C]([OH])=[N][CH2][CH2][OH]
10722,[CH3][CH2][CH2][CH2][CH2][CH2][CH2][C](=[O])[O][CH2][CH]([CH2][O][P](=[O])([OH])[O][CH]1[CH]([OH])[CH]([O][P](=[O])([OH])[OH])[CH]([OH])[CH]([O][P](=[O])([OH])[OH])[CH]1[OH])[O][C](=[O])[CH2][CH2][CH2][CH2][CH2][CH2][CH3]
10723,[CH3][CH2][CH2][CH2][CH2][CH2][CH2][CH2][CH2][CH2][CH2][CH2][CH2][CH2][CH2][C](=[O])[O][CH2][CH]([CH2][O][P](=[O])([OH])[O][CH]1[CH]([OH])[CH]([OH])[CH]([OH])[CH]([O][P](=[O])([OH])[OH])[CH]1[OH])[O][C](=[O])[CH2][CH2][CH2][CH2][CH2][CH2][CH2][CH2][CH2][CH2][CH2][CH2][CH2][CH2][CH3]
10724,[CH3][CH2][CH2][CH2][CH2][CH2][CH2][CH2][CH2][CH2][CH2][CH2][CH2][CH]=[CH][CH]([OH])[CH]([CH2][O][P](=[O])([OH])[O][CH2][CH2][N+]([CH3])([CH3])[CH3])[N]=[C]([OH])[CH2][CH2][CH2][CH2][CH2][CH2][CH2][CH2][CH2][CH2][CH2][CH2][CH2][CH2][CH3]
10725,[CH3][CH2][CH2][CH2][CH2][CH]=[CH][CH2][CH]=[CH][CH2][CH]=[CH][CH2][CH]=[CH][CH2][CH2][CH2][C](=[O])[O][CH]([CH2][O][C](=[O])[CH2][CH2][CH2][CH2][CH2][CH2][CH2][CH2][CH2][CH2][CH2][CH2][CH2][CH2][CH2][CH2][CH3])[CH2][O][P](=[O])([OH])[O][P](=[O])([OH])[O][CH2][CH]1[O][CH]([n]2[cH][cH][c](=[NH])[n][c]2[OH])[CH]([OH])[CH]1[OH]
10726,[CH3][CH2][CH2][CH2][CH2][CH]=[CH][CH2][CH]=[CH][CH2][CH]=[CH][CH2][CH]=[CH][CH2][CH2][CH2][C](=[O])[O][CH]([CH2][O][C](=[O])[CH2][CH2][CH2][CH2][CH2][CH2][CH2][CH2][CH2][CH2][CH2][CH2][CH2][CH2][CH3])[CH2][O][P](=[O])([OH])[O][P](=[O])([OH])[O][CH2][CH]1[O][CH]([n]2[cH][cH][c](=[NH])[n][c]2[OH])[CH]([OH])[CH]1[OH]
10727,[CH3][CH2][CH2][CH2][CH2][CH]=[CH][CH2][CH]=[CH][CH2][CH]=[CH][CH2][CH]=[CH][CH2][CH2][CH2][C](=[O])[O][CH2][CH]([CH2][O][P](=[O])([OH])[O][P](=[O])([OH])[O][CH2][CH]1[O][CH]([n]2[cH][cH][c](=[NH])[n][c]2[OH])[CH]([OH])[CH]1[OH])[O][C](=[O])[CH2][CH2][CH2][CH]=[CH][CH2][CH]=[CH][CH2][CH]=[CH][CH2][CH]=[CH][CH2][CH2][CH2][CH2][CH3]
10728,[CH3][CH2][CH2][CH2][CH2][CH]=[CH][CH2][CH]=[CH][CH2][CH2][CH2][CH2][CH2][CH2][CH2][C](=[O])[O][CH]([CH2][O][C](=[O])[CH2][CH2][CH2][CH2][CH2][CH2][CH2][CH2][CH2][CH2][CH2][CH2][CH2][CH2][CH2][CH2][CH3])[CH2][O][P](=[O])([OH])[O][P](=[O])([OH])[O][CH2][CH]1[O][CH]([n]2[cH][cH][c](=[NH])[n][c]2[OH])[CH]([OH])[CH]1[OH]
10729,[CH3][CH2][CH2][CH2][CH2][CH2][CH2][CH2][CH]=[CH][CH2][CH2][CH2][CH2][CH2][CH2][CH2][C](=[O])[O][CH]([CH2][O][C](=[O])[CH2][CH2][CH2][CH2][CH2][CH2][CH2][CH2][CH2][CH2][CH2][CH2][CH2][CH2][CH2][CH2][CH3])[CH2][O][P](=[O])([OH])[O][P](=[O])([OH])[O][CH2][CH]1[O][CH]([n]2[cH][cH][c](=[NH])[n][c]2[OH])[CH]([OH])[CH]1[OH]
10730,[CH3][CH2][CH]=[CH][CH2][CH]=[CH][CH2][CH]=[CH][CH2][CH]=[CH][CH2][CH]=[CH][CH2][CH]=[CH][CH2][CH2][C](=[O])[O][CH]([CH2][O][C](=[O])[CH2][CH2][CH2][CH2][CH2][CH2][CH2][CH2][CH2][CH2][CH2][CH2][CH2][CH2][CH2][CH2][CH3])[CH2][O][P](=[O])([OH])[O][P](=[O])([OH])[O][CH2][CH]1[O][CH]([n]2[cH][cH][c](=[NH])[n][c]2[OH])[CH]([OH])[CH]1[OH]
10731,[CH3][CH2][CH2][CH2][CH2][CH]=[CH][CH2][CH]=[CH][CH2][CH2][CH2][CH2][CH2][CH2][CH2][C](=[O])[O][CH2][CH]([CH2][O][P](=[O])([OH])[O][P](=[O])([OH])[O][CH2][CH]1[O][CH]([n]2[cH][cH][c](=[NH])[n][c]2[OH])[CH]([OH])[CH]1[OH])[O][C](=[O])[CH2][CH2][CH2][CH2][CH2][CH2][CH2][CH]=[CH][CH2][CH]=[CH][CH2][CH2][CH2][CH2][CH3]
10732,[CH3][CH2][CH2][CH2][CH2][CH2][CH2][CH2][CH]=[CH][CH2][CH2][CH2][CH2][CH2][CH2][CH2][C](=[O])[O][CH2][CH]([CH2][O][P](=[O])([OH])[O][P](=[O])([OH])[O][CH2][CH]1[O][CH]([n]2[cH][cH][c](=[NH])[n][c]2[OH])[CH]([OH])[CH]1[OH])[O][C](=[O])[CH2][CH2][CH2][CH2][CH2][CH2][CH2][CH]=[CH][CH2][CH2][CH2][CH2][CH2][CH2][CH2][CH3]
10733,[CH3][C]([CH3])([CH2][O][P](=[O])([OH])[O][P](=[O])([OH])[O][CH2][CH]1[O][CH]([n]2[cH][n][c]3[c]([NH2])[n][cH][n][c]32)[CH]([OH])[CH]1[O][P](=[O])([OH])[OH])[CH]([OH])[C]([OH])=[N][CH2][CH2][C]([OH])=[N][CH2][CH2][S][C](=[O])[CH2][C](=[O])[CH2][N+]([CH3])([CH3])[CH3]
10734,[CH3][C]([CH3])([CH2][O][P](=[O])([OH])[O][P](=[O])([OH])[O][CH2][CH]1[O][CH]([n]2[cH][n][c]3[c]([NH2])[n][cH][n][c]32)[CH]([OH])[CH]1[O][P](=[O])([OH])[OH])[CH]([OH])[C]([OH])=[N][CH2][CH2][C]([OH])=[N][CH2][CH2][S][C](=[O])[CH2][N+]([CH3])([CH3])[CH3]
10735,[CH3][CH2][CH]=[CH][CH2][C](=[O])[S][CH2][CH2][N]=[C]([OH])[CH2][CH2][N]=[C]([OH])[CH]([OH])[C]([CH3])([CH3])[CH2][O][P](=[O])([OH])[O][P](=[O])([OH])[O][CH2][CH]1[O][CH]([n]2[cH][n][c]3[c]([NH2])[n][cH][n][c]32)[CH]([OH])[CH]1[O][P](=[O])([OH])[OH]
10736,[CH3][CH2][CH2][CH2][CH2][CH2][CH]=[CH][CH2][CH2][CH2][CH2][CH2][CH2][CH2][C](=[O])[O][CH2][CH]([CH2][O][C](=[O])[CH2][CH2][CH2][CH2][CH2][CH2][CH2][CH2][CH2][CH2][CH2][CH2][CH2][CH2][CH3])[O][C](=[O])[CH2][CH2][CH2][CH2][CH2][CH2][CH2][CH2][CH2][CH2][CH2][CH2][CH2][CH2][CH3]
10737,[NH2][CH]([CH2][CH2][C]([OH])=[N][OH])[C](=[O])[OH]
10738,[CH3][CH2][CH2][CH]([OH])[CH2][C](=[O])[S][CH2][CH2][N]=[C]([OH])[CH2][CH2][N]=[C]([OH])[CH]([OH])[C]([CH3])([CH3])[CH2][O][P](=[O])([OH])[O][P](=[O])([OH])[O][CH2][CH]1[O][CH]([n]2[cH][n][c]3[c]([NH2])[n][cH][n][c]32)[CH]([OH])[CH]1[O][P](=[O])([OH])[OH]
10739,[CH3][CH2][CH2][CH2][CH2][CH2][CH2][C](=[O])[O][CH2][CH]([CH2][O][P](=[O])([OH])[O][CH]1[CH]([OH])[CH]([OH])[CH]([O][P](=[O])([OH])[OH])[CH]([OH])[CH]1[OH])[O][C](=[O])[CH2][CH2][CH2][CH2][CH2][CH2][CH3]
10740,[CH3][CH2][CH2][CH2][CH2][CH2][CH2][CH2][CH2][CH2][CH2][CH]([OH])[CH2][c]1[cH][c]([OH])[cH][c](=[O])[o]1
10741,[CH3][CH2][CH2][CH2][CH2][CH2][CH]([OH])[CH2][CH2][CH2][CH2][CH2][CH2][CH2][CH2][CH2][CH2][c]1[cH][c]([OH])[cH][c](=[O])[o]1
10742,[O]=[c]1[cH][c]([OH])[cH][c]([CH2][CH2][CH2][CH2][CH2][CH2][CH2][CH2][CH2][CH2][CH2][CH2][CH2][CH2][CH2][OH])[o]1
10743,[CH2]=[CH][CH2][CH2][CH2][CH2][CH2][CH2][CH2][c]1[cH][c]([OH])[cH][c](=[O])[o]1
10744,[O]=[c]1[cH][c]([OH])[cH][c]([CH2][CH2][CH2][CH2][CH2][CH2][CH2][CH2][CH2][CH2][CH2][CH2][CH2][CH2][OH])[o]1
10745,[CH3][CH2][CH2][CH2][CH2][CH2][CH2][CH2][CH2][CH2][CH2][CH2][CH2][CH2][CH]([CH3])[c]1[cH][c]([OH])[cH][c](=[O])[o]1
10746,[CH3][CH2][CH2][CH2][CH2][CH2][CH2][CH2][CH]([CH3])[CH2][c]1[cH][c]([OH])[cH][c](=[O])[o]1
10747,[CH3][CH2][CH2][CH2][CH2][CH2][CH]([CH3])[CH2][CH2][CH2][CH2][CH2][CH2][CH2][CH2][CH2][CH2][c]1[cH][c]([OH])[cH][c](=[O])[o]1
10748,[CH3][CH]([CH3])[CH2][CH2][CH2][CH2][CH2][CH2][CH2][CH2][CH2][CH2][c]1[cH][c]([OH])[cH][c](=[O])[o]1
10749,[CH3][NH][CH]([CH2][CH]([CH3])[CH3])[C]([OH])=[N][CH]1[C]([OH])=[N][CH]([CH2][C](=[NH])[OH])[C]([OH])=[N][CH]2[C]([OH])=[N][CH]3[C]([OH])=[N][CH]([C]([OH])=[N][CH]([C](=[O])[OH])[c]4[cH][c]([OH])[cH][c]([OH])[c]4-[c]4[cH][c]3[cH][cH][c]4[OH])[CH]([OH])[c]3[cH][cH][c]([c]([Cl])[cH]3)[O][c]3[cH][c]2[cH][c]([c]3[O][CH]2[O][CH]([CH2][OH])[CH]([OH])[CH]([OH])[CH]2[O][CH]2[CH2][C]([CH3])([NH2])[CH]([OH])[CH]([CH3])[O]2)[O][c]2[cH][cH][c]([cH][c]2[Cl])[CH]1[OH]
10750,[CH3][CH2][CH2][CH2][CH2][CH2][CH]([OH])[CH2][CH2][CH2][CH2][CH2][CH2][CH2][CH2][CH2][CH2][C](=[O])[CH2][c]1[cH][c]([OH])[cH][c](=[O])[o]1
10751,[O]=[C]([CH2][CH2][CH2][CH2][CH2][CH2][CH2][CH2][CH2][CH2][CH2][CH2][CH2][CH2][CH2][OH])[CH2][c]1[cH][c]([OH])[cH][c](=[O])[o]1
10752,[CH2]=[CH][CH2][CH2][CH2][CH2][CH2][CH2][CH2][C](=[O])[CH2][c]1[cH][c]([OH])[cH][c](=[O])[o]1
10753,[O]=[C]([CH2][CH2][CH2][CH2][CH2][CH2][CH2][CH2][CH2][CH2][CH2][CH2][CH2][CH2][OH])[CH2][c]1[cH][c]([OH])[cH][c](=[O])[o]1
10754,[CH3][CH2][CH2][CH2][CH2][CH2][CH2][CH2][CH2][CH2][CH2][CH2][CH2][CH2][CH]([CH3])[C](=[O])[CH2][c]1[cH][c]([OH])[cH][c](=[O])[o]1
10755,[CH3][CH2][CH2][CH2][CH2][CH2][CH2][CH2][CH]([CH3])[CH2][C](=[O])[CH2][c]1[cH][c]([OH])[cH][c](=[O])[o]1
10756,[CH3][CH2][CH2][CH2][CH2][CH2][CH]([CH3])[CH2][CH2][CH2][CH2][CH2][CH2][CH2][CH2][CH2][CH2][C](=[O])[CH2][c]1[cH][c]([OH])[cH][c](=[O])[o]1
10757,[CH3][CH]([CH3])[CH2][CH2][CH2][CH2][CH2][CH2][CH2][CH2][CH2][CH2][C](=[O])[CH2][c]1[cH][c]([OH])[cH][c](=[O])[o]1
10758,[CH3][CH]([C](=[O])[OH])[CH]1[CH2][CH2][CH]2[CH]3[CH2][CH2][C]4=[CH][C](=[O])[CH]=[CH][C]4([CH3])[C]3([OH])[CH2][CH2][C]12[CH3]
10759,[CH3][CH]([C](=[O])[OH])[CH]1[CH2][CH2][CH]2[CH]3[CH2][CH2][C]4=[CH][C](=[O])[CH]=[CH][C]4([CH3])[CH]3[CH2][CH2][C]12[CH3]
10760,[CH3][C](=[CH][CH2][n]1[cH][n][c]2[c]([n][cH][n]2[CH]2[O][CH]([CH2][OH])[CH]([OH])[CH]2[OH])[c]1=[NH])[CH2][CH2][C]1([CH3])[CH]([CH3])[CH2][CH]=[C]2[CH]1[CH2][CH2][CH2][C]2([CH3])[CH3]
10761,[CH3][CH]([OH])[CH]1[CH2][CH2][CH]2[CH]3[CH2][CH2][C]4=[CH][C](=[O])[CH2][CH2][C]4([CH3])[CH]3[CH2][CH2][C]12[CH3]
10762,[CH3][CH2][CH2][CH2][CH2][CH2][CH2][CH2][CH2][CH2][CH2][CH]([OH])[CH2][C](=[O])[OH]
10763,[CH3][CH2][CH2][CH2][CH2][CH2][CH2][CH2][CH2][CH2][CH2][CH2][CH]([OH])[C](=[O])[OH]
10764,[CH3][CH2][CH2][CH2][CH2][CH2][CH2][CH2][CH2][CH2][CH2][CH2][CH]([OH])[C](=[O])[OH]
10765,[CH3][CH2][CH2][CH2][CH]=[CH][CH]=[CH][CH2][CH2][CH2][CH2][CH2][CH2][CH2][CH2][CH2][C](=[O])[S][CH2][CH2][N]=[C]([OH])[CH2][CH2][N]=[C]([OH])[CH]([OH])[C]([CH3])([CH3])[CH2][O][P](=[O])([OH])[O][P](=[O])([OH])[O][CH2][CH]1[O][CH]([n]2[cH][n][c]3[c]([NH2])[n][cH][n][c]32)[CH]([OH])[CH]1[O][P](=[O])([OH])[OH]
10766,[CH3][CH2][CH2][CH2][CH2][CH2][CH]=[CH][CH2][CH2][CH2][CH2][CH]=[CH][CH2][CH2][CH2][C](=[O])[S][CH2][CH2][N]=[C]([OH])[CH2][CH2][N]=[C]([OH])[CH]([OH])[C]([CH3])([CH3])[CH2][O][P](=[O])([OH])[O][P](=[O])([OH])[O][CH2][CH]1[O][CH]([n]2[cH][n][c]3[c]([NH2])[n][cH][n][c]32)[CH]([OH])[CH]1[O][P](=[O])([OH])[OH]
10767,[CH3][CH2][CH2][CH2][CH2][CH2][CH]=[CH][CH2][CH2][CH2][CH]=[CH][CH2][CH2][CH2][CH2][C](=[O])[S][CH2][CH2][N]=[C]([OH])[CH2][CH2][N]=[C]([OH])[CH]([OH])[C]([CH3])([CH3])[CH2][O][P](=[O])([OH])[O][P](=[O])([OH])[O][CH2][CH]1[O][CH]([n]2[cH][n][c]3[c]([NH2])[n][cH][n][c]32)[CH]([OH])[CH]1[O][P](=[O])([OH])[OH]
10768,[CH3][C]([CH3])=[CH][CH2][CH2][C]([CH3])=[CH][CH2][CH2][C]([CH3])=[CH][CH2][CH2][C]([CH3])=[CH][C](=[O])[OH]
10769,[CH3][CH2][CH2][CH2][CH2][CH2][CH2][CH2][CH]=[CH][CH2][CH2][CH2][CH2][CH2][CH2][CH2][C](=[O])[O][CH2][CH]([CH2][O][P](=[O])([OH])[O][CH2][CH2][NH][CH3])[O][C](=[O])[CH2][CH2][CH2][CH2][CH2][CH2][CH2][CH]=[CH][CH2][CH2][CH2][CH2][CH2][CH2][CH2][CH3]
10770,[CH3][CH2][CH2][CH2][CH2][CH2][CH2][CH2][CH]=[CH][CH2][CH2][CH2][CH2][CH2][CH2][CH2][C](=[O])[O][CH2][CH]([CH2][O][P](=[O])([OH])[O][CH2][CH2][N]([CH3])[CH3])[O][C](=[O])[CH2][CH2][CH2][CH2][CH2][CH2][CH2][CH]=[CH][CH2][CH2][CH2][CH2][CH2][CH2][CH2][CH3]
10771,[CH3][CH]([CH3])[CH2][CH2][CH2][CH]([CH3])[CH]1[CH2][CH2][CH]2[CH]3[CH]([OH])[CH]=[C]4[CH]([OH])[CH]([OH])[CH2][CH2][C]4([CH3])[CH]3[CH2][CH2][C]12[CH3]
10772,[CH3][CH]([CH3])[CH2][CH2][CH2][CH]([CH3])[CH]1[CH2][CH2][CH]2[CH]3[CH2][CH]=[C]4[CH]([OH])[CH]([OH])[CH2][CH2][C]4([CH3])[CH]3[CH2][CH2][C]12[CH3]
10773,[CH3][C]12[CH2][CH2][CH]3[CH]([CH2][CH]([OH])[CH]4[CH2][CH]([OH])[CH2][CH2][C]43[CH3])[CH]1[CH2][CH2][CH]2[OH]
10774,[CH3][C]12[CH2][CH2][CH]([OH])[CH2][C]1=[CH][CH]([OH])[CH]1[CH]2[CH2][CH2][C]2([CH3])[CH]([OH])[CH2][CH2][CH]12
10775,[CH3][C](=[O])[CH]1[CH2][CH2][CH]2[CH]3[CH2][CH2][C]4=[CH][CH]([OH])[CH2][CH2][C]4([CH3])[CH]3[CH2][CH2][C]12[CH3]
10776,[CH3][CH]([CH]=[CH][C](=[O])[S][CH2][CH2][N]=[C]([OH])[CH2][CH2][N]=[C]([OH])[CH]([OH])[C]([CH3])([CH3])[CH2][O][P](=[O])([OH])[O][P](=[O])([OH])[O][CH2][CH]1[O][CH]([n]2[cH][n][c]3[c]([NH2])[n][cH][n][c]32)[CH]([OH])[CH]1[O][P](=[O])([OH])[OH])[CH]1[CH2][CH2][CH]2[CH]3[CH2][CH]=[C]4[CH2][CH]([OH])[CH2][CH2][C]4([CH3])[CH]3[CH2][CH2][C]12[CH3]
10777,[CH3][CH]([CH2][CH2][C](=[O])[S][CH2][CH2][N]=[C]([OH])[CH2][CH2][N]=[C]([OH])[CH]([OH])[C]([CH3])([CH3])[CH2][O][P](=[O])([OH])[O][P](=[O])([OH])[O][CH2][CH]1[O][CH]([n]2[cH][n][c]3[c]([NH2])[n][cH][n][c]32)[CH]([OH])[CH]1[O][P](=[O])([OH])[OH])[CH]1[CH2][CH2][CH]2[CH]3[CH2][CH]=[C]4[CH2][CH]([OH])[CH2][CH2][C]4([CH3])[CH]3[CH2][CH2][C]12[CH3]
10778,[CH3][C]([C](=[O])[S][CH2][CH2][N]=[C]([OH])[CH2][CH2][N]=[C]([OH])[CH]([OH])[C]([CH3])([CH3])[CH2][O][P](=[O])([OH])[O][P](=[O])([OH])[O][CH2][CH]1[O][CH]([n]2[cH][n][c]3[c]([NH2])[n][cH][n][c]32)[CH]([OH])[CH]1[O][P](=[O])([OH])[OH])=[C]1[CH2][CH2][CH]2[CH]3[CH2][CH2][C]4=[CH][C](=[O])[CH2][CH2][C]4([CH3])[CH]3[CH2][CH2][C]12[CH3]
10779,[CH3][CH]([C](=[O])[S][CH2][CH2][N]=[C]([OH])[CH2][CH2][N]=[C]([OH])[CH]([OH])[C]([CH3])([CH3])[CH2][O][P](=[O])([OH])[O][P](=[O])([OH])[O][CH2][CH]1[O][CH]([n]2[cH][n][c]3[c]([NH2])[n][cH][n][c]32)[CH]([OH])[CH]1[O][P](=[O])([OH])[OH])[C]1([OH])[CH2][CH2][CH]2[CH]3[CH2][CH2][C]4=[CH][C](=[O])[CH2][CH2][C]4([CH3])[CH]3[CH2][CH2][C]21[CH3]
10780,[CH3][CH2][CH2][CH2][CH2][CH2][CH2][CH2][CH2][CH2][CH2][CH2][CH2][CH]=[CH][CH]([OH])[CH]([CH2][O][P](=[O])([OH])[OH])[N]=[C]([OH])[CH2][CH2][CH2][CH2][CH2][CH2][CH2][CH2][CH2][CH2][CH2][CH2][CH2][CH2][CH3]
10781,[CH3][CH2][CH2][CH2][CH2][CH2][CH2][CH2][CH2][CH2][CH2][CH2][CH2][C](=[O])[CH]([CH3])[C](=[O])[S][CH2][CH2][N]=[C]([OH])[CH2][CH2][N]=[C]([OH])[CH]([OH])[C]([CH3])([CH3])[CH2][O][P](=[O])([OH])[O][P](=[O])([OH])[O][CH2][CH]1[O][CH]([n]2[cH][n][c]3[c]([NH2])[n][cH][n][c]32)[CH]([OH])[CH]1[O][P](=[O])([OH])[OH]
10782,[CH3][CH2][CH2][CH2][CH2][CH]([OH])[CH2][C](=[O])[S][CH2][CH2][N]=[C]([OH])[CH2][CH2][N]=[C]([OH])[CH]([OH])[C]([CH3])([CH3])[CH2][O][P](=[O])([OH])[O][P](=[O])([OH])[O][CH2][CH]1[O][CH]([n]2[cH][n][c]3[c]([NH2])[n][cH][n][c]32)[CH]([OH])[CH]1[O][P](=[O])([OH])[OH]
10783,[CH3][CH2][CH2][CH2][CH2][CH2][CH2][CH]([OH])[CH2][C](=[O])[S][CH2][CH2][N]=[C]([OH])[CH2][CH2][N]=[C]([OH])[CH]([OH])[C]([CH3])([CH3])[CH2][O][P](=[O])([OH])[O][P](=[O])([OH])[O][CH2][CH]1[O][CH]([n]2[cH][n][c]3[c]([NH2])[n][cH][n][c]32)[CH]([OH])[CH]1[O][P](=[O])([OH])[OH]
10784,[CH3][CH]([CH2][OH])[CH2][CH2][CH2][CH]([CH3])[CH]1[CH2][CH2][CH]2[CH]3[CH2][CH]=[C]4[CH]([OH])[CH]([OH])[CH2][CH2][C]4([CH3])[CH]3[CH2][CH2][C]12[CH3]
10785,[CH3][CH]([CH]=[O])[CH2][CH2][CH2][CH]([CH3])[CH]1[CH2][CH2][CH]2[CH]3[CH2][CH]=[C]4[CH]([OH])[CH]([OH])[CH2][CH2][C]4([CH3])[CH]3[CH2][CH2][C]12[CH3]
10786,[CH3][CH]([CH2][CH2][CH2][CH]([CH3])[CH]1[CH2][CH2][CH]2[CH]3[CH2][CH]=[C]4[CH]([OH])[CH]([OH])[CH2][CH2][C]4([CH3])[CH]3[CH2][CH2][C]12[CH3])[C](=[O])[OH]
10787,[CH3][CH2][CH2][CH]=[CH][CH]=[CH][CH2][CH2][CH2][CH2][CH2][CH2][CH2][CH2][C](=[O])[S][CH2][CH2][N]=[C]([OH])[CH2][CH2][N]=[C]([OH])[CH]([OH])[C]([CH3])([CH3])[CH2][O][P](=[O])([OH])[O][P](=[O])([OH])[O][CH2][CH]1[O][CH]([n]2[cH][n][c]3[c]([NH2])[n][cH][n][c]32)[CH]([OH])[CH]1[O][P](=[O])([OH])[OH]
10788,[CH3][CH]([CH3])[CH2][CH2][CH2][CH]([CH3])[CH]1[CH2][CH]=[C]2[C]3=[C]([CH2][CH2][C]21[CH3])[C]1([CH3])[CH2][CH2][CH]([OH])[CH2][CH]1[CH2][CH2]3
10789,[CH3][CH]([CH3])[CH2][CH2][CH]([OH])[CH]([CH3])[CH]1[CH2][CH2][CH]2[CH]3[CH]([OH])[CH]=[C]4[CH2][CH]([OH])[CH2][CH2][C]4([CH3])[CH]3[CH2][CH2][C]12[CH3]
10790,[CH3][CH]([CH2][CH2][CH]1[O][C]1([CH3])[CH3])[CH]1[CH2][CH2][CH]2[CH]3[CH]([OH])[CH]=[C]4[CH2][CH]([OH])[CH2][CH2][C]4([CH3])[CH]3[CH2][CH2][C]12[CH3]
10791,[CH3][CH]([CH2][CH2][CH]1[O][C]1([CH3])[CH3])[CH]1[CH2][CH2][CH]2[CH]3[CH2][CH]=[C]4[CH2][CH]([OH])[CH2][CH2][C]4([CH3])[CH]3[CH2][CH2][C]12[CH3]
10792,[CH2]=[C]1[C](=[CH][CH]=[C]2[CH2][CH2][CH2][C]3([CH3])[CH]2[CH2][CH2][CH]3[CH]([CH3])[CH2][CH2][CH2][CH]([CH3])[CH3])[CH2][CH]([OH])[CH2][CH]1[OH]
10793,[CH3][CH2][CH]=[CH][CH2][CH]=[CH][CH2][CH]=[CH][CH2][CH]=[CH][CH2][CH]=[CH][CH2][CH2][CH2][C](=[O])[O][CH]1[CH2][CH2][C]2([CH3])[C](=[CH][CH2][CH]3[CH]2[CH2][CH2][C]2([CH3])[CH]([CH]([CH3])[CH2][CH2][CH2][CH]([CH3])[CH3])[CH2][CH2][CH]32)[CH2]1
10794,[CH3][CH2][CH]=[CH][CH2][CH]=[CH][CH2][CH]=[CH][CH2][CH2][CH2][CH2][CH2][CH2][CH2][C](=[O])[O][CH]1[CH2][CH2][C]2([CH3])[C](=[CH][CH2][CH]3[CH]2[CH2][CH2][C]2([CH3])[CH]([CH]([CH3])[CH2][CH2][CH2][CH]([CH3])[CH3])[CH2][CH2][CH]32)[CH2]1
10795,[CH3][C]12[CH2][CH2][CH]3[CH]([CH2][CH2][CH]4[CH2][C](=[O])[CH2][CH2][C]43[CH3])[CH]1[CH2][CH2][CH]2[OH]
10796,[CH3][C]12[CH2][CH2][C](=[O])[CH]=[C]1[CH2][CH2][CH]1[CH]2[CH2][CH2][C]2([CH3])[CH]([OH])[CH2][CH2][CH]12
10797,[CH3][C]12[CH2][CH2][C](=[O])[CH2][CH]1[CH2][CH2][CH]1[CH]2[CH2][CH2][C]2([CH3])[CH]([C](=[O])[CH2][OH])[CH2][CH2][CH]12
10798,[CH3][CH]1[CH2][CH]([OH])[CH2][C]([CH3])([CH3])[C]1=[O]
10799,[CH3][CH]1[CH2][C](=[O])[CH2][C]([CH3])([CH3])[C]1=[O]
10800,[CH3][CH]([CH]=[CH][C](=[O])[S][CH2][CH2][N]=[C]([OH])[CH2][CH2][N]=[C]([OH])[CH]([OH])[C]([CH3])([CH3])[CH2][O][P](=[O])([OH])[O][P](=[O])([OH])[O][CH2][CH]1[O][CH]([n]2[cH][n][c]3[c]([NH2])[n][cH][n][c]32)[CH]([OH])[CH]1[O][P](=[O])([OH])[OH])[CH]1[CH2][CH2][CH]2[CH]3[CH2][CH2][C]4=[CH][C](=[O])[CH2][CH2][C]4([CH3])[CH]3[CH2][CH2][C]12[CH3]
10801,[NH]=[c]1[n][c]([OH])[c]2[n][cH][n]([CH]3[O][CH]([CH2][O][P](=[O])([OH])[O][C](=[O])[CH2][CH2][CH2][CH2][CH]4[CH2][CH2][S][S]4)[CH]([OH])[CH]3[OH])[c]2[nH]1
10802,[CH3][C]12[CH]=[CH][C](=[O])[CH]=[C]1[CH2][CH2][CH]1[CH]2[CH2][CH2][C]2([CH3])[CH]([OH])[CH2][CH2][CH]12
10803,[CH3][C]12[CH]=[CH][C](=[O])[CH2][CH]1[CH2][CH2][CH]1[CH]2[CH2][CH2][C]2([CH3])[CH]([OH])[CH2][CH2][CH]12
10804,[CH3][C]12[CH2][CH2][CH]3[CH]4[CH2][CH2][C](=[O])[CH2][CH]4[CH2][CH2][CH]3[CH]1[CH2][CH2][CH]2[OH]
10805,[CH3][C]12[CH2][CH2][CH]3[CH]4[CH2][CH2][C](=[O])[CH]=[C]4[CH2][CH2][CH]3[CH]1[CH2][CH2][CH]2[OH]
10806,[CH3][CH2][CH2][CH2][CH2][CH2][CH2][CH2][CH2][CH2][CH2][CH2][CH2][CH2][CH2][CH2][CH2][CH2][CH2][C]([OH])=[N][CH2][C](=[O])[OH]
10807,[CH3][CH2][CH2][CH2][CH2][CH2][CH2][CH2][CH2][CH2][CH2][CH2][CH2][CH2][CH2][CH2][CH2][CH2][CH2][CH2][CH2][C]([OH])=[N][CH2][C](=[O])[OH]
10808,[CH3][CH2][CH2][CH2][CH2][CH2][CH2][CH2][CH2][CH2][CH2][CH2][CH2][CH2][CH2][CH2][CH2][CH2][CH2][CH2][CH2][CH2][CH2][CH2][CH2][C]([OH])=[N][CH2][C](=[O])[OH]
10809,[CH3][C]([CH]=[CH][C]1=[C]([CH3])[CH2][CH2][CH2][C]1([CH3])[CH3])=[CH][CH]=[CH][C]([CH3])=[CH][C](=[O])[OH]
10810,[CH3][CH2][CH]([OH])[C](=[O])[S][CH2][CH2][N]=[C]([OH])[CH2][CH2][N]=[C]([OH])[CH]([OH])[C]([CH3])([CH3])[CH2][O][P](=[O])([OH])[O][P](=[O])([OH])[O][CH2][CH]1[O][CH]([n]2[cH][n][c]3[c]([NH2])[n][cH][n][c]32)[CH]([OH])[CH]1[O][P](=[O])([OH])[OH]
10811,[CH3][CH]([CH2][OH])[CH2][CH2][CH2][CH]([CH3])[CH]1[CH2][CH2][CH]2[CH]3[CH]([OH])[CH]=[C]4[CH2][CH]([OH])[CH2][CH2][C]4([CH3])[CH]3[CH2][CH2][C]12[CH3]
10812,[CH3][CH]([CH2][OH])[CH2][CH2][CH2][CH]([CH3])[CH]1[CH2][CH2][CH]2[CH]3[CH]([OH])[CH2][C]4=[CH][C](=[O])[CH2][CH2][C]4([CH3])[CH]3[CH2][CH2][C]12[CH3]
10813,[CH3][C]12[CH2][CH2][CH]3[CH]([CH2][CH]=[C]4[CH2][CH]([O][S](=[O])(=[O])[OH])[CH2][CH2][C]43[CH3])[CH]1[CH2][CH]([OH])[C]2=[O]
10814,[CH3][C](=[O])[CH]1[CH2][CH2][CH]2[CH]3[CH2][CH]([OH])[C]4=[CH][C](=[O])[CH2][CH2][C]4([CH3])[CH]3[CH2][CH2][C]12[CH3]
10815,[CH3][C]12[CH2][CH2][CH]3[CH]([CH2][CH]([OH])[C]4=[CH][C](=[O])[CH2][CH2][C]43[CH3])[CH]1[CH2][CH2][C]2=[O]
10816,[CH3][CH]([CH2][OH])[CH2][CH2][CH2][CH]([CH3])[CH]1[CH2][CH2][CH]2[CH]3[C](=[O])[CH]=[C]4[CH2][CH]([OH])[CH2][CH2][C]4([CH3])[CH]3[CH2][CH2][C]12[CH3]
10817,[CH3][CH]([CH]=[O])[CH2][CH2][CH2][CH]([CH3])[CH]1[CH2][CH2][CH]2[CH]3[C](=[O])[CH]=[C]4[CH2][CH]([OH])[CH2][CH2][C]4([CH3])[CH]3[CH2][CH2][C]12[CH3]
10818,[CH3][CH]([CH2][CH2][CH2][CH]([CH3])[CH]1[CH2][CH2][CH]2[CH]3[C](=[O])[CH]=[C]4[CH2][CH]([OH])[CH2][CH2][C]4([CH3])[CH]3[CH2][CH2][C]12[CH3])[C](=[O])[OH]
10819,[CH3][CH]([CH2][CH2][C](=[O])[OH])[CH]1[CH2][CH2][CH]2[CH]3[CH]([OH])[CH2][C]4=[CH][C](=[O])[CH2][CH2][C]4([CH3])[CH]3[CH2][CH2][C]12[CH3]
10820,[CH3][CH]([CH2][CH2][C](=[O])[OH])[CH]1[CH2][CH2][CH]2[CH]3[CH]=[CH][C]4=[CH][C](=[O])[CH2][CH2][C]4([CH3])[CH]3[CH2][CH2][C]12[CH3]
10821,[OH][c]1[cH][cH][cH][c]([CH2][CH2][c]2[cH][c]([OH])[cH][c]([OH])[cH]2)[cH]1
10822,[CH3][C]([CH3])([CH2][O][P](=[O])([OH])[O][P](=[O])([OH])[O][CH2][CH]1[O][CH]([n]2[cH][n][c]3[c]([NH2])[n][cH][n][c]32)[CH]([OH])[CH]1[O][P](=[O])([OH])[OH])[CH]([OH])[C]([OH])=[N][CH2][CH2][C]([OH])=[N][CH2][CH2][S][C](=[O])[CH2][CH2][c]1[cH][cH][cH][c]([OH])[cH]1
10823,[CH3][CH2][CH2][CH2][CH]([CH]=[O])[CH2][CH3]
10824,[CH3][CH2][CH2][CH2][CH]([CH2][CH3])[CH2][O][S](=[O])(=[O])[OH]
10825,[CH3][CH]([C](=[O])[OH])[CH]([OH])[C](=[O])[OH]
10826,[O]=[P]([OH])([OH])[O][CH2][CH]([OH])[CH]([OH])[CH]([OH])[CH2][OH]
10827,[CH3][C]([OH])=[N][CH]([CH2][CH2][S]([CH3])(=[O])=[O])[C](=[O])[OH]
10828,[CH3][S](=[O])(=[O])[CH2][CH2][CH]([NH2])[C](=[O])[OH]
10829,[CH3][C]([OH])=[N][CH]([CH2][CH2][S]([CH3])(=[NH])=[O])[C](=[O])[OH]
10830,[CH3][S](=[NH])(=[O])[CH2][CH2][CH]([NH2])[C](=[O])[OH]
10831,[O]=[C]([OH])[C]1=[N][CH2][CH]([OH])[CH2]1
10832,[O]=[C]([OH])[CH]([CH2][OH])[O][CH]1[O][CH]([CH2][OH])[CH]([OH])[CH]([OH])[CH]1[O][CH]1[O][CH]([CH2][OH])[CH]([OH])[CH]([OH])[CH]1[OH]
10833,[CH3][C]1=[CH][CH2][C](=[O])[O][C]23[C]([OH])=[N][CH]([CH2][c]4[cH][cH][cH][cH][cH]4)[CH]2[CH]([CH3])[C]([CH3])=[CH][CH]3[CH]=[CH][CH2][CH]([CH3])[C]1=[O]
10834,[CH3][C]1=[CH][CH]2[CH]=[CH][CH2][CH]([CH3])[C](=[O])[CH]([CH3])[CH]=[CH][C](=[O])[C]23[C]([OH])=[N][CH]([CH2][c]2[cH][cH][cH][cH][cH]2)[CH]3[CH]1[CH3]
10835,[CH3][C]1=[CH][CH]2[CH]=[CH][CH2][CH]([CH3])[C](=[O])[CH]([CH3])[CH]=[CH][O][C](=[O])[O][C]23[C]([OH])=[N][CH]([CH2][c]2[cH][cH][cH][cH][cH]2)[CH]3[CH]1[CH3]
10836,[CH3][C](=[CH][c]1[cH][s][c]([CH3])[n]1)[CH]1[CH2][CH]=[CH][CH2][CH2][CH2][CH]([CH3])[CH]([OH])[CH]([CH3])[C](=[O])[C]([CH3])([CH3])[CH]([OH])[CH2][C](=[O])[O]1
10837,[CH3][C](=[CH][c]1[cH][s][c]([CH3])[n]1)[CH]1[CH2][CH]2[O][CH]2[CH2][CH2][CH2][CH]([CH3])[CH]([OH])[CH]([CH3])[C](=[O])[C]([CH3])([CH3])[CH]([OH])[CH2][C](=[O])[O]1
10838,[CH3][C]1=[CH][CH2][CH]([C]([CH3])=[CH][c]2[cH][s][c]([CH3])[n]2)[O][C](=[O])[CH2][CH]([OH])[C]([CH3])([CH3])[C](=[O])[CH]([CH3])[CH]([OH])[CH]([CH3])[CH2][CH2][CH2]1
10839,[CH3][C](=[CH][c]1[cH][s][c]([CH3])[n]1)[CH]1[CH2][CH]2[O][C]2([CH3])[CH2][CH2][CH2][CH]([CH3])[CH]([OH])[CH]([CH3])[C](=[O])[C]([CH3])([CH3])[CH]([OH])[CH2][C](=[O])[O]1
10840,[CH3][CH2][CH2][CH2][CH2][CH2][CH2][CH2][CH2][CH2][CH2][CH2][CH2][CH]=[CH][CH]([OH])[CH]([CH2][O][P](=[O])([OH])[OH])[N]=[C]([CH3])[OH]
10841,[CH3][CH2][CH2][CH2][CH2][CH2][CH2][CH2][CH2][CH2][CH2][CH2][CH2][CH2][CH]([OH])[CH]([OH])[CH]([CH2][OH])[N]=[C]([OH])[CH2][CH2][CH2][CH2][CH3]
10842,[CH3][CH2][CH2][CH2][CH2][CH2][CH2][CH2][CH2][CH2][CH2][CH2][CH2][CH2][CH]([OH])[CH]([OH])[CH]([CH2][O][P](=[O])([OH])[OH])[N]=[C]([OH])[CH2][CH2][CH2][CH2][CH3]
10843,[CH3][c]1[cH][n]([CH]2[CH2][CH]([OH])[CH]([CH2][O][P](=[O])([OH])[O][P](=[O])([OH])[O][CH]3[CH]=[C]([OH])[C](=[O])[CH]([CH3])[O]3)[O]2)[c](=[O])[n][c]1[OH]
10844,[CH3][CH2][CH2][CH2][CH2][CH2][CH2][CH2][CH2][CH2][CH2][CH2][CH2][CH]=[CH][CH]([OH])[CH]([CH2][O][CH]1[O][CH]([CH2][OH])[CH]([O][CH]2[O][CH]([CH2][OH])[CH]([O][CH]3[O][CH]([CH2][OH])[CH]([OH])[CH]([O][CH]4[O][CH]([CH2][OH])[CH]([OH])[CH]([O][C]5([C](=[O])[OH])[CH2][CH]([OH])[CH]([N]=[C]([CH3])[OH])[CH]([CH]([OH])[CH]([CH2][OH])[O][C]6([C](=[O])[OH])[CH2][CH]([OH])[CH]([N]=[C]([CH3])[OH])[CH]([CH]([OH])[CH]([OH])[CH2][OH])[O]6)[O]5)[CH]4[OH])[CH]3[N]=[C]([CH3])[OH])[CH]([O][C]3([C](=[O])[OH])[CH2][CH]([OH])[CH]([N]=[C]([CH3])[OH])[CH]([CH]([OH])[CH]([CH2][OH])[O][C]4([C](=[O])[OH])[CH2][CH]([OH])[CH]([N]=[C]([CH3])[OH])[CH]([CH]([OH])[CH]([OH])[CH2][OH])[O]4)[O]3)[CH]2[OH])[CH]([OH])[CH]1[OH])[N]=[C]([OH])[CH2][CH2][CH2][CH2][CH2][CH2][CH2][CH2][CH2][CH2][CH2][CH2][CH2][CH2][CH2][CH2][CH3]
10845,[CH3][CH2][CH2][CH2][CH2][CH2][CH2][CH2][CH2][CH2][CH2][CH2][CH2][CH]=[CH][CH]([OH])[CH]([CH2][O][CH]1[O][CH]([CH2][OH])[CH]([O][CH]2[O][CH]([CH2][OH])[CH]([O][CH]3[O][CH]([CH2][OH])[CH]([OH])[CH]([O][CH]4[O][CH]([CH2][OH])[CH]([OH])[CH]([O][C]5([C](=[O])[OH])[CH2][CH]([OH])[CH]([N]=[C]([CH3])[OH])[CH]([CH]([OH])[CH]([OH])[CH2][OH])[O]5)[CH]4[OH])[CH]3[N]=[C]([CH3])[OH])[CH]([O][C]3([C](=[O])[OH])[CH2][CH]([OH])[CH]([N]=[C]([CH3])[OH])[CH]([CH]([OH])[CH]([CH2][OH])[O][C]4([C](=[O])[OH])[CH2][CH]([OH])[CH]([N]=[C]([CH3])[OH])[CH]([CH]([OH])[CH]([OH])[CH2][OH])[O]4)[O]3)[CH]2[OH])[CH]([OH])[CH]1[OH])[N]=[C]([OH])[CH2][CH2][CH2][CH2][CH2][CH2][CH2][CH2][CH2][CH2][CH2][CH2][CH2][CH2][CH2][CH2][CH3]
10846,[CH3][CH2][CH2][CH2][CH2][CH2][CH2][CH2][CH2][CH2][CH2][CH2][CH2][CH]=[CH][CH]([OH])[CH]([CH2][O][CH]1[O][CH]([CH2][OH])[CH]([O][CH]2[O][CH]([CH2][OH])[CH]([O][CH]3[O][CH]([CH2][OH])[CH]([OH])[CH]([O][CH]4[O][CH]([CH2][OH])[CH]([OH])[CH]([OH])[CH]4[OH])[CH]3[N]=[C]([CH3])[OH])[CH]([O][C]3([C](=[O])[OH])[CH2][CH]([OH])[CH]([N]=[C]([CH3])[OH])[CH]([CH]([OH])[CH]([CH2][OH])[O][C]4([C](=[O])[OH])[CH2][CH]([OH])[CH]([N]=[C]([CH3])[OH])[CH]([CH]([OH])[CH]([OH])[CH2][OH])[O]4)[O]3)[CH]2[OH])[CH]([OH])[CH]1[OH])[N]=[C]([OH])[CH2][CH2][CH2][CH2][CH2][CH2][CH2][CH2][CH2][CH2][CH2][CH2][CH2][CH2][CH2][CH2][CH3]
10847,[CH3][CH2][CH2][CH2][CH2][CH2][CH2][CH2][CH2][CH2][CH2][CH2][CH2][CH]=[CH][CH]([OH])[CH]([CH2][O][CH]1[O][CH]([CH2][OH])[CH]([O][CH]2[O][CH]([CH2][OH])[CH]([OH])[CH]([O][C]3([C](=[O])[OH])[CH2][CH]([OH])[CH]([N]=[C]([CH3])[OH])[CH]([CH]([OH])[CH]([OH])[CH2][OH])[O]3)[CH]2[OH])[CH]([OH])[CH]1[OH])[N]=[C]([OH])[CH2][CH2][CH2][CH2][CH2][CH2][CH2][CH2][CH2][CH2][CH2][CH2][CH2][CH2][CH2][CH2][CH3]
10848,[CH3][CH2][CH2][CH2][CH2][CH2][CH2][CH2][CH2][CH2][CH2][CH2][CH2][CH]=[CH][CH]([OH])[CH]([CH2][O][CH]1[O][CH]([CH2][OH])[CH]([O][CH]2[O][CH]([CH2][OH])[CH]([OH])[CH]([O][C]3([C](=[O])[OH])[CH2][CH]([OH])[CH]([N]=[C]([CH3])[OH])[CH]([CH]([OH])[CH]([CH2][OH])[O][C]4([C](=[O])[OH])[CH2][CH]([OH])[CH]([N]=[C]([CH3])[OH])[CH]([CH]([OH])[CH]([OH])[CH2][OH])[O]4)[O]3)[CH]2[OH])[CH]([OH])[CH]1[OH])[N]=[C]([OH])[CH2][CH2][CH2][CH2][CH2][CH2][CH2][CH2][CH2][CH2][CH2][CH2][CH2][CH2][CH2][CH2][CH3]
10849,[CH3][CH2][CH2][CH2][CH2][CH2][CH2][CH2][CH2][CH2][CH2][CH2][CH2][CH]=[CH][CH]([OH])[CH]([CH2][O][CH]1[O][CH]([CH2][OH])[CH]([O][CH]2[O][CH]([CH2][OH])[CH]([O][CH]3[O][CH]([CH2][OH])[CH]([OH])[CH]([O][CH]4[O][CH]([CH2][OH])[CH]([OH])[CH]([O][C]5([C](=[O])[OH])[CH2][CH]([OH])[CH]([N]=[C]([CH3])[OH])[CH]([CH]([OH])[CH]([OH])[CH2][OH])[O]5)[CH]4[OH])[CH]3[N]=[C]([CH3])[OH])[CH]([O][C]3([C](=[O])[OH])[CH2][CH]([OH])[CH]([N]=[C]([CH3])[OH])[CH]([CH]([OH])[CH]([OH])[CH2][OH])[O]3)[CH]2[OH])[CH]([OH])[CH]1[OH])[N]=[C]([OH])[CH2][CH2][CH2][CH2][CH2][CH2][CH2][CH2][CH2][CH2][CH2][CH2][CH2][CH2][CH2][CH2][CH3]
10850,[CH3][CH2][CH2][CH2][CH2][CH]([OH])[CH]=[CH][CH]1[CH]([OH])[CH2][C](=[O])[CH]1[CH2][CH]=[CH][CH2][CH2][CH2][C](=[O])[O][CH2][CH]([OH])[CH2][OH]
10851,[CH3][CH2][CH2][CH2][CH2][CH]([OH])[CH]=[CH][CH]1[CH]([OH])[CH2][CH]([OH])[CH]1[CH2][CH]=[CH][CH2][CH2][CH2][C](=[O])[O][CH2][CH]([OH])[CH2][OH]
10852,[CH3][CH2][CH2][CH2][CH2][C](=[O])[c]1[c]([OH])[c]([Cl])[c]([OH])[c]([Cl])[c]1[OH]
10853,[CH3][CH2][CH2][CH2][CH2][C](=[O])[c]1[c]([OH])[c]([Cl])[c]([O][CH3])[c]([Cl])[c]1[OH]
10854,[O]=[c]1[n][c]([OH])[c]([CH2][OH])[cH][n]1[CH]1[CH2][CH]([OH])[CH]([CH2][O][P](=[O])([OH])[OH])[O]1
10855,[CH3][CH2][CH2][CH2][CH2][CH2][CH2][C](=[O])[O][CH2][CH]([CH2][O][CH]1[O][CH]([CH2][OH])[CH]([OH])[CH]([OH])[CH]1[OH])[O][C](=[O])[CH2][CH2][CH2][CH2][CH2][CH2][CH3]
10856,[CH3][CH2][CH2][CH2][CH2][CH2][CH2][C](=[O])[O][CH]([CH2][OH])[CH2][O][CH]1[O][CH]([CH2][OH])[CH]([OH])[CH]([OH])[CH]1[OH]
10857,[CH3][CH2][CH2][CH2][CH2][CH2][CH2][C](=[O])[O][CH2][CH]([CH2][O][CH]1[O][CH]([CH2][O][CH]2[O][CH]([CH2][OH])[CH]([OH])[CH]([OH])[CH]2[OH])[CH]([OH])[CH]([OH])[CH]1[OH])[O][C](=[O])[CH2][CH2][CH2][CH2][CH2][CH2][CH3]
10858,[CH3][CH2][CH2][CH2][CH2][CH2][CH2][C](=[O])[O][CH]([CH2][OH])[CH2][O][CH]1[O][CH]([CH2][O][CH]2[O][CH]([CH2][OH])[CH]([OH])[CH]([OH])[CH]2[OH])[CH]([OH])[CH]([OH])[CH]1[OH]
10859,[CH3][CH2][CH2][CH2][CH2][CH2][CH2][CH2][CH]=[CH][CH2][CH2][CH2][CH2][CH2][CH2][CH2][C](=[O])[O][CH2][CH]([CH2][O][CH]1[O][CH]([CH2][OH])[CH]([OH])[CH]([OH])[CH]1[OH])[O][C](=[O])[CH2][CH2][CH2][CH2][CH2][CH2][CH2][CH]=[CH][CH2][CH2][CH2][CH2][CH2][CH2][CH2][CH3]
10860,[CH3][CH2][CH]=[CH][CH2][CH]=[CH][CH2][CH]=[CH][CH2][CH2][CH2][CH2][CH2][C](=[O])[O][CH]([CH2][O][C](=[O])[CH2][CH2][CH2][CH2][CH2][CH2][CH2][CH]1[CH]=[CH][C](=[O])[CH]1[CH2][CH]=[CH][CH2][CH3])[CH2][O][CH]1[O][CH]([CH2][OH])[CH]([OH])[CH]([OH])[CH]1[OH]
10861,[CH3][CH2][CH]=[CH][CH2][CH]=[CH][CH2][CH]=[CH][CH2][CH2][CH2][CH2][CH2][C](=[O])[O][CH]([CH2][OH])[CH2][O][CH]1[O][CH]([CH2][OH])[CH]([OH])[CH]([OH])[CH]1[OH]
10862,[CH3][CH2][CH2][CH2][CH2][CH]([OH])[CH]=[CH][CH]=[CH][CH2][CH]=[CH][CH]=[CH][CH]([CH2][CH2][CH2][C](=[O])[OH])[O][OH]
10863,[CH3][CH2][CH2][CH2][CH2][CH]=[CH][CH]=[CH][C](=[O])[CH2][CH]=[CH][CH2][CH]=[CH][CH2][CH2][CH2][C](=[O])[OH]
10864,[CH3][CH2][CH2][CH2][CH2][CH]=[CH][CH]=[CH][CH]([OH])[CH2][CH]=[CH][CH2][CH]=[CH][CH2][CH2][CH2][C](=[O])[OH]
10865,[CH3][C]([OH])=[N][CH]1[CH]([O][CH]2[CH]([CH2][OH])[O][CH]([OH])[CH]([N]=[C]([CH3])[OH])[CH]2[O][CH]([CH3])[C]([OH])=[N][CH]([CH3])[C]([OH])=[N][CH]([CH2][CH2][C]([OH])=[N][CH]([CH2][CH2][CH2][CH]([NH2])[C](=[O])[OH])[C](=[O])[OH])[C](=[O])[OH])[O][CH]([CH2][OH])[CH]([OH])[CH]1[OH]
10866,[CH3][CH2][CH]=[CH][CH2][CH]=[CH][CH2][CH]([CH]=[CH][CH]=[CH][CH2][CH]=[CH][CH2][CH2][CH2][C](=[O])[OH])[O][OH]
10867,[CH3][CH2][C]1=[C]([CH3])[C]2=[CH][C]3=[N][C](=[C]([CH3])[C]3=[C]([CH3])[OH])[CH]=[C]3[NH][C](=[C]4[C]5=[N][C](=[CH][C]1=[N]2)[C]([CH3])=[C]5[C](=[O])[C-]4[C](=[O])[O][CH3])[CH]([CH2][CH2][C](=[O])[OH])[CH]3[CH3]
10868,[CH3][CH2][CH2][CH2][CH2][CH]=[CH][CH]=[CH][CH]([OH])[CH2][CH]=[CH][CH]=[CH][CH]([OH])[CH2][CH2][CH2][C](=[O])[OH]
10869,[CH3][CH2][CH2][CH2][CH2][CH]([OH])[CH]=[CH][CH]=[CH][CH2][CH]=[CH][CH]=[CH][CH]([OH])[CH2][CH2][CH2][C](=[O])[OH]
10870,[CH3][CH2][CH2][CH2][CH2][CH]([OH])[CH]=[CH][CH]=[CH][CH2][CH]=[CH][CH]=[CH][CH]([OH])[CH2][CH2][CH2][C](=[O])[OH]
10871,[CH3][CH2][CH]=[CH][CH2][CH]=[CH][CH]=[CH][CH]([OH])[CH2][CH]=[CH][CH2][CH]=[CH][CH2][CH]=[CH][CH2][CH2][C](=[O])[OH]
10872,[CH3][CH2][CH]=[CH][CH2][CH]([OH])[CH]=[CH][CH]=[CH][CH2][CH]=[CH][CH2][CH]=[CH][CH2][CH2][CH2][C](=[O])[OH]
10873,[CH3][CH2][CH2][CH2][CH2][CH]=[CH][CH2][CH]=[CH][CH2][CH]=[CH][CH]=[CH][CH]([CH2][CH2][CH2][C](=[O])[OH])[O][OH]
10874,[CH3][CH2][CH2][CH2][CH2][CH]([CH]=[CH][CH]=[CH][CH2][CH2][CH2][CH2][CH2][CH2][CH2][C](=[O])[OH])[O][OH]
10875,[CH3][CH2][CH]=[CH][CH2][CH]=[CH][CH]=[CH][CH]([OH])[CH2][CH]=[CH][CH2][CH]=[CH][CH2][CH2][CH2][CH2][CH2][C](=[O])[OH]
10876,[CH3][CH2][CH]([OH])[CH]=[CH][CH]=[CH][CH2][CH]=[CH][CH2][CH]=[CH][CH]=[CH][CH]([CH2][CH2][CH2][C](=[O])[OH])[O][OH]
10877,[CH3][CH2][CH]([OH])[CH]=[CH][CH]=[CH][CH2][CH]=[CH][CH2][CH]=[CH][CH2][CH]=[CH][CH2][CH2][CH2][C](=[O])[OH]
10878,[CH3][CH2][CH]=[CH][CH2][CH]=[CH][CH2][C](=[O])[CH]=[CH][CH]=[CH][CH2][CH]=[CH][CH2][CH]=[CH][CH2][CH2][C](=[O])[OH]
10879,[CH3][CH2][CH]=[CH][CH2][CH]=[CH][CH2][CH]([OH])[CH]=[CH][CH]=[CH][CH2][CH]=[CH][CH2][CH]=[CH][CH2][CH2][C](=[O])[OH]
10880,[CH2]=[C]1[CH2][CH2][CH]([OH])[CH2][C]1=[CH][CH]=[C]1[CH2][CH2][CH2][C]2([CH3])[CH]1[CH2][CH2][CH]2[CH]([CH3])[CH]=[CH][CH]([CH3])[C]([CH3])([CH3])[OH]
10881,[CH2]=[C]1[C](=[CH][CH]=[C]2[CH2][CH2][CH2][C]3([CH3])[CH]2[CH2][CH2][CH]3[CH]([CH3])[CH]=[CH][CH]([CH3])[C]([CH3])([CH3])[OH])[CH2][CH]([OH])[CH2][CH]1[OH]
10882,[CH2]=[C]1[CH2][CH2][CH]([OH])[CH2][C]1=[CH][CH]=[C]1[CH2][CH2][CH2][C]2([CH3])[CH]1[CH2][CH2][CH]2[CH]([CH3])[CH2][CH2][C](=[O])[C]([CH3])([CH3])[OH]
10883,[CH3][CH]([CH3])[C]12[CH2][CH2][C]([CH3])([O]1)[CH]([OH])[CH2]2
10884,[CH3][CH]([CH3])[C]12[CH2][CH2][C]([CH3])([CH2][CH2]1)[O]2
10885,[CH2]=[C]1[C](=[CH][CH]=[C]2[CH2][CH2][CH2][C]3([CH3])[CH]2[CH2][CH2][CH]3[CH]([CH3])[CH2][CH]([OH])[CH2][C]([CH3])([CH3])[OH])[CH2][CH]([OH])[CH2][CH]1[OH]
10886,[CH2]=[C]1[CH2][CH2][CH]([OH])[CH2][C]1=[CH][CH]=[C]1[CH2][CH2][CH2][C]2([CH3])[CH]1[CH2][CH2][CH]2[C]([CH3])([OH])[CH2][CH2][CH]([OH])[CH]([CH3])[CH3]
10887,[CH2]=[C]1[CH2][CH2][CH]([OH])[CH2][C]1=[CH][CH]=[C]1[CH2][CH2][CH2][C]2([CH3])[CH]1[CH2][CH2][CH]2[C]([CH3])([OH])[CH2][CH2][CH2][CH]([CH3])[CH3]
10888,[CH2]=[C]1[CH2][CH2][CH]([OH])[CH2][C]1=[CH][CH]=[C]1[CH2][CH2][CH2][C]2([CH3])[CH]1[CH2][CH2][CH]2[C]([CH3])([OH])[CH2][CH2][CH]([OH])[CH]([CH3])[CH3]
10889,[CH2]=[C]1[CH2][CH2][CH]([OH])[CH2][C]1=[CH][CH]=[C]1[CH2][CH2][CH2][C]2([CH3])[CH]1[CH2][CH2][CH]2[C]([CH3])([OH])[CH2][CH2][CH2][C]([CH3])([CH3])[OH]
10890,[CH3][CH2][C](=[O])[CH]=[CH][CH]=[CH][CH2][CH]([OH])[CH]=[CH][CH]=[CH][CH]=[CH][CH]([OH])[CH2][CH2][CH2][C](=[O])[OH]
10891,[CH2]=[C]1[CH2][CH2][CH]([OH])[CH2][C]1=[CH][CH]=[C]1[CH2][CH2][CH2][C]2([CH3])[CH]1[CH2][CH2][CH]2[CH]([CH3])[CH2][CH]([OH])[C](=[O])[C]([CH3])([CH3])[OH]
10892,[CH3][C]([CH]=[CH][CH]=[C]([CH3])[CH]=[CH][C]1=[C]([CH3])[CH2][CH2][CH2][C]1([CH3])[CH3])=[CH][CH]=[CH][CH]=[C]([CH3])[CH]=[CH][CH]=[C]([CH3])[CH]=[CH][C]12[O][C]1([CH3])[CH2][CH]([OH])[CH2][C]2([CH3])[CH3]
10893,[CH3][C]([CH]=[CH][CH]=[C]([CH3])[CH]=[CH][C](=[O])[C]1([CH3])[CH2][CH]([OH])[CH2][C]1([CH3])[CH3])=[CH][CH]=[CH][CH]=[C]([CH3])[CH]=[CH][CH]=[C]([CH3])[CH]=[CH][C]12[O][C]1([CH3])[CH2][CH]([OH])[CH2][C]2([CH3])[CH3]
10894,[CH2]=[C]1[CH2][CH2][CH]([OH])[CH2][C]1=[CH][CH]=[C]1[CH2][CH2][CH2][C]2([CH3])[CH]1[CH2][CH2][CH]2[C]([CH3])([OH])[CH2][CH]([OH])[CH]([OH])[CH]([CH3])[CH3]
10895,[CH2]=[C]1[CH2][CH2][CH]([OH])[CH2][C]1=[CH][CH]=[C]1[CH2][CH2][CH2][C]2([CH3])[CH]1[CH2][CH2][CH]2[C]([CH3])([OH])[CH2][CH]([OH])[CH2][CH]([CH3])[CH3]
10896,[CH2]=[C]1[CH2][CH2][CH]([OH])[CH2][C]1=[CH][CH]=[C]1[CH2][CH2][CH2][C]2([CH3])[CH]1[CH2][CH2][CH]2[C]([CH3])([OH])[CH2][CH]([OH])[CH2][C]([CH3])([CH3])[OH]
10897,[NH2][C](=[CH][CH]([OH])[CH]([OH])[CH2][OH])[C](=[O])[OH]
10898,[NH]=[C]([CH2][CH]([OH])[CH]([OH])[CH2][OH])[C](=[O])[OH]
10899,[CH3][CH2][CH2][CH2][CH2][CH2][CH2][CH2][CH]=[CH][CH2][CH2][CH2][C](=[O])[O][CH]([CH2][C](=[O])[OH])[CH2][N+]([CH3])([CH3])[CH3]
10900,[CH3][CH2][CH2][CH2][CH2][CH2][CH2][CH2][CH]=[CH][CH2][CH2][CH2][C](=[O])[S][CH2][CH2][N]=[C]([OH])[CH2][CH2][N]=[C]([OH])[CH]([OH])[C]([CH3])([CH3])[CH2][O][P](=[O])([OH])[O][P](=[O])([OH])[O][CH2][CH]1[O][CH]([n]2[cH][n][c]3[c]([NH2])[n][cH][n][c]32)[CH]([OH])[CH]1[O][P](=[O])([OH])[OH]
10901,[CH3][CH2][CH2][CH2][CH]=[CH][CH2][C](=[O])[S][CH2][CH2][N]=[C]([OH])[CH2][CH2][N]=[C]([OH])[CH]([OH])[C]([CH3])([CH3])[CH2][O][P](=[O])([OH])[O][P](=[O])([OH])[O][CH2][CH]1[O][CH]([n]2[cH][n][c]3[c]([NH2])[n][cH][n][c]32)[CH]([OH])[CH]1[O][P](=[O])([OH])[OH]
10902,[CH3][CH2][CH]=[CH][CH2][CH]=[CH][C](=[O])[S][CH2][CH2][N]=[C]([OH])[CH2][CH2][N]=[C]([OH])[CH]([OH])[C]([CH3])([CH3])[CH2][O][P](=[O])([OH])[O][P](=[O])([OH])[O][CH2][CH]1[O][CH]([n]2[cH][n][c]3[c]([NH2])[n][cH][n][c]32)[CH]([OH])[CH]1[O][P](=[O])([OH])[OH]
10903,[CH3][CH2][CH2][C](=[O])[S][CH2][CH2][N]=[C]([OH])[CH2][CH2][N]=[C]([OH])[CH]([OH])[C]([CH3])([CH3])[CH2][O][P](=[O])([OH])[OH]
10904,[CH3][CH2][CH2][CH2][CH2][C](=[O])[S][CH2][CH2][N]=[C]([OH])[CH2][CH2][N]=[C]([OH])[CH]([OH])[C]([CH3])([CH3])[CH2][O][P](=[O])([OH])[OH]
10905,[CH3][CH2][CH2][CH2][CH2][CH2][CH2][C](=[O])[S][CH2][CH2][N]=[C]([OH])[CH2][CH2][N]=[C]([OH])[CH]([OH])[C]([CH3])([CH3])[CH2][O][P](=[O])([OH])[OH]
10906,[CH3][CH2][CH2][CH2][CH2][CH2][CH2][CH2][CH2][C](=[O])[S][CH2][CH2][N]=[C]([OH])[CH2][CH2][N]=[C]([OH])[CH]([OH])[C]([CH3])([CH3])[CH2][O][P](=[O])([OH])[OH]
10907,[CH3][CH2][CH2][CH2][CH2][CH2][CH2][CH2][CH2][CH2][CH2][C](=[O])[S][CH2][CH2][N]=[C]([OH])[CH2][CH2][N]=[C]([OH])[CH]([OH])[C]([CH3])([CH3])[CH2][O][P](=[O])([OH])[OH]
10908,[CH3][CH2][CH2][CH2][CH2][CH2][CH2][CH2][CH2][CH2][CH2][CH2][CH2][C](=[O])[S][CH2][CH2][N]=[C]([OH])[CH2][CH2][N]=[C]([OH])[CH]([OH])[C]([CH3])([CH3])[CH2][O][P](=[O])([OH])[OH]
10909,[CH3][CH2][CH2][CH2][CH2][CH2][CH2][CH2][CH2][CH2][CH2][CH2][CH2][CH2][CH2][C](=[O])[S][CH2][CH2][N]=[C]([OH])[CH2][CH2][N]=[C]([OH])[CH]([OH])[C]([CH3])([CH3])[CH2][O][P](=[O])([OH])[OH]
10910,[CH3][CH]([CH2][CH2][C](=[O])[S][CH2][CH2][N]=[C]([OH])[CH2][CH2][N]=[C]([OH])[CH]([OH])[C]([CH3])([CH3])[CH2][O][P](=[O])([OH])[OH])[CH]1[CH2][CH2][CH]2[CH]3[CH]([OH])[CH2][CH]4[CH2][CH]([OH])[CH2][CH2][C]4([CH3])[CH]3[CH2][CH]([OH])[C]12[CH3]
10911,[CH3][CH]([CH2][CH2][CH2][CH]([CH3])[CH]1[CH2][CH2][CH]2[CH]3[CH]([OH])[CH2][CH]4[CH2][CH]([OH])[CH2][CH2][C]4([CH3])[CH]3[CH2][CH]([OH])[C]12[CH3])[C](=[O])[S][CH2][CH2][N]=[C]([OH])[CH2][CH2][N]=[C]([OH])[CH]([OH])[C]([CH3])([CH3])[CH2][O][P](=[O])([OH])[OH]
10912,[CH3][CH]([CH2][CH2][CH2][CH]([CH3])[CH]1[CH2][CH2][CH]2[CH]3[CH]([OH])[CH2][CH]4[CH2][CH]([OH])[CH2][CH2][C]4([CH3])[CH]3[CH2][CH]([OH])[C]12[CH3])[C](=[O])[S][CH2][CH2][N]=[C]([OH])[CH2][CH2][N]=[C]([OH])[CH]([OH])[C]([CH3])([CH3])[CH2][O][P](=[O])([OH])[O][P](=[O])([OH])[O][CH2][CH]1[O][CH]([n]2[cH][n][c]3[c]([NH2])[n][cH][n][c]32)[CH]([OH])[CH]1[O][P](=[O])([OH])[OH]
10913,[CH3][CH2][CH2][CH2][CH2][CH2][CH2][CH2][CH2][CH2][CH2][C]([OH])=[N][CH2][CH2][S](=[O])(=[O])[OH]
10914,[CH3][CH2][CH2][CH2][CH2][CH2][CH2][CH2][CH2][CH2][CH2][CH2][CH2][C]([OH])=[N][CH2][CH2][S](=[O])(=[O])[OH]
10915,[CH3][CH2][CH2][CH2][CH2][CH2][CH2][CH2][CH2][CH2][CH2][CH2][CH2][CH2][CH2][C]([OH])=[N][CH2][CH2][S](=[O])(=[O])[OH]
10916,[CH3][CH2][CH2][CH2][CH2][CH2][CH2][CH2][CH2][CH2][CH2][CH2][CH2][CH2][CH2][CH2][CH2][C]([OH])=[N][CH2][CH2][S](=[O])(=[O])[OH]
10917,[CH3][CH2][CH2][CH2][CH2][CH2][CH2][CH2][CH2][CH2][CH2][CH2][CH2][CH2][CH2][CH2][CH2][CH2][CH2][C]([OH])=[N][CH2][CH2][S](=[O])(=[O])[OH]
10918,[CH3][CH2][CH2][CH2][CH2][CH2][CH2][CH2][CH2][CH2][CH2][CH2][CH2][CH2][CH2][CH2][CH2][CH2][CH2][CH2][CH2][CH2][CH2][C]([OH])=[N][CH2][CH2][S](=[O])(=[O])[OH]
10919,[CH3][CH2][CH]=[CH][CH2][CH]([OH])[CH]=[CH][CH]=[CH][CH]=[CH][CH]=[CH][C](=[O])[CH]([OH])[CH2][CH]=[CH][CH2][CH2][C](=[O])[OH]
10920,[CH3][CH2][CH]=[CH][CH2][C](=[O])[CH]=[CH][CH]=[CH][CH]=[CH][CH]=[CH][CH]([OH])[CH]([OH])[CH2][CH]=[CH][CH2][CH2][C](=[O])[OH]
10921,[CH3][CH2][CH2][CH2][CH2][CH2][CH2][CH2][CH2][CH2][CH2][CH2][CH2][CH2][CH2][C](=[O])[O][CH2][CH3]
10922,[CH3][CH2][CH2][CH2][CH2][CH2][CH]=[CH][CH2][CH2][CH2][CH2][CH2][CH2][CH2][C](=[O])[O][CH2][CH3]
10923,[CH3][CH2][CH2][CH2][CH2][CH]([CH]=[CH][CH]=[CH][CH2][CH]=[CH][CH2][CH]=[CH][CH2][CH2][CH2][C]([OH])=[N][CH2][CH2][S](=[O])(=[O])[OH])[O][OH]
10924,[CH3][CH2][CH2][CH2][CH2][CH]=[CH][CH2][CH]=[CH][CH2][CH]=[CH][CH2][CH]=[CH][CH2][CH2][CH2][C]([OH])=[N][CH2][CH2][S](=[O])(=[O])[OH]
10925,[CH3][CH2][CH2][CH2][CH2][CH]=[CH][CH2][CH]([CH]=[CH][CH]=[CH][CH2][CH]=[CH][CH2][CH2][CH2][C]([OH])=[N][CH2][CH2][S](=[O])(=[O])[OH])[O][OH]
10926,[CH3][CH2][CH2][CH2][CH2][CH]=[CH][CH2][CH]([CH]=[CH][CH]=[CH][CH2][CH]=[CH][CH2][CH2][CH2][C]([OH])=[N][CH2][C](=[O])[OH])[O][OH]
10927,[CH3][CH2][CH2][CH2][CH2][CH]=[CH][CH2][CH]=[CH][CH2][CH]=[CH][CH2][CH]=[CH][CH2][CH2][CH2][C]([OH])=[N][CH2][C](=[O])[OH]
10928,[CH3][CH2][CH2][CH2][CH2][CH]=[CH][CH2][CH]([CH]=[CH][CH]=[CH][CH2][CH]=[CH][CH2][CH2][CH2][C]([OH])=[N][CH]([CH3])[C](=[O])[OH])[O][OH]
10929,[CH3][CH2][CH2][CH2][CH2][CH]=[CH][CH2][CH]=[CH][CH2][CH]=[CH][CH2][CH]=[CH][CH2][CH2][CH2][C]([OH])=[N][CH]([CH3])[C](=[O])[OH]
10930,[CH3][CH2][CH2][CH2][CH2][CH]=[CH][CH2][CH]([CH]=[CH][CH]=[CH][CH2][CH]=[CH][CH2][CH2][CH2][C]([OH])=[N][CH2][CH2][CH2][C](=[O])[OH])[O][OH]
10931,[CH3][CH2][CH2][CH2][CH2][CH]=[CH][CH2][CH]=[CH][CH2][CH]=[CH][CH2][CH]=[CH][CH2][CH2][CH2][C]([OH])=[N][CH2][CH2][CH2][C](=[O])[OH]
10932,[CH3][CH2][CH2][CH2][CH2][CH]([CH]=[CH][CH]=[CH][CH2][CH]=[CH][CH2][CH]=[CH][CH2][CH2][CH2][C]([OH])=[N][CH2][CH2][CH2][C](=[O])[OH])[O][OH]
10933,[CH3][CH2][CH2][CH2][CH2][CH]([CH]=[CH][CH]=[CH][CH2][CH]=[CH][CH2][CH]=[CH][CH2][CH2][CH2][C]([OH])=[N][CH]([CH3])[C](=[O])[OH])[O][OH]
10934,[CH3][CH2][CH2][CH2][CH2][CH]([CH]=[CH][CH]=[CH][CH2][CH]=[CH][CH2][CH]=[CH][CH2][CH2][CH2][C]([OH])=[N][CH2][C](=[O])[OH])[O][OH]
10935,[CH3][CH2][CH]=[CH][CH2][CH]([OH])[CH]=[CH][CH]=[CH][CH2][CH]=[CH][CH2][CH]=[CH][CH2][CH2][CH2][C](=[O])[OH]
10936,[CH3][CH2][CH]([OH])[CH]=[CH][CH]=[CH][CH2][CH]=[CH][CH2][CH]=[CH][CH2][CH]=[CH][CH2][CH2][CH2][C](=[O])[OH]
10937,[CH3][CH2][CH2][CH2][CH2][CH]1[O][CH]1[CH]([OH])[CH]=[CH][CH2][CH2][CH2][CH2][CH2][CH2][CH2][C](=[O])[OH]
10938,[CH3][CH2][CH2][CH2][CH2][CH]=[CH][CH2][CH]1[O][CH]1[CH]=[CH][CH]([OH])[CH2][CH]=[CH][CH2][CH2][CH2][C](=[O])[OH]
10939,[CH3][CH2][CH2][CH2][CH2][CH]1[O][CH]1[CH]=[CH][CH]([OH])[CH2][CH]=[CH][CH2][CH]=[CH][CH2][CH2][CH2][C](=[O])[OH]
10940,[CH3][CH2][CH2][CH2][CH2][CH]([OH])[CH]([CH]=[CH][CH]([OH])[CH2][CH]=[CH][CH2][CH]=[CH][CH2][CH2][CH2][C](=[O])[OH])[S][CH2][CH]([N]=[C]([OH])[CH2][CH2][CH]([NH2])[C](=[O])[OH])[C]([OH])=[N][CH2][C](=[O])[OH]
10941,[CH3][CH2][CH]([OH])[CH]=[CH][CH]=[CH][CH2][CH]=[CH][CH2][CH]=[CH][CH]=[CH][CH]([CH2][CH2][CH2][C](=[O])[OH])[O][OH]
10942,[CH3][CH2][CH]([OH])[CH]=[CH][CH]=[CH][CH2][CH]=[CH][CH]=[CH][CH]=[CH][CH]1[O][CH]1[CH2][CH2][CH2][C](=[O])[OH]
10943,[CH3][CH2][CH2][CH2][CH2][CH]1[O][CH]1[CH2][CH]=[CH][CH2][CH]=[CH][CH2][CH]=[CH][CH2][CH2][CH2][C](=[O])[OH]
10944,[CH3][CH2][CH2][CH2][CH2][CH]1[O][CH]1[CH2][CH]([CH]=[CH][CH]=[CH][CH2][CH]=[CH][CH2][CH2][CH2][C](=[O])[OH])[O][OH]
10945,[CH3][CH2][CH2][CH2][CH2][CH]1[O][CH]1[CH2][CH]=[CH][CH2][CH]=[CH][CH]=[CH][CH]([CH2][CH2][CH2][C](=[O])[OH])[O][OH]
10946,[CH3][CH2][CH2][CH2][CH2][CH]1[O][CH]1[CH2][CH]([CH]=[CH][CH]=[CH][CH2][CH]=[CH][CH2][CH2][CH2][C](=[O])[OH])[O][OH]
10947,[CH3][CH2][CH2][CH2][CH2][CH]1[O][CH]1[CH2][CH]=[CH][CH2][CH]=[CH][CH2][CH]=[CH][CH2][CH2][CH2][C](=[O])[OH]
10948,[CH3][CH2][CH2][CH2][CH2][CH]1[O][CH]1[CH2][CH]=[CH][CH]=[CH][CH]([CH2][CH]=[CH][CH2][CH2][CH2][C](=[O])[OH])[O][OH]
10949,[CH3][C]([CH]=[CH][C]1=[C]([CH3])[CH]=[CH][CH2][C]1([CH3])[CH3])=[CH][CH]=[CH][C]([CH3])=[CH][CH2][OH]
10950,[CH3][C]([CH]=[CH][C]1=[C]([CH3])[CH]([OH])[CH2][CH2][C]1([CH3])[CH3])=[CH][CH]=[CH][C]([CH3])=[CH][CH2][OH]
10951,[CH3][CH2][CH2][CH2][CH2][CH2][CH2][CH2][CH2][CH2][CH2][CH2][CH2][CH2][CH2][CH2][CH2][C](=[O])[O][CH2][CH3]
10952,[CH3][CH2][CH2][CH2][CH2][CH]([OH])[CH]=[CH][CH]1[CH]2[CH2][CH]([O][O]2)[CH]1[CH2][CH2][CH2][CH2][CH2][CH2][C](=[O])[OH]
10953,[CH3][CH2][CH2][CH2][CH2][CH]([OH])[CH]=[CH][CH]1[C](=[O])[CH2][CH]([OH])[CH]1[CH2][CH2][CH2][CH2][CH2][CH2][C](=[O])[OH]
10954,[CH3][CH2][CH]=[CH][CH2][CH]([CH]=[CH][CH]1[CH]2[CH2][CH]([O][O]2)[CH]1[CH2][CH]=[CH][CH2][CH2][CH2][C](=[O])[OH])[O][OH]
10955,[CH3][CH2][CH]=[CH][CH2][CH]([OH])[CH]=[CH][CH]1[C](=[O])[CH2][CH]([OH])[CH]1[CH2][CH]=[CH][CH2][CH2][CH2][C](=[O])[OH]
10956,[CH3][CH2][CH2][CH2][CH2][C](=[O])[CH2][CH2][CH]1[CH]([OH])[CH2][C](=[O])[CH]1[CH2][CH2][CH2][CH2][CH2][CH2][C](=[O])[OH]
10957,[CH3][CH2][CH2][CH2][CH2][C](=[O])[CH2][CH2][CH]1[CH]([OH])[CH2][CH]([OH])[CH]1[CH2][CH]=[CH][CH2][CH2][CH2][C](=[O])[OH]
10958,[CH3][CH2][CH2][CH2][CH2][C](=[O])[CH]=[CH][CH]1[CH]([OH])[CH2][CH]([OH])[CH]1[CH2][CH2][CH2][CH2][CH2][CH2][C](=[O])[OH]
10959,[CH3][CH2][CH2][CH2][CH2][C](=[O])[CH2][CH2][CH]1[CH]([OH])[CH2][CH]([OH])[CH]1[CH2][CH2][CH2][CH2][CH2][CH2][C](=[O])[OH]
10960,[CH3][CH2][CH2][CH2][CH2][CH2][CH2][CH]=[CH][CH]=[O]
10961,[CH3][CH2][CH2][CH2][CH2][CH2][CH2][C]([CH3])=[O]
10962,[CH3][CH2][CH2][CH2][CH2][CH2][CH2][CH2][CH2][CH]=[CH][CH]=[O]
10963,[CH3][CH]=[CH][C]([CH3])=[O]
10964,[CH3][CH2][CH2][CH2][CH2][CH]([OH])[CH]=[CH][CH]1[CH]([S][CH2][CH]([N]=[C]([OH])[CH2][CH2][CH]([NH2])[C](=[O])[OH])[C]([OH])=[N][CH2][C](=[O])[OH])[CH2][C](=[O])[CH]1[CH2][CH]=[CH][CH2][CH2][CH2][C](=[O])[OH]
10965,[CH3][CH2][CH2][CH2][CH2][CH]([OH])[CH]=[CH][CH]1[CH]([S][CH2][CH]([N]=[C]([OH])[CH2][CH2][CH]([NH2])[C](=[O])[OH])[C]([OH])=[N][CH2][C](=[O])[OH])[CH2][C](=[O])[CH]1[CH2][CH]=[CH][CH2][CH2][CH2][C](=[O])[OH]
10966,[CH3][CH2][CH2][CH2][CH2][CH]([OH])[CH]=[CH][CH]1[C](=[O])[CH2][CH]([S][CH2][CH]([N]=[C]([OH])[CH2][CH2][CH]([NH2])[C](=[O])[OH])[C]([OH])=[N][CH2][C](=[O])[OH])[CH]1[CH2][CH]=[CH][CH2][CH2][CH2][C](=[O])[OH]
10967,[CH3][CH2][CH2][CH2][CH2][CH]([OH])[CH]=[CH][CH]1[C](=[O])[CH2][CH]([S][CH2][CH]([N]=[C]([OH])[CH2][CH2][CH]([NH2])[C](=[O])[OH])[C]([OH])=[N][CH2][C](=[O])[OH])[CH]1[CH2][CH]=[CH][CH2][CH2][CH2][C](=[O])[OH]
10968,[CH3][CH2][CH2][CH2][CH2][CH]=[CH][CH2][CH]([CH]=[CH][CH]=[CH][CH2][CH]=[CH][CH2][CH]=[CH][CH2][CH2][C](=[O])[OH])[O][OH]
10969,[CH3][CH2][CH2][CH2][CH2][CH]=[CH][CH2][CH]=[CH][CH2][CH]=[CH][CH2][CH]=[CH][CH2][CH]=[CH][CH2][CH2][C](=[O])[OH]
10970,[CH3][CH2][CH2][CH2][CH2][CH]([CH]=[CH][CH]=[CH][CH2][CH]=[CH][CH2][CH]=[CH][CH2][CH]=[CH][CH2][CH2][C](=[O])[OH])[O][OH]
10971,[CH3][CH2][CH]=[CH][CH2][CH]([CH]=[CH][CH]=[CH][CH2][CH]=[CH][CH2][CH]=[CH][CH2][CH2][CH2][CH2][CH2][C](=[O])[OH])[O][OH]
10972,[CH3][CH2][CH]=[CH][CH2][CH]=[CH][CH2][CH]([CH]=[CH][CH]=[CH][CH2][CH]=[CH][CH2][CH2][CH2][CH2][CH2][C](=[O])[OH])[O][OH]
10973,[CH3][CH2][CH]([OH])[CH]=[CH][CH]=[CH][CH2][CH]=[CH][CH]=[CH][CH]=[CH][CH]1[O][CH]1[CH2][CH2][CH2][C](=[O])[OH]
10974,[CH3][CH2][CH]=[CH][CH2][CH]=[CH][CH]=[CH][CH]([OH])[CH2][CH]=[CH][CH2][CH]=[CH][CH2][CH2][CH2][C](=[O])[OH]
10975,[CH3][CH2][CH2][CH2][CH2][CH]([OH])[CH]=[CH][CH]=[CH][CH2][CH2][CH2][CH2][CH2][CH2][CH2][C](=[O])[OH]
10976,[CH3][CH2][CH2][CH2][CH2][CH]=[CH][CH]=[CH][CH]([OH])[CH2][CH2][CH2][CH2][CH2][CH2][CH2][C](=[O])[OH]
10977,[CH3][CH2][CH2][CH2][CH2][CH]([CH]=[CH][CH]=[CH][CH]=[CH][CH]([CH2][CH]=[CH][CH2][CH2][CH2][C](=[O])[OH])[O][OH])[O][OH]
10978,[CH3][CH2][CH2][CH2][CH2][CH]([O][OH])[CH]([CH]=[CH][CH]=[CH][CH]=[CH][CH2][CH]=[CH][CH2][CH2][CH2][C](=[O])[OH])[O][OH]
10979,[CH3][CH]([NH2])[CH2][C](=[O])[S][CH2][CH2][N]=[C]([OH])[CH2][CH2][N]=[C]([OH])[CH]([OH])[C]([CH3])([CH3])[CH2][O][P](=[O])([OH])[O][P](=[O])([OH])[O][CH2][CH]1[O][CH]([n]2[cH][n][c]3[c]([NH2])[n][cH][n][c]32)[CH]([OH])[CH]1[O][P](=[O])([OH])[OH]
10980,[O]=[CH][CH2][O][P](=[O])([OH])[OH]
10981,[CH3][C]12[CH2][CH2][CH]3[CH]([CH2][CH2][CH]4[CH2][C](=[O])[CH]=[CH][C]43[CH3])[CH]1[CH2][CH2][C]2=[O]
10982,[CH3][CH2][CH2][CH2][CH]([CH3])[CH]([OH])[CH]([OH])[CH2][CH]([CH3])[CH2][CH]([OH])[CH2][CH2][CH2][CH2][CH]([OH])[CH2][CH]([OH])[C]([CH3])=[O]
10983,[CH3][CH2][CH2][CH2][CH2][CH]([OH])[CH]=[CH][CH]=[CH][CH]=[CH][CH]([OH])[CH2][CH]=[CH][CH2][CH2][CH2][C](=[O])[OH]
10984,[CH3][CH2][CH]=[CH][CH2][CH]([CH]=[CH][CH]=[CH][CH]=[CH][CH]([CH2][CH]=[CH][CH2][CH]=[CH][CH2][CH2][C](=[O])[OH])[O][OH])[O][OH]
10985,[CH3][CH2][CH2][CH2][CH2][CH]([CH]=[CH][CH]=[CH][CH]=[CH][CH]([CH2][CH]=[CH][CH2][CH]=[CH][CH2][CH2][C](=[O])[OH])[O][OH])[O][OH]
10986,[CH3][CH2][CH]=[CH][CH2][CH]([CH]=[CH][CH]=[CH][CH]=[CH][CH]([CH2][CH]=[CH][CH2][CH2][CH2][CH2][CH2][C](=[O])[OH])[O][OH])[O][OH]
10987,[CH3][CH2][CH2][CH2][CH2][CH]=[CH][CH2][C](=[O])[CH]=[CH][CH]=[CH][CH]=[CH][CH]([OH])[CH2][CH2][CH2][C](=[O])[OH]
10988,[CH3][CH2][CH2][CH2][CH2][CH]=[CH][CH2][CH]([OH])[CH]=[CH][CH]=[CH][CH]=[CH][CH]([OH])[CH2][CH2][CH2][C](=[O])[OH]
10989,[CH3][CH2][CH2][CH2][CH2][CH]=[CH][CH2][CH]([OH])[CH]=[CH][CH]=[CH][CH]=[CH][CH]([OH])[CH2][CH2][CH2][C](=[O])[OH]
10990,[CH3][CH2][CH2][CH2][CH2][CH]([OH])[CH]=[CH][CH]1[C](=[O])[CH2][CH]([OH])[CH]1[CH2][CH]=[CH][CH2][CH2][CH2][C](=[O])[O][CH]([CH2][OH])[CH2][OH]
10991,[CH3][CH2][CH2][CH2][CH2][CH]([CH]=[CH][CH]=[CH][CH2][CH2][CH2][CH2][CH2][CH2][CH2][C](=[O])[OH])[O][OH]
10992,[CH3][CH2][CH]=[CH][CH2][CH]([CH]=[CH][CH]=[CH][CH2][CH2][CH2][CH2][CH2][CH2][CH2][C](=[O])[OH])[O][OH]
10993,[CH3][CH2][CH]=[CH][CH2][CH]=[CH][CH]([CH]=[CH][CH2][CH2][CH2][CH2][CH2][CH2][CH2][C](=[O])[OH])[O][OH]
10994,[CH3][CH2][CH]([CH]=[CH][CH]=[CH][CH]=[CH][CH]([CH2][CH2][CH2][CH2][CH2][CH2][CH2][C](=[O])[OH])[O][OH])[O][OH]
10995,[CH3][CH2][CH2][CH2][CH2][CH2][CH2][CH2][CH]=[CH][CH2][CH2][CH2][CH2][CH2][CH2][CH2][C]([OH])=[N][CH2][C](=[O])[OH]
10996,[CH3][CH2][CH2][CH2][CH2][CH2][CH2][CH2][CH]=[CH][CH2][CH2][CH2][CH2][CH2][CH2][CH2][C]([OH])=[N][CH]([CH2][c]1[cH][cH][cH][cH][cH]1)[C](=[O])[OH]
10997,[CH3][CH2][CH2][CH2][CH2][CH]=[CH][CH2][CH]=[CH][CH2][CH]=[CH][CH2][CH]=[CH][CH2][CH2][CH2][C]([OH])=[N][CH]([CH2][c]1[cH][cH][cH][cH][cH]1)[C](=[O])[OH]
10998,[CH3][CH2][CH2][CH2][CH2][CH]=[CH][CH2][CH]=[CH][CH]=[CH][CH]([CH2][CH2][CH2][CH2][CH2][CH2][C](=[O])[OH])[O][OH]
10999,[CH3][CH2][CH2][CH2][CH2][CH]=[CH][CH2][CH]=[CH][CH]([CH]=[CH][CH2][CH2][CH2][CH2][CH2][CH2][C](=[O])[OH])[O][OH]