﻿substrate_ID,original_compound
9500,[CH3][C](=[O])[C]1([OH])[CH2][CH2][CH]2[CH]3[CH2][CH]=[C]4[CH2][C](=[O])[CH2][CH2][C]4([CH3])[CH]3[CH2][CH2][C]21[CH3]
9501,[CH3][C](=[O])[CH]1[CH2][CH2][CH]2[CH]3[CH2][CH]=[C]4[CH2][C](=[O])[CH2][CH2][C]4([CH3])[CH]3[CH2][CH2][C]12[CH3]
9502,[CH3][C](=[CH][CH]=[O])[CH2][CH2][CH2][CH]([CH3])[CH2][CH2][CH2][CH]([CH3])[CH2][CH2][CH2][CH]([CH3])[CH3]
9503,[CH3][C](=[CH][C](=[O])[OH])[CH2][CH2][CH2][CH]([CH3])[CH2][CH2][CH2][CH]([CH3])[CH2][CH2][CH2][CH]([CH3])[CH3]
9504,[CH3][C](=[CH][C](=[O])[S][CH2][CH2][N]=[C]([OH])[CH2][CH2][N]=[C]([OH])[CH]([OH])[C]([CH3])([CH3])[CH2][O][P](=[O])([OH])[O][P](=[O])([OH])[O][CH2][CH]1[O][CH]([n]2[cH][n][c]3[c]([NH2])[n][cH][n][c]32)[CH]([OH])[CH]1[O][P](=[O])([OH])[OH])[CH2][CH2][CH2][CH]([CH3])[CH2][CH2][CH2][CH]([CH3])[CH2][CH2][CH2][CH]([CH3])[CH3]
9505,[CH3][CH]([CH3])[CH2][CH2][CH2][CH]([CH3])[CH2][CH2][CH2][CH]([CH3])[CH2][CH2][CH2][CH]([CH3])[C](=[O])[S][CH2][CH2][N]=[C]([OH])[CH2][CH2][N]=[C]([OH])[CH]([OH])[C]([CH3])([CH3])[CH2][O][P](=[O])([OH])[O][P](=[O])([OH])[O][CH2][CH]1[O][CH]([n]2[cH][n][c]3[c]([NH2])[n][cH][n][c]32)[CH]([OH])[CH]1[O][P](=[O])([OH])[OH]
9506,[CH3][CH]([CH3])[CH2][CH2][CH2][CH]([CH3])[CH2][CH2][CH2][CH]([CH3])[CH2][CH2][CH2][CH]([CH3])[C](=[O])[OH]
9507,[CH3][CH2][CH2][CH2][CH2][CH]([OH])[CH]=[CH][CH]=[CH][CH2][CH]=[CH][CH2][CH]=[CH][CH2][CH2][CH2][C](=[O])[OH]
9508,[CH3][CH2][CH2][CH2][CH2][CH]([OH])[CH]([OH])[CH]=[CH][CH]=[CH][CH]=[CH][CH]=[CH][CH]([OH])[CH2][CH2][CH2][C](=[O])[OH]
9509,[CH3][CH2][CH]([OH])[CH]=[CH][CH]=[CH][CH2][CH]=[CH][CH2][CH]=[CH][CH2][CH]=[CH][CH2][CH2][CH2][C](=[O])[OH]
9510,[CH3][CH2][CH]([OH])[CH]=[CH][CH]=[CH][CH2][CH]=[CH][CH]=[CH][CH]=[CH][CH]1[O][CH]1[CH2][CH2][CH2][C](=[O])[OH]
9511,[CH3][CH2][CH]([OH])[CH]=[CH][CH]=[CH][CH2][CH]([OH])[CH]=[CH][CH]=[CH][CH]=[CH][CH]([OH])[CH2][CH2][CH2][C](=[O])[OH]
9512,[CH3][CH2][CH]=[CH][CH2][CH]([OH])[CH]=[CH][CH]=[CH][CH2][CH]=[CH][CH]=[CH][CH]([CH2][CH]=[CH][CH2][CH2][C](=[O])[OH])[O][OH]
9513,[CH3][CH2][CH]=[CH][CH2][CH]([OH])[CH]=[CH][CH]=[CH][CH]=[CH][CH]=[CH][CH]1[O][CH]1[CH2][CH]=[CH][CH2][CH2][C](=[O])[OH]
9514,[CH3][CH2][CH]=[CH][CH2][CH]([OH])[CH]=[CH][CH]=[CH][CH]=[CH][CH]=[CH][CH]([OH])[CH]([OH])[CH2][CH]=[CH][CH2][CH2][C](=[O])[OH]
9515,[CH3][CH2][CH]=[CH][CH2][CH]([OH])[CH]([OH])[CH]=[CH][CH]=[CH][CH]=[CH][CH]=[CH][CH]([OH])[CH2][CH]=[CH][CH2][CH2][C](=[O])[OH]
9516,[CH3][CH2][CH]=[CH][CH2][CH]([OH])[CH]=[CH][CH]=[CH][CH2][CH]=[CH][CH2][CH]=[CH][CH]=[CH][CH]([CH2][CH2][C](=[O])[OH])[O][OH]
9517,[CH3][CH2][CH]=[CH][CH2][CH]([OH])[CH]=[CH][CH]=[CH][CH2][CH]=[CH][CH]=[CH][CH]=[CH][CH]1[O][CH]1[CH2][CH2][C](=[O])[OH]
9518,[CH3][CH2][CH]=[CH][CH2][CH]([OH])[CH]=[CH][CH]=[CH][CH2][CH]([OH])[CH]=[CH][CH]=[CH][CH]=[CH][CH]([OH])[CH2][CH2][C](=[O])[OH]
9519,[CH3][CH2][CH]=[CH][CH2][CH]([OH])[CH]=[CH][CH]=[CH][CH2][CH]=[CH][CH]=[CH][CH]=[CH][CH]([OH])[CH]([OH])[CH2][CH2][C](=[O])[OH]
9520,[CH3][CH2][CH]=[CH][CH2][CH]([OH])[CH]=[CH][CH]=[CH][CH2][CH]=[CH][CH]=[CH][CH]([CH2][CH]=[CH][CH2][CH2][C](=[O])[OH])[O][OH]
9521,[CH3][CH2][CH]=[CH][CH2][CH]([OH])[CH]=[CH][CH]=[CH][CH2][CH]=[CH][CH2][CH]=[CH][CH]=[CH][CH]([CH2][CH2][C](=[O])[OH])[O][OH]
9522,[CH3][CH2][CH]=[CH][CH2][CH]([OH])[CH]=[CH][CH]=[CH][CH2][CH]=[CH][CH]=[CH][CH]=[CH][CH]1[O][CH]1[CH2][CH2][C](=[O])[OH]
9523,[CH3][CH2][CH]=[CH][CH2][CH]([OH])[CH]=[CH][CH]=[CH][CH]=[CH][CH]=[CH][CH]1[O][CH]1[CH2][CH]=[CH][CH2][CH2][C](=[O])[OH]
9524,[CH3][CH2][CH]=[CH][CH2][CH]([OH])[CH]=[CH][CH]=[CH][CH]=[CH][CH]=[CH][CH]([OH])[CH]([OH])[CH2][CH]=[CH][CH2][CH2][C](=[O])[OH]
9525,[CH3][CH2][CH]=[CH][CH2][CH]([OH])[CH]([OH])[CH]=[CH][CH]=[CH][CH]=[CH][CH]=[CH][CH]([OH])[CH2][CH]=[CH][CH2][CH2][C](=[O])[OH]
9526,[CH3][CH2][CH]=[CH][CH2][CH]([OH])[CH]=[CH][CH]=[CH][CH2][CH]([OH])[CH]=[CH][CH]=[CH][CH]=[CH][CH]([OH])[CH2][CH2][C](=[O])[OH]
9527,[CH3][CH2][CH]=[CH][CH2][CH]([OH])[CH]=[CH][CH]=[CH][CH2][CH]=[CH][CH]=[CH][CH]=[CH][CH]([OH])[CH]([OH])[CH2][CH2][C](=[O])[OH]
9528,[CH3][CH2][CH]([OH])[CH]=[CH][CH]=[CH][CH2][CH]=[CH][CH2][CH]=[CH][CH]=[CH][CH]([OH])[CH2][CH2][CH2][C](=[O])[OH]
9529,[NH2][CH]([CH2][S][CH2][CH]([NH2])[C](=[O])[OH])[C](=[O])[OH]
9530,[CH3][CH2][CH2][CH2][CH2][CH2][CH2][CH2][CH2][CH2][CH2][CH2][CH2][CH2][CH2][C](=[O])[O][CH2][CH]([CH2][OH])[O][C](=[O])[CH2][CH2][CH2][CH2][CH2][CH2][CH2][CH2][CH2][CH2][CH2][CH2][CH2][CH2][CH3]
9531,[CH3][N+]1=[CH][CH2][CH2][CH]1[c]1[cH][cH][cH][n][cH]1
9532,[CH3][N+]1([O-])[CH2][CH2][CH2][CH]1[c]1[cH][cH][cH][n][cH]1
9533,[CH3][N]1[CH2][CH2][CH2][CH]1[c]1[cH][cH][cH][n+]([CH3])[cH]1
9534,[CH3][N]1[CH2][CH2][CH2][CH]1[c]1[cH][cH][cH][n+]([CH]2[O][CH]([C](=[O])[OH])[CH]([OH])[CH]([OH])[CH]2[OH])[cH]1
9535,[NH2][CH2][CH2][c]1[cH][cH][c]([OH])[c]([O][S](=[O])(=[O])[OH])[cH]1
9536,[CH3][C]([OH])=[N][CH]1[CH]([O][CH]([CH2][C](=[O])[OH])[C](=[O])[OH])[O][CH]([CH2][OH])[CH]([OH])[CH]1[OH]
9537,[NH2][CH]1[CH]([O][CH]([CH2][C](=[O])[OH])[C](=[O])[OH])[O][CH]([CH2][OH])[CH]([OH])[CH]1[OH]
9538,[CH3][CH]1[O][CH]([O][c]2[cH][c]([OH])[c]3[c](=[O])[c]([O][CH]4[O][CH]([CH2][OH])[CH]([OH])[CH]([OH])[CH]4[OH])[c](-[c]4[cH][cH][c]([OH])[c]([OH])[cH]4)[o][c]3[cH]2)[CH]([OH])[CH]([OH])[CH]1[OH]
9539,[CH3][CH]1[O][CH]([O][c]2[cH][c]([OH])[c]3[c](=[O])[c]([O][CH]4[O][CH]([CH3])[CH]([OH])[CH]([OH])[CH]4[OH])[c](-[c]4[cH][cH][c]([OH])[c]([OH])[cH]4)[o][c]3[cH]2)[CH]([OH])[CH]([OH])[CH]1[OH]
9540,[CH3][c]1[n][c]([C](=[O])[OH])[s][c]1[CH2][CH2][O][P](=[O])([OH])[O][P](=[O])([OH])[O][CH2][CH]1[O][CH]([n]2[cH][n][c]3[c]([NH2])[n][cH][n][c]32)[CH]([OH])[CH]1[OH]
9541,[CH3][S][CH2][CH2][CH2][CH2][CH]([NH2])[C](=[O])[OH]
9542,[CH3][S][CH2][CH2][CH2][CH2][CH2][CH]([NH2])[C](=[O])[OH]
9543,[CH3][S][CH2][CH2][CH2][CH2][CH2][CH2][CH]([NH2])[C](=[O])[OH]
9544,[CH3][S][CH2][CH2][CH2][CH2][CH2][CH2][CH2][CH]([NH2])[C](=[O])[OH]
9545,[CH3][S][CH2][CH2][CH2][CH2][CH2][CH2][CH2][CH2][CH]([NH2])[C](=[O])[OH]
9546,[CH3][S][CH2][CH2][CH2][CH2][C](=[N][OH])[S][CH2][CH]([NH2])[C](=[O])[OH]
9547,[CH3][S][CH2][CH2][CH2][CH2][CH2][C](=[N][OH])[S][CH2][CH]([NH2])[C](=[O])[OH]
9548,[CH3][S][CH2][CH2][CH2][CH2][CH2][CH2][C](=[N][OH])[S][CH2][CH]([NH2])[C](=[O])[OH]
9549,[CH3][S][CH2][CH2][CH2][CH2][CH2][CH2][CH2][C](=[N][OH])[S][CH2][CH]([NH2])[C](=[O])[OH]
9550,[CH3][S][CH2][CH2][CH2][CH2][CH2][CH2][CH2][CH2][C](=[N][OH])[S][CH2][CH]([NH2])[C](=[O])[OH]
9551,[CH3][S][CH2][CH2][CH2][CH2][C](=[N][O][S](=[O])(=[O])[OH])[S][CH]1[O][CH]([CH2][OH])[CH]([OH])[CH]([OH])[CH]1[OH]
9552,[CH3][S][CH2][CH2][CH2][CH2][CH2][C](=[N][OH])[S][CH]1[O][CH]([CH2][OH])[CH]([OH])[CH]([OH])[CH]1[OH]
9553,[CH3][S][CH2][CH2][CH2][CH2][CH2][C](=[N][O][S](=[O])(=[O])[OH])[S][CH]1[O][CH]([CH2][OH])[CH]([OH])[CH]([OH])[CH]1[OH]
9554,[CH3][S][CH2][CH2][CH2][CH2][CH2][CH2][C](=[N][OH])[S][CH]1[O][CH]([CH2][OH])[CH]([OH])[CH]([OH])[CH]1[OH]
9555,[CH3][S][CH2][CH2][CH2][CH2][CH2][CH2][C](=[N][O][S](=[O])(=[O])[OH])[S][CH]1[O][CH]([CH2][OH])[CH]([OH])[CH]([OH])[CH]1[OH]
9556,[CH3][S][CH2][CH2][CH2][CH2][CH2][CH2][CH2][C](=[N][OH])[S][CH]1[O][CH]([OH])[CH]([OH])[CH]([OH])[CH]1[CH2][OH]
9557,[CH3][S][CH2][CH2][CH2][CH2][CH2][CH2][CH2][C](=[N][O][S](=[O])(=[O])[OH])[S][CH]1[O][CH]([CH2][OH])[CH]([OH])[CH]([OH])[CH]1[OH]
9558,[CH3][S][CH2][CH2][CH2][CH2][CH2][CH2][CH2][CH2][C](=[N][OH])[S][CH]1[O][CH]([CH2][OH])[CH]([OH])[CH]([OH])[CH]1[OH]
9559,[CH3][S][CH2][CH2][CH2][CH2][CH2][CH2][CH2][CH2][C](=[N][O][S](=[O])(=[O])[OH])[S][CH]1[O][CH]([CH2][OH])[CH]([OH])[CH]([OH])[CH]1[OH]
9560,[CH3][S](=[O])[CH2][CH2][CH2][CH2][C](=[N][O][S](=[O])(=[O])[OH])[S][CH]1[O][CH]([CH2][OH])[CH]([OH])[CH]([OH])[CH]1[OH]
9561,[CH3][S](=[O])[CH2][CH2][CH2][CH2][CH2][C](=[N][O][S](=[O])(=[O])[OH])[S][CH]1[O][CH]([CH2][OH])[CH]([OH])[CH]([OH])[CH]1[OH]
9562,[CH3][S](=[O])[CH2][CH2][CH2][CH2][CH2][CH2][CH2][C](=[N][O][S](=[O])(=[O])[OH])[S][CH]1[O][CH]([CH2][OH])[CH]([OH])[CH]([OH])[CH]1[OH]
9563,[CH3][S](=[O])[CH2][CH2][CH2][CH2][CH2][CH2][CH2][CH2][C](=[N][O][S](=[O])(=[O])[OH])[S][CH]1[O][CH]([CH2][OH])[CH]([OH])[CH]([OH])[CH]1[OH]
9564,[CH2]=[CH][CH2][CH2][C](=[N][O][S](=[O])(=[O])[OH])[S][CH]1[O][CH]([CH2][OH])[CH]([OH])[CH]([OH])[CH]1[OH]
9565,[CH2]=[CH][CH2][CH2][CH2][C](=[N][O][S](=[O])(=[O])[OH])[S][CH]1[O][CH]([CH2][OH])[CH]([OH])[CH]([OH])[CH]1[OH]
9566,[CH+]=[C]1[CH]=[N][c]2[cH][cH][cH][cH][c]21
9567,[OH][CH2][c]1[cH][nH][c]2[cH][cH][cH][cH][c]12
9568,[cH]1[cH][cH][c]2[c]([CH2][c]3[cH][nH][c]4[cH][cH][cH][cH][c]34)[cH][nH][c]2[cH]1
9569,[NH2][CH]([CH2][CH2][C]([OH])=[N][CH]([CH2][S][CH2][c]1[cH][nH][c]2[cH][cH][cH][cH][c]12)[C]([OH])=[N][CH2][C](=[O])[OH])[C](=[O])[OH]
9570,[NH2][CH]([CH2][S][CH2][c]1[cH][nH][c]2[cH][cH][cH][cH][c]12)[C](=[O])[OH]
9571,[CH3][O][c]1[cH][cH][cH][c]2[nH][cH][c]([CH2][N]=[C]=[S])[c]12
9572,[CH3][O][c]1[cH][cH][cH][c]2[nH][cH][c]([CH2][N]=[C]([SH])[S][CH2][CH]([N]=[C]([OH])[CH]([NH2])[CH2][CH2][C](=[O])[OH])[C]([OH])=[N][CH2][C](=[O])[OH])[c]12
9573,[O]=[C]([OH])[CH]1[CH2][S][C]([SH])=[N]1
9574,[CH3][O][c]1[cH][cH][cH][c]2[nH][cH][c]([CH2][NH2])[c]12
9575,[NH2][CH]([CH2][CH2][C](=[O])[OH])[C]([OH])=[N][CH]([CH2][S][C]([SH])=[N][CH2][c]1[cH][nH][c]2[cH][cH][cH][cH][c]12)[C]([OH])=[N][CH2][C](=[O])[OH]
9576,[S]=[C]=[N][CH2][c]1[cH][nH][c]2[cH][cH][cH][cH][c]12
9577,[CH3][CH]([CH3])[CH]([CH3])[CH]([O][CH]1[O][CH]([CH2][OH])[CH]([OH])[CH]([OH])[CH]1[OH])[CH]([OH])[CH]([CH3])[CH]1[CH2][CH2][CH]2[CH]3[CH2][O][C](=[O])[CH]4[CH2][CH]([OH])[CH]([OH])[CH2][C]4([CH3])[CH]3[CH2][CH2][C]12[CH3]
9578,[CH3][CH]([CH3])[CH]([CH3])[CH]([O][CH]1[O][CH]([CH2][OH])[CH]([OH])[CH]([OH])[CH]1[OH])[CH]([OH])[CH]([CH3])[CH]1[CH2][CH2][CH]2[CH]3[CH2][C](=[O])[CH]4[CH2][CH]([OH])[CH]([OH])[CH2][C]4([CH3])[CH]3[CH2][CH2][C]12[CH3]
9579,[OH][c]1[cH][cH][c]2[c]([OH])[cH][c]([OH])[cH][c]2[cH]1
9580,[O]=[S]1[CH2][CH2][CH2][CH2]1
9581,[CH2]1[CH2][CH2][S][CH2]1
9582,[CH3][C](=[O])[CH]=[CH][C]1([OH])[C]([CH3])=[CH][C](=[O])[CH2][C]1([CH3])[CH3]
9583,[CH3][C]([OH])=[N][CH]1[CH]([O][CH]2[CH]([OH])[CH]([CH2][OH])[O][CH]([O][CH]3[CH]([CH2][O][S](=[O])(=[O])[OH])[O][CH]([O][CH]4[CH]([OH])[CH]([OH])[O][CH]([CH2][OH])[CH]4[OH])[CH]([N]=[C]([CH3])[OH])[CH]3[OH])[CH]2[OH])[O][CH]([CH2][OH])[CH]([OH])[CH]1[OH]
9584,[CH3][C]([OH])=[N][CH]1[CH]([O][CH]2[CH]([OH])[CH]([OH])[O][CH]([CH2][OH])[CH]2[OH])[O][CH]([CH2][O][S](=[O])(=[O])[OH])[CH]([O][CH]2[O][CH]([CH2][OH])[CH]([OH])[CH]([OH])[CH]2[OH])[CH]1[OH]
9585,[O]=[P]([OH])([OH])[O][CH]1[CH]([O][P](=[O])([OH])[OH])[CH]([O][P](=[O])([OH])[OH])[CH]([O][P](=[O])([OH])[O][P](=[O])([OH])[O][P](=[O])([OH])[OH])[CH]([O][P](=[O])([OH])[OH])[CH]1[O][P](=[O])([OH])[OH]
9586,[O]=[P]([OH])([OH])[O][CH]1[CH]([OH])[CH]([O][P](=[O])([OH])[OH])[CH]([O][P](=[O])([OH])[OH])[CH]([O][P](=[O])([OH])[O][P](=[O])([OH])[OH])[CH]1[O][P](=[O])([OH])[OH]
9587,[O]=[P]([OH])([OH])[O][CH]1[CH]([OH])[CH]([O][P](=[O])([OH])[O][P](=[O])([OH])[OH])[CH]([O][P](=[O])([OH])[OH])[CH]([O][P](=[O])([OH])[OH])[CH]1[O][P](=[O])([OH])[OH]
9588,[O]=[P]([OH])([OH])[O][CH]1[CH]([OH])[CH]([O][P](=[O])([OH])[O][P](=[O])([OH])[OH])[CH]([O][P](=[O])([OH])[OH])[CH]([O][P](=[O])([OH])[O][P](=[O])([OH])[OH])[CH]1[O][P](=[O])([OH])[OH]
9589,[CH3][CH]([CH3])[CH]([OH])[CH2][CH2][CH]([CH3])[CH]1[CH2][CH2][CH]2[CH]3[CH]([OH])[CH2][C]4=[CH][C](=[O])[CH2][CH2][C]4([CH3])[CH]3[CH2][CH2][C]12[CH3]
9590,[CH3][CH]([CH3])[CH]([OH])[CH2][CH2][CH]([CH3])[CH]1[CH2][CH2][CH]2[CH]3[CH]([OH])[CH2][CH]4[CH2][C](=[O])[CH2][CH2][C]4([CH3])[CH]3[CH2][CH2][C]12[CH3]
9591,[CH3][CH]([CH3])[CH]([OH])[CH2][CH2][CH]([CH3])[CH]1[CH2][CH2][CH]2[CH]3[CH]([OH])[CH2][C]4=[CH][C](=[O])[CH2][CH2][C]4([CH3])[CH]3[CH2][CH]([OH])[C]12[CH3]
9592,[CH3][CH]([CH3])[CH]([OH])[CH2][CH2][CH]([CH3])[CH]1[CH2][CH2][CH]2[CH]3[CH]([OH])[CH2][CH]4[CH2][C](=[O])[CH2][CH2][C]4([CH3])[CH]3[CH2][CH]([OH])[C]12[CH3]
9593,[CH3][CH]([CH3])[CH]([OH])[CH2][CH2][CH]([CH3])[CH]1[CH2][CH2][CH]2[CH]3[CH]([OH])[CH2][CH]4[CH2][CH]([OH])[CH2][CH2][C]4([CH3])[CH]3[CH2][CH2][C]12[CH3]
9594,[CH3][CH]([CH3])[CH]([OH])[CH2][CH2][CH]([CH3])[CH]1[CH2][CH2][CH]2[CH]3[CH]([OH])[CH2][CH]4[CH2][CH]([OH])[CH2][CH2][C]4([CH3])[CH]3[CH2][CH]([OH])[C]12[CH3]
9595,[CH3][CH]([CH2][OH])[CH2][CH2][CH2][CH]([CH3])[CH]1[CH2][CH2][CH]2[CH]3[CH]([OH])[CH2][CH]4[CH2][C](=[O])[CH2][CH2][C]4([CH3])[CH]3[CH2][CH2][C]12[CH3]
9596,[CH3][C]([CH3])=[CH][CH2][CH2][CH]([CH3])[CH]1[CH2][CH2][CH]2[C]3=[C]([CH2][CH2][C]21[CH3])[C]1([CH3])[CH2][CH2][CH]([OH])[C]([CH3])([C](=[O])[OH])[CH]1[CH2][CH2]3
9597,[CH3][CH]([CH3])[CH2][CH2][CH2][OH]
9598,[CH3][C]12[CH2][CH2][C](=[O])[CH]=[C]1[CH]([OH])[CH2][CH]1[CH]2[CH2][CH2][C]2([CH3])[CH]([OH])[CH2][CH2][CH]12
9599,[CH3][CH]([OH])[CH2][CH2][CH2][CH]([OH])[CH]=[CH][CH]1[CH]2[CH2][CH]([O][O]2)[CH]1[CH2][CH]=[CH][CH2][CH2][CH2][C](=[O])[OH]
9600,[CH3][C]([CH]=[CH][C]1=[C]([CH3])[CH]([OH])[CH2][CH2][C]1([CH3])[CH3])=[CH][CH]=[CH][C]([CH3])=[CH][C](=[O])[OH]
9601,[CH3][NH][c]1[n][cH][n][c]2[c]1[n][cH][n]2[CH]1[O][CH]([CH2][O][P](=[O])([OH])[OH])[CH]([OH])[CH]1[OH]
9602,[NH2][CH]1[CH2][CH2]1
9603,[O]=[C]([OH])[CH2][CH2][CH2][CH2][CH]=[CH][CH2][CH]([OH])[CH]=[CH][CH]=[CH][CH]=[CH][CH]([OH])[CH2][CH2][CH2][C](=[O])[OH]
9604,[CH3][CH2][CH2][CH2][CH2][CH]=[CH][CH2][CH]([OH])[CH]=[CH][CH]=[CH][CH2][CH]=[CH][CH2][CH2][CH2][C](=[O])[OH]
9605,[CH3][CH2][CH2][CH2][CH2][CH]=[CH][CH2][CH]([OH])[CH]=[CH][CH]=[CH][CH2][CH]=[CH][CH2][CH2][CH2][C](=[O])[OH]
9606,[CH3][CH2][CH2][CH2][CH2][CH]1[O][CH]1[CH]=[CH][CH]=[CH][CH]=[CH][CH2][CH]=[CH][CH2][CH2][CH2][C](=[O])[OH]
9607,[O][S][OH]
9608,[CH3][C](=[CH][CH2][CH2][CH]([CH3])[CH2][CH2][CH2][CH]([CH3])[CH2][CH2][CH2][CH]([CH3])[CH3])[C](=[O])[S][CH2][CH2][N]=[C]([OH])[CH2][CH2][N]=[C]([OH])[CH]([OH])[C]([CH3])([CH3])[CH2][O][P](=[O])([OH])[O][P](=[O])([OH])[O][CH2][CH]1[O][CH]([n]2[cH][n][c]3[c]([NH2])[n][cH][n][c]32)[CH]([OH])[CH]1[O][P](=[O])([OH])[OH]
9609,[CH3][CH]([CH3])[CH2][CH2][CH2][CH]([CH3])[CH2][CH2][CH2][CH]([CH3])[CH2][CH2][CH2][CH]([CH3])[C](=[O])[S][CH2][CH2][N]=[C]([OH])[CH2][CH2][N]=[C]([OH])[CH]([OH])[C]([CH3])([CH3])[CH2][O][P](=[O])([OH])[O][P](=[O])([OH])[O][CH2][CH]1[O][CH]([n]2[cH][n][c]3[c]([NH2])[n][cH][n][c]32)[CH]([OH])[CH]1[O][P](=[O])([OH])[OH]
9610,[CH3][CH]([CH3])[CH2][CH2][CH2][CH]([CH3])[CH2][CH2][CH2][CH]([CH3])[CH2][CH2][CH]([OH])[CH]([CH3])[C](=[O])[S][CH2][CH2][N]=[C]([OH])[CH2][CH2][N]=[C]([OH])[CH]([OH])[C]([CH3])([CH3])[CH2][O][P](=[O])([OH])[O][P](=[O])([OH])[O][CH2][CH]1[O][CH]([n]2[cH][n][c]3[c]([NH2])[n][cH][n][c]32)[CH]([OH])[CH]1[O][P](=[O])([OH])[OH]
9611,[CH3][CH2][CH2][CH2][CH2][CH2][CH2][CH2][CH2][CH2][CH2][CH2][CH2][CH2][CH2][CH2][CH2][CH2][CH2][CH2][CH2][CH2][CH2][CH]([OH])[CH2][C](=[O])[S][CH2][CH2][N]=[C]([OH])[CH2][CH2][N]=[C]([OH])[CH]([OH])[C]([CH3])([CH3])[CH2][O][P](=[O])([OH])[O][P](=[O])([OH])[O][CH2][CH]1[O][CH]([n]2[cH][n][c]3[c]([NH2])[n][cH][n][c]32)[CH]([OH])[CH]1[O][P](=[O])([OH])[OH]
9612,[CH3][Se][OH]
9613,[O]=[C]([OH])[CH2][CH2][CH2][CH]=[CH][CH2][CH]([OH])[CH]=[CH][CH]([OH])[CH]([OH])[CH2][CH]=[CH][CH2][CH2][CH2][CH2][CH2][OH]
9614,[O]=[c]1[cH][cH][c]2[c]([cH][c]3[cH][cH][c]4[cH][cH][cH][c]5[cH][cH][c]2[c]3[c]45)[c]1=[O]
9615,[NH]=[c]1[n][c]([OH])[c]2[c]([nH]1)[NH][CH2][CH]1[CH2][N]([c]3[cH][cH][c]([C](=[O])[NH][CH]([CH2][CH2][C](=[O])[OH])[C](=[O])[OH])[cH][cH]3)[CH2][N]21
9616,[CH3][CH2][CH2][CH2][CH2][CH2][CH2][CH2][CH2][CH2][CH2][CH2][CH2][CH2][CH]([OH])[C](=[O])[OH]
9617,[CH3][CH2][CH2][CH2][CH2][CH2][CH2][CH2][CH2][CH2][CH2][CH2][CH2][CH2][C](=[O])[C](=[O])[OH]
9618,[O]=[C]([OH])[CH]([CH2][O][P](=[O])([OH])[OH])[O][P](=[O])([OH])[OH]
9619,[O]=[C]([CH2][O][P](=[O])([OH])[OH])[CH]([OH])[CH]([OH])[CH]([OH])[CH2][O][P](=[O])([OH])[OH]
9620,[CH3][O][c]1[cH][cH][cH][c]2[c]1[C](=[O])[c]1[c]([OH])[c]3[c]([c]([OH])[c]1[C]2=[O])[CH2][C]([OH])([CH]([OH])[CH2][OH])[CH2][CH]3[O][CH]1[CH2][CH]([NH2])[CH]([OH])[CH]([CH3])[O]1
9621,[CH3][C]([OH])=[N][c]1[cH][cH][c]([OH])[cH][cH]1
9622,[CH3][C]([OH])=[N][c]1[cH][cH][c]([O][S](=[O])(=[O])[OH])[cH][cH]1
9623,[O]=[S](=[O])([OH])[O][NH][c]1[cH][cH][c](-[c]2[cH][cH][cH][cH][cH]2)[cH][cH]1
9624,[CH2]=[CH][C]1=[C]([CH3])[C](=[CH][c]2[nH][c]([CH2][c]3[nH][c]([CH]=[C]4[NH][C](=[O])[C]([CH3])=[C]4[CH]=[CH2])[c]([CH3])[c]3[CH2][CH2][C](=[O])[O][CH]3[O][CH]([C](=[O])[OH])[CH]([OH])[CH]([OH])[CH]3[OH])[c]([CH2][CH2][C](=[O])[OH])[c]2[CH3])[NH][C]1=[O]
9625,[CH2]=[CH][C]1=[C]([CH3])[C](=[CH][c]2[nH][c]([CH2][c]3[nH][c]([CH]=[C]4[NH][C](=[O])[C]([CH3])=[C]4[CH]=[CH2])[c]([CH3])[c]3[CH2][CH2][C](=[O])[O][CH]3[O][CH]([C](=[O])[OH])[CH]([OH])[CH]([OH])[CH]3[OH])[c]([CH2][CH2][C](=[O])[O][CH]3[O][CH]([C](=[O])[OH])[CH]([OH])[CH]([OH])[CH]3[OH])[c]2[CH3])[NH][C]1=[O]
9626,[O]=[C]([OH])[CH2][N]=[C]([OH])[c]1[cH][cH][cH][cH][c]1[OH]
9627,[CH3][C]([OH])=[N][CH]1[CH]([O][CH]2[CH]([OH])[CH]([CH2][OH])[O][CH]([O][CH]3[CH]([CH2][O][S](=[O])(=[O])[OH])[O][CH]([O][CH]4[CH]([OH])[CH]([OH])[O][CH]([CH2][OH])[CH]4[OH])[CH]([N]=[C]([CH3])[OH])[CH]3[OH])[CH]2[OH])[O][CH]([CH2][O][S](=[O])(=[O])[OH])[CH]([OH])[CH]1[OH]
9628,[CH3][O][c]1[cH][cH][c]([C](=[O])[OH])[cH][c]1[OH]
9629,[NH2][CH]([CH2][c]1[cH][cH][c]([O][c]2[cH][cH][c]([OH])[c]([I])[cH]2)[c]([I])[cH]1)[C](=[O])[OH]
9630,[NH2][CH]([CH2][c]1[cH][cH][c]([O][c]2[cH][cH][c]([O][S](=[O])(=[O])[OH])[c]([I])[cH]2)[c]([I])[cH]1)[C](=[O])[OH]
9631,[CH3][CH]([CH2][OH])[CH2][CH2][CH2][CH]([CH3])[CH]1[CH2][CH2][CH]2[CH]3[CH2][CH]=[C]4[CH2][CH]([O][S](=[O])(=[O])[OH])[CH2][CH2][C]4([CH3])[CH]3[CH2][CH2][C]12[CH3]
9632,[NH2][CH]([CH2][c]1[cH][cH][c]([O][c]2[cH][c]([I])[c]([OH])[c]([I])[cH]2)[c]([I])[cH]1)[C](=[O])[OH]
9633,[CH3][CH]([CH2][CH2][C](=[O])[OH])[CH]1[CH2][CH2][CH]2[CH]3[CH2][CH2][CH]4[CH2][CH]([O][S](=[O])(=[O])[OH])[CH2][CH2][C]4([CH3])[CH]3[CH2][CH2][C]12[CH3]
9634,[O]=[N+]([O-])[c]1[cH][cH][c]([O][S](=[O])(=[O])[OH])[cH][cH]1
9635,[CH3][C](=[O])[N]([O][S](=[O])(=[O])[OH])[c]1[cH][cH][c]2[c]([cH]1)[CH2][c]1[cH][cH][cH][cH][c]1-2
9636,[O]=[CH][CH]([OH])[CH]([OH])[CH]([OH])[CH]([OH])[C](=[O])[OH]
9637,[CH3][C]([OH])=[N][CH]1[CH]([O][CH]2[CH]([C](=[O])[OH])[O][CH]([O][CH]3[CH]([OH])[CH]([CH2][OH])[O][CH]([O][CH]4[CH]([OH])[CH]([CH2][OH])[O][CH]([O][CH]5[CH2][O][CH]([OH])[CH]([OH])[CH]5[OH])[CH]4[OH])[CH]3[OH])[CH]([OH])[CH]2[OH])[O][CH]([CH2][OH])[CH]([O][S](=[O])(=[O])[OH])[CH]1[OH]
9638,[CH3][C]([OH])=[N][CH]1[CH]([O][CH]2[CH]([C](=[O])[OH])[O][CH]([O][CH]3[CH]([OH])[CH]([CH2][OH])[O][CH]([O][CH]4[CH]([OH])[CH]([CH2][OH])[O][CH]([O][CH]5[CH2][O][CH]([OH])[CH]([OH])[CH]5[OH])[CH]4[OH])[CH]3[OH])[CH]([OH])[CH]2[OH])[O][CH]([CH2][OH])[CH]([O][S](=[O])(=[O])[OH])[CH]1[O][CH]1[O][CH]([C](=[O])[OH])[CH]([OH])[CH]([OH])[CH]1[OH]
9639,[CH3][CH]([CH2][CH2][CH]([OH])[CH]([CH3])[C](=[O])[OH])[CH]1[CH2][CH2][CH]2[CH]3[CH]([OH])[CH2][CH]4[CH2][CH]([OH])[CH2][CH2][C]4([CH3])[CH]3[CH2][CH]([OH])[C]12[CH3]
9640,[CH3][CH]([CH]=[O])[CH]([OH])[CH2][CH2][CH]([CH3])[CH]1[CH2][CH2][CH]2[CH]3[CH]([OH])[CH2][CH]4[CH2][CH]([OH])[CH2][CH2][C]4([CH3])[CH]3[CH2][CH]([OH])[C]12[CH3]
9641,[CH3][CH]([CH2][OH])[CH]([OH])[CH2][CH2][CH]([CH3])[CH]1[CH2][CH2][CH]2[CH]3[CH]([OH])[CH2][CH]4[CH2][CH]([OH])[CH2][CH2][C]4([CH3])[CH]3[CH2][CH]([OH])[C]12[CH3]
9642,[CH3][CH]([CH2][OH])[CH]([OH])[CH2][CH2][CH]([CH3])[CH]1[CH2][CH2][CH]2[CH]3[CH]([OH])[CH2][CH]4[CH2][CH]([OH])[CH2][CH2][C]4([CH3])[CH]3[CH2][CH2][C]12[CH3]
9643,[CH3][C]12[CH2][CH2][CH]3[c]4[cH][cH][c]([OH])[c]([OH])[c]4[CH2][CH2][CH]3[CH]1[CH2][CH2][CH]2[OH]
9644,[NH]=[C]([NH2])[N]1[CH2][CH2][c]2[cH][cH][cH][cH][c]2[CH2]1
9645,[NH]=[C]([NH2])[N]1[CH2][c]2[cH][cH][cH][cH][c]2[CH]([OH])[CH2]1
9646,[CH3][CH2][CH2][CH2][N]=[C]([OH])[NH][S](=[O])(=[O])[c]1[cH][cH][c]([CH3])[cH][cH]1
9647,[CH3][CH2][CH2][CH2][N]=[C]([OH])[NH][S](=[O])(=[O])[c]1[cH][cH][c]([CH2][OH])[cH][cH]1
9648,[OH][C]1=[N][C]([c]2[cH][cH][cH][cH][cH]2)([c]2[cH][cH][cH][cH][cH]2)[C]([OH])=[N]1
9649,[OH][C]1=[N][C]([c]2[cH][cH][cH][cH][cH]2)([c]2[cH][cH][c]([OH])[cH][cH]2)[C]([OH])=[N]1
9650,[CH3][CH2][CH2][CH2][CH2][CH]([OH])[CH]([CH]=[CH][CH]=[CH][CH]=[CH][CH2][CH]=[CH][CH2][CH2][CH2][C](=[O])[OH])[S][CH2][CH]([N]=[C]([OH])[CH2][CH2][CH]([NH2])[C](=[O])[OH])[C]([OH])=[N][CH2][C](=[O])[OH]
9651,[NH]=[c]1[n][c]([OH])[c]2[n][cH][n]([CH]3[CH]=[CH][CH]([CH2][OH])[CH2]3)[c]2[nH]1
9652,[NH]=[c]1[n][c]([OH])[c]2[n][cH][n]([CH]3[CH]=[CH][CH]([CH2][O][P](=[O])([OH])[OH])[CH2]3)[c]2[nH]1
9653,[NH2][c]1[n][c]([OH])[n][c]2[c]1[n][cH][n]2[CH]1[O][CH]([CH2][O][P](=[O])([OH])[O][P](=[O])([OH])[O][P](=[O])([OH])[OH])[CH]([OH])[CH]1[OH]
9654,[NH2][c]1[n][c]([OH])[n][c]2[c]1[n][cH][n]2[CH]1[O][CH]([CH2][O][P](=[O])([OH])[OH])[CH]([OH])[CH]1[OH]
9655,[NH2][c]1[n][cH][n][c]2[c]1[n][c]([OH])[n]2[CH]1[CH2][CH]([OH])[CH]([CH2][O][P](=[O])([OH])[O][P](=[O])([OH])[OH])[O]1
9656,[NH2][c]1[n][cH][n][c]2[c]1[n][c]([OH])[n]2[CH]1[CH2][CH]([OH])[CH]([CH2][O][P](=[O])([OH])[OH])[O]1
9657,[CH3][CH2][C](=[O])[O][CH]([CH2][C](=[O])[OH])[CH2][N+]([CH3])([CH3])[CH3]
9658,[O]=[C]([OH])[CH]1[O][CH]([OH])[CH]([OH])[CH]([O][CH]2[O][CH2][CH]([OH])[CH]([OH])[CH]2[OH])[CH]1[OH]
9659,[O]=[C]([OH])[CH]1[O][CH]([O][CH]2[CH]([OH])[CH2][O][CH]([O][CH]3[CH]([OH])[CH]([OH])[O][CH]([C](=[O])[OH])[CH]3[OH])[CH]2[OH])[CH]([OH])[CH]([OH])[CH]1[OH]
9660,[CH3][CH2][CH2][C](=[O])[O][c]1[cH][cH][c]([N+](=[O])[O-])[cH][cH]1
9661,[CH3][C]([OH])=[N][CH]1[CH]([OH])[O][CH]([CH2][OH])[CH]([O][CH]2[O][CH]([CH2][O][CH]3[O][CH]([CH2][O][CH]4[O][CH]([CH2][OH])[CH]([OH])[CH]([OH])[CH]4[O][CH]4[O][CH]([CH2][OH])[CH]([OH])[CH]([OH])[CH]4[OH])[CH]([OH])[CH]([O][CH]4[O][CH]([CH2][OH])[CH]([OH])[CH]([OH])[CH]4[O][CH]4[O][CH]([CH2][OH])[CH]([OH])[CH]([OH])[CH]4[OH])[CH]3[OH])[CH]([OH])[CH]([O][CH]3[O][CH]([CH2][OH])[CH]([OH])[CH]([OH])[CH]3[O][CH]3[O][CH]([CH2][OH])[CH]([OH])[CH]([OH])[CH]3[O][CH]3[O][CH]([CH2][OH])[CH]([OH])[CH]([OH])[CH]3[OH])[CH]2[OH])[CH]1[OH]
9662,[CH3][C]([CH3])=[CH][CH2][CH2][C]([CH3])=[CH][CH2][CH2][C]([CH3])=[CH][CH2][CH2][C]([CH3])=[CH][CH2][C]1=[C]([CH3])[C](=[O])[c]2[cH][cH][cH][cH][c]2[C]1=[O]
9663,[CH3][CH2][CH2][CH2][CH]=[CH][CH2][C](=[O])[S][CH2][CH2][N]=[C]([OH])[CH2][CH2][N]=[C]([OH])[CH]([OH])[C]([CH3])([CH3])[CH2][O][P](=[O])([OH])[O][P](=[O])([OH])[O][CH2][CH]1[O][CH]([n]2[cH][n][c]3[c]([NH2])[n][cH][n][c]32)[CH]([OH])[CH]1[O][P](=[O])([OH])[OH]
9664,[NH2][c]1[cH][cH][c](-[c]2[cH][cH][cH][cH][cH]2)[cH][cH]1
9665,[Cl][C]([Cl])([Cl])[Cl]
9666,[Cl][C]([Cl])[Cl]
9667,[CH3][O][c]1[cH][cH][c]2[c]([cH]1)[C]13[CH2][CH2][CH2][CH2][CH]1[CH]([CH2]2)[N]([CH3])[CH2][CH2]3
9668,[CH3][N]1[CH2][CH2][C]23[CH2][CH2][CH2][CH2][CH]2[CH]1[CH2][c]1[cH][cH][c]([OH])[cH][c]13
9669,[O]=[C]([Cl])[C]([F])([F])[F]
9670,[F][C]([F])([F])[CH]([Cl])[Br]
9671,[CH3][CH2][CH2][CH2][CH2][CH2][CH2][CH2][CH2][CH2][CH2][CH2][CH2][CH2][CH2][CH2][CH2][CH2][O][CH2][CH]([OH])[CH2][O][P](=[O])([OH])[O][CH2][CH2][N+]([CH3])([CH3])[CH3]
9672,[CH3][CH2][CH2][CH2][CH2][CH2][CH2][CH2][CH2][CH2][CH2][CH2][CH2][CH2][CH2][CH2][CH2][CH2][O][CH2][CH]([CH2][O][P](=[O])([OH])[O][CH2][CH2][N+]([CH3])([CH3])[CH3])[O][C]([CH3])=[O]
9673,[CH3][CH2][CH2][CH2][CH2][CH2][CH2][CH2][CH2][CH2][CH2][CH2][CH2][C](=[O])[O][CH2][CH]([OH])[CH2][OH]
9674,[N]#[O+]
9675,[CH3][C]([OH])=[N][CH]([CH2][S][N]=[O])[C]([OH])=[N][CH]1[CH]([O][CH]2[CH]([OH])[CH]([OH])[CH]([OH])[CH]([OH])[CH]2[OH])[O][CH]([CH2][OH])[CH]([OH])[CH]1[OH]
9676,[CH3][S][CH2][CH2][OH]
9677,[NH]=[c]1[n][c]2[c]([n][cH][n]2[CH]2[CH]=[CH][CH]([CH2][OH])[CH2]2)[c]([NH][CH]2[CH2][CH2]2)[nH]1
9678,[NH]=[c]1[n][c]2[c]([n][cH][n]2[CH]2[CH]=[CH][CH]([CH2][O][P](=[O])([OH])[OH])[CH2]2)[c]([NH][CH]2[CH2][CH2]2)[nH]1
9679,[CH3][CH2][CH2][CH2][CH2][CH]=[CH][CH]=[C]1[CH]=[CH][C](=[O])[CH]1[CH2][CH]=[CH][CH2][CH2][CH2][C](=[O])[OH]
9680,[CH3][CH2][CH2][CH2][CH2][CH]([OH])[CH]([CH]=[CH][CH]=[CH][CH]=[CH][CH2][CH]=[CH][CH2][CH2][CH2][C](=[O])[OH])[S][CH2][CH]([NH2])[C](=[O])[OH]
9681,[CH3][CH2][CH2][CH2][CH2][CH]([OH])[CH]([CH]=[CH][CH]=[CH][CH]=[CH][CH2][CH]=[CH][CH2][CH2][CH2][C](=[O])[OH])[S][CH2][CH]([NH2])[C]([OH])=[N][CH2][C](=[O])[OH]
9682,[NH]=[c]1[n][c]([OH])[c]2[n][cH][n]([CH]3[CH]=[CH][CH]([CH2][O][P](=[O])([OH])[O][P](=[O])([OH])[OH])[CH2]3)[c]2[nH]1
9683,[NH]=[c]1[n][c]([OH])[c]2[n][cH][n]([CH]3[CH]=[CH][CH]([CH2][O][P](=[O])([OH])[O][P](=[O])([OH])[O][P](=[O])([OH])[OH])[CH2]3)[c]2[nH]1
9684,[NH]=[c]1[n][c]2[c]([n][cH][n]2[CH]2[CH]=[CH][CH]([CH2][O][CH]3[O][CH]([C](=[O])[OH])[CH]([OH])[CH]([OH])[CH]3[OH])[CH2]2)[c]([NH][CH]2[CH2][CH2]2)[nH]1
9685,[CH3][CH]([CH3])[CH2][CH2][CH2][CH]([CH3])[CH2][CH2][C](=[O])[S][CH2][CH2][N]=[C]([OH])[CH2][CH2][N]=[C]([OH])[CH]([OH])[C]([CH3])([CH3])[CH2][O][P](=[O])([OH])[O][P](=[O])([OH])[O][CH2][CH]1[O][CH]([n]2[cH][n][c]3[c]([NH2])[n][cH][n][c]32)[CH]([OH])[CH]1[O][P](=[O])([OH])[OH]
9686,[CH3][Se][CH]1[O][CH]([CH2][OH])[CH]([OH])[CH]([OH])[CH]1[N]=[C]([CH3])[OH]
9687,[CH3][C]([OH])=[N][CH]1[CH]([Se][S][CH2][CH]([N]=[C]([OH])[CH2][CH2][CH]([NH2])[C](=[O])[OH])[C]([OH])=[N][CH2][C](=[O])[OH])[O][CH]([CH2][OH])[CH]([OH])[CH]1[OH]
9688,[CH3][C]([OH])=[N][CH]1[CH]([OH])[O][CH]([CH2][OH])[CH]([OH])[CH]1[OH]
9689,[CH3][O][c]1[cH][c]2[c]([c]3[o][c](=[O])[c]4[c]([c]13)[CH2][CH2][C]4=[O])[CH]1[CH]([O]2)[O][CH]([OH])[CH]1[OH]
9690,[NH]=[c]1[n][c]([OH])[n]([CH]2[CH2][CH]([OH])[CH]([CH2][O][P](=[O])([OH])[OH])[O]2)[cH][c]1[I]
9691,[NH]=[c]1[n][c]([OH])[n]([CH]2[CH2][CH]([OH])[CH]([CH2][O][P](=[O])([OH])[O][P](=[O])([OH])[O][P](=[O])([OH])[OH])[O]2)[cH][c]1[I]
9692,[CH3][c]1[cH][n]([CH]2[CH2][CH]([OH])[CH]([CH2][O][P](=[O])([OH])[O][P](=[O])([OH])[O][CH]3[O][CH]([CH3])[C](=[O])[CH]([OH])[CH]3[OH])[O]2)[c](=[O])[n][c]1[OH]
9693,[O]=[C]([OH])[CH]1[CH2][S][C]([c]2[cH][nH][c]3[cH][cH][cH][cH][c]23)=[N]1
9694,[CH3][C](=[O])[O][CH]1[O][CH]([CH2][OH])[CH]([O][CH]2[O][CH]([CH2][OH])[CH]([OH])[CH]([OH])[CH]2[OH])[CH]([OH])[CH]1[OH]
9695,[NH]=[c]1[n][c]([OH])[c]2[c]([nH]1)[NH][CH2][C]([CH]([OH])[CH]([OH])[CH2][OH])=[N]2
9696,[CH3][C]([OH])=[N][CH]1[CH]([N]=[C]([OH])[CH2][CH]([NH2])[C](=[O])[OH])[O][CH]([CH2][OH])[CH]([O][CH]2[O][CH]([CH2][OH])[CH]([O][CH]3[O][CH]([CH2][O][CH]4[O][CH]([CH2][OH])[CH]([OH])[CH]([OH])[CH]4[O][CH]4[O][CH]([CH2][OH])[CH]([OH])[CH]([OH])[CH]4[N]=[C]([CH3])[OH])[CH]([OH])[CH]([O][CH]4[O][CH]([CH2][OH])[CH]([OH])[CH]([OH])[CH]4[O][CH]4[O][CH]([CH2][OH])[CH]([OH])[CH]([OH])[CH]4[N]=[C]([CH3])[OH])[CH]3[OH])[CH]([OH])[CH]2[N]=[C]([CH3])[OH])[CH]1[OH]
9697,[CH3][C]([OH])=[N][CH]1[CH]([N]=[C]([OH])[CH2][CH]([NH2])[C](=[O])[OH])[O][CH]([CH2][OH])[CH]([O][CH]2[O][CH]([CH2][OH])[CH]([O][CH]3[O][CH]([CH2][O][CH]4[O][CH]([CH2][OH])[CH]([OH])[CH]([OH])[CH]4[O][CH]4[O][CH]([CH2][OH])[CH]([OH])[CH]([OH])[CH]4[N]=[C]([CH3])[OH])[CH]([OH])[CH]([O][CH]4[O][CH]([CH2][OH])[CH]([OH])[CH]([OH])[CH]4[O][CH]4[O][CH]([CH2][OH])[CH]([OH])[CH]([OH])[CH]4[N]=[C]([CH3])[OH])[CH]3[O][CH]3[O][CH]([CH2][OH])[CH]([OH])[CH]3[OH])[CH]([OH])[CH]2[N]=[C]([CH3])[OH])[CH]1[OH]
9698,[O]=[C]([OH])[CH]=[C]([CH2][C](=[O])[C](=[O])[OH])[C](=[O])[OH]
9699,[CH2]=[C]1[CH2][C]23[CH2][CH2][CH]4[C]([CH3])([CH]=[O])[CH2][CH2][CH2][C]4([CH3])[CH]2[CH2][CH2][CH]1[CH2]3
9700,[O]=[C]1[CH]=[CH][C]([OH])[CH]=[CH]1
9701,[CH2]=[CH][CH2][C](=[O])[C](=[O])[OH]
9702,[O]=[CH][CH]([OH])[CH]([OH])[CH]([OH])[CH]([OH])[CH2][O][P](=[O])([OH])[OH]
9703,[O]=[C]([CH2][OH])[CH]([OH])[CH]([OH])[CH]([OH])[CH2][O][P](=[O])([OH])[OH]
9704,[O]=[C]([OH])[CH]=[CH][C](=[O])[CH2][C](=[O])[OH]
9705,[CH3][c]1[cH][n]([CH]2[CH2][CH]([OH])[CH]([CH2][O][P](=[O])([OH])[O][P](=[O])([OH])[O][CH]3[O][CH]([CH2][OH])[CH]([OH])[CH]([OH])[CH]3[OH])[O]2)[c](=[O])[n][c]1[OH]
9706,[CH3][c]1[cH][n]([CH]2[CH2][CH]([OH])[CH]([CH2][O][P](=[O])([OH])[O][P](=[O])([OH])[O][CH]3[O][CH]([C](=[O])[OH])[CH]([OH])[CH]([OH])[CH]3[OH])[O]2)[c](=[O])[n][c]1[OH]
9707,[CH3][CH]1[O][CH]([O][CH]2[CH]([O][CH]3[CH2][CH2][C]4([CH3])[C](=[CH][CH2][CH]5[CH]4[CH2][CH2][C]4([CH3])[CH]5[CH2][CH]5[O][C]6([CH2][CH2][C]([CH3])([CH2][OH])[O]6)[CH]([CH3])[CH]54)[CH2]3)[O][CH]([CH2][OH])[CH]([O][CH]3[O][CH]([CH2][OH])[CH]([OH])[CH]([OH])[CH]3[OH])[CH]2[OH])[CH]([OH])[CH]([OH])[CH]1[OH]
9708,[CH3][CH]1[O][CH]([O][CH]2[CH]([O][CH]3[CH2][CH2][C]4([CH3])[C](=[CH][CH2][CH]5[CH]4[CH2][CH2][C]4([CH3])[CH]5[CH2][CH]5[O][C]6([CH2][CH2][C]([CH3])([CH2][O][CH]7[O][CH]([CH2][OH])[CH]([OH])[CH]([OH])[CH]7[OH])[O]6)[CH]([CH3])[CH]54)[CH2]3)[O][CH]([CH2][OH])[CH]([O][CH]3[O][CH]([CH2][OH])[CH]([OH])[CH]([OH])[CH]3[OH])[CH]2[OH])[CH]([OH])[CH]([OH])[CH]1[OH]
9709,[CH3][C]1=[C]2[N]=[C]([CH]=[C]3[N]=[C]([C]([CH3])=[C]4[NH][C]([CH3])([CH]5[N]=[C]1[C]([CH3])([CH2][CH2][C]([OH])=[N][CH2][CH]([CH3])[OH])[CH]5[CH2][C](=[NH])[OH])[C]([CH3])([CH2][C](=[NH])[OH])[CH]4[CH2][CH2][C](=[NH])[OH])[C]([CH3])([CH2][C](=[NH])[OH])[CH]3[CH2][CH2][C](=[NH])[OH])[C]([CH3])([CH3])[CH]2[CH2][CH2][C](=[NH])[OH]
9710,[CH3][P](=[O])([OH])[CH2][CH2][CH]([NH2])[C](=[O])[OH]
9711,[CH3][C]([CH3])=[CH][CH2][CH2][C]([CH3])=[CH][CH2][CH2][C]([CH3])=[CH][CH2][CH2][C]([CH3])=[CH][CH2][CH2][C]([CH3])=[CH][CH2][CH2][C]([CH3])=[CH][CH2][CH2][C]([CH3])=[CH][CH2][CH2][C]([CH3])=[CH][CH2][CH2][C]([CH3])=[CH][CH2][CH2][C]([CH3])=[CH][CH2][CH2][C]([CH3])=[CH][CH2][O][P](=[O])([OH])[O][CH]1[O][CH]([CH2][OH])[CH]([OH])[CH]([OH])[CH]1[OH]
9712,[CH3][C]([OH])=[N][CH]1[CH]([N]=[C]([OH])[CH2][CH]([NH2])[C](=[O])[OH])[O][CH]([CH2][O][CH]2[O][CH]([CH3])[CH]([OH])[CH]([OH])[CH]2[OH])[CH]([O][CH]2[O][CH]([CH2][OH])[CH]([O][CH]3[O][CH]([CH2][O][CH]4[O][CH]([CH2][OH])[CH]([OH])[CH]([OH])[CH]4[O][CH]4[O][CH]([CH2][OH])[CH]([OH])[CH]([OH])[CH]4[N]=[C]([CH3])[OH])[CH]([OH])[CH]([O][CH]4[O][CH]([CH2][OH])[CH]([OH])[CH]([OH])[CH]4[O][CH]4[O][CH]([CH2][OH])[CH]([OH])[CH]([OH])[CH]4[N]=[C]([CH3])[OH])[CH]3[OH])[CH]([OH])[CH]2[N]=[C]([CH3])[OH])[CH]1[OH]
9713,[O]=[C]([CH2][OH])[CH]([OH])[CH]([OH])[CH]([OH])[CH2][O][P](=[O])([OH])[OH]
9714,[O]=[CH][CH]([OH])[CH]([OH])[CH]([OH])[CH]([OH])[CH2][O][P](=[O])([OH])[OH]
9715,[CH2]=[C]1[CH2][C]23[CH2][CH2][CH]4[C]([CH3])([CH2][OH])[CH2][CH2][CH2][C]4([CH3])[CH]2[CH2][CH2][CH]1[CH2]3
9716,[O]=[C]([OH])[C](=[O])[CH2][c]1[cH][cH][cH][cH][cH]1
9717,[CH3][C](=[CH][C](=[O])[OH])[CH2][C](=[O])[S][CH2][CH2][N]=[C]([OH])[CH2][CH2][N]=[C]([OH])[CH]([OH])[C]([CH3])([CH3])[CH2][O][P](=[O])([OH])[O][P](=[O])([OH])[O][CH2][CH]1[O][CH]([n]2[cH][n][c]3[c]([NH2])[n][cH][n][c]32)[CH]([OH])[CH]1[O][P](=[O])([OH])[OH]
9718,[O]=[C]1[CH2][O][CH]([CH2][OH])[CH]=[C]1[OH]
9719,[CH3][C]([OH])=[N][CH]1[CH]([O][CH]2[CH2][CH2][CH]3[CH]4[CH2][CH2][c]5[cH][c]([O][CH]6[O][CH]([C](=[O])[OH])[CH]([OH])[CH]([OH])[CH]6[OH])[cH][cH][c]5[CH]4[CH2][CH2][C]23[CH3])[O][CH]([CH2][OH])[CH]([OH])[CH]1[OH]
9720,[CH3][O][c]1[cH][c]([CH]=[CH][C](=[O])[O][CH2][CH]2[O][C](=[O])[CH]([OH])[CH]([OH])[CH]2[OH])[cH][c]([O][CH3])[c]1[OH]
9721,[O]=[C]([OH])[CH2][CH]=[CH][CH2][C](=[O])[C](=[O])[OH]
9722,[NH]=[c]1[n][c]([OH])[c]2[n][cH][n]([CH]3[O][CH]([CH2][O][P](=[O])([OH])[O][P](=[O])([OH])[O][CH]4[O][CH]([CH2][OH])[CH]([OH])[CH]([OH])[CH]4[OH])[CH]([OH])[CH]3[OH])[c]2[nH]1
9723,[CH3][O][c]1[cH][c]([CH]=[CH][C](=[O])[O][CH]2[CH]([OH])[CH2][C]([OH])([C](=[O])[OH])[CH2][CH]2[OH])[cH][cH][c]1[OH]
9724,[O]=[CH][CH]([NH][S](=[O])(=[O])[OH])[CH]([OH])[CH]([OH])[CH]([OH])[CH2][O][S](=[O])(=[O])[OH]
9725,[CH3][S][CH2][CH2][C](=[O])[C](=[O])[CH2][O][P](=[O])([OH])[OH]
9726,[CH3][CH2][CH]=[CH][CH2][CH]=[CH][CH2][CH]=[CH][CH2][CH2][CH2][CH2][CH2][CH2][CH]([O][OH])[C](=[O])[OH]
9727,[CH3][CH2][CH]=[CH][CH2][CH]=[CH][CH2][CH]=[CH][CH2][CH2][CH2][CH2][CH2][CH2][CH]([OH])[C](=[O])[OH]
9728,[O]=[C]([OH])[CH]=[C]([OH])[C](=[O])[OH]
9729,[CH3][N]([CH3])[c]1[cH][cH][c]([N]=[N][c]2[cH][cH][cH][cH][cH]2)[cH][cH]1
9730,[O]=[CH][CH]([O][P](=[O])([OH])[OH])[CH]([OH])[CH]([OH])[CH]([OH])[CH2][O][P](=[O])([OH])[OH]
9731,[NH]=[c]1[cH][cH][n]([CH]2[O][CH]([CH2][O][P](=[O])([OH])[O][P](=[O])([OH])[O][CH]3[O][CH]([CH2][OH])[CH]([OH])[CH]([OH])[CH]3[OH])[CH]([OH])[CH]2[OH])[c]([OH])[n]1
9732,[O]=[C]([OH])[C](=[O])[CH]=[CH][CH2][C](=[O])[c]1[cH][cH][cH][cH][cH]1
9733,[NH2][c]1[n][cH][n][c]2[c]1[n][cH][n]2[CH]1[O][CH]([CH2][O][P](=[O])([OH])[NH][CH]([CH2][c]2[cH][cH][cH][cH][cH]2)[C](=[O])[OH])[CH]([OH])[CH]1[OH]
9734,[CH3][C]1([C](=[O])[OH])[CH2][CH2][C]2([CH3])[CH2][CH2][C]3([CH3])[C](=[CH][C](=[O])[CH]4[C]5([CH3])[CH2][CH2][CH]([O][CH]6[O][CH]([C](=[O])[OH])[CH]([OH])[CH]([OH])[CH]6[O][CH]6[O][CH]([C](=[O])[OH])[CH]([OH])[CH]([OH])[CH]6[OH])[C]([CH3])([CH3])[CH]5[CH2][CH2][C]43[CH3])[CH]2[CH2]1
9735,[O]=[C]([OH])[CH]1[O][CH]([O][CH]2[CH]([OH])[O][CH]([C](=[O])[OH])[CH]([OH])[CH]2[OH])[CH]([OH])[CH]([OH])[CH]1[OH]
9736,[NH2][CH]1[O][CH]([CH2][O][P](=[O])([OH])[OH])[CH]([OH])[CH]1[OH]
9737,[CH3][NH][CH2][CH]([OH])[c]1[cH][cH][c]([OH])[cH][cH]1
9738,[CH3][CH2][CH]=[CH][CH2][CH]=[CH][CH2][CH]=[CH][CH2][CH2][CH2][CH2][CH2][CH2][CH]=[O]
9739,[CH3][CH]([NH][c]1[cH][cH][c]([CH2][CH]([OH])[CH]([OH])[CH]([OH])[CH2][O][CH]2[O][CH]([CH2][O][P](=[O])([OH])[O][CH]([CH2][CH2][C](=[O])[OH])[C](=[O])[OH])[CH]([OH])[CH]2[OH])[cH][cH]1)[CH]1[CH]([CH3])[NH][c]2[nH][c](=[NH])[n][c]([OH])[c]2[N]1[CH]=[O]
9740,[CH3][C](=[O])[CH]([OH])[CH2][O][P](=[O])([OH])[OH]
9741,[O]=[C]1[c]2[cH][cH][cH][cH][c]2[O][CH]([c]2[cH][cH][cH][cH][cH]2)[CH]1[OH]
9742,[O]=[C]1[C]([Cl])=[C]([Cl])[C](=[O])[C]([Cl])=[C]1[Cl]
9743,[CH3][C]([OH])=[N][CH]1[CH]([O][P](=[O])([OH])[O][P](=[O])([OH])[O][CH2][CH]2[O][CH]([n]3[cH][cH][c]([OH])[n][c]3=[O])[CH]([OH])[CH]2[OH])[O][CH]([CH3])[C](=[O])[CH]1[OH]
9744,[O]=[C]([OH])[CH]([OH])[CH]([OH])[C](=[O])[OH]
9745,[O]=[C]([O][CH2][CH]1[O][CH]([O][C](=[O])[c]2[cH][c]([OH])[c]([OH])[c]([OH])[cH]2)[CH]([O][C](=[O])[c]2[cH][c]([OH])[c]([OH])[c]([OH])[cH]2)[CH]([O][C](=[O])[c]2[cH][c]([OH])[c]([OH])[c]([OH])[cH]2)[CH]1[O][C](=[O])[c]1[cH][c]([OH])[c]([OH])[c]([OH])[cH]1)[c]1[cH][c]([OH])[c]([OH])[c]([OH])[cH]1
9746,[CH3][CH2][CH]=[CH][CH2][CH]=[CH][CH2][CH]=[CH][CH2][CH2][CH2][CH2][CH2][CH2][C](=[O])[OH]
9747,[CH3][CH2][CH2][CH2][CH2][CH2][CH2][CH3]
9748,[O]=[C]([CH2][c]1[cH][nH][c]2[cH][cH][cH][cH][c]12)[O][CH]1[CH]([OH])[CH]([OH])[CH]([O][CH]2[O][CH2][CH]([OH])[CH]([OH])[CH]2[OH])[CH]([OH])[CH]1[OH]
9749,[O]=[C]([OH])[CH]=[CH][CH]=[C]([OH])[C](=[O])[OH]
9750,[NH2][c]1[n][cH][n][c]2[c]1[n][cH][n]2[CH]1[O][CH]([CH2][O][P](=[O])([OH])[O][P](=[O])([OH])[O][CH]2[O][CH]([CH2][OH])[CH]([OH])[CH]2[OH])[CH]([OH])[CH]1[O][P](=[O])([OH])[OH]
9751,[NH2][CH]([CH2][CH2][c]1[n][cH][c]([CH2][CH]([NH2])[C](=[O])[OH])[nH]1)[C](=[O])[OH]
9752,[CH3][NH][CH]([CH2][CH2][c]1[n][cH][c]([CH2][CH]([NH2])[C](=[O])[OH])[nH]1)[C](=[O])[OH]
9753,[CH3][C]([OH])=[N][CH]1[CH]([OH])[O][CH]([CH2][OH])[CH]([OH])[CH]1[O][CH]1[O][CH]([CH2][OH])[CH]([OH])[CH]([OH])[CH]1[OH]
9754,[CH3][C]([OH])=[N][CH]1[CH]([O][CH2][CH]([NH2])[C](=[O])[OH])[O][CH]([CH2][OH])[CH]([OH])[CH]1[O][CH]1[O][CH]([CH2][OH])[CH]([OH])[CH]([OH])[CH]1[OH]
9755,[OH][CH2][C]1([OH])[CH2][O][CH]([O][CH2][CH]2[O][CH]([OH])[CH]([OH])[CH]([OH])[CH]2[OH])[CH]1[OH]
9756,[CH3][O][c]1[cH][c]([O][CH3])[c](-[c]2[cH][o][c]3[cH][c]([O][CH]4[O][CH]([CH2][O][CH]5[O][CH2][C]([OH])([CH2][OH])[CH]5[OH])[CH]([OH])[CH]([OH])[CH]4[OH])[c]([O][CH3])[cH][c]3[c]2=[O])[cH][c]1[O][CH3]
9757,[OH][CH2][CH]1[O][CH]([O][CH]2[CH]([CH2][OH])[O][CH]([OH])[CH]([OH])[CH]2[OH])[CH]([OH])[CH]([OH])[CH]1[OH]
9758,[OH][CH]1[c]2[cH][cH][cH][c]3[cH][cH][cH][c]([c]23)[CH]1[OH]
9759,[NH2][c]1[n][cH][n][c]2[c]1[n][cH][n]2[CH]1[O][CH]([CH2][O][P](=[O])([OH])[NH][c]2[cH][cH][cH][cH][c]2[C](=[O])[OH])[CH]([OH])[CH]1[OH]
9760,[CH3][C]([CH3])([CH2][O][P](=[O])([OH])[O][P](=[O])([OH])[O][CH2][CH]1[O][CH]([n]2[cH][n][c]3[c]([NH2])[n][cH][n][c]32)[CH]([OH])[CH]1[O][P](=[O])([OH])[OH])[CH]([OH])[C]([OH])=[N][CH2][CH2][C]([OH])=[N][CH2][CH2][S][C](=[O])[CH]=[CH][CH2][CH2][CH2][CH2][C](=[O])[OH]
9761,[CH3][C]([CH3])([CH2][O][P](=[O])([OH])[O][P](=[O])([OH])[O][CH2][CH]1[O][CH]([n]2[cH][n][c]3[c]([NH2])[n][cH][n][c]32)[CH]([OH])[CH]1[O][P](=[O])([OH])[OH])[CH]([OH])[C]([OH])=[N][CH2][CH2][C]([OH])=[N][CH2][CH2][S][C](=[O])[CH2][CH]([OH])[CH2][CH2][CH2][CH2][C](=[O])[OH]
9762,[O]=[C]1[CH2][CH]([CH2][OH])[O][CH]=[C]1[OH]
9763,[CH3][C]([CH3])([CH2][O][P](=[O])([OH])[O][P](=[O])([OH])[O][CH2][CH]1[O][CH]([n]2[cH][n][c]3[c]([NH2])[n][cH][n][c]32)[CH]([OH])[CH]1[O][P](=[O])([OH])[OH])[CH]([OH])[C]([OH])=[N][CH2][CH2][C]([OH])=[N][CH2][CH2][S][C](=[O])[CH2][C](=[O])[CH2][CH2][CH2][CH2][C](=[O])[OH]
9764,[O]=[P]1([OH])[O][CH2][CH]2[O][CH]([n]3[cH][n][c]4[c]([OH])[n][cH][n][c]43)[CH]([OH])[CH]2[O]1
9765,[CH3][C]([CH3])([CH2][O][P](=[O])([OH])[O][P](=[O])([OH])[O][CH2][CH]1[O][CH]([n]2[cH][n][c]3[c]([NH2])[n][cH][n][c]32)[CH]([OH])[CH]1[O][P](=[O])([OH])[OH])[CH]([OH])[C]([OH])=[N][CH2][CH2][C]([OH])=[N][CH2][CH2][S][C](=[O])[CH2][CH2][CH2][CH2][CH2][CH2][C](=[O])[OH]
9766,[CH3][C]([OH])=[N][CH]1[CH]([O][CH]2[CH]([O][CH2][CH]3[O][CH]([O][CH]4[CH]([CH2][OH])[O][CH]([O][CH]5[CH]([CH2][OH])[O][CH]([N]=[C]([OH])[CH2][CH]([NH2])[C](=[O])[OH])[CH]([N]=[C]([CH3])[OH])[CH]5[O][CH]5[O][CH]([CH3])[CH]([OH])[CH]([OH])[CH]5[OH])[CH]([N]=[C]([CH3])[OH])[CH]4[OH])[CH]([OH])[CH]([O][CH]4[O][CH]([CH2][OH])[CH]([OH])[CH]([OH])[CH]4[O][CH]4[O][CH]([CH2][OH])[CH]([OH])[CH]([OH])[CH]4[N]=[C]([CH3])[OH])[CH]3[OH])[O][CH]([CH2][OH])[CH]([OH])[CH]2[OH])[O][CH]([CH2][OH])[CH]([OH])[CH]1[OH]
9767,[O]=[C]([OH])[CH]1[CH2][CH2][CH]=[N]1
9768,[O]=[C]([OH])[CH]1[CH2][CH]([OH])[CH]=[N]1
9769,[CH3][C]([OH])=[N][CH]1[CH]([OH])[O][CH]([CH2][O][P](=[O])([OH])[OH])[CH]([OH])[CH]1[OH]
9770,[CH2]=[C]1[C](=[CH][CH]=[C]2[CH2][CH2][CH2][C]3([CH3])[CH]2[CH2][CH2][CH]3[CH]([CH3])[CH2][CH2][OH])[CH2][CH]([OH])[CH2][CH]1[OH]
9771,[CH2]=[C]1[C](=[CH][CH]=[C]2[CH2][CH2][CH2][C]3([CH3])[CH]2[CH2][CH2][CH]3[CH]([CH3])[CH2][CH]=[O])[CH2][CH]([OH])[CH2][CH]1[OH]
9772,[CH2]=[C]1[C](=[CH][CH]=[C]2[CH2][CH2][CH2][C]3([CH3])[CH]2[CH2][CH2][CH]3[CH]([CH3])[CH2][C](=[O])[OH])[CH2][CH]([OH])[CH2][CH]1[OH]
9773,[CH3][NH][C](=[NH])[NH][CH2][CH2][CH2][CH]([NH2])[C](=[O])[OH]
9774,[CH3][C]([OH])=[N][CH]1[CH]([O][P](=[O])([OH])[OH])[O][CH]([CH2][OH])[CH]([OH])[CH]1[OH]
9775,[CH3][C]([CH3])=[CH][CH2][CH]=[C]([CH3])[CH]1[CH2][CH]=[C]([CH3])[CH2][CH2]1
9776,[CH3][C]1=[CH][CH2][C]([CH]([CH3])[CH3])=[CH][CH]2[CH]([CH3])[CH2][CH2][CH]12
9777,[CH2]=[C]([CH3])[CH]1[CH2][CH]=[C]([CH3])[CH2][CH2][CH]=[C]([CH3])[CH2][CH2]1
9778,[O-][n+]1[cH][cH][cH][cH][cH]1
9779,[OH][c]1[cH][cH][c]2[c]([OH])[cH][cH][cH][c]2[n]1
9780,[OH][c]1[cH][cH][cH][c]2[n][cH][cH][cH][c]12
9781,[CH3][C](=[O])[CH]([OH])[CH]([OH])[CH2][C](=[O])[C](=[O])[OH]
9782,[CH3][CH]1[CH2][CH2][CH]2[C]([CH3])([CH3])[CH]3[CH2][C]12[CH2][CH2][C]3([CH3])[OH]
9783,[CH3][C](=[O])[CH]=[CH][C]1=[C]([CH3])[CH2][CH]([OH])[CH2][C]1([CH3])[CH3]
9784,[O]=[C]([OH])[CH]1[CH2][CH2][CH2][NH][CH2]1
9785,[CH3][C]([CH3])=[CH][CH2][CH2][C]([CH3])=[CH][CH2][CH2][C]([CH3])=[CH][CH2][CH2][C]([CH3])=[CH][CH2][CH2][C]([CH3])=[CH][CH2][CH2][C]([CH3])=[CH][CH2][CH2][C]([CH3])=[CH][CH2][CH2][C]([CH3])=[CH][CH2][CH2][C]([CH3])=[CH][CH2][CH2][C]([CH3])=[CH][CH2][O][P](=[O])([OH])[O][P](=[O])([OH])[OH]
9786,[CH3][C]([CH3])=[CH][CH2][CH2][C]([CH3])=[CH][CH2][CH2][C]([CH3])=[CH][CH2][CH2][C]([CH3])=[CH][CH2][CH2][C]([CH3])=[CH][CH2][CH2][C]([CH3])=[CH][CH2][CH2][C]([CH3])=[CH][CH2][CH2][C]([CH3])=[CH][CH2][CH2][C]([CH3])=[CH][CH2][CH2][C]([CH3])=[CH][CH2][CH2][C]([CH3])=[CH][CH2][CH2][C]([CH3])=[CH][CH2][O][P](=[O])([OH])[O][P](=[O])([OH])[OH]
9787,[CH3][C]([CH3])=[CH][CH2][CH2][C]([CH3])=[CH][CH2][CH2][C]([CH3])=[CH][CH2][CH2][C]([CH3])=[CH][CH2][CH2][C]([CH3])=[CH][CH2][CH2][C]([CH3])=[CH][CH2][CH2][C]([CH3])=[CH][CH2][CH2][C]([CH3])=[CH][CH2][CH2][C]([CH3])=[CH][CH2][CH2][C]([CH3])=[CH][CH2][CH2][C]([CH3])=[CH][CH2][CH2][C]([CH3])=[CH][CH2][CH2][C]([CH3])=[CH][CH2][O][P](=[O])([OH])[O][P](=[O])([OH])[OH]
9788,[CH3][C]([CH3])=[CH][CH2][CH2][C]([CH3])=[CH][CH2][CH2][C]([CH3])=[CH][CH2][CH2][C]([CH3])=[CH][CH2][CH2][C]([CH3])=[CH][CH2][CH2][C]([CH3])=[CH][CH2][CH2][C]([CH3])=[CH][CH2][CH2][C]([CH3])=[CH][CH2][CH2][C]([CH3])=[CH][CH2][CH2][C]([CH3])=[CH][CH2][CH2][C]([CH3])=[CH][CH2][CH2][C]([CH3])=[CH][CH2][CH2][C]([CH3])=[CH][CH2][CH2][C]([CH3])=[CH][CH2][O][P](=[O])([OH])[O][P](=[O])([OH])[OH]
9789,[O]=[P]([OH])([OH])[O][CH2][CH]1[O][CH]([OH])[CH]([OH])[CH]([OH])[CH]1[OH]
9790,[CH3][O][c]1[c]([OH])[cH][c]([CH3])[c]([OH])[c]1[O][CH3]
9791,[CH3][O][C]1=[C]([O][CH3])[C](=[O])[C]([CH3])=[CH][C]1=[O]
9792,[OH][CH2][CH]1[O][CH]([O][CH]2[CH]([CH2][OH])[O][CH]([O][CH]3[CH]([CH2][OH])[O][CH]([OH])[CH]([OH])[CH]3[OH])[CH]([OH])[CH]2[OH])[CH]([OH])[CH]([OH])[CH]1[OH]
9793,[OH][CH2][CH]1[O][CH]([O][CH]2[CH]([CH2][OH])[O][CH]([OH])[CH]([OH])[CH]2[OH])[CH]([OH])[CH]([OH])[CH]1[OH]
9794,[CH3][C]([OH])=[N][CH]([CH2][CH2][CH2][CH2][NH2])[C](=[O])[OH]
9795,[OH][CH2][CH]1[O][CH]([O][CH]2[CH]([CH2][OH])[O][CH]([O][CH]3[CH]([CH2][OH])[O][CH]([O][CH]4[CH]([CH2][OH])[O][CH]([O][CH]5[CH]([CH2][OH])[O][CH]([OH])[CH]([OH])[CH]5[OH])[CH]([OH])[CH]4[OH])[CH]([OH])[CH]3[OH])[CH]([OH])[CH]2[OH])[CH]([OH])[CH]([OH])[CH]1[OH]
9796,[OH][CH2][CH]1[O][CH]([O][CH]2[CH]([CH2][OH])[O][CH]([O][CH]3[CH]([CH2][OH])[O][CH]([O][CH]4[CH]([CH2][OH])[O][CH]([O][CH]5[CH]([CH2][OH])[O][CH]([O][CH]6[CH]([CH2][OH])[O][CH]([OH])[CH]([OH])[CH]6[OH])[CH]([OH])[CH]5[OH])[CH]([OH])[CH]4[OH])[CH]([OH])[CH]3[OH])[CH]([OH])[CH]2[OH])[CH]([OH])[CH]([OH])[CH]1[OH]
9797,[OH][CH2][CH]1[O][CH]([O][CH]2[CH]([CH2][OH])[O][CH]([O][CH]3[CH]([CH2][OH])[O][CH]([O][CH]4[CH]([CH2][OH])[O][CH]([O][CH]5[CH]([CH2][OH])[O][CH]([O][CH]6[CH]([CH2][OH])[O][CH]([O][CH]7[CH]([CH2][OH])[O][CH]([OH])[CH]([OH])[CH]7[OH])[CH]([OH])[CH]6[OH])[CH]([OH])[CH]5[OH])[CH]([OH])[CH]4[OH])[CH]([OH])[CH]3[OH])[CH]([OH])[CH]2[OH])[CH]([OH])[CH]([OH])[CH]1[OH]
9798,[CH3][CH2][CH2][CH2][CH2][CH2][CH2][CH2][CH2][CH2][CH]=[CH][CH2][C](=[O])[S][CH2][CH2][N]=[C]([OH])[CH2][CH2][N]=[C]([OH])[CH]([OH])[C]([CH3])([CH3])[CH2][O][P](=[O])([OH])[O][P](=[O])([OH])[O][CH2][CH]1[O][CH]([n]2[cH][n][c]3[c]([NH2])[n][cH][n][c]32)[CH]([OH])[CH]1[O][P](=[O])([OH])[OH]
9799,[CH3][CH]([NH2])[C]([OH])=[N][CH]([CH2][CH2][C]([OH])=[N][CH]([CH2][CH2][CH2][CH]([NH2])[C](=[O])[OH])[C]([OH])=[N][CH]([CH3])[C](=[O])[OH])[C](=[O])[OH]
9800,[O]=[P]([OH])([O][CH2][CH]([OH])[CH2][OH])[O][CH2][CH]([OH])[CH2][OH]
9801,[CH3][CH2][CH2][CH2][CH2][CH2][CH2][CH2][CH2][CH2][CH2][CH2][CH2][C](=[O])[O][CH]([CH2][CH2][CH2][CH2][CH2][CH2][CH2][CH2][CH2][CH2][CH3])[CH2][C](=[O])[O][CH]1[CH]([N]=[C]([OH])[CH2][CH]([CH2][CH2][CH2][CH2][CH2][CH2][CH2][CH2][CH2][CH2][CH3])[O][C](=[O])[CH2][CH2][CH2][CH2][CH2][CH2][CH2][CH2][CH2][CH2][CH3])[CH]([O][CH2][CH]2[O][CH]([O][P](=[O])([OH])[OH])[CH]([N]=[C]([OH])[CH2][CH]([OH])[CH2][CH2][CH2][CH2][CH2][CH2][CH2][CH2][CH2][CH2][CH3])[CH]([O][C](=[O])[CH2][CH]([OH])[CH2][CH2][CH2][CH2][CH2][CH2][CH2][CH2][CH2][CH2][CH3])[CH]2[OH])[O][CH]([CH2][O][C]2([C](=[O])[OH])[CH2][CH]([O][C]3([C](=[O])[OH])[CH2][CH]([OH])[CH]([OH])[CH]([CH]([OH])[CH2][OH])[O]3)[CH]([O][CH]3[O][CH]([CH]([OH])[CH2][OH])[CH]([O][P](=[O])([OH])[OH])[CH]([O][CH]4[O][CH]([CH]([OH])[CH2][OH])[CH]([OH])[CH]([O][CH]5[O][CH]([CH2][OH])[CH]([OH])[CH]([OH])[CH]5[OH])[CH]4[OH])[CH]3[OH])[CH]([CH]([OH])[CH2][OH])[O]2)[CH]1[O][P](=[O])([OH])[OH]
9802,[CH3][CH2][CH2][CH2][CH2][CH2][CH2][CH2][CH2][CH2][CH2][CH2][CH2][C](=[O])[O][CH]([CH2][CH2][CH2][CH2][CH2][CH2][CH2][CH2][CH2][CH2][CH3])[CH2][C](=[O])[O][CH]1[CH]([N]=[C]([OH])[CH2][CH]([CH2][CH2][CH2][CH2][CH2][CH2][CH2][CH2][CH2][CH2][CH3])[O][C](=[O])[CH2][CH2][CH2][CH2][CH2][CH2][CH2][CH2][CH2][CH2][CH3])[CH]([O][CH2][CH]2[O][CH]([O][P](=[O])([OH])[OH])[CH]([N]=[C]([OH])[CH2][CH]([OH])[CH2][CH2][CH2][CH2][CH2][CH2][CH2][CH2][CH2][CH2][CH3])[CH]([O][C](=[O])[CH2][CH]([OH])[CH2][CH2][CH2][CH2][CH2][CH2][CH2][CH2][CH2][CH2][CH3])[CH]2[OH])[O][CH]([CH2][O][C]2([C](=[O])[OH])[CH2][CH]([O][C]3([C](=[O])[OH])[CH2][CH]([OH])[CH]([OH])[CH]([CH]([OH])[CH2][OH])[O]3)[CH]([O][CH]3[O][CH]([CH]([OH])[CH2][OH])[CH]([O][P](=[O])([OH])[OH])[CH]([O][CH]4[O][CH]([CH]([OH])[CH2][O][CH]5[O][CH]([CH]([OH])[CH2][OH])[CH]([OH])[CH]([OH])[CH]5[OH])[CH]([OH])[CH]([O][CH]5[O][CH]([CH2][OH])[CH]([OH])[CH]([OH])[CH]5[OH])[CH]4[OH])[CH]3[OH])[CH]([CH]([OH])[CH2][OH])[O]2)[CH]1[O][P](=[O])([OH])[OH]
9803,[CH3][CH2][CH2][CH2][CH2][CH2][CH2][CH2][CH2][CH2][CH2][CH2][CH2][C](=[O])[O][CH]([CH2][CH2][CH2][CH2][CH2][CH2][CH2][CH2][CH2][CH2][CH3])[CH2][C](=[O])[O][CH]1[CH]([N]=[C]([OH])[CH2][CH]([CH2][CH2][CH2][CH2][CH2][CH2][CH2][CH2][CH2][CH2][CH3])[O][C](=[O])[CH2][CH2][CH2][CH2][CH2][CH2][CH2][CH2][CH2][CH2][CH3])[CH]([O][CH2][CH]2[O][CH]([O][P](=[O])([OH])[OH])[CH]([N]=[C]([OH])[CH2][CH]([OH])[CH2][CH2][CH2][CH2][CH2][CH2][CH2][CH2][CH2][CH2][CH3])[CH]([O][C](=[O])[CH2][CH]([OH])[CH2][CH2][CH2][CH2][CH2][CH2][CH2][CH2][CH2][CH2][CH3])[CH]2[OH])[O][CH]([CH2][O][C]2([C](=[O])[OH])[CH2][CH]([O][C]3([C](=[O])[OH])[CH2][CH]([OH])[CH]([OH])[CH]([CH]([OH])[CH2][OH])[O]3)[CH]([O][CH]3[O][CH]([CH]([OH])[CH2][OH])[CH]([O][P](=[O])([OH])[OH])[CH]([O][CH]4[O][CH]([CH]([OH])[CH2][O][CH]5[O][CH]([CH]([OH])[CH2][OH])[CH]([OH])[CH]([OH])[CH]5[OH])[CH]([O][P](=[O])([OH])[OH])[CH]([O][CH]5[O][CH]([CH2][OH])[CH]([OH])[CH]([OH])[CH]5[OH])[CH]4[OH])[CH]3[OH])[CH]([CH]([OH])[CH2][OH])[O]2)[CH]1[O][P](=[O])([OH])[OH]
9804,[CH3][CH2][CH2][CH2][CH2][CH2][CH2][CH2][CH2][CH2][CH2][CH2][CH2][C](=[O])[O][CH]([CH2][CH2][CH2][CH2][CH2][CH2][CH2][CH2][CH2][CH2][CH3])[CH2][C](=[O])[O][CH]1[CH]([N]=[C]([OH])[CH2][CH]([CH2][CH2][CH2][CH2][CH2][CH2][CH2][CH2][CH2][CH2][CH3])[O][C](=[O])[CH2][CH2][CH2][CH2][CH2][CH2][CH2][CH2][CH2][CH2][CH3])[CH]([O][CH2][CH]2[O][CH]([O][P](=[O])([OH])[OH])[CH]([N]=[C]([OH])[CH2][CH]([OH])[CH2][CH2][CH2][CH2][CH2][CH2][CH2][CH2][CH2][CH2][CH3])[CH]([O][C](=[O])[CH2][CH]([OH])[CH2][CH2][CH2][CH2][CH2][CH2][CH2][CH2][CH2][CH2][CH3])[CH]2[OH])[O][CH]([CH2][O][C]2([C](=[O])[OH])[CH2][CH]([O][C]3([C](=[O])[OH])[CH2][CH]([OH])[CH]([OH])[CH]([CH]([OH])[CH2][OH])[O]3)[CH]([O][CH]3[O][CH]([CH]([OH])[CH2][OH])[CH]([O][P](=[O])([OH])[OH])[CH]([O][CH]4[O][CH]([CH]([OH])[CH2][O][CH]5[O][CH]([CH]([OH])[CH2][OH])[CH]([OH])[CH]([OH])[CH]5[OH])[CH]([O][P](=[O])([OH])[OH])[CH]([O][CH]5[O][CH]([CH2][O][CH]6[O][CH]([CH2][OH])[CH]([OH])[CH]([OH])[CH]6[OH])[CH]([OH])[CH]([OH])[CH]5[OH])[CH]4[OH])[CH]3[OH])[CH]([CH]([OH])[CH2][OH])[O]2)[CH]1[O][P](=[O])([OH])[OH]
9805,[CH3][C]1=[C]2[N]=[C]([CH]=[C]3[N]=[C]([C]([CH3])=[C]4[NH][C]([CH3])([CH]5[N]=[C]1[C]([CH3])([CH2][CH2][C]([OH])=[N][CH2][CH]([CH3])[O][P](=[O])([OH])[O][CH]1[CH]([CH2][O][P](=[O])([OH])[OH])[O][CH]([n+]6[cH][nH][c]7[cH][c]([CH3])[c]([CH3])[cH][c]76)[CH]1[OH])[CH]5[CH2][C](=[NH])[OH])[C]([CH3])([CH2][C](=[NH])[OH])[CH]4[CH2][CH2][C](=[NH])[OH])[C]([CH3])([CH2][C](=[NH])[OH])[CH]3[CH2][CH2][C](=[NH])[OH])[C]([CH3])([CH3])[CH]2[CH2][CH2][C](=[NH])[OH]
9806,[CH3][C]1=[C]2[N]=[C]([CH]=[C]3[N]=[C]([C]([CH3])=[C]4[NH][C]([CH3])([CH]5[N]=[C]1[C]([CH3])([CH2][CH2][C]([OH])=[N][CH2][CH]([CH3])[O][P](=[O])([OH])[O][CH]1[CH]([CH2][OH])[O][CH]([n+]6[cH][nH][c]7[cH][c]([CH3])[c]([CH3])[cH][c]76)[CH]1[OH])[CH]5[CH2][C](=[NH])[OH])[C]([CH3])([CH2][C](=[NH])[OH])[CH]4[CH2][CH2][C](=[NH])[OH])[C]([CH3])([CH2][C](=[NH])[OH])[CH]3[CH2][CH2][C](=[NH])[OH])[C]([CH3])([CH3])[CH]2[CH2][CH2][C](=[NH])[OH]
9807,[O]=[CH][CH2][CH]([OH])[CH]([OH])[CH2][OH]
9808,[CH3][C]([OH])=[N][CH]1[CH]([O][CH2][CH]([NH2])[C](=[O])[OH])[O][CH]([CH2][OH])[CH]([OH])[CH]1[O][CH]1[O][CH]([CH2][OH])[CH]([OH])[CH]([OH])[CH]1[OH]
9809,[CH3][C]([OH])=[N][CH]1[CH]([OH])[O][CH]([CH2][OH])[CH]([OH])[CH]1[O][CH]1[O][CH]([CH2][OH])[CH]([OH])[CH]([OH])[CH]1[OH]
9810,[CH3][C]([CH]=[CH][C]1([OH])[C]([CH3])=[CH][C](=[O])[CH2][C]1([CH3])[CH3])=[CH][C](=[O])[OH]
9811,[CH3][C]([CH]=[CH][C]1([OH])[C]([CH3])=[CH][C](=[O])[CH2][C]1([CH3])[CH3])=[CH][C](=[O])[O][CH]1[O][CH]([CH2][OH])[CH]([OH])[CH]([OH])[CH]1[OH]
9812,[CH3][C]([OH])=[N][CH]1[CH]([OH])[O][CH]([CH2][OH])[CH]([OH])[CH]1[O][CH]([CH3])[C]([OH])=[N][CH]([CH3])[C](=[O])[OH]
9813,[CH]#[C][CH2][OH]
9814,[CH3][C]([CH]=[CH][C]1([OH])[C]([CH3])=[CH][C](=[O])[CH2][C]1([CH3])[CH3])=[CH][C](=[O])[O][CH]1[O][CH]([CH2][OH])[CH]([OH])[CH]([OH])[CH]1[OH]
9815,[CH3][C]([OH])=[N][CH]1[CH]([OH])[O][CH]([CH2][O][S](=[O])(=[O])[OH])[CH]([OH])[CH]1[O][CH]1[O][C]([C](=[O])[OH])=[CH][CH]([OH])[CH]1[OH]
9816,[CH3][C]([OH])=[N][CH]1[CH]([OH])[O][CH]([CH2][OH])[CH]([OH])[CH]1[O][CH]1[O][C]([C](=[O])[OH])=[CH][CH]([OH])[CH]1[OH]
9817,[CH3][n+]1[cH][n]([CH]2[O][CH]([CH2][O][P](=[O])([OH])[O][P](=[O])([OH])[OH])[CH]([OH])[CH]2[OH])[c]2[nH][c](=[NH])[n][c]([OH])[c]21
9818,[CH3][C]12[CH2][CH2][CH]([CH2]1)[C]([CH3])([CH3])[C]2=[O]
9819,[O]=[C]1[CH2][CH2][CH2][CH]2[CH]3[CH2][CH]([CH2][N]12)[CH]1[CH2][CH2][CH2][CH2][N]1[CH]3[OH]
9820,[O]=[P]([OH])([O][CH2][CH]([OH])[CH2][OH])[O][CH2][CH]([OH])[CH2][OH]
9821,[OH][CH2][CH]1[O][CH]([O][CH2][C]2([OH])[O][CH]([CH2][OH])[CH]([OH])[CH]2[OH])[CH]([OH])[CH]([OH])[CH]1[OH]
9822,[NH2][CH]([CH2][CH]1[CH]=[CH][CH]([OH])[CH2][CH2]1)[C](=[O])[OH]
9823,[O]=[C]([OH])[C](=[O])[CH2][CH]1[CH]=[CH][CH]([OH])[CH2][CH2]1
9824,[CH3][C](=[O])[S][CH]([CH2][CH2][SH])[CH2][CH2][CH2][CH2][C](=[NH])[OH]
9825,[CH3][CH2][CH2][CH2][CH2][CH2][CH2][CH2][CH]=[CH][CH2][CH2][CH2][CH2][CH2][CH2][CH2][C](=[O])[O][CH]([CH2][O][C](=[O])[CH2][CH2][CH2][CH2][CH2][CH2][CH2][CH2][CH2][CH2][CH2][CH2][CH2][CH2][CH3])[CH2][O][P](=[O])([OH])[OH]
9826,[OH][CH2][CH]1[O][CH]([O][C]2([CH2][OH])[O][CH]([CH2][O][C]3([CH2][OH])[O][CH]([CH2][OH])[CH]([OH])[CH]3[OH])[CH]([OH])[CH]2[OH])[CH]([OH])[CH]([OH])[CH]1[OH]
9827,[CH3][CH2][CH2][CH2][CH2][CH2][CH2][CH2][CH2][CH2][CH2][CH2][CH2][CH2][CH2][CH2][CH2][C](=[O])[O][CH2][CH]([CH2][OH])[O][C](=[O])[CH2][CH2][CH2][CH2][CH2][CH2][CH2][CH2][CH2][CH2][CH2][CH2][CH2][CH2][CH2][CH2][CH3]
9828,[CH3][CH2][CH2][CH2][CH2][CH2][CH2][CH2][CH2][CH2][CH2][CH2][CH2][CH2][CH2][CH2][CH2][CH2][CH2][CH2][CH2][CH2][CH2][CH2][CH2][C]([OH])=[N][CH]([CH2][OH])[CH]([OH])[CH]([OH])[CH2][CH2][CH2][CH2][CH2][CH2][CH2][CH2][CH2][CH2][CH2][CH2][CH2][CH3]
9829,[CH3][CH2][CH2][CH2][CH2][CH2][CH2][CH2][CH2][CH2][CH2][CH2][CH2][CH2][CH2][CH2][CH2][CH2][CH2][CH2][CH2][CH2][CH2][CH2][CH2][C]([OH])=[N][CH]([CH2][OH])[CH]([OH])[CH2][CH2][CH2][CH2][CH2][CH2][CH2][CH2][CH2][CH2][CH2][CH2][CH2][CH2][CH3]
9830,[CH3][CH2][CH2][CH2][CH2][CH2][CH2][CH2][CH2][CH2][CH2][CH2][CH2][CH2][CH2][CH2][CH]([OH])[CH]([OH])[CH]([NH2])[CH2][O][P](=[O])([OH])[OH]
9831,[CH3][CH2][CH2][CH2][CH2][CH2][CH2][CH2][CH2][CH2][CH2][CH2][CH2][CH2][CH2][CH2][CH]([OH])[CH]([OH])[CH]([NH2])[CH2][OH]
9832,[CH3][C]([OH])=[N][CH]1[CH]([O][CH]([CH2][C](=[O])[OH])[C](=[O])[OH])[O][CH]([CH2][OH])[CH]([OH])[CH]1[OH]
9833,[CH3][CH2][CH2][CH2][CH2][CH2][CH2][CH2][CH2][CH2][CH2][CH2][CH2][CH2][CH2][CH2][CH2][CH]([OH])[CH]([NH2])[CH2][O][P](=[O])([OH])[OH]
9834,[NH2][CH]1[CH]([O][CH]([CH2][C](=[O])[OH])[C](=[O])[OH])[O][CH]([CH2][OH])[CH]([OH])[CH]1[OH]
9835,[CH3][CH2][CH2][CH2][CH2][CH2][CH2][CH2][CH2][CH2][CH2][CH2][CH2][CH2][CH2][CH2][CH2][CH2][CH2][CH2][CH2][CH2][CH2][CH2][CH]([OH])[C](=[O])[S][CH2][CH2][N]=[C]([OH])[CH2][CH2][N]=[C]([OH])[CH]([OH])[C]([CH3])([CH3])[CH2][O][P](=[O])([OH])[O][P](=[O])([OH])[O][CH2][CH]1[O][CH]([n]2[cH][n][c]3[c]([NH2])[n][cH][n][c]32)[CH]([OH])[CH]1[O][P](=[O])([OH])[OH]
9836,[CH3][CH2][CH2][CH2][CH2][CH2][CH2][CH2][CH2][CH2][CH2][CH2][CH2][CH2][CH2][CH2][CH2][CH2][CH2][CH2][CH2][CH2][CH2][CH2][CH]([OH])[C]([OH])=[N][CH]([CH2][OH])[CH]([OH])[CH]([OH])[CH2][CH2][CH2][CH2][CH2][CH2][CH2][CH2][CH2][CH2][CH2][CH2][CH2][CH3]
9837,[CH3][CH2][CH2][CH2][CH2][CH2][CH2][CH2][CH2][CH2][CH2][CH2][CH2][CH2][CH2][CH2][CH2][CH2][CH2][CH2][CH2][CH2][CH2][CH2][CH]([OH])[C]([OH])=[N][CH]([CH2][OH])[CH]([OH])[CH2][CH2][CH2][CH2][CH2][CH2][CH2][CH2][CH2][CH2][CH2][CH2][CH2][CH2][CH3]
9838,[CH3][C]([CH3])=[CH][CH2][CH2][C]([CH3])=[CH][CH2][CH2][C]([CH3])=[CH][CH2][CH2][C]([CH3])=[CH][CH2][CH2][C]([CH3])=[CH][CH2][CH2][C]([CH3])=[CH][CH2][CH2][C]([CH3])=[CH][CH2][O][CH2][CH]([OH])[CH2][O][P](=[O])([OH])[OH]
9839,[CH2]=[C]([CH]=[CH][CH]([CH3])[CH]1[CH2][CH2][CH]2[C]3=[CH][CH]=[C]4[CH2][CH]([O][C]([CH3])=[O])[CH2][CH2][C]4([CH3])[CH]3[CH2][CH2][C]21[CH3])[CH]([CH3])[CH3]
9840,[CH3][CH2][CH2][CH2][CH2][CH2][CH2][CH2][CH2][CH2][CH2][CH2][CH2][CH2][CH2][C](=[O])[O][CH]1[CH2][CH2][C]2([CH3])[C](=[CH][CH]=[C]3[CH]2[CH2][CH2][C]2([CH3])[CH]3[CH2][CH2][CH]2[CH]([CH3])[CH]=[CH][CH]([CH3])[CH]([CH3])[CH3])[CH2]1
9841,[CH3][CH2][CH2][CH2][CH2][CH2][CH2][CH2][CH2][CH2][CH2][CH2][CH2][CH2][CH2][C](=[O])[O][CH]1[CH2][CH2][C]2([CH3])[C]3=[C]([CH2][CH2][CH]2[C]1([CH3])[CH3])[C]1([CH3])[CH2][CH2][CH]([CH]([CH3])[CH2][CH2][CH]=[C]([CH3])[CH3])[C]1([CH3])[CH2][CH2]3
9842,[CH3][CH2][CH2][CH2][CH2][CH2][CH2][CH2][CH2][CH2][CH2][CH2][CH2][CH2][CH2][CH2][CH2][CH2][CH2][CH2][CH2][CH2][CH2][C]([OH])=[N][CH]([CH2][OH])[CH]([OH])[CH2][CH2][CH2][CH2][CH2][CH2][CH2][CH2][CH2][CH2][CH2][CH2][CH2][CH2][CH3]
9843,[CH3][CH2][CH2][CH2][CH2][CH2][CH2][CH2][CH2][CH2][CH2][CH2][CH2][CH2][CH2][CH2][CH2][CH2][CH2][CH2][CH2][CH2][CH2][C]([OH])=[N][CH]([CH2][OH])[CH]([OH])[CH]([OH])[CH2][CH2][CH2][CH2][CH2][CH2][CH2][CH2][CH2][CH2][CH2][CH2][CH2][CH3]
9844,[CH3][CH2][CH2][CH2][CH]=[CH][CH2][CH2][CH2][CH2][CH2][CH2][CH2][C](=[O])[OH]
9845,[CH3][CH2][CH2][CH2][CH2][CH2][CH2][CH2][CH2][CH2][CH2][CH2][CH2][CH2][CH2][CH2][CH2][CH2][CH2][CH2][CH2][CH2][CH]([OH])[C]([OH])=[N][CH]([CH2][OH])[CH]([OH])[CH2][CH2][CH2][CH2][CH2][CH2][CH2][CH2][CH2][CH2][CH2][CH2][CH2][CH2][CH3]
9846,[CH3][CH2][CH2][CH2][CH2][CH2][CH2][CH2][CH2][CH2][CH2][CH2][CH2][CH2][CH2][CH2][CH2][CH2][CH2][CH2][CH2][CH2][CH2][CH2][CH]([OH])[C]([OH])=[N][CH]([CH2][OH])[CH]([OH])[CH]([OH])[CH2][CH2][CH2][CH2][CH2][CH2][CH2][CH2][CH2][CH2][CH2][CH2][CH2][CH3]
9847,[CH3][CH2][CH2][CH2][CH2][CH2][CH2][CH2][CH2][CH2][CH2][CH2][CH2][CH2][CH2][CH2][CH2][CH2][CH2][CH2][CH2][CH2][CH]([OH])[C]([OH])=[N][CH]([CH2][OH])[CH]([OH])[CH]([OH])[CH2][CH2][CH2][CH2][CH2][CH2][CH2][CH2][CH2][CH2][CH2][CH2][CH2][CH3]
9848,[CH3][CH2][CH2][CH2][CH2][CH2][CH2][CH2][CH2][CH2][CH2][CH2][CH2][CH2][CH2][CH2][CH2][CH2][CH2][CH2][CH2][CH2][CH2][CH]([OH])[CH]([OH])[C]([OH])=[N][CH]([CH2][OH])[CH]([OH])[CH]([OH])[CH2][CH2][CH2][CH2][CH2][CH2][CH2][CH2][CH2][CH2][CH2][CH2][CH2][CH3]
9849,[CH3][CH2][CH2][CH2][CH2][CH2][CH2][CH2][CH2][CH2][CH2][CH2][CH2][CH2][CH2][CH2][CH2][CH2][CH2][CH2][CH2][CH]([OH])[CH]([OH])[C]([OH])=[N][CH]([CH2][OH])[CH]([OH])[CH]([OH])[CH2][CH2][CH2][CH2][CH2][CH2][CH2][CH2][CH2][CH2][CH2][CH2][CH2][CH3]
9850,[CH3][CH2][CH2][CH2][CH2][CH2][CH2][CH2][CH2][CH2][CH2][CH2][CH2][CH2][CH2][CH2][CH2][CH2][CH2][CH2][CH2][CH2][CH2][CH2][CH2][C]([OH])=[N][CH]([CH2][OH])[CH]([OH])[CH]([OH])[CH2][CH2][CH2][CH2][CH2][CH2][CH2][CH2][CH2][CH2][CH2][CH2][CH2][CH2][CH2][CH3]
9851,[CH3][CH2][CH2][CH2][CH2][CH2][CH2][CH2][CH2][CH2][CH2][CH2][CH2][CH2][CH2][CH2][CH]([OH])[CH]=[O]
9852,[CH3][CH2][CH2][CH2][CH2][CH2][CH2][CH2][CH2][CH2][CH2][CH2][CH2][CH2][CH2][C]([OH])=[N][CH]([CH2][OH])[CH]([OH])[CH]([OH])[CH2][CH2][CH2][CH2][CH2][CH2][CH2][CH2][CH2][CH2][CH2][CH2][CH2][CH3]
9853,[OH][CH2][CH]1[O][CH]([O][C]2([CH2][OH])[O][CH]([CH2][O][C]3([CH2][OH])[O][CH]([CH2][O][C]4([CH2][OH])[O][CH]([CH2][OH])[CH]([OH])[CH]4[OH])[CH]([OH])[CH]3[OH])[CH]([OH])[CH]2[OH])[CH]([OH])[CH]([OH])[CH]1[OH]
9854,[OH][CH2][CH]1[O][CH]([O][C]2([CH2][O][C]3([CH2][OH])[O][CH]([CH2][OH])[CH]([OH])[CH]3[OH])[O][CH]([CH2][O][C]3([CH2][OH])[O][CH]([CH2][OH])[CH]([OH])[CH]3[OH])[CH]([OH])[CH]2[OH])[CH]([OH])[CH]([OH])[CH]1[OH]
9855,[CH3][C]([CH3])=[CH][CH2][CH2][C]([CH3])=[CH][CH2][CH2][C]([CH3])=[CH][CH2][CH2][C]([CH3])=[CH][CH2][CH2][C]([CH3])=[CH][CH2][CH2][C]([CH3])=[CH][CH2][CH2][C]([CH3])=[CH][CH2][CH2][C]([CH3])=[CH][CH2][CH2][C]([CH3])=[CH][CH2][CH2][C]([CH3])=[CH][CH2][CH2][C]([CH3])=[CH][CH2][O][P](=[O])([OH])[O][P](=[O])([OH])[O][CH]1[O][CH]([CH2][OH])[CH]([O][CH]2[O][CH]([CH2][OH])[CH]([O][P](=[O])([OH])[O][CH2][CH]([OH])[CH2][OH])[CH]([OH])[CH]2[N]=[C]([CH3])[OH])[CH]([OH])[CH]1[N]=[C]([CH3])[OH]
9856,[O]=[C]([OH])[C](=[O])[CH]=[C]1[CH]=[CH][CH]([OH])[CH2][CH2]1
9857,[CH2]=[C]1[CH2][CH2][CH]([OH])[CH2][C]1=[CH][CH]=[C]1[CH2][CH2][CH2][C]2([CH3])[CH]1[CH2][CH2][CH]2[CH]([CH3])[CH]=[CH][CH]([CH3])[CH]([CH3])[CH3]
9858,[CH3][CH2][CH2][CH2][CH2][CH2][CH2][CH2][CH2][CH2][CH2][CH2][CH2][CH2][CH2][CH2][CH2][CH2][CH2][CH2][CH2][CH2][CH2][CH2][CH2][C](=[O])[OH]
9859,[CH3][CH2][CH2][CH2][CH2][CH2][CH2][CH2][CH2][CH2][CH2][CH2][CH2][CH2][CH2][CH2][CH2][CH2][CH2][CH2][CH2][CH2][CH2][C]([OH])=[N][CH]([CH2][O][P](=[O])([OH])[O][CH]1[CH]([OH])[CH]([OH])[CH]([OH])[CH]([OH])[CH]1[O][CH]1[O][CH]([CH2][OH])[CH]([OH])[CH]([OH])[CH]1[OH])[CH]([OH])[CH2][CH2][CH2][CH2][CH2][CH2][CH2][CH2][CH2][CH2][CH2][CH2][CH2][CH2][CH3]
9860,[CH3][CH2][CH2][CH2][CH2][CH2][CH2][CH2][CH2][CH2][CH2][CH2][CH2][CH2][CH2][CH2][CH2][CH2][CH2][CH2][CH2][CH2][CH2][C]([OH])=[N][CH]([CH2][O][P](=[O])([OH])[O][CH]1[CH]([OH])[CH]([OH])[CH]([OH])[CH]([OH])[CH]1[OH])[CH]([OH])[CH2][CH2][CH2][CH2][CH2][CH2][CH2][CH2][CH2][CH2][CH2][CH2][CH2][CH2][CH3]
9861,[CH3][CH2][CH2][CH2][CH2][CH2][CH2][CH2][CH]=[CH][CH2][CH2][CH2][CH2][CH2][CH2][CH2][C](=[O])[O][CH]1[CH2][CH2][C]2([CH3])[C](=[CH][CH2][CH]3[CH]2[CH2][CH2][C]2([CH3])[CH]([CH]([CH3])[CH2][CH2][CH2][CH]([CH3])[CH3])[CH2][CH2][CH]32)[CH2]1
9862,[CH3][CH2][CH2][CH2][CH2][CH2][CH2][CH2][CH2][CH2][CH2][CH2][CH2][CH2][CH2][C](=[O])[CH2][NH2]
9863,[O]=[CH][CH]=[C]([OH])[CH]=[CH][C](=[O])[OH]
9864,[CH3][C]([CH3])=[CH][CH2][CH2][C]([CH3])=[CH][CH2][CH2][C]([CH3])=[CH][CH2][CH2][C]([CH3])=[CH][CH2][CH2][C]([CH3])=[CH][CH2][CH2][C]([CH3])=[CH][CH2][CH2][C]([CH3])=[CH][CH2][CH2][C]([CH3])=[CH][CH2][CH2][C]([CH3])=[CH][CH2][CH2][C]([CH3])=[CH][CH2][O][P](=[O])([OH])[O][P](=[O])([OH])[O][CH]1[O][CH]([CH2][OH])[CH]([OH])[CH]([O][CH]2[O][CH]([CH3])[CH]([O][CH]3[O][CH]([CH2][OH])[CH]([OH])[CH]([O][CH]4[O][CH]([CH3])[CH]([OH])[CH2][CH]4[OH])[CH]3[OH])[CH]([OH])[CH]2[OH])[CH]1[OH]
9865,[CH3][C]([CH3])=[CH][CH2][CH2][C]([CH3])=[CH][CH2][CH2][C]([CH3])=[CH][CH2][CH2][C]([CH3])=[CH][CH2][CH2][C]([CH3])=[CH][CH2][CH2][C]([CH3])=[CH][CH2][CH2][C]([CH3])=[CH][CH2][CH2][C]([CH3])=[CH][CH2][CH2][C]([CH3])=[CH][CH2][CH2][C]([CH3])=[CH][CH2][O][P](=[O])([OH])[O][P](=[O])([OH])[O][CH]1[O][CH]([CH2][OH])[CH]([OH])[CH]([O][CH]2[O][CH]([CH3])[CH]([O][CH]3[O][CH]([CH2][OH])[CH]([OH])[CH]([OH])[CH]3[OH])[CH]([OH])[CH]2[OH])[CH]1[OH]
9866,[CH3][CH2][CH2][CH2][CH2][CH2][CH2][CH2][CH2][CH2][CH2][CH2][CH2][CH2][CH2][CH]([OH])[CH2][NH2]
9867,[CH3][CH2][CH2][CH2][CH2][CH2][CH2][CH2][CH2][CH2][CH2][CH2][CH2][CH2][CH2][C](=[O])[CH]([CH3])[NH2]
9868,[CH3][CH2][CH2][CH2][CH2][CH2][CH2][CH2][CH2][CH2][CH2][CH2][CH2][CH2][CH2][CH]([OH])[CH]([CH3])[NH2]
9869,[CH3][C]([CH3])=[CH][CH2][CH2][C]([CH3])=[CH][CH2][CH2][C]([CH3])=[CH][CH2][CH2][C]([CH3])=[CH][CH2][CH2][C]([CH3])=[CH][CH2][CH2][C]([CH3])=[CH][CH2][CH2][C]([CH3])=[CH][CH2][CH2][C]([CH3])=[CH][CH2][CH2][C]([CH3])=[CH][CH2][CH2][C]([CH3])=[CH][CH2][O][P](=[O])([OH])[O][P](=[O])([OH])[O][CH]1[O][CH]([CH2][OH])[CH]([OH])[CH]([O][CH]2[O][CH]([CH3])[CH]([O][CH]3[O][CH]([CH]([OH])[CH2][OH])[CH]([OH])[CH]3[OH])[CH]([OH])[CH]2[OH])[CH]1[N]=[C]([CH3])[OH]
9870,[CH3][C]([CH3])=[CH][CH2][CH2][C]([CH3])=[CH][CH2][CH2][C]([CH3])=[CH][CH2][CH2][C]([CH3])=[CH][CH2][CH2][C]([CH3])=[CH][CH2][CH2][C]([CH3])=[CH][CH2][CH2][C]([CH3])=[CH][CH2][CH2][C]([CH3])=[CH][CH2][CH2][C]([CH3])=[CH][CH2][CH2][C]([CH3])=[CH][CH2][CH2][C]([CH3])=[CH][CH2][O][P](=[O])([OH])[O][P](=[O])([OH])[O][CH]1[O][CH]([CH3])[CH]([N]=[C]([CH3])[OH])[CH]([O][CH]2[O][CH]([CH2][OH])[CH]([O][CH]3[O][CH]([CH2][OH])[CH]([O][CH]4[O][CH]([CH2][OH])[CH]([O][CH]5[O][CH]([CH2][OH])[CH]([O][CH]6[O][CH]([CH2][OH])[CH]([OH])[CH]([OH])[CH]6[N]=[C]([CH3])[OH])[CH]([OH])[CH]5[N]=[C]([CH3])[OH])[CH]([OH])[CH]4[N]=[C]([CH3])[OH])[CH]([OH])[CH]3[N]=[C]([CH3])[OH])[CH]([OH])[CH]2[N]=[C]([CH3])[OH])[CH]1[N]=[C]([CH3])[OH]
9871,[CH3][C]([CH3])=[CH][CH2][CH2][C]([CH3])=[CH][CH2][CH2][C]([CH3])=[CH][CH2][CH2][C]([CH3])=[CH][CH2][CH2][C]([CH3])=[CH][CH2][CH2][C]([CH3])=[CH][CH2][CH2][C]([CH3])=[CH][CH2][CH2][C]([CH3])=[CH][CH2][CH2][C]([CH3])=[CH][CH2][CH2][C]([CH3])=[CH][CH2][CH2][C]([CH3])=[CH][CH2][O][P](=[O])([OH])[O][P](=[O])([OH])[O][CH]1[O][CH]([CH3])[CH]([N]=[C]([CH3])[OH])[CH]([O][CH]2[O][CH]([CH2][OH])[CH]([O][CH]3[O][CH]([CH2][OH])[CH]([O][CH]4[O][CH]([CH2][OH])[CH]([O][CH]5[O][CH]([CH2][OH])[CH]([O][CH]6[O][CH]([CH2][OH])[CH]([OH])[CH]([OH])[CH]6[N]=[C]([CH3])[OH])[CH]([OH])[CH]5[N]=[C]([CH3])[OH])[CH]([O][CH]5[O][CH]([CH2][OH])[CH]([OH])[CH]([OH])[CH]5[OH])[CH]4[N]=[C]([CH3])[OH])[CH]([OH])[CH]3[N]=[C]([CH3])[OH])[CH]([OH])[CH]2[N]=[C]([CH3])[OH])[CH]1[N]=[C]([CH3])[OH]
9872,[CH3][CH]([CH3])[CH2][CH2][CH2][CH2][CH2][CH2][CH2][CH2][CH2][CH2][CH2][C](=[O])[CH]([NH2])[CH2][OH]
9873,[CH3][CH]([CH3])[CH2][CH2][CH2][CH2][CH2][CH2][CH2][CH2][CH2][CH2][CH2][C](=[O])[S][CH2][CH2][N]=[C]([OH])[CH2][CH2][N]=[C]([OH])[CH]([OH])[C]([CH3])([CH3])[CH2][O][P](=[O])([OH])[O][P](=[O])([OH])[O][CH2][CH]1[O][CH]([n]2[cH][n][c]3[c]([NH2])[n][cH][n][c]32)[CH]([OH])[CH]1[O][P](=[O])([OH])[OH]
9874,[CH3][CH]([CH3])[CH2][CH2][CH2][CH2][CH2][CH2][CH2][CH2][CH2][CH2][CH2][CH]([OH])[CH]([NH2])[CH2][OH]
9875,[CH3][CH]([CH3])[CH2][CH2][CH2][CH2][CH2][CH2][CH2][CH2][CH2][CH]=[CH][CH]([OH])[CH]([NH2])[CH2][O][P](=[O])([OH])[OH]
9876,[CH3][CH]([CH3])[CH2][CH2][CH2][CH2][CH2][CH2][CH2][CH2][CH2][CH]=[CH][CH]([OH])[CH]([NH2])[CH2][OH]
9877,[CH3][CH]([CH3])[CH2][CH2][CH2][CH2][CH2][CH2][CH2][CH2][CH2][CH]=[CH][CH]=[O]
9878,[CH3][CH]([CH3])[CH2][CH2][CH2][CH2][CH2][CH2][CH2][CH2][CH2][CH2][CH2][CH]=[O]
9879,[CH3][CH]([CH3])[CH2][CH2][CH2][CH2][CH2][CH2][CH2][CH2][CH2][CH2][CH2][CH]([OH])[CH]([NH2])[CH2][O][P](=[O])([OH])[OH]
9880,[N]#[C][CH2][NH][CH2][C](=[O])[OH]
9881,[N]#[C][CH2][NH][CH2][C]#[N]
9882,[O]=[C]1[CH2][CH2][CH]([C](=[O])[OH])[CH2]1
9883,[N]#[C][CH]1[CH2][CH2][C](=[O])[CH2]1
9884,[O]=[C]([OH])[c]1[cH][cH][cH][s]1
9885,[CH3][O][C](=[O])[CH]([CH2][C](=[O])[OH])[c]1[cH][cH][cH][cH][cH]1
9886,[CH3][O][C](=[O])[CH]([CH2][C]#[N])[c]1[cH][cH][cH][cH][cH]1
9887,[NH2][c]1[n][c]([OH])[n][c]2[c]1[n][cH][n]2[CH]1[CH2][CH]([OH])[CH]([CH2][O][P](=[O])([OH])[O][P](=[O])([OH])[OH])[O]1
9888,[CH3][CH]([CH3])[CH2][CH2][CH2][CH2][CH2][CH2][CH2][CH2][CH2][C](=[O])[CH2][C](=[O])[S][CH2][CH2][N]=[C]([OH])[CH2][CH2][N]=[C]([OH])[CH]([OH])[C]([CH3])([CH3])[CH2][O][P](=[O])([OH])[O][P](=[O])([OH])[O][CH2][CH]1[O][CH]([n]2[cH][n][c]3[c]([NH2])[n][cH][n][c]32)[CH]([OH])[CH]1[O][P](=[O])([OH])[OH]
9889,[CH3][CH]([CH3])[CH2][CH2][CH2][CH2][CH2][CH2][CH2][CH2][CH2][C](=[O])[S][CH2][CH2][N]=[C]([OH])[CH2][CH2][N]=[C]([OH])[CH]([OH])[C]([CH3])([CH3])[CH2][O][P](=[O])([OH])[O][P](=[O])([OH])[O][CH2][CH]1[O][CH]([n]2[cH][n][c]3[c]([NH2])[n][cH][n][c]32)[CH]([OH])[CH]1[O][P](=[O])([OH])[OH]
9890,[CH3][CH]([CH3])[CH2][CH2][CH2][CH2][CH2][CH2][CH2][CH2][CH2][CH]([OH])[CH2][C](=[O])[S][CH2][CH2][N]=[C]([OH])[CH2][CH2][N]=[C]([OH])[CH]([OH])[C]([CH3])([CH3])[CH2][O][P](=[O])([OH])[O][P](=[O])([OH])[O][CH2][CH]1[O][CH]([n]2[cH][n][c]3[c]([NH2])[n][cH][n][c]32)[CH]([OH])[CH]1[O][P](=[O])([OH])[OH]
9891,[CH3][CH]([CH3])[CH2][CH2][CH2][CH2][CH2][CH2][CH2][CH2][CH2][CH2][CH2][CH]([OH])[CH2][C](=[O])[S][CH2][CH2][N]=[C]([OH])[CH2][CH2][N]=[C]([OH])[CH]([OH])[C]([CH3])([CH3])[CH2][O][P](=[O])([OH])[O][P](=[O])([OH])[O][CH2][CH]1[O][CH]([n]2[cH][n][c]3[c]([NH2])[n][cH][n][c]32)[CH]([OH])[CH]1[O][P](=[O])([OH])[OH]
9892,[CH3][CH]([CH3])[CH2][CH2][CH2][CH2][CH2][CH2][CH2][CH2][CH2][CH2][CH2][C](=[O])[CH2][C](=[O])[S][CH2][CH2][N]=[C]([OH])[CH2][CH2][N]=[C]([OH])[CH]([OH])[C]([CH3])([CH3])[CH2][O][P](=[O])([OH])[O][P](=[O])([OH])[O][CH2][CH]1[O][CH]([n]2[cH][n][c]3[c]([NH2])[n][cH][n][c]32)[CH]([OH])[CH]1[O][P](=[O])([OH])[OH]
9893,[CH3][CH]([CH3])[CH2][CH2][CH2][CH2][CH2][CH2][CH2][CH2][CH2][CH]=[CH][C](=[O])[S][CH2][CH2][N]=[C]([OH])[CH2][CH2][N]=[C]([OH])[CH]([OH])[C]([CH3])([CH3])[CH2][O][P](=[O])([OH])[O][P](=[O])([OH])[O][CH2][CH]1[O][CH]([n]2[cH][n][c]3[c]([NH2])[n][cH][n][c]32)[CH]([OH])[CH]1[O][P](=[O])([OH])[OH]
9894,[CH3][CH]([CH3])[CH2][CH2][CH2][CH2][CH2][CH2][CH2][CH2][CH2][CH2][CH2][CH]=[CH][C](=[O])[S][CH2][CH2][N]=[C]([OH])[CH2][CH2][N]=[C]([OH])[CH]([OH])[C]([CH3])([CH3])[CH2][O][P](=[O])([OH])[O][P](=[O])([OH])[O][CH2][CH]1[O][CH]([n]2[cH][n][c]3[c]([NH2])[n][cH][n][c]32)[CH]([OH])[CH]1[O][P](=[O])([OH])[OH]
9895,[CH3][CH]([CH3])[CH2][CH2][CH2][CH2][CH2][CH2][CH2][CH2][CH2][CH2][CH2][CH2][CH2][C](=[O])[S][CH2][CH2][N]=[C]([OH])[CH2][CH2][N]=[C]([OH])[CH]([OH])[C]([CH3])([CH3])[CH2][O][P](=[O])([OH])[O][P](=[O])([OH])[O][CH2][CH]1[O][CH]([n]2[cH][n][c]3[c]([NH2])[n][cH][n][c]32)[CH]([OH])[CH]1[O][P](=[O])([OH])[OH]
9896,[CH3][CH]([CH3])[CH2][CH2][CH2][CH]([CH3])[CH]1[CH2][CH2][CH]2[C]3=[CH][CH2][CH]4[CH2][C](=[O])[CH2][CH2][C]4([CH3])[CH]3[CH2][CH2][C]21[CH3]
9897,[CH3][CH]([CH2][CH2][CH2][CH]([CH3])[CH]1[CH2][CH2][CH]2[C]3=[CH][CH2][CH]4[CH2][C](=[O])[CH2][CH2][C]4([CH3])[CH]3[CH2][CH2][C]21[CH3])[C](=[O])[OH]
9898,[CH3][CH2][CH]=[CH][CH2][CH]=[CH][CH2][CH]=[CH][CH2][CH]=[CH][CH2][CH]=[CH][CH2][CH2][CH2][C]([OH])=[N][CH2][CH2][OH]
9899,[CH3][CH2][CH2][CH2][CH2][CH2][CH]=[CH][CH2][CH2][CH2][CH2][CH2][CH2][CH2][C]([OH])=[N][CH2][CH2][OH]
9900,[NH]=[c]1[n][c]([OH])[c]2[n][cH][n]([CH]3[O][CH]4[CH2][O][P](=[O])([OH])[O][CH]5[CH]([CH2][O][P](=[O])([OH])[O][CH]4[CH]3[OH])[O][CH]([n]3[cH][n][c]4[c]([NH2])[n][cH][n][c]43)[CH]5[OH])[c]2[nH]1
9901,[CH3][CH2][CH2][CH2][CH2][CH2][CH2][CH2][CH2][CH2][CH2][CH2][CH2][C](=[O])[CH]([NH2])[CH2][OH]
9902,[CH3][CH2][CH2][CH2][CH2][CH2][CH2][CH2][CH2][CH2][CH2][C](=[O])[CH]([NH2])[CH2][OH]
9903,[CH3][CH2][CH2][CH2][CH2][CH2][CH2][CH2][CH2][CH2][CH2][CH2][CH2][CH]([OH])[CH]([NH2])[CH2][OH]
9904,[CH3][CH2][CH2][CH2][CH2][CH2][CH2][CH2][CH2][CH2][CH2][CH]([OH])[CH]([NH2])[CH2][OH]
9905,[CH3][CH2][CH2][CH2][CH2][CH2][CH2][CH2][CH2][CH2][CH2][C](=[O])[O][CH2][CH]([OH])[CH2][O][P](=[O])([OH])[OH]
9906,[CH3][CH2][CH2][CH2][CH2][CH2][CH2][CH2][CH2][CH2][CH2][CH2][CH2][CH2][CH2][C](=[O])[O][CH]([CH2][O][C](=[O])[CH2][CH2][CH2][CH2][CH2][CH2][CH2][CH2][CH2][CH2][CH2][CH2][CH3])[CH2][O][P](=[O])([OH])[O][CH2][CH]([OH])[CH2][OH]
9907,[CH3][CH2][CH2][CH2][CH2][CH2][CH2][CH2][CH2][CH2][CH2][CH2][CH2][C](=[O])[O][CH2][CH]([OH])[CH2][O][P](=[O])([OH])[O][CH2][CH]([OH])[CH2][OH]
9908,[CH3][CH2][CH2][CH2][CH2][CH2][CH2][CH2][CH2][CH2][CH2][CH2][CH2][CH2][CH2][CH2][CH2][C](=[O])[O][CH2][CH]([CH2][O][P](=[O])([OH])[O][CH2][CH]([OH])[CH2][OH])[O][C](=[O])[CH2][CH2][CH2][CH2][CH2][CH2][CH2][CH2][CH2][CH2][CH2][CH2][CH2][CH2][CH3]
9909,[CH3][CH2][CH2][CH2][CH2][CH2][CH2][CH2][CH]=[CH][CH2][CH2][CH2][CH2][CH2][CH2][CH2][C](=[O])[O][CH2][CH]([OH])[CH2][O][P](=[O])([OH])[O][CH2][CH]([OH])[CH2][OH]
9910,[CH3][CH2][CH2][CH2][CH2][CH]=[CH][CH2][CH]=[CH][CH2][CH]=[CH][CH2][CH]=[CH][CH2][CH2][CH2][C](=[O])[O][CH]([CH2][O][C](=[O])[CH2][CH2][CH2][CH2][CH2][CH2][CH2][CH2][CH2][CH2][CH2][CH2][CH2][CH2][CH3])[CH2][O][P](=[O])([OH])[O][CH]1[CH]([OH])[CH]([OH])[CH]([OH])[CH]([OH])[CH]1[OH]
9911,[CH3][CH2][CH2][CH2][CH2][CH2][CH2][CH2][CH2][CH2][CH2][CH2][CH2][CH2][CH2][C](=[O])[O][CH2][CH]([OH])[CH2][O][P](=[O])([OH])[O][CH]1[CH]([OH])[CH]([OH])[CH]([OH])[CH]([OH])[CH]1[OH]
9912,[CH3][CH2][CH2][CH2][CH2][CH2][CH2][CH2][CH2][CH2][CH2][CH2][CH2][CH2][CH2][C](=[O])[O][CH2][CH]([CH2][O][P](=[O])([OH])[O][CH]1[CH]([OH])[CH]([OH])[CH]([OH])[CH]([OH])[CH]1[OH])[O][C](=[O])[CH2][CH2][CH2][CH2][CH2][CH2][CH2][CH2][CH2][CH2][CH2][CH2][CH2][CH2][CH3]
9913,[CH3][CH2][CH2][CH2][CH2][CH2][CH2][CH2][CH2][CH2][CH2][CH2][CH2][CH2][CH2][CH2][CH2][C](=[O])[O][CH]([CH2][O][C](=[O])[CH2][CH2][CH2][CH2][CH2][CH2][CH2][CH2][CH2][CH2][CH2][CH2][CH2][CH2][CH3])[CH2][O][P](=[O])([OH])[O][CH]1[CH]([OH])[CH]([OH])[CH]([OH])[CH]([OH])[CH]1[OH]
9914,[CH3][CH2][CH2][CH2][CH2][CH2][CH2][CH2][CH]=[CH][CH2][CH2][CH2][CH2][CH2][CH2][CH2][C](=[O])[O][CH]([CH2][O][C](=[O])[CH2][CH2][CH2][CH2][CH2][CH2][CH2][CH2][CH2][CH2][CH2][CH2][CH2][CH2][CH3])[CH2][O][P](=[O])([OH])[O][CH]1[CH]([OH])[CH]([OH])[CH]([OH])[CH]([OH])[CH]1[OH]
9915,[CH3][CH2][CH2][CH2][CH2][CH]=[CH][CH2][CH]=[CH][CH2][CH2][CH2][CH2][CH2][CH2][CH2][C](=[O])[O][CH]([CH2][O][C](=[O])[CH2][CH2][CH2][CH2][CH2][CH2][CH2][CH2][CH2][CH2][CH2][CH2][CH2][CH2][CH3])[CH2][O][P](=[O])([OH])[O][CH]1[CH]([OH])[CH]([OH])[CH]([OH])[CH]([OH])[CH]1[OH]
9916,[CH3][CH2][CH2][CH2][CH2][CH2][CH2][CH2][CH2][CH2][CH2][CH2][CH2][CH2][CH2][CH2][CH2][C](=[O])[O][CH]([CH2][O][C](=[O])[CH2][CH2][CH2][CH2][CH2][CH2][CH2][CH2][CH2][CH2][CH2][CH2][CH2][CH2][CH3])[CH2][O][P](=[O])([OH])[O][CH2][CH]([OH])[CH2][OH]
9917,[CH3][CH2][CH2][CH2][CH2][CH2][CH2][CH2][CH]=[CH][CH2][CH2][CH2][CH2][CH2][CH2][CH2][C](=[O])[O][CH]([CH2][O][C](=[O])[CH2][CH2][CH2][CH2][CH2][CH2][CH2][CH2][CH2][CH2][CH2][CH2][CH2][CH2][CH3])[CH2][O][P](=[O])([OH])[O][CH2][CH]([OH])[CH2][OH]
9918,[CH3][CH2][CH2][CH2][CH2][CH]=[CH][CH2][CH]=[CH][CH2][CH2][CH2][CH2][CH2][CH2][CH2][C](=[O])[O][CH]([CH2][O][C](=[O])[CH2][CH2][CH2][CH2][CH2][CH2][CH2][CH2][CH2][CH2][CH2][CH2][CH2][CH2][CH3])[CH2][O][P](=[O])([OH])[O][CH2][CH]([OH])[CH2][OH]
9919,[CH3][CH2][CH2][CH2][CH2][CH2][CH2][CH2][CH2][CH2][CH2][CH2][CH2][CH2][CH2][CH2][CH2][C](=[O])[O][CH]([CH2][O][C](=[O])[CH2][CH2][CH2][CH2][CH2][CH2][CH2][CH2][CH2][CH2][CH2][CH2][CH2][CH2][CH3])[CH2][O][P](=[O])([OH])[OH]
9920,[CH3][CH2][CH2][CH2][CH2][CH]=[CH][CH2][CH]=[CH][CH2][CH2][CH2][CH2][CH2][CH2][CH2][C](=[O])[O][CH]([CH2][O][C](=[O])[CH2][CH2][CH2][CH2][CH2][CH2][CH2][CH2][CH2][CH2][CH2][CH2][CH2][CH2][CH3])[CH2][O][P](=[O])([OH])[OH]
9921,[CH3][CH2][CH2][CH2][CH2][CH]=[CH][CH2][CH]=[CH][CH2][CH]=[CH][CH2][CH]=[CH][CH2][CH2][CH2][C](=[O])[O][CH]([CH2][O][C](=[O])[CH2][CH2][CH2][CH2][CH2][CH2][CH2][CH2][CH2][CH2][CH2][CH2][CH2][CH2][CH3])[CH2][O][P](=[O])([OH])[OH]
9922,[NH2][CH]1[CH2][CH]([NH2])[CH]([O][CH]2[O][CH]([CH2][OH])[CH]([OH])[CH]([OH])[CH]2[OH])[CH]([OH])[CH]1[O][CH]1[O][CH]([CH2][OH])[CH]([OH])[CH]([OH])[CH]1[OH]
9923,[CH3][CH2][CH2][CH2][CH2][CH2][CH2][CH2][CH2][CH2][CH2][CH2][CH2][CH2][CH2][CH2][CH2][C](=[O])[O][CH]([CH2][O][C](=[O])[CH2][CH2][CH2][CH2][CH2][CH2][CH2][CH2][CH2][CH2][CH2][CH2][CH2][CH2][CH3])[CH2][O][P](=[O])([OH])[O][CH2][CH2][N+]([CH3])([CH3])[CH3]
9924,[CH3][CH2][CH2][CH2][CH2][CH]=[CH][CH2][CH]=[CH][CH2][CH]=[CH][CH2][CH]=[CH][CH2][CH2][CH2][C](=[O])[O][CH]([CH2][O][C](=[O])[CH2][CH2][CH2][CH2][CH2][CH2][CH2][CH2][CH2][CH2][CH2][CH2][CH2][CH2][CH3])[CH2][O][P](=[O])([OH])[O][CH2][CH2][N+]([CH3])([CH3])[CH3]
9925,[CH3][CH2][CH2][CH2][CH2][CH2][CH2][CH2][CH2][CH2][CH2][CH2][CH2][CH2][CH2][CH2][CH2][C](=[O])[O][CH]([CH2][O][C](=[O])[CH2][CH2][CH2][CH2][CH2][CH2][CH2][CH2][CH2][CH2][CH2][CH2][CH2][CH2][CH3])[CH2][O][P](=[O])([OH])[O][CH2][CH2][NH2]
9926,[CH3][CH2][CH2][CH2][CH2][CH2][CH2][CH2][CH]=[CH][CH2][CH2][CH2][CH2][CH2][CH2][CH2][C](=[O])[O][CH]([CH2][O][C](=[O])[CH2][CH2][CH2][CH2][CH2][CH2][CH2][CH2][CH2][CH2][CH2][CH2][CH2][CH2][CH3])[CH2][O][P](=[O])([OH])[O][CH2][CH2][NH2]
9927,[CH3][CH2][CH2][CH2][CH2][CH]=[CH][CH2][CH]=[CH][CH2][CH2][CH2][CH2][CH2][CH2][CH2][C](=[O])[O][CH]([CH2][O][C](=[O])[CH2][CH2][CH2][CH2][CH2][CH2][CH2][CH2][CH2][CH2][CH2][CH2][CH2][CH2][CH3])[CH2][O][P](=[O])([OH])[O][CH2][CH2][NH2]
9928,[CH3][CH2][CH2][CH2][CH2][CH]=[CH][CH2][CH]=[CH][CH2][CH]=[CH][CH2][CH]=[CH][CH2][CH2][CH2][C](=[O])[O][CH]([CH2][O][C](=[O])[CH2][CH2][CH2][CH2][CH2][CH2][CH2][CH2][CH2][CH2][CH2][CH2][CH2][CH2][CH3])[CH2][O][P](=[O])([OH])[O][CH2][CH2][NH2]
9929,[CH3][CH2][CH2][CH2][CH2][CH2][CH2][CH2][CH2][CH2][CH2][CH2][CH2][CH2][CH2][CH2][O][CH2][CH]([OH])[CH2][OH]
9930,[CH3][CH2][CH2][CH2][CH2][CH2][CH2][CH2][CH2][CH2][CH2][CH2][CH2][CH2][CH2][CH2][O][CH2][CH]([OH])[CH2][O][P](=[O])([OH])[O][CH2][CH2][N+]([CH3])([CH3])[CH3]
9931,[CH2]=[C]1[CH2][C]23[CH2][CH]1[CH2][CH2][CH]2[C]12[CH2][CH2][CH]([OH])[C]([CH3])([C](=[O])[O]1)[CH]2[CH]3[C](=[O])[O][CH3]
9932,[CH2]=[C]1[CH2][C]23[CH2][C]1([OH])[CH2][CH2][CH]2[C]12[CH2][CH2][CH]([OH])[C]([CH3])([C](=[O])[O]1)[CH]2[CH]3[C](=[O])[O][CH3]
9933,[CH2]=[C]1[CH2][C]23[CH2][C]1([OH])[CH2][CH2][CH]2[C]12[CH]=[CH][CH]([OH])[C]([CH3])([C](=[O])[O]1)[CH]2[CH]3[C](=[O])[O][CH3]
9934,[CH2]=[C]1[CH2][C]23[CH2][CH]1[CH2][CH2][CH]2[C]12[CH2][CH2][CH2][C]([CH3])([C](=[O])[O]1)[CH]2[CH]3[C](=[O])[O][CH3]
9935,[CH2]=[C]1[CH2][C]23[CH2][C]1([OH])[CH2][CH2][CH]2[C]12[CH2][CH2][CH2][C]([CH3])([C](=[O])[O]1)[CH]2[CH]3[C](=[O])[O][CH3]
9936,[CH2]=[C]1[CH2][C]23[CH2][CH]1[CH2][CH2][CH]2[C]12[CH2][CH]([OH])[CH]([OH])[C]([CH3])([C](=[O])[O]1)[CH]2[CH]3[C](=[O])[O][CH3]
9937,[CH3][CH2][CH2][CH2][CH2][CH2][CH2][CH2][CH]=[CH][CH2][CH2][CH2][CH2][CH2][CH2][CH2][CH2][OH]
9938,[CH3][CH2][CH2][CH2][CH2][CH]=[CH][CH2][CH]=[CH][CH2][CH2][CH2][CH2][CH2][CH2][CH2][CH2][OH]
9939,[O]=[C]1[CH2][CH2][CH]([C](=[O])[OH])[O]1
9940,[CH3][CH2][CH2][CH2][CH2][CH2][CH2][CH2][CH2][CH2][CH2][CH2][CH2][CH2][CH2][CH2][CH2][CH2][CH2][CH2][CH2][CH2][CH2][CH2][CH2][C](=[O])[CH2][C](=[O])[S][CH2][CH2][N]=[C]([OH])[CH2][CH2][N]=[C]([OH])[CH]([OH])[C]([CH3])([CH3])[CH2][O][P](=[O])([OH])[O][P](=[O])([OH])[O][CH2][CH]1[O][CH]([n]2[cH][n][c]3[c]([NH2])[n][cH][n][c]32)[CH]([OH])[CH]1[O][P](=[O])([OH])[OH]
9941,[CH3][CH2][CH2][CH2][CH2][CH2][CH2][CH2][CH]=[CH][CH2][CH2][CH2][CH2][CH2][CH2][CH2][CH2][CH2][C](=[O])[CH2][C](=[O])[S][CH2][CH2][N]=[C]([OH])[CH2][CH2][N]=[C]([OH])[CH]([OH])[C]([CH3])([CH3])[CH2][O][P](=[O])([OH])[O][P](=[O])([OH])[O][CH2][CH]1[O][CH]([n]2[cH][n][c]3[c]([NH2])[n][cH][n][c]32)[CH]([OH])[CH]1[O][P](=[O])([OH])[OH]
9942,[CH3][CH2][CH2][CH2][CH2][CH2][CH2][CH2][CH]=[CH][CH2][CH2][CH2][CH2][CH2][CH2][CH2][CH2][CH2][CH2][CH2][C](=[O])[CH2][C](=[O])[S][CH2][CH2][N]=[C]([OH])[CH2][CH2][N]=[C]([OH])[CH]([OH])[C]([CH3])([CH3])[CH2][O][P](=[O])([OH])[O][P](=[O])([OH])[O][CH2][CH]1[O][CH]([n]2[cH][n][c]3[c]([NH2])[n][cH][n][c]32)[CH]([OH])[CH]1[O][P](=[O])([OH])[OH]
9943,[CH3][CH2][CH2][CH2][CH2][CH2][CH2][CH2][CH]=[CH][CH2][CH2][CH2][CH2][CH2][CH2][CH2][CH2][CH2][CH2][CH2][C](=[O])[S][CH2][CH2][N]=[C]([OH])[CH2][CH2][N]=[C]([OH])[CH]([OH])[C]([CH3])([CH3])[CH2][O][P](=[O])([OH])[O][P](=[O])([OH])[O][CH2][CH]1[O][CH]([n]2[cH][n][c]3[c]([NH2])[n][cH][n][c]32)[CH]([OH])[CH]1[O][P](=[O])([OH])[OH]
9944,[CH3][CH2][CH2][CH2][CH2][CH2][CH2][CH2][CH2][CH2][CH2][CH2][CH2][CH2][CH2][CH2][CH2][CH2][CH2][CH2][CH2][C]([OH])=[N][CH]([CH2][OH])[CH]([OH])[CH2][CH2][CH2][CH2][CH2][CH2][CH2][CH2][CH2][CH2][CH2][CH2][CH2][CH2][CH3]
9945,[CH3][CH2][CH2][CH2][CH2][CH2][CH2][CH2][CH2][CH2][CH2][CH2][CH2][CH2][CH2][C]([OH])=[N][CH]([CH2][OH])[CH]([OH])[CH2][CH2][CH2][CH2][CH2][CH2][CH2][CH2][CH2][CH2][CH2][CH2][CH2][CH2][CH3]
9946,[CH3][CH2][CH2][CH2][CH2][CH2][CH2][CH2][CH2][CH2][CH2][CH2][CH2][CH2][CH2][CH2][CH2][C]([OH])=[N][CH]([CH2][OH])[CH]([OH])[CH2][CH2][CH2][CH2][CH2][CH2][CH2][CH2][CH2][CH2][CH2][CH2][CH2][CH2][CH3]
9947,[CH3][CH2][CH2][CH2][CH2][CH2][CH2][CH2][CH2][CH2][CH2][CH2][CH2][CH2][CH2][CH2][CH2][CH2][CH2][C]([OH])=[N][CH]([CH2][OH])[CH]([OH])[CH2][CH2][CH2][CH2][CH2][CH2][CH2][CH2][CH2][CH2][CH2][CH2][CH2][CH2][CH3]
9948,[CH3][CH2][CH2][CH2][CH2][CH2][CH2][CH2][CH2][CH2][CH2][CH2][CH2][CH2][CH2][CH]([OH])[CH]([CH2][OH])[N]=[C]([OH])[CH2][CH2][CH2][CH2][CH2][CH2][CH2][CH2][CH2][CH2][CH2][CH2][CH3]
9949,[CH3][CH2][CH2][CH2][CH2][CH2][CH2][CH2][CH]=[CH][CH2][CH2][CH2][CH2][CH2][CH2][CH2][C]([OH])=[N][CH]([CH2][OH])[CH]([OH])[CH2][CH2][CH2][CH2][CH2][CH2][CH2][CH2][CH2][CH2][CH2][CH2][CH2][CH2][CH3]
9950,[CH3][CH2][CH2][CH2][CH2][CH2][CH2][CH2][CH2][CH2][CH2][CH2][CH2][CH2][CH2][CH2][CH]([OH])[C](=[O])[S][CH2][CH2][N]=[C]([OH])[CH2][CH2][N]=[C]([OH])[CH]([OH])[C]([CH3])([CH3])[CH2][O][P](=[O])([OH])[O][P](=[O])([OH])[O][CH2][CH]1[O][CH]([n]2[cH][n][c]3[c]([NH2])[n][cH][n][c]32)[CH]([OH])[CH]1[O][P](=[O])([OH])[OH]
9951,[CH3][CH2][CH2][CH2][CH2][CH2][CH2][CH2][CH2][CH2][CH2][CH2][CH2][CH2][CH2][CH2][CH]([OH])[C]([OH])=[N][CH]([CH2][OH])[CH]([OH])[CH2][CH2][CH2][CH2][CH2][CH2][CH2][CH2][CH2][CH2][CH2][CH2][CH2][CH2][CH3]
9952,[CH3][CH2][CH2][CH2][CH2][CH2][CH2][CH2][CH2][CH2][CH2][CH2][CH2][CH2][CH2][CH2][CH2][CH2][CH2][CH2][CH]([OH])[C](=[O])[S][CH2][CH2][N]=[C]([OH])[CH2][CH2][N]=[C]([OH])[CH]([OH])[C]([CH3])([CH3])[CH2][O][P](=[O])([OH])[O][P](=[O])([OH])[O][CH2][CH]1[O][CH]([n]2[cH][n][c]3[c]([NH2])[n][cH][n][c]32)[CH]([OH])[CH]1[O][P](=[O])([OH])[OH]
9953,[CH3][CH2][CH2][CH2][CH2][CH2][CH2][CH2][CH2][CH2][CH2][CH2][CH2][CH2][CH2][CH2][CH2][CH2][CH2][CH2][CH]([OH])[C]([OH])=[N][CH]([CH2][OH])[CH]([OH])[CH2][CH2][CH2][CH2][CH2][CH2][CH2][CH2][CH2][CH2][CH2][CH2][CH2][CH2][CH3]
9954,[CH3][CH2][CH2][CH2][CH2][CH2][CH2][CH2][CH2][CH2][CH2][CH2][CH2][CH2][CH2][CH2][CH2][CH2][CH2][CH2][CH2][CH2][CH]([OH])[C](=[O])[S][CH2][CH2][N]=[C]([OH])[CH2][CH2][N]=[C]([OH])[CH]([OH])[C]([CH3])([CH3])[CH2][O][P](=[O])([OH])[O][P](=[O])([OH])[O][CH2][CH]1[O][CH]([n]2[cH][n][c]3[c]([NH2])[n][cH][n][c]32)[CH]([OH])[CH]1[O][P](=[O])([OH])[OH]
9955,[CH3][CH2][CH2][CH2][CH2][CH2][CH2][CH2][CH2][CH2][CH2][CH2][CH2][CH2][CH]([OH])[C](=[O])[S][CH2][CH2][N]=[C]([OH])[CH2][CH2][N]=[C]([OH])[CH]([OH])[C]([CH3])([CH3])[CH2][O][P](=[O])([OH])[O][P](=[O])([OH])[O][CH2][CH]1[O][CH]([n]2[cH][n][c]3[c]([NH2])[n][cH][n][c]32)[CH]([OH])[CH]1[O][P](=[O])([OH])[OH]
9956,[CH3][CH2][CH2][CH2][CH2][CH2][CH2][CH2][CH2][CH2][CH2][CH2][CH2][CH2][CH2][CH]([OH])[CH]([CH2][OH])[N]=[C]([OH])[CH]([OH])[CH2][CH2][CH2][CH2][CH2][CH2][CH2][CH2][CH2][CH2][CH2][CH2][CH2][CH3]
9957,[CH3][CH2][CH2][CH2][CH2][CH2][CH2][CH2][CH]=[CH][CH2][CH2][CH2][CH2][CH2][CH2][CH2][CH2][CH2][CH2][CH2][CH2][CH2][C]([OH])=[N][CH]([CH2][OH])[CH]([OH])[CH2][CH2][CH2][CH2][CH2][CH2][CH2][CH2][CH2][CH2][CH2][CH2][CH2][CH2][CH3]
9958,[CH3][CH2][CH2][CH2][CH2][CH2][CH2][CH2][CH]=[CH][CH2][CH2][CH2][CH2][CH2][CH2][CH2][CH2][CH2][CH2][CH2][CH2][CH2][CH2][CH2][C](=[O])[S][CH2][CH2][N]=[C]([OH])[CH2][CH2][N]=[C]([OH])[CH]([OH])[C]([CH3])([CH3])[CH2][O][P](=[O])([OH])[O][P](=[O])([OH])[O][CH2][CH]1[O][CH]([n]2[cH][n][c]3[c]([NH2])[n][cH][n][c]32)[CH]([OH])[CH]1[O][P](=[O])([OH])[OH]
9959,[CH3][CH2][CH2][CH2][CH2][CH2][CH2][CH2][CH]=[CH][CH2][CH2][CH2][CH2][CH2][CH2][CH2][CH2][CH2][CH2][CH2][CH2][CH2][CH2][CH2][C]([OH])=[N][CH]([CH2][OH])[CH]([OH])[CH2][CH2][CH2][CH2][CH2][CH2][CH2][CH2][CH2][CH2][CH2][CH2][CH2][CH2][CH3]
9960,[CH3][CH2][CH2][CH2][CH2][CH2][CH2][CH2][CH2][CH2][CH2][CH2][CH2][CH2][CH2][CH2][CH2][CH2][CH2][CH2][CH2][CH2][CH2][CH2][CH2][CH2][CH2][C](=[O])[S][CH2][CH2][N]=[C]([OH])[CH2][CH2][N]=[C]([OH])[CH]([OH])[C]([CH3])([CH3])[CH2][O][P](=[O])([OH])[O][P](=[O])([OH])[O][CH2][CH]1[O][CH]([n]2[cH][n][c]3[c]([NH2])[n][cH][n][c]32)[CH]([OH])[CH]1[O][P](=[O])([OH])[OH]
9961,[CH3][CH2][CH2][CH2][CH2][CH2][CH2][CH2][CH2][CH2][CH2][CH2][CH2][CH2][CH2][CH2][CH2][CH2][CH2][CH2][CH2][CH2][CH2][CH2][CH2][CH2][CH2][C]([OH])=[N][CH]([CH2][OH])[CH]([OH])[CH2][CH2][CH2][CH2][CH2][CH2][CH2][CH2][CH2][CH2][CH2][CH2][CH2][CH2][CH3]
9962,[CH3][CH2][CH2][CH2][CH2][CH2][CH2][CH2][CH2][CH2][CH2][CH2][CH2][CH]=[CH][CH]([OH])[CH]([CH2][OH])[N]=[C]([OH])[CH2][CH2][CH2][CH2][CH2][CH2][CH2][CH2][CH2][CH2][CH2][CH2][CH2][CH2][CH3]
9963,[CH3][CH2][CH2][CH2][CH2][CH2][CH2][CH2][CH2][CH2][CH2][CH2][CH2][CH]=[CH][CH]([OH])[CH]([CH2][OH])[N]=[C]([OH])[CH2][CH2][CH2][CH2][CH2][CH2][CH2][CH2][CH2][CH2][CH2][CH2][CH2][CH2][CH2][CH2][CH3]
9964,[O]=[N+]([O-])[C]1=[CH][CH2][CH2][CH2][CH2]1
9965,[O]=[N+]([O-])[CH]1[CH2][CH2][CH2][CH2][CH2]1
9966,[CH3][CH2][CH2][CH2][CH2][CH2][CH2][CH2][CH2][CH2][CH2][CH2][CH]=[CH][CH]([OH])[CH]([NH2])[CH2][OH]
9967,[CH3][CH2][CH2][CH2][CH2][CH2][CH2][CH2][CH2][CH2][CH2][CH2][CH]=[CH][CH]([OH])[CH]([CH2][OH])[N]=[C]([OH])[CH2][CH2][CH2][CH2][CH2][CH2][CH2][CH2][CH2][CH2][CH2][CH2][CH2][CH2][CH2][CH2][CH2][CH2][CH2][CH2][CH2][CH2][CH3]
9968,[CH3][CH2][CH2][CH2][CH2][CH2][CH2][CH2][CH2][CH2][CH2][CH2][CH2][CH2][CH2][CH2][CH2][CH2][CH2][CH2][CH2][CH2][CH2][CH2][CH2][CH2][CH2][C](=[O])[CH2][C](=[O])[S][CH2][CH2][N]=[C]([OH])[CH2][CH2][N]=[C]([OH])[CH]([OH])[C]([CH3])([CH3])[CH2][O][P](=[O])([OH])[O][P](=[O])([OH])[O][CH2][CH]1[O][CH]([n]2[cH][n][c]3[c]([NH2])[n][cH][n][c]32)[CH]([OH])[CH]1[O][P](=[O])([OH])[OH]
9969,[CH3][CH2][CH]=[CH][CH2][CH]=[CH][CH2][CH]=[CH][CH2][CH]=[CH][CH2][CH]=[CH][CH2][CH2][CH2][CH2][CH2][CH2][CH2][CH2][CH2][C](=[O])[CH2][C](=[O])[S][CH2][CH2][N]=[C]([OH])[CH2][CH2][N]=[C]([OH])[CH]([OH])[C]([CH3])([CH3])[CH2][O][P](=[O])([OH])[O][P](=[O])([OH])[O][CH2][CH]1[O][CH]([n]2[cH][n][c]3[c]([NH2])[n][cH][n][c]32)[CH]([OH])[CH]1[O][P](=[O])([OH])[OH]
9970,[CH3][CH2][CH]=[CH][CH2][CH]=[CH][CH2][CH]=[CH][CH2][CH]=[CH][CH2][CH]=[CH][CH2][CH2][CH2][CH2][CH2][CH2][CH2][CH2][CH2][C](=[O])[S][CH2][CH2][N]=[C]([OH])[CH2][CH2][N]=[C]([OH])[CH]([OH])[C]([CH3])([CH3])[CH2][O][P](=[O])([OH])[O][P](=[O])([OH])[O][CH2][CH]1[O][CH]([n]2[cH][n][c]3[c]([NH2])[n][cH][n][c]32)[CH]([OH])[CH]1[O][P](=[O])([OH])[OH]
9971,[CH3][CH2][CH2][CH2][CH2][CH]=[CH][CH2][CH]=[CH][CH2][CH]=[CH][CH2][CH]=[CH][CH2][CH2][CH2][C](=[O])[O][CH]([CH2][O][C](=[O])[CH2][CH2][CH2][CH2][CH2][CH2][CH2][CH2][CH2][CH2][CH2][CH2][CH2][CH2][CH2][CH2][CH3])[CH2][O][P](=[O])([OH])[O][CH]1[CH]([OH])[CH]([OH])[CH]([OH])[CH]([OH])[CH]1[OH]
9972,[CH3][CH2][CH2][CH2][CH2][CH2][CH2][CH2][CH2][CH2][CH2][CH2][CH2][CH2][CH2][CH2][CH2][C](=[O])[O][CH2][CH]([OH])[CH2][O][P](=[O])([OH])[O][CH]1[CH]([OH])[CH]([OH])[CH]([OH])[CH]([OH])[CH]1[OH]
9973,[CH3][CH2][CH]=[CH][CH2][CH]=[CH][CH2][CH]=[CH][CH2][CH]=[CH][CH2][CH]=[CH][CH2][CH2][CH2][C](=[O])[O][CH]([CH2][O][C](=[O])[CH2][CH2][CH2][CH2][CH2][CH2][CH2][CH2][CH2][CH2][CH2][CH2][CH2][CH2][CH2][CH2][CH3])[CH2][O][P](=[O])([OH])[O][CH]1[CH]([OH])[CH]([OH])[CH]([OH])[CH]([OH])[CH]1[OH]
9974,[CH3][CH2][CH]=[CH][CH2][CH]=[CH][CH2][CH]=[CH][CH2][CH]=[CH][CH2][CH]=[CH][CH2][CH2][CH2][CH2][CH2][CH2][CH2][CH2][CH2][CH2][CH2][C](=[O])[CH2][C](=[O])[S][CH2][CH2][N]=[C]([OH])[CH2][CH2][N]=[C]([OH])[CH]([OH])[C]([CH3])([CH3])[CH2][O][P](=[O])([OH])[O][P](=[O])([OH])[O][CH2][CH]1[O][CH]([n]2[cH][n][c]3[c]([NH2])[n][cH][n][c]32)[CH]([OH])[CH]1[O][P](=[O])([OH])[OH]
9975,[CH3][CH2][CH]=[CH][CH2][CH]=[CH][CH2][CH]=[CH][CH2][CH]=[CH][CH2][CH]=[CH][CH2][CH2][CH2][CH2][CH2][CH2][CH2][CH2][CH2][CH2][CH2][C](=[O])[S][CH2][CH2][N]=[C]([OH])[CH2][CH2][N]=[C]([OH])[CH]([OH])[C]([CH3])([CH3])[CH2][O][P](=[O])([OH])[O][P](=[O])([OH])[O][CH2][CH]1[O][CH]([n]2[cH][n][c]3[c]([NH2])[n][cH][n][c]32)[CH]([OH])[CH]1[O][P](=[O])([OH])[OH]
9976,[CH3][CH2][CH]=[CH][CH2][CH]=[CH][CH2][CH]=[CH][CH2][CH]=[CH][CH2][CH]=[CH][CH2][CH2][CH2][CH2][CH2][CH2][CH2][CH2][CH2][CH2][CH2][CH2][CH2][C](=[O])[CH2][C](=[O])[S][CH2][CH2][N]=[C]([OH])[CH2][CH2][N]=[C]([OH])[CH]([OH])[C]([CH3])([CH3])[CH2][O][P](=[O])([OH])[O][P](=[O])([OH])[O][CH2][CH]1[O][CH]([n]2[cH][n][c]3[c]([NH2])[n][cH][n][c]32)[CH]([OH])[CH]1[O][P](=[O])([OH])[OH]
9977,[CH3][CH2][CH]=[CH][CH2][CH]=[CH][CH2][CH]=[CH][CH2][CH]=[CH][CH2][CH]=[CH][CH2][CH2][CH2][CH2][CH2][CH2][CH2][CH2][CH2][CH2][CH2][CH2][CH2][C](=[O])[S][CH2][CH2][N]=[C]([OH])[CH2][CH2][N]=[C]([OH])[CH]([OH])[C]([CH3])([CH3])[CH2][O][P](=[O])([OH])[O][P](=[O])([OH])[O][CH2][CH]1[O][CH]([n]2[cH][n][c]3[c]([NH2])[n][cH][n][c]32)[CH]([OH])[CH]1[O][P](=[O])([OH])[OH]
9978,[CH3][CH2][CH]=[CH][CH2][CH]=[CH][CH2][CH]=[CH][CH2][CH]=[CH][CH2][CH]=[CH][CH2][CH2][CH2][CH2][CH2][CH2][CH2][CH2][CH2][CH2][CH2][CH2][CH2][CH2][CH2][C](=[O])[CH2][C](=[O])[S][CH2][CH2][N]=[C]([OH])[CH2][CH2][N]=[C]([OH])[CH]([OH])[C]([CH3])([CH3])[CH2][O][P](=[O])([OH])[O][P](=[O])([OH])[O][CH2][CH]1[O][CH]([n]2[cH][n][c]3[c]([NH2])[n][cH][n][c]32)[CH]([OH])[CH]1[O][P](=[O])([OH])[OH]
9979,[CH3][CH2][CH]=[CH][CH2][CH]=[CH][CH2][CH]=[CH][CH2][CH]=[CH][CH2][CH]=[CH][CH2][CH2][CH2][CH2][CH2][CH2][CH2][CH2][CH2][CH2][CH2][CH2][CH2][CH2][CH2][C](=[O])[S][CH2][CH2][N]=[C]([OH])[CH2][CH2][N]=[C]([OH])[CH]([OH])[C]([CH3])([CH3])[CH2][O][P](=[O])([OH])[O][P](=[O])([OH])[O][CH2][CH]1[O][CH]([n]2[cH][n][c]3[c]([NH2])[n][cH][n][c]32)[CH]([OH])[CH]1[O][P](=[O])([OH])[OH]
9980,[CH3][CH2][CH]=[CH][CH2][CH]=[CH][CH2][CH]=[CH][CH2][CH]=[CH][CH2][CH]=[CH][CH2][CH2][CH2][CH2][CH2][CH2][CH2][CH2][CH2][CH2][CH2][CH2][CH2][CH2][CH2][CH2][CH2][C](=[O])[CH2][C](=[O])[S][CH2][CH2][N]=[C]([OH])[CH2][CH2][N]=[C]([OH])[CH]([OH])[C]([CH3])([CH3])[CH2][O][P](=[O])([OH])[O][P](=[O])([OH])[O][CH2][CH]1[O][CH]([n]2[cH][n][c]3[c]([NH2])[n][cH][n][c]32)[CH]([OH])[CH]1[O][P](=[O])([OH])[OH]
9981,[CH3][CH2][CH]=[CH][CH2][CH]=[CH][CH2][CH]=[CH][CH2][CH]=[CH][CH2][CH]=[CH][CH2][CH2][CH2][CH2][CH2][CH2][CH2][CH2][CH2][CH2][CH2][CH2][CH2][CH2][CH2][CH2][CH2][C](=[O])[S][CH2][CH2][N]=[C]([OH])[CH2][CH2][N]=[C]([OH])[CH]([OH])[C]([CH3])([CH3])[CH2][O][P](=[O])([OH])[O][P](=[O])([OH])[O][CH2][CH]1[O][CH]([n]2[cH][n][c]3[c]([NH2])[n][cH][n][c]32)[CH]([OH])[CH]1[O][P](=[O])([OH])[OH]
9982,[CH3][CH2][CH]=[CH][CH2][CH]=[CH][CH2][CH]=[CH][CH2][CH]=[CH][CH2][CH]=[CH][CH2][CH2][CH2][CH2][CH2][CH2][CH2][CH2][CH2][CH2][CH2][CH2][CH2][CH2][CH2][CH2][CH2][CH2][CH2][C](=[O])[CH2][C](=[O])[S][CH2][CH2][N]=[C]([OH])[CH2][CH2][N]=[C]([OH])[CH]([OH])[C]([CH3])([CH3])[CH2][O][P](=[O])([OH])[O][P](=[O])([OH])[O][CH2][CH]1[O][CH]([n]2[cH][n][c]3[c]([NH2])[n][cH][n][c]32)[CH]([OH])[CH]1[O][P](=[O])([OH])[OH]
9983,[CH3][CH2][CH]=[CH][CH2][CH]=[CH][CH2][CH]=[CH][CH2][CH]=[CH][CH2][CH]=[CH][CH2][CH2][CH2][CH2][CH2][CH2][CH2][CH2][CH2][CH2][CH2][CH2][CH2][CH2][CH2][CH2][CH2][CH2][CH2][C](=[O])[S][CH2][CH2][N]=[C]([OH])[CH2][CH2][N]=[C]([OH])[CH]([OH])[C]([CH3])([CH3])[CH2][O][P](=[O])([OH])[O][P](=[O])([OH])[O][CH2][CH]1[O][CH]([n]2[cH][n][c]3[c]([NH2])[n][cH][n][c]32)[CH]([OH])[CH]1[O][P](=[O])([OH])[OH]
9984,[CH3][CH2][CH2][CH2][CH2][CH]=[CH][CH2][CH]=[CH][CH2][CH]=[CH][CH2][CH]=[CH][CH2][CH2][CH2][CH2][CH2][CH2][CH2][CH2][CH2][C](=[O])[CH2][C](=[O])[S][CH2][CH2][N]=[C]([OH])[CH2][CH2][N]=[C]([OH])[CH]([OH])[C]([CH3])([CH3])[CH2][O][P](=[O])([OH])[O][P](=[O])([OH])[O][CH2][CH]1[O][CH]([n]2[cH][n][c]3[c]([NH2])[n][cH][n][c]32)[CH]([OH])[CH]1[O][P](=[O])([OH])[OH]
9985,[CH3][CH2][CH2][CH2][CH2][CH]=[CH][CH2][CH]=[CH][CH2][CH]=[CH][CH2][CH]=[CH][CH2][CH2][CH2][CH2][CH2][CH2][CH2][CH2][CH2][C](=[O])[S][CH2][CH2][N]=[C]([OH])[CH2][CH2][N]=[C]([OH])[CH]([OH])[C]([CH3])([CH3])[CH2][O][P](=[O])([OH])[O][P](=[O])([OH])[O][CH2][CH]1[O][CH]([n]2[cH][n][c]3[c]([NH2])[n][cH][n][c]32)[CH]([OH])[CH]1[O][P](=[O])([OH])[OH]
9986,[CH3][CH2][CH2][CH2][CH2][CH]=[CH][CH2][CH]=[CH][CH2][CH]=[CH][CH2][CH]=[CH][CH2][CH2][CH2][CH2][CH2][CH2][CH2][CH2][CH2][CH2][CH2][C](=[O])[CH2][C](=[O])[S][CH2][CH2][N]=[C]([OH])[CH2][CH2][N]=[C]([OH])[CH]([OH])[C]([CH3])([CH3])[CH2][O][P](=[O])([OH])[O][P](=[O])([OH])[O][CH2][CH]1[O][CH]([n]2[cH][n][c]3[c]([NH2])[n][cH][n][c]32)[CH]([OH])[CH]1[O][P](=[O])([OH])[OH]
9987,[CH3][CH2][CH2][CH2][CH2][CH]=[CH][CH2][CH]=[CH][CH2][CH]=[CH][CH2][CH]=[CH][CH2][CH2][CH2][CH2][CH2][CH2][CH2][CH2][CH2][CH2][CH2][C](=[O])[S][CH2][CH2][N]=[C]([OH])[CH2][CH2][N]=[C]([OH])[CH]([OH])[C]([CH3])([CH3])[CH2][O][P](=[O])([OH])[O][P](=[O])([OH])[O][CH2][CH]1[O][CH]([n]2[cH][n][c]3[c]([NH2])[n][cH][n][c]32)[CH]([OH])[CH]1[O][P](=[O])([OH])[OH]
9988,[CH3][CH2][CH2][CH2][CH2][CH]=[CH][CH2][CH]=[CH][CH2][CH]=[CH][CH2][CH]=[CH][CH2][CH2][CH2][CH2][CH2][CH2][CH2][CH2][CH2][CH2][CH2][CH2][CH2][C](=[O])[CH2][C](=[O])[S][CH2][CH2][N]=[C]([OH])[CH2][CH2][N]=[C]([OH])[CH]([OH])[C]([CH3])([CH3])[CH2][O][P](=[O])([OH])[O][P](=[O])([OH])[O][CH2][CH]1[O][CH]([n]2[cH][n][c]3[c]([NH2])[n][cH][n][c]32)[CH]([OH])[CH]1[O][P](=[O])([OH])[OH]
9989,[CH3][CH2][CH2][CH2][CH2][CH]=[CH][CH2][CH]=[CH][CH2][CH]=[CH][CH2][CH]=[CH][CH2][CH2][CH2][CH2][CH2][CH2][CH2][CH2][CH2][CH2][CH2][CH2][CH2][C](=[O])[S][CH2][CH2][N]=[C]([OH])[CH2][CH2][N]=[C]([OH])[CH]([OH])[C]([CH3])([CH3])[CH2][O][P](=[O])([OH])[O][P](=[O])([OH])[O][CH2][CH]1[O][CH]([n]2[cH][n][c]3[c]([NH2])[n][cH][n][c]32)[CH]([OH])[CH]1[O][P](=[O])([OH])[OH]
9990,[CH3][CH2][CH2][CH2][CH2][CH]=[CH][CH2][CH]=[CH][CH2][CH]=[CH][CH2][CH]=[CH][CH2][CH2][CH2][CH2][CH2][CH2][CH2][CH2][CH2][CH2][CH2][CH2][CH2][CH2][CH2][C](=[O])[CH2][C](=[O])[S][CH2][CH2][N]=[C]([OH])[CH2][CH2][N]=[C]([OH])[CH]([OH])[C]([CH3])([CH3])[CH2][O][P](=[O])([OH])[O][P](=[O])([OH])[O][CH2][CH]1[O][CH]([n]2[cH][n][c]3[c]([NH2])[n][cH][n][c]32)[CH]([OH])[CH]1[O][P](=[O])([OH])[OH]
9991,[CH3][CH2][CH2][CH2][CH2][CH]=[CH][CH2][CH]=[CH][CH2][CH]=[CH][CH2][CH]=[CH][CH2][CH2][CH2][CH2][CH2][CH2][CH2][CH2][CH2][CH2][CH2][CH2][CH2][CH2][CH2][C](=[O])[S][CH2][CH2][N]=[C]([OH])[CH2][CH2][N]=[C]([OH])[CH]([OH])[C]([CH3])([CH3])[CH2][O][P](=[O])([OH])[O][P](=[O])([OH])[O][CH2][CH]1[O][CH]([n]2[cH][n][c]3[c]([NH2])[n][cH][n][c]32)[CH]([OH])[CH]1[O][P](=[O])([OH])[OH]
9992,[CH3][CH2][CH2][CH2][CH2][CH]=[CH][CH2][CH]=[CH][CH2][CH]=[CH][CH2][CH]=[CH][CH2][CH2][CH2][CH2][CH2][CH2][CH2][CH2][CH2][CH2][CH2][CH2][CH2][CH2][CH2][CH2][CH2][C](=[O])[CH2][C](=[O])[S][CH2][CH2][N]=[C]([OH])[CH2][CH2][N]=[C]([OH])[CH]([OH])[C]([CH3])([CH3])[CH2][O][P](=[O])([OH])[O][P](=[O])([OH])[O][CH2][CH]1[O][CH]([n]2[cH][n][c]3[c]([NH2])[n][cH][n][c]32)[CH]([OH])[CH]1[O][P](=[O])([OH])[OH]
9993,[CH3][CH2][CH2][CH2][CH2][CH]=[CH][CH2][CH]=[CH][CH2][CH]=[CH][CH2][CH]=[CH][CH2][CH2][CH2][CH2][CH2][CH2][CH2][CH2][CH2][CH2][CH2][CH2][CH2][CH2][CH2][CH2][CH2][C](=[O])[S][CH2][CH2][N]=[C]([OH])[CH2][CH2][N]=[C]([OH])[CH]([OH])[C]([CH3])([CH3])[CH2][O][P](=[O])([OH])[O][P](=[O])([OH])[O][CH2][CH]1[O][CH]([n]2[cH][n][c]3[c]([NH2])[n][cH][n][c]32)[CH]([OH])[CH]1[O][P](=[O])([OH])[OH]
9994,[CH3][CH2][CH2][CH2][CH2][CH]=[CH][CH2][CH]=[CH][CH2][CH]=[CH][CH2][CH]=[CH][CH2][CH2][CH2][CH2][CH2][CH2][CH2][CH2][CH2][CH2][CH2][CH2][CH2][CH2][CH2][CH2][CH2][CH2][CH2][C](=[O])[CH2][C](=[O])[S][CH2][CH2][N]=[C]([OH])[CH2][CH2][N]=[C]([OH])[CH]([OH])[C]([CH3])([CH3])[CH2][O][P](=[O])([OH])[O][P](=[O])([OH])[O][CH2][CH]1[O][CH]([n]2[cH][n][c]3[c]([NH2])[n][cH][n][c]32)[CH]([OH])[CH]1[O][P](=[O])([OH])[OH]
9995,[CH3][CH2][CH2][CH2][CH2][CH]=[CH][CH2][CH]=[CH][CH2][CH]=[CH][CH2][CH]=[CH][CH2][CH2][CH2][CH2][CH2][CH2][CH2][CH2][CH2][CH2][CH2][CH2][CH2][CH2][CH2][CH2][CH2][CH2][CH2][C](=[O])[S][CH2][CH2][N]=[C]([OH])[CH2][CH2][N]=[C]([OH])[CH]([OH])[C]([CH3])([CH3])[CH2][O][P](=[O])([OH])[O][P](=[O])([OH])[O][CH2][CH]1[O][CH]([n]2[cH][n][c]3[c]([NH2])[n][cH][n][c]32)[CH]([OH])[CH]1[O][P](=[O])([OH])[OH]
9996,[CH3][CH2][CH2][CH2][CH2][CH2][CH]=[CH][CH2][CH2][CH2][CH2][CH2][CH2][CH2][CH2][CH2][C](=[O])[S][CH2][CH2][N]=[C]([OH])[CH2][CH2][N]=[C]([OH])[CH]([OH])[C]([CH3])([CH3])[CH2][O][P](=[O])([OH])[O][P](=[O])([OH])[O][CH2][CH]1[O][CH]([n]2[cH][n][c]3[c]([NH2])[n][cH][n][c]32)[CH]([OH])[CH]1[O][P](=[O])([OH])[OH]
9997,[CH3][CH2][CH]=[CH][CH2][CH]=[CH][CH2][CH]=[CH][CH2][CH]=[CH][CH2][CH]=[CH][CH2][CH]=[CH][CH2][CH2][CH2][CH2][C](=[O])[CH2][C](=[O])[S][CH2][CH2][N]=[C]([OH])[CH2][CH2][N]=[C]([OH])[CH]([OH])[C]([CH3])([CH3])[CH2][O][P](=[O])([OH])[O][P](=[O])([OH])[O][CH2][CH]1[O][CH]([n]2[cH][n][c]3[c]([NH2])[n][cH][n][c]32)[CH]([OH])[CH]1[O][P](=[O])([OH])[OH]
9998,[CH3][CH2][CH2][CH2][CH2][CH2][CH2][CH2][CH2][CH2][CH2][CH2][CH2][CH2][CH2][CH2][C](=[O])[S][CH2][CH2][N]=[C]([OH])[CH2][CH2][N]=[C]([OH])[CH]([OH])[C]([CH3])([CH3])[CH2][O][P](=[O])([OH])[O][P](=[O])([OH])[O][CH2][CH]1[O][CH]([n]2[cH][n][c]3[c]([NH2])[n][cH][n][c]32)[CH]([OH])[CH]1[O][P](=[O])([OH])[OH]
9999,[CH3][CH2][CH2][CH2][CH2][CH2][CH2][CH]=[CH][CH2][CH2][CH2][CH2][CH2][CH2][CH2][C](=[O])[S][CH2][CH2][N]=[C]([OH])[CH2][CH2][N]=[C]([OH])[CH]([OH])[C]([CH3])([CH3])[CH2][O][P](=[O])([OH])[O][P](=[O])([OH])[O][CH2][CH]1[O][CH]([n]2[cH][n][c]3[c]([NH2])[n][cH][n][c]32)[CH]([OH])[CH]1[O][P](=[O])([OH])[OH]