﻿substrate_ID,original_compound
12000,[O]=[C]([OH])[CH2][CH]([NH][c]1[n][cH][n][c]2[c]1[n][cH][n]2[CH]1[O][CH]([CH2][O][P](=[O])([OH])[OH])[CH]([OH])[CH]1[OH])[C](=[O])[OH]
12001,[OH][CH]1[CH2][O][CH]([OH])[CH]([OH])[CH]1[OH]
12002,[O]=[C]([OH])[CH]=[C]1[CH]=[CH][C](=[O])[O]1
12003,[O]=[C]([OH])[CH]=[C]1[CH]=[C]([Cl])[C](=[O])[O]1
12004,[NH]=[c]1[n][c]([OH])[c]2[c]([nH]1)[NH][CH2][C]([CH2][NH][c]1[cH][cH][c]([C](=[O])[OH])[cH][cH]1)=[N]2
12005,[NH2][c]1[n][cH][n][c]2[c]1[n][cH][n]2[CH]1[O][CH]([CH2][O][P](=[O])([OH])[O][C](=[O])[CH]([NH2])[CH2][OH])[CH]([OH])[CH]1[OH]
12006,[CH3][CH]1[O][CH]([O][P](=[O])([OH])[O][P](=[O])([OH])[O][CH2][CH]2[O][CH]([n]3[cH][n][c]4[c]([OH])[n][c](=[NH])[nH][c]43)[CH]([OH])[CH]2[OH])[CH]([OH])[CH]([OH])[C]1=[O]
12007,[O]=[c]1[n][c]([OH])[cH][cH][n]1[CH]1[O][CH]([CH2][O][P](=[O])([OH])[O][P](=[O])([OH])[O][CH]2[O][CH2][C]([OH])([CH2][OH])[CH]2[OH])[CH]([OH])[CH]1[OH]
12008,[O]=[C]1[O][CH]([CH]([OH])[CH2][OH])[C](=[O])[CH]1[OH]
12009,[OH][CH]1[CH2][O][CH]([OH])[CH]([OH])[CH]1[OH]
12010,[OH][CH2][CH]1[O][CH]([OH])[CH]([OH])[CH]([OH])[CH]1[OH]
12011,[CH3][CH]1[NH][c]2[nH][c](=[NH])[n][c]([OH])[c]2[N]2[CH2][N]([c]3[cH][cH][c]([CH2][CH]([OH])[CH]([OH])[CH]([OH])[CH2][O][CH]4[O][CH]([CH2][O][P](=[O])([OH])[O][CH]([CH2][CH2][C](=[O])[OH])[C]([OH])=[N][CH]([CH2][CH2][C](=[O])[OH])[C](=[O])[OH])[CH]([OH])[CH]4[OH])[cH][cH]3)[CH]([CH3])[CH]12
12012,[CH2]=[CH][CH]=[C]([OH])[C](=[O])[OH]
12013,[CH3][O][C](=[O])[c]1[cH][cH][cH][n][cH]1
12014,[CH3][CH]([OH])[CH]([OH])[CH]1[CH2][N]=[C]2[NH][C](=[NH])[N]=[C]([OH])[C]2([OH])[NH]1
12015,[CH3][CH]([CH3])[CH]=[CH][OH]
12016,[CH3][C]12[CH2][C](=[O])[CH]([CH2][C](=[O])[O]1)[C]2([CH3])[CH3]
12017,[O]=[C]([OH])[C]([OH])=[CH][CH]=[CH][C](=[O])[c]1[cH][cH][cH][cH][c]1[OH]
12018,[CH3][c]1[cH][n]([CH]2[CH2][CH]([OH])[CH]([CH2][O][P](=[O])([OH])[O][P](=[O])([OH])[O][CH]3[O][CH]([CH3])[CH]([NH2])[CH]([OH])[CH]3[OH])[O]2)[c](=[O])[n][c]1[OH]
12019,[CH3][CH]([OH])[CH]([OH])[CH]([OH])[C](=[O])[CH2][OH]
12020,[OH][CH2][CH]1[O][CH]([OH])[CH]([OH])[CH]1[OH]
12021,[O]=[CH][CH]([OH])[CH]([OH])[CH]([OH])[CH2][OH]
12022,[CH3][CH]([NH][c]1[cH][cH][c]([CH2][CH]([OH])[CH]([OH])[CH]([OH])[CH2][O][CH]2[O][CH]([CH2][O][P](=[O])([OH])[O][P](=[O])([OH])[O][P](=[O])([OH])[OH])[CH]([OH])[CH]2[OH])[cH][cH]1)[C]1=[N][c]2[c]([OH])[n][c](=[NH])[nH][c]2[NH][CH]1[CH3]
12023,[CH2]=[C]([OH])[CH]=[O]
12024,[O]=[C]([OH])[CH]=[CH][CH]=[C]([F])[C](=[O])[OH]
12025,[O]=[C]([OH])[C]([OH])=[CH][CH]=[C]([Cl])[C](=[O])[OH]
12026,[O]=[C]([OH])[C](=[O])[CH]=[CH][CH]([Cl])[C](=[O])[OH]
12027,[CH3][C]([CH3])=[CH][CH2][CH2][CH]([CH3])[c]1[cH][cH][c]([CH3])[cH][cH]1
12028,[CH3][C]1=[CH][CH2][CH2][C]([CH3])=[CH][CH2][C]([CH3])([CH3])[CH]=[CH][CH2]1
12029,[NH2][CH2][CH2][CH2][NH][CH2][CH2][CH2][CH2][N]=[C]([OH])[CH2][C]([OH])([CH2][C]([OH])=[N][CH2][CH2][CH2][CH2][NH][CH2][CH2][CH2][N]=[C]([OH])[c]1[cH][cH][c]([OH])[c]([OH])[cH]1)[C](=[O])[OH]
12030,[O]=[C]([OH])[CH2][C]([OH])([CH2][C]([OH])=[N][CH2][CH2][CH2][CH2][NH][CH2][CH2][CH2][N]=[C]([OH])[c]1[cH][cH][c]([OH])[c]([OH])[cH]1)[C](=[O])[OH]
12031,[CH3][C]([OH])=[N][CH]([CH2][CH2][P]([CH3])(=[O])[OH])[C]([OH])=[N][CH]([CH3])[C]([OH])=[N][CH]([CH3])[C](=[O])[OH]
12032,[CH2]=[C]([CH]=[C]([OH])[C](=[O])[OH])[C](=[O])[OH]
12033,[CH3][O][c]1[cH][c]([CH]([OH])[CH2][NH2])[cH][cH][c]1[OH]
12034,[CH3][NH][CH2][CH]([OH])[c]1[cH][cH][c]([OH])[c]([O][CH3])[cH]1
12035,[CH3][C]([OH])=[N][CH2][CH2][c]1[cH][nH][c]2[cH][cH][c]([O][CH]3[O][CH]([C](=[O])[OH])[CH]([OH])[CH]([OH])[CH]3[OH])[cH][c]12
12036,[CH3][C]([CH3])([CH2][O][P](=[O])([OH])[O][P](=[O])([OH])[O][CH2][CH]1[O][CH]([n]2[cH][n][c]3[c]([NH2])[n][cH][n][c]32)[CH]([OH])[CH]1[O][P](=[O])([OH])[OH])[CH]([OH])[C]([OH])=[N][CH2][CH2][C]([OH])=[N][CH2][CH2][S][C](=[O])[CH2][C](=[O])[c]1[cH][cH][cH][cH][c]1[OH]
12037,[CH3][C]([CH]=[O])=[CH][CH]=[C]([OH])[C](=[O])[OH]
12038,[CH3][O][c]1[cH][c]([CH]=[CH][C](=[O])[N]([CH2][CH2][CH2][CH2][N]=[C]([OH])[CH]=[CH][c]2[cH][c]([OH])[c]([OH])[c]([O][CH3])[cH]2)[CH2][CH2][CH2][N]=[C]([OH])[CH]=[CH][c]2[cH][c]([OH])[c]([OH])[c]([O][CH3])[cH]2)[cH][c]([OH])[c]1[OH]
12039,[CH3][O][c]1[cH][c]([CH]=[CH][C](=[O])[N]([CH2][CH2][CH2][CH2][N]=[C]([OH])[CH]=[CH][c]2[cH][c]([OH])[c]([OH])[c]([O][CH3])[cH]2)[CH2][CH2][CH2][N]=[C]([OH])[CH]=[CH][c]2[cH][c]([O][CH3])[c]([OH])[c]([O][CH3])[cH]2)[cH][c]([OH])[c]1[OH]
12040,[CH3][C]([CH3])=[CH][CH2][CH2][C]([CH3])=[CH][CH2][CH2][C]([CH3])=[CH][CH2][CH2][C]([CH3])=[CH][CH2][CH2][C]([CH3])=[CH][CH2][CH2][C]([CH3])=[CH][CH2][CH2][C]([CH3])=[CH][CH2][CH2][C]([CH3])=[CH][CH2][CH2][C]([CH3])=[CH][CH2][CH2][C]([CH3])=[CH][CH2][O][P](=[O])([OH])[O][P](=[O])([OH])[O][CH]1[O][CH]([CH2][OH])[CH]([O][CH]2[O][CH]([CH2][OH])[CH]([O][CH]3[O][CH]([CH2][OH])[CH]([O][CH]4[O][CH]([CH2][OH])[CH]([OH])[CH]([OH])[CH]4[N]=[C]([CH3])[OH])[CH]([O][CH]([CH3])[C]([OH])=[N][CH]([CH3])[C]([OH])=[N][CH]([CH2][CH2][C]([OH])=[N][CH]([CH2][CH2][CH2][CH]([NH2])[C](=[O])[OH])[C]([OH])=[N][CH]([CH3])[C]([OH])=[N][CH]([CH3])[C](=[O])[OH])[C](=[O])[OH])[CH]3[N]=[C]([CH3])[OH])[CH]([OH])[CH]2[N]=[C]([CH3])[OH])[CH]([O][CH]([CH3])[C]([OH])=[N][CH]([CH3])[C]([OH])=[N][CH]([CH2][CH2][C]([OH])=[N][CH]([CH2][CH2][CH2][CH]([NH2])[C](=[O])[OH])[C]([OH])=[N][CH]([CH3])[C]([OH])=[N][CH]([CH3])[C](=[O])[OH])[C](=[O])[OH])[CH]1[N]=[C]([CH3])[OH]
12041,[O]=[CH][CH]([OH])[CH]([OH])[CH]([OH])[CH2][O][P](=[O])([OH])[OH]
12042,[CH3][C]([CH3])=[CH][CH2][CH2][CH]([CH3])[CH2][C](=[O])[S][CH2][CH2][N]=[C]([OH])[CH2][CH2][N]=[C]([OH])[CH]([OH])[C]([CH3])([CH3])[CH2][O][P](=[O])([OH])[O][P](=[O])([OH])[O][CH2][CH]1[O][CH]([n]2[cH][n][c]3[c]([NH2])[n][cH][n][c]32)[CH]([OH])[CH]1[O][P](=[O])([OH])[OH]
12043,[CH3][CH]=[C]([CH2][CH2][CH]([CH3])[CH]1[CH2][CH2][CH]2[C]3=[CH][CH2][CH]4[CH2][CH]([OH])[CH2][CH2][C]4([CH3])[CH]3[CH2][CH2][C]21[CH3])[CH]([CH3])[CH3]
12044,[CH2]=[CH][O][C]([CH3])=[O]
12045,[CH3][CH2][CH2][CH2][CH2][CH]([OH])[CH]([OH])[CH2][CH]=[CH][CH2][CH2][CH2][CH2][CH2][CH2][CH2][C](=[O])[OH]
12046,[CH3][CH]([OH])[CH2][CH2][CH2][CH]([OH])[CH]([OH])[CH2][CH]=[CH][CH2][CH2][CH2][CH2][CH2][CH2][CH2][C](=[O])[OH]
12047,[CH3][CH]1[O][CH]([OH])[CH]([O][CH]2[O][C]([C](=[O])[OH])=[CH][CH]([OH])[CH]2[OH])[CH]([OH])[CH]1[OH]
12048,[CH3][S][C]#[N]
12049,[CH3][CH2][CH]=[CH][CH2][CH]=[O]
12050,[CH3][C]([CH]=[CH][CH]=[C]([CH3])[CH]=[CH][C]1=[C]([CH3])[CH2][CH2][CH2][C]1([CH3])[CH3])=[CH][CH]=[O]
12051,[CH3][C]([CH]=[CH][C]1=[C]([CH3])[CH2][CH2][CH2][C]1([CH3])[CH3])=[CH][CH]=[CH][C]([CH3])=[CH][CH2][OH]
12052,[CH3][CH2][CH2][CH2][CH2][C]([OH])=[CH][C](=[O])[CH]=[CH][c]1[cH][cH][c]([OH])[cH][cH]1
12053,[CH3][CH]([CH]=[CH][C](=[O])[S][CH2][CH2][N]=[C]([OH])[CH2][CH2][N]=[C]([OH])[CH]([OH])[C]([CH3])([CH3])[CH2][O][P](=[O])([OH])[O][P](=[O])([OH])[O][CH2][CH]1[O][CH]([n]2[cH][n][c]3[c]([NH2])[n][cH][n][c]32)[CH]([OH])[CH]1[O][P](=[O])([OH])[OH])[CH]1[CH2][CH2][CH]2[CH]3[CH2][CH2][C]4=[CH][C](=[O])[CH2][CH2][C]4([CH3])[CH]3[CH2][CH2][C]12[CH3]
12054,[CH3][CH2][CH2][CH]1[CH2][CH]([C]([OH])=[N][CH]([CH]([CH3])[OH])[CH]2[O][CH]([S][CH3])[CH]([OH])[CH]([OH])[CH]2[OH])[N]([CH3])[CH2]1
12055,[CH3][c]1[cH][n]([CH]2[CH2][CH]([OH])[CH]([CH2][O][P](=[O])([OH])[O][P](=[O])([OH])[O][CH]3[CH2][CH]([OH])[C](=[O])[CH]([CH3])[O]3)[O]2)[c](=[O])[n][c]1[OH]
12056,[CH3][c]1[cH][n]([CH]2[CH2][CH]([OH])[CH]([CH2][O][P](=[O])([OH])[O][P](=[O])([OH])[O][CH]3[CH2][CH]([OH])[C](=[O])[CH]([CH3])[O]3)[O]2)[c](=[O])[n][c]1[OH]
12057,[CH3][c]1[cH][n]([CH]2[CH2][CH]([OH])[CH]([CH2][O][P](=[O])([OH])[O][P](=[O])([OH])[O][CH]3[CH2][C]([CH3])([OH])[C](=[O])[CH]([CH3])[O]3)[O]2)[c](=[O])[n][c]1[OH]
12058,[OH][c]1[cH][c]([OH])[c]2[cH][cH][cH][cH][c]2[n]1
12059,[CH3][N+]1=[CH][CH2][CH2][CH2]1
12060,[OH][c]1[cH][cH][c]([OH])[c]([OH])[n]1
12061,[CH3][C]([CH3])([CH2][O][P](=[O])([OH])[O][P](=[O])([OH])[O][CH2][CH]1[O][CH]([n]2[cH][n][c]3[c]([NH2])[n][cH][n][c]32)[CH]([OH])[CH]1[O][P](=[O])([OH])[OH])[CH]([OH])[C]([OH])=[N][CH2][CH2][C]([OH])=[N][CH2][CH2][S][C](=[O])[C]([OH])=[CH][CH2][C](=[O])[OH]
12062,[CH3][CH2][CH2][C](=[O])[CH]=[CH][CH]=[C]([OH])[C](=[O])[OH]
12063,[CH3][CH]([CH3])[C](=[O])[CH]=[CH][CH]=[C]([OH])[C](=[O])[OH]
12064,[O]=[C]([OH])[C]([OH])=[CH][CH]=[CH][C](=[O])[c]1[cH][cH][cH][c]([OH])[c]1[OH]
12065,[NH2][CH2][CH]1[O][CH]([O][CH]2[CH]([CH2][OH])[O][CH]([O][CH]3[CH]([OH])[CH]([NH2])[CH2][CH]([NH2])[CH]3[O][CH]3[O][CH]([CH2][OH])[CH]([OH])[CH]([OH])[CH]3[NH2])[CH]2[OH])[CH]([NH2])[CH]([OH])[CH]1[OH]
12066,[CH3][O][CH]1[C]([OH])=[C]([C]([CH3])=[O])[C](=[O])[C]2([OH])[C](=[O])[c]3[c]([cH][c]4[cH][c]([OH])[cH][c]([OH])[c]4[c]3[OH])[CH2][CH]12
12067,[CH3][C](=[O])[C]1=[C]([OH])[CH]([OH])[c]2[cH][c]3[cH][c]4[cH][c]([OH])[cH][c]([OH])[c]4[c]([OH])[c]3[c]([OH])[c]2[C]1=[O]
12068,[CH3][C]([CH]=[CH][C]12[O][C]1([CH3])[CH2][CH]([OH])[CH2][C]2([CH3])[CH3])=[CH][CH]=[O]
12069,[CH3][CH]=[CH][C](=[O])[C](=[O])[OH]
12070,[CH3][CH]([OH])[CH]=[C]([OH])[C](=[O])[OH]
12071,[CH3][c]1[cH][n]([CH]2[CH2][CH]([OH])[CH]([CH2][O][P](=[O])([OH])[O][P](=[O])([OH])[O][CH]3[CH2][CH]([NH2])[C](=[O])[CH]([CH3])[O]3)[O]2)[c](=[O])[n][c]1[OH]
12072,[CH3][CH]([CH3])[CH2][CH2][CH2][CH]([CH3])[CH]1[CH2][CH2][CH]2[C]3=[C]([CH2][CH2][C]21[CH3])[C]1([CH3])[CH2][CH2][CH]([OH])[CH]([CH3])[CH]1[CH2][CH2]3
12073,[O]=[C]1[CH2][CH]([c]2[cH][c]([OH])[c]([OH])[c]([OH])[cH]2)[O][c]2[cH][c]([OH])[cH][c]([OH])[c]21
12074,[O]=[C]1[c]2[c]([OH])[cH][c]([OH])[cH][c]2[O][CH]([c]2[cH][c]([OH])[c]([OH])[c]([OH])[cH]2)[CH]1[OH]
12075,[CH3][C]([OH])=[N][CH]1[CH]([CH3])[O][CH]([O][P](=[O])([OH])[O][P](=[O])([OH])[O][CH2][CH]2[O][CH]([n]3[cH][c]([CH3])[c]([OH])[n][c]3=[O])[CH2][CH]2[OH])[CH]([OH])[CH]1[OH]
12076,[O]=[C]1[c]2[c]([OH])[cH][c]([O][CH]3[O][CH]([CH2][OH])[CH]([OH])[CH]([OH])[CH]3[OH])[cH][c]2[O][CH]([c]2[cH][cH][c]([OH])[c]([OH])[cH]2)[CH]1[OH]
12077,[CH3][C]1=[C]([CH2][CH2][C](=[O])[OH])[C]2=[N][C]1([CH3])[CH2][C]1=[C]([CH2][CH2][C](=[O])[OH])[C]([CH3])([CH2][C](=[O])[OH])[C](=[N]1)[CH]=[C]1[NH][C]([CH3])([CH]3[N]=[C]([CH]2[CH3])[C]([CH3])([CH2][CH2][C](=[O])[OH])[CH]3[CH2][C](=[O])[OH])[C]([CH3])([CH2][C](=[O])[OH])[CH]1[CH2][CH2][C](=[O])[OH]
12078,[O]=[c]1[c](-[c]2[cH][cH][c]([OH])[cH][cH]2)[cH][o][c]2[cH][c]([O][CH]3[O][CH]([CH2][O][CH]4[O][CH]([CH2][OH])[CH]([OH])[CH]([OH])[CH]4[OH])[CH]([OH])[CH]([OH])[CH]3[OH])[cH][c]([OH])[c]12
12079,[O]=[c]1[c](-[c]2[cH][cH][c]([OH])[cH][cH]2)[cH][o][c]2[cH][c]([O][CH]3[O][CH]([CH2][OH])[CH]([OH])[CH]([OH])[CH]3[OH])[cH][c]([OH])[c]12
12080,[CH3][O][c]1[cH][c](-[c]2[o][c]3[cH][c]([OH])[cH][c]([OH])[c]3[c](=[O])[c]2[O][CH3])[cH][cH][c]1[OH]
12081,[CH3][O][c]1[cH][cH][c](-[c]2[o][c]3[cH][c]([OH])[cH][c]([OH])[c]3[c](=[O])[c]2[OH])[cH][c]1[O][CH3]
12082,[CH3][O][c]1[cH][cH][c](-[c]2[o][c]3[cH][c]([OH])[cH][c]([OH])[c]3[c](=[O])[c]2[O][CH3])[cH][cH]1
12083,[O]=[C]([CH]=[CH][c]1[cH][cH][c]([OH])[cH][cH]1)[O][CH2][CH]1[O][CH]([O][c]2[c](-[c]3[cH][cH][c]([OH])[cH][cH]3)[o][c]3[cH][c]([OH])[cH][c]([OH])[c]3[c]2=[O])[CH]([OH])[CH]([OH])[CH]1[OH]
12084,[O]=[C]([CH]=[CH][c]1[cH][cH][c]([OH])[cH][cH]1)[O][CH2][CH]1[O][CH]([O][c]2[c](-[c]3[cH][cH][c]([OH])[cH][cH]3)[o][c]3[cH][c]([OH])[cH][c]([OH])[c]3[c]2=[O])[CH]([OH])[CH]([O][C](=[O])[CH]=[CH][c]2[cH][cH][c]([OH])[cH][cH]2)[CH]1[OH]
12085,[O]=[C]([CH]=[CH][c]1[cH][cH][c]([OH])[cH][cH]1)[O][CH2][CH]1[O][CH]([O][c]2[c](-[c]3[cH][cH][c]([OH])[cH][cH]3)[o][c]3[cH][c]([OH])[cH][c]([OH])[c]3[c]2=[O])[CH]([OH])[CH]([OH])[CH]1[O][C](=[O])[CH]=[CH][c]1[cH][cH][c]([OH])[cH][cH]1
12086,[CH3][O][c]1[cH][c](-[c]2[o][c]3[cH][c]([OH])[cH][c]([OH])[c]3[c](=[O])[c]2[O][CH]2[O][CH]([CH2][OH])[CH]([OH])[CH]([OH])[CH]2[OH])[cH][cH][c]1[OH]
12087,[CH3][O][c]1[cH][c](-[c]2[o][c]3[cH][c]([OH])[cH][c]([OH])[c]3[c](=[O])[c]2[O][CH]2[O][CH]([CH2][OH])[CH]([O][C](=[O])[CH]=[CH][c]3[cH][cH][c]([OH])[cH][cH]3)[CH]([OH])[CH]2[OH])[cH][cH][c]1[OH]
12088,[CH3][O][c]1[cH][c](-[c]2[o][c]3[cH][c]([OH])[cH][c]([OH])[c]3[c](=[O])[c]2[O][CH]2[O][CH]([CH2][OH])[CH]([OH])[CH]([O][C](=[O])[CH]=[CH][c]3[cH][cH][c]([OH])[cH][cH]3)[CH]2[OH])[cH][cH][c]1[OH]
12089,[CH3][O][c]1[cH][c]([CH]=[CH][C](=[O])[O][CH2][CH]2[O][CH]([O][c]3[c](-[c]4[cH][cH][c]([OH])[c]([OH])[cH]4)[o][c]4[cH][c]([OH])[cH][c]([OH])[c]4[c]3=[O])[CH]([OH])[CH]([OH])[CH]2[OH])[cH][cH][c]1[OH]
12090,[CH3][O][c]1[cH][c]([CH]=[CH][C](=[O])[O][CH2][CH]2[O][CH]([O][c]3[c](-[c]4[cH][cH][c]([OH])[c]([OH])[cH]4)[o][c]4[cH][c]([OH])[cH][c]([OH])[c]4[c]3=[O])[CH]([OH])[CH]([O][C](=[O])[CH]=[CH][c]3[cH][cH][c]([OH])[cH][cH]3)[CH]2[OH])[cH][cH][c]1[OH]
12091,[O]=[c]1[c]([O][CH]2[O][CH]([CH2][OH])[CH]([OH])[CH]([OH])[CH]2[O][CH]2[O][CH]([CH2][OH])[CH]([OH])[CH]([OH])[CH]2[O][CH]2[O][CH]([CH2][OH])[CH]([OH])[CH]([OH])[CH]2[OH])[c](-[c]2[cH][cH][c]([OH])[c]([OH])[cH]2)[o][c]2[cH][c]([OH])[cH][c]([OH])[c]12
12092,[CH3][CH]1[O][CH]([O][c]2[cH][c]([OH])[c]3[c](=[O])[c]([O][CH]4[O][CH]([CH2][OH])[CH]([OH])[CH]([OH])[CH]4[O][CH]4[O][CH]([CH2][OH])[CH]([OH])[CH]([OH])[CH]4[OH])[c](-[c]4[cH][cH][c]([OH])[c]([OH])[cH]4)[o][c]3[cH]2)[CH]([OH])[CH]([OH])[CH]1[OH]
12093,[CH2]=[CH][CH]1[CH]([O][CH]2[O][CH]([CH2][OH])[CH]([OH])[CH]([OH])[CH]2[OH])[O][CH]=[C]2[C](=[O])[N]3[CH2][CH2][c]4[c]([nH][c]5[cH][cH][cH][cH][c]45)[CH]3[CH2][CH]21
12094,[CH2]=[CH][CH]1[CH]([O][CH]2[O][CH]([CH2][OH])[CH]([OH])[CH]([OH])[CH]2[OH])[O][CH]=[C]2[C](=[O])[N]3[CH2][c]4[c]([nH][c]5[cH][cH][cH][cH][c]5[c]4=[O])[CH]3[CH2][CH]21
12095,[OH][c]1[cH][cH][cH][c]2[cH][cH][cH][n][c]12
12096,[OH][c]1[cH][cH][c]2[cH][cH][cH][c]([OH])[c]2[n]1
12097,[O]=[C]1[CH]=[c]2[o][c](-[c]3[cH][cH][cH][cH][cH]3)[cH][c](=[O])[c]2=[C]([OH])[C]1=[O]
12098,[O]=[C]([OH])[CH]([CH2][O][C](=[O])[CH]([CH2][O][C](=[O])[CH]([CH2][OH])[N]=[C]([OH])[c]1[cH][cH][cH][c]([OH])[c]1[OH])[N]=[C]([OH])[c]1[cH][cH][cH][c]([OH])[c]1[OH])[N]=[C]([OH])[c]1[cH][cH][cH][c]([OH])[c]1[OH]
12099,[CH3][CH]1[CH2][CH2][C]2([O][CH2]1)[O][CH]1[CH2][CH]3[CH]4[CH2][CH]=[C]5[CH2][CH]([O][CH]6[O][CH]([CH2][OH])[CH]([OH])[CH]([OH])[CH]6[OH])[CH2][CH2][C]5([CH3])[CH]4[CH2][CH2][C]3([CH3])[CH]1[CH]2[CH3]
12100,[CH3][C]([CH3])=[CH][CH2][CH2][C]([CH3])([O][CH]1[O][CH]([CH2][OH])[CH]([OH])[CH]([OH])[CH]1[OH])[CH]1[CH2][CH2][C]2([CH3])[CH]1[CH]([OH])[CH2][CH]1[C]3([CH3])[CH2][CH2][CH]([OH])[C]([CH3])([CH3])[CH]3[CH]([O][CH]3[O][CH]([CH2][OH])[CH]([OH])[CH]([OH])[CH]3[O][CH]3[O][CH]([CH3])[CH]([OH])[CH]([OH])[CH]3[OH])[CH2][C]12[CH3]
12101,[CH3][C]([CH3])=[CH][CH2][CH2][C]([CH3])([OH])[CH]1[CH2][CH2][C]2([CH3])[CH]1[CH]([OH])[CH2][CH]1[C]3([CH3])[CH2][CH2][CH]([OH])[C]([CH3])([CH3])[CH]3[CH]([O][CH]3[O][CH]([CH2][OH])[CH]([OH])[CH]([OH])[CH]3[OH])[CH2][C]12[CH3]
12102,[CH3][C]([CH3])=[CH][CH2][CH2][C]([CH3])([OH])[CH]1[CH2][CH2][C]2([CH3])[CH]1[CH]([OH])[CH2][CH]1[C]3([CH3])[CH2][CH2][CH]([OH])[C]([CH3])([CH3])[CH]3[CH]([O][CH]3[O][CH]([CH2][OH])[CH]([OH])[CH]([OH])[CH]3[O][CH]3[O][CH]([CH3])[CH]([OH])[CH]([OH])[CH]3[OH])[CH2][C]12[CH3]
12103,[CH3][O][c]1[cH][c]([OH])[c]2[c](=[O])[cH][c](-[c]3[cH][cH][c]([OH])[cH][cH]3)[o][c]2[cH]1
12104,[CH3][c]1[cH][n]([CH]2[CH2][CH]([OH])[CH]([CH2][O][P](=[O])([OH])[O][P](=[O])([OH])[O][CH]3[O][C]([CH3])([CH3])[C](=[O])[CH]([OH])[CH]3[OH])[O]2)[c](=[O])[n][c]1[OH]
12105,[CH3][CH]([CH3])[CH2][CH2][CH2][CH]([CH3])[CH]1[CH2][CH2][C]2([OH])[C]3=[CH][C](=[O])[C]4=[CH][C](=[O])[CH2][CH2][C]4([CH3])[CH]3[CH2][CH2][C]12[CH3]
12106,[CH3][CH]([CH3])[CH2][CH2][CH2][CH]([CH3])[CH]1[CH2][CH2][C]2([OH])[C]3=[CH][C](=[O])[CH]4[CH2][C](=[O])[CH2][CH2][C]4([CH3])[CH]3[CH2][CH2][C]12[CH3]
12107,[CH3][CH]([CH2][CH2][CH2][C]([CH3])([CH3])[OH])[CH]1[CH2][CH2][C]2([OH])[C]3=[CH][C](=[O])[CH]4[CH2][C](=[O])[CH2][CH2][C]4([CH3])[CH]3[CH2][CH2][C]12[CH3]
12108,[O]=[C]([OH])[CH2][CH]1[C]([OH])=[N][c]2[cH][cH][cH][cH][c]21
12109,[CH3][C]([OH])=[N][CH]1[CH]([O][P](=[O])([OH])[O][P](=[O])([OH])[O][CH2][CH]2[O][CH]([n]3[cH][cH][c]([OH])[n][c]3=[O])[CH]([OH])[CH]2[OH])[O][CH]([C](=[O])[OH])[CH]([OH])[CH]1[OH]
12110,[CH3][CH2][CH]([OH])[CH2][C](=[O])[S][CH2][CH2][N]=[C]([OH])[CH2][CH2][N]=[C]([OH])[CH]([OH])[C]([CH3])([CH3])[CH2][O][P](=[O])([OH])[O][P](=[O])([OH])[O][CH2][CH]1[O][CH]([n]2[cH][n][c]3[c]([NH2])[n][cH][n][c]32)[CH]([OH])[CH]1[O][P](=[O])([OH])[OH]
12111,[CH3][CH2][CH2][CH2][CH2][CH2][CH]=[CH][C](=[O])[S][CH2][CH2][N]=[C]([OH])[CH2][CH2][N]=[C]([OH])[CH]([OH])[C]([CH3])([CH3])[CH2][O][P](=[O])([OH])[O][P](=[O])([OH])[O][CH2][CH]1[O][CH]([n]2[cH][n][c]3[c]([NH2])[n][cH][n][c]32)[CH]([OH])[CH]1[O][P](=[O])([OH])[OH]
12112,[CH3][CH2][CH2][CH2][CH2][CH2][CH]=[CH][CH2][C](=[O])[CH2][C](=[O])[S][CH2][CH2][N]=[C]([OH])[CH2][CH2][N]=[C]([OH])[CH]([OH])[C]([CH3])([CH3])[CH2][O][P](=[O])([OH])[O][P](=[O])([OH])[O][CH2][CH]1[O][CH]([n]2[cH][n][c]3[c]([NH2])[n][cH][n][c]32)[CH]([OH])[CH]1[O][P](=[O])([OH])[OH]
12113,[CH3][c]1[cH][n]([CH]2[CH2][CH]([OH])[CH]([CH2][O][P](=[O])([OH])[O][P](=[O])([OH])[O][CH]3[CH2][CH2][CH]([OH])[CH]([CH3])[O]3)[O]2)[c](=[O])[n][c]1[OH]
12114,[CH3][CH2][C](=[O])[CH2][C](=[O])[c]1[c]([CH2][C](=[O])[OH])[cH][c]2[c]([c]1[OH])[C](=[O])[c]1[c]([OH])[cH][cH][cH][c]1[CH2]2
12115,[CH3][c]1[n][cH][cH][cH][c]1[CH2][CH2][OH]
12116,[OH][CH]1[CH2][O][CH]([OH])[CH]([OH])[CH]1[OH]
12117,[CH3][CH2][CH2][CH2][CH2][CH2][CH2][CH2][CH]=[CH][CH2][CH2][CH2][CH2][CH2][CH2][CH2][C](=[O])[O][CH2][CH]([CH2][O][P](=[O])([OH])[OH])[O][C](=[O])[CH2][CH2][CH2][CH2][CH2][CH2][CH2][CH]=[CH][CH2][CH2][CH2][CH2][CH2][CH2][CH2][CH3]
12118,[CH3][CH2][CH2][CH2][CH2][CH2][CH2][CH2][CH]=[CH][CH2][CH2][CH2][CH2][CH2][CH2][CH2][C](=[O])[O][CH2][C](=[O])[CH2][O][P](=[O])([OH])[OH]
12119,[CH3][CH]([OH])[CH]([OH])[CH2][CH]([OH])[CH]=[O]
12120,[CH3][CH]1[O][CH]([OH])[CH]([OH])[CH2][CH]1[OH]
12121,[CH3][c]1[cH][n]([CH]2[CH2][CH]([OH])[CH]([CH2][O][P](=[O])([OH])[O][P](=[O])([OH])[O][CH]3[CH2][C]([CH3])([NH2])[C](=[O])[CH]([CH3])[O]3)[O]2)[c](=[O])[n][c]1[OH]
12122,[CH3][c]1[cH][n]([CH]2[CH2][CH]([OH])[CH]([CH2][O][P](=[O])([OH])[O][P](=[O])([OH])[O][CH]3[CH2][C]([CH3])([NH2])[C](=[O])[CH]([CH3])[O]3)[O]2)[c](=[O])[n][c]1[OH]
12123,[OH][CH2][CH]1[O][CH]([O][CH2][CH]2[O][CH]([O][c]3[cH][c]4[c]([OH])[cH][c]([OH])[cH][c]4[o+][c]3-[c]3[cH][cH][c]([OH])[c]([OH])[cH]3)[CH]([O][CH]3[O][CH2][CH]([OH])[CH]([OH])[CH]3[OH])[CH]([OH])[CH]2[OH])[CH]([OH])[CH]([OH])[CH]1[OH]
12124,[O]=[c]1[cH][c]([OH])[cH][c]2[o][c](-[c]3[cH][cH][c]([OH])[c]([OH])[cH]3)[c]([O][CH]3[O][CH]([CH2][O+]=[C]([OH])[CH]=[CH][c]4[cH][cH][c]([OH])[cH][cH]4)[CH]([OH])[CH]([OH])[CH]3[OH])[cH][c]1-2
12125,[O]=[P]([OH])([OH])[O][CH2][CH]1[O][CH]([OH])[CH]([OH])[CH]1[OH]
12126,[CH3][O][c]1[cH][c](-[c]2[o][c]3[cH][c]([OH])[c]([O][CH3])[c]([OH])[c]3[c](=[O])[c]2[OH])[cH][cH][c]1[OH]
12127,[NH]=[C]([OH])[C](=[O])[CH-][C](=[O])[C](=[O])[OH]
12128,[O]=[C]1[C]([OH])=[C]([c]2[cH][cH][c]([OH])[cH][cH]2)[C](=[O])[C]([OH])=[C]1[c]1[cH][cH][c]([OH])[cH][cH]1
12129,[OH][C]1=[C]([c]2[cH][nH][c]3[cH][cH][cH][cH][c]23)[CH]([OH])[C]([OH])=[C]([c]2[cH][nH][c]3[cH][cH][cH][cH][c]23)[CH]1[OH]
12130,[CH3][N]1[c]2[c]([OH])[n][c](=[NH])[nH][c]2[NH][CH2][CH]1[CH2][NH][c]1[cH][cH][c]([C](=[O])[NH][CH]([CH2][CH2][C](=[O])[OH])[C](=[O])[OH])[cH][cH]1
12131,[O]=[C]1[O][CH]([OH])[C]([CH2][c]2[cH][cH][cH][cH][cH]2)=[C]1[c]1[cH][cH][cH][cH][cH]1
12132,[CH3][CH2][CH2][CH2][CH2][CH]=[CH][CH2][CH]=[CH][CH2][CH]=[CH][CH2][CH]=[CH][CH2][CH2][CH2][CH2][CH2][C](=[O])[CH2][C](=[O])[S][CH2][CH2][N]=[C]([OH])[CH2][CH2][N]=[C]([OH])[CH]([OH])[C]([CH3])([CH3])[CH2][O][P](=[O])([OH])[O][P](=[O])([OH])[O][CH2][CH]1[O][CH]([n]2[cH][n][c]3[c]([NH2])[n][cH][n][c]32)[CH]([OH])[CH]1[O][P](=[O])([OH])[OH]
12133,[CH3][CH2][CH]=[CH][CH2][CH]=[CH][CH2][CH]=[CH][CH2][CH]=[CH][CH2][CH]=[CH][CH2][CH2][CH2][CH2][CH2][C](=[O])[CH2][C](=[O])[S][CH2][CH2][N]=[C]([OH])[CH2][CH2][N]=[C]([OH])[CH]([OH])[C]([CH3])([CH3])[CH2][O][P](=[O])([OH])[O][P](=[O])([OH])[O][CH2][CH]1[O][CH]([n]2[cH][n][c]3[c]([NH2])[n][cH][n][c]32)[CH]([OH])[CH]1[O][P](=[O])([OH])[OH]
12134,[CH3][n]1[c]([CH2][CH2][CH2][NH][C](=[NH])[NH2])[cH][n]2[cH][cH][cH][c]2[c]1=[O]
12135,[CH3][O][c]1[cH][cH][c]([CH]2[CH2][O][c]3[cH][c]([OH])[cH][cH][c]3[CH2]2)[c]([OH])[cH]1
12136,[CH3][O][c]1[cH][cH][c]([CH]2[CH2][O][C]3=[CH][C](=[O])[CH2][CH2][C]3([OH])[CH2]2)[c]([OH])[cH]1
12137,[O]=[C]1[CH]=[CH][C](=[N+]([O-])[OH])[CH2][C]1=[N+]([O-])[OH]
12138,[O]=[C]1[C](=[N+]([O-])[O-])[CH2][C](=[N+]([O-])[OH])[CH2][C]1=[N+]([O-])[OH]
12139,[O]=[C]1[C]([N]([O-])[O-])=[CH][C]([N+](=[O])[OH])=[CH][C]1=[N+]([O-])[OH]
12140,[CH3][C]([CH]=[CH][CH]=[C]([CH3])[CH]=[CH][C]1=[C]([CH3])[C]([OH])=[CH][CH2][C]1([CH3])[CH3])=[CH][CH]=[CH][CH]=[C]([CH3])[CH]=[CH][CH]=[C]([CH3])[CH]=[CH][C]1=[C]([CH3])[C]([OH])=[CH][CH2][C]1([CH3])[CH3]
12141,[CH3][C]([CH]=[CH][CH]=[C]([CH3])[CH]=[CH][C]1=[C]([CH3])[C](=[O])[CH2][CH2][C]1([CH3])[CH3])=[CH][CH]=[CH][CH]=[C]([CH3])[CH]=[CH][CH]=[C]([CH3])[CH]=[CH][C]1=[C]([CH3])[CH]([OH])[CH2][CH2][C]1([CH3])[CH3]
12142,[CH3][C]([CH]=[CH][C]1([OH])[C]([CH2][OH])=[CH][C](=[O])[CH2][C]1([CH3])[CH3])=[CH][C](=[O])[OH]
12143,[CH3][CH]=[CH][CH]1[CH]=[CH][CH]2[CH2][CH]([CH3])[CH2][CH2][CH]2[C]1([CH3])[C]([OH])=[C]1[C](=[O])[CH]([CH2][OH])[N]=[C]1[OH]
12144,[CH3][CH]=[CH][CH]1[CH]=[CH][CH]2[CH2][CH]([CH3])[CH2][CH2][CH]2[C]1([CH3])[C]([OH])=[C]1[C](=[O])[CH]([CH2][OH])[N]([CH3])[C]1=[O]
12145,[CH3][c]1[nH][c]2[cH][cH][cH][cH][c]2[c]1[CH2][CH]([NH2])[C](=[O])[OH]
12146,[O]=[c]1[cH][c]([OH])[cH][c]2[o][c](-[c]3[cH][cH][c]([OH])[c]([OH])[cH]3)[c]([O][CH]3[O][CH]([CH2][O+]=[C]([OH])[CH]=[CH][c]4[cH][cH][c]([OH])[c]([OH])[cH]4)[CH]([OH])[CH]([OH])[CH]3[OH])[cH][c]1-2
12147,[O]=[c]1[cH][c](-[c]2[cH][cH][c]([OH])[cH][cH]2)[o][c]2[cH][c]([O][CH]3[O][CH2][CH]([OH])[CH]([OH])[CH]3[OH])[c]([CH]3[O][CH]([CH2][OH])[CH]([OH])[CH]([OH])[CH]3[OH])[c]([OH])[c]12
12148,[O]=[c]1[cH][c](-[c]2[cH][cH][c]([OH])[cH][cH]2)[o][c]2[cH][c]([O][CH]3[O][CH2][CH]([OH])[CH]([OH])[CH]3[OH])[c]([CH]3[O][CH]([CH2][OH])[CH]([OH])[CH]([OH])[CH]3[O][CH]3[CH2][O][CH]([OH])[CH]([OH])[CH]3[OH])[c]([OH])[c]12
12149,[CH3][O][c]1[cH][c]([O][CH3])[c]2[c]([c]1[OH])[C](=[O])[C]([CH2][C]([CH3])=[O])=[C]([CH2][OH])[C]2=[O]
12150,[CH3][O][c]1[cH][c]([O][CH3])[c]2[c]([c]1[OH])[C](=[O])[C]1=[CH][C]([CH3])([OH])[O][CH2][C-]1[C]2=[O]
12151,[CH3][O][c]1[cH][c]([O][CH3])[c]2[c]([c]1[OH])[C](=[O])[c]1[c]([cH][o][c]1[CH]([CH3])[OH])[C]2=[O]
12152,[NH2][C]1=[C]([SH])[C](=[CH][SH])[N]=[C]1[OH]
12153,[CH3][C]([OH])=[N][C]1=[C]([SH])[C](=[CH][SH])[N]=[C]1[OH]
12154,[NH]=[C]1[C](=[O])[NH][C](=[CH][SH])[CH]1[SH]
12155,[NH2][CH]1[C]([OH])=[N][C](=[CH][SH])[CH]1[SH]
12156,[NH2][CH]1[C]([OH])=[N][C]([CH]=[S])([C](=[O])[OH])[CH]1[SH]
12157,[CH3][CH2][CH2][CH2][CH2][CH2][CH]=[CH][CH2][CH2][CH2][CH2][CH2][CH2][CH2][C](=[O])[O][CH]([CH2][O][C](=[O])[CH2][CH2][CH2][CH2][CH2][CH2][CH2][CH2][CH2][CH2][CH2][CH2][CH2][CH2][CH3])[CH2][O][P](=[O])([OH])[OH]
12158,[CH3][CH2][CH2][CH2][CH2][CH2][CH]=[CH][CH2][CH2][CH2][CH2][CH2][CH2][CH2][CH2][CH2][C](=[O])[O][CH]([CH2][O][C](=[O])[CH2][CH2][CH2][CH2][CH2][CH2][CH2][CH2][CH2][CH2][CH2][CH2][CH2][CH2][CH3])[CH2][O][P](=[O])([OH])[OH]
12159,[CH3][CH2][CH2][CH2][CH2][CH2][CH]=[CH][CH2][CH2][CH2][CH2][CH2][CH2][CH2][CH2][CH2][C](=[O])[O][CH2][CH]([CH2][O][P](=[O])([OH])[OH])[O][C](=[O])[CH2][CH2][CH2][CH2][CH2][CH2][CH2][CH2][CH2][CH]=[CH][CH2][CH2][CH2][CH2][CH2][CH3]
12160,[CH3][CH2][CH2][CH2][CH2][CH2][CH2][CH2][CH2][CH2][CH2][CH2][CH2][C](=[O])[O][CH2][CH]([CH2][O][P](=[O])([OH])[OH])[O][C](=[O])[CH2][CH2][CH2][CH2][CH2][CH2][CH2][CH2][CH2][CH2][CH2][CH2][CH3]
12161,[O]=[C]([OH])[C]([Cl])=[C]1[CH]=[C]([Cl])[C](=[O])[O]1
12162,[O]=[C]1[CH2][C]([OH])([CH2][OH])[CH]([OH])[C]([OH])=[C]1[OH]
12163,[CH3][O][C]1=[C]([OH])[CH2][C]([OH])([CH2][OH])[CH2][C]1=[O]
12164,[CH3][O][C]1=[C]([NH][CH2][C](=[O])[OH])[CH2][C]([OH])([CH2][OH])[CH2][C]1=[O]
12165,[CH3][O][C]1=[C]([OH])[CH]([OH])[C]([OH])([CH2][OH])[CH2][C]1=[O]
12166,[CH3][C](=[CH][c]1[cH][cH][c]([OH])[cH][cH]1)[c]1[cH][cH][c]([OH])[cH][cH]1
12167,[CH3][CH]([CH2][OH])[CH2][CH2][CH2][CH]([CH3])[CH]1[CH2][CH2][CH]2[CH]3[CH2][CH]=[C]4[CH2][CH]([OH])[CH2][CH2][C]4([CH3])[CH]3[CH2][CH2][C]12[CH3]
12168,[CH3][O][c]1[cH][c](-[c]2[o+][c]3[cH][c]([OH])[cH][c]([OH])[c]3[cH][c]2[OH])[cH][cH][c]1[OH]
12169,[CH3][O][c]1[cH][c](-[c]2[o+][c]3[cH][c]([OH])[cH][c]([OH])[c]3[cH][c]2[O][CH]2[O][CH]([CH2][OH])[CH]([OH])[CH]([OH])[CH]2[OH])[cH][cH][c]1[OH]
12170,[NH2][CH2][C](=[O])[c]1[cH][cH][cH][cH][cH]1
12171,[OH][c]1[cH][c]([OH])[c]2[c]([cH]1)[O][CH]([c]1[cH][cH][c]([OH])[c]([OH])[cH]1)[CH]([OH])[CH2]2
12172,[OH][c]1[cH][c]([OH])[c]2[c]([cH]1)[O][CH]([c]1[cH][cH][c]([OH])[c]([OH])[cH]1)[CH]([OH])[CH2]2
12173,[OH][c]1[cH][cH][c]([CH]2[O][c]3[cH][c]([OH])[cH][c]([OH])[c]3[CH2][CH]2[OH])[cH][cH]1
12174,[OH][c]1[cH][cH][c]([CH]2[O][c]3[cH][c]([OH])[cH][c]([OH])[c]3[CH2][CH]2[OH])[cH][cH]1
12175,[OH][c]1[cH][c]([OH])[c]2[c]([cH]1)[O][CH]([c]1[cH][c]([OH])[c]([OH])[c]([OH])[cH]1)[CH]([OH])[CH2]2
12176,[OH][c]1[cH][c]([OH])[c]2[c]([cH]1)[O][CH]([c]1[cH][c]([OH])[c]([OH])[c]([OH])[cH]1)[CH]([OH])[CH2]2
12177,[CH3][CH2][CH2][CH2][CH2][CH2][CH2][CH2][CH]=[CH][CH2][CH2][CH2][CH2][CH2][CH]=[CH][C](=[O])[S][CH2][CH2][N]=[C]([OH])[CH2][CH2][N]=[C]([OH])[CH]([OH])[C]([CH3])([CH3])[CH2][O][P](=[O])([OH])[O][P](=[O])([OH])[O][CH2][CH]1[O][CH]([n]2[cH][n][c]3[c]([NH2])[n][cH][n][c]32)[CH]([OH])[CH]1[O][P](=[O])([OH])[OH]
12178,[O]=[C]([OH])[CH]([c]1[cH][cH][c]([OH])[cH][cH]1)[N]1[CH2][CH]([N]=[C]([OH])[C](=[N][OH])[c]2[cH][cH][c]([OH])[cH][cH]2)[C]1=[O]
12179,[CH3][c]1[c]([CH2][CH]=[C]([C]([OH])=[CH][C](=[NH])[OH])[N]([CH3])[CH3])[c]([C](=[O])[OH])[c]([OH])[c]2[c]([OH])[cH][cH][cH][c]12
12180,[CH3][c]1[c]2[c]([c]([OH])[c]3[c]([OH])[cH][cH][cH][c]13)[C](=[O])[O][CH]([CH]([C]([OH])=[CH][C](=[NH])[OH])[N]([CH3])[CH3])[CH2]2
12181,[CH3][CH2][C](=[O])[CH2][C](=[O])[CH2][C](=[O])[CH2][C](=[O])[c]1[c]([OH])[cH][cH][cH][c]1[CH2][C](=[O])[CH2][C](=[O])[CH2][C](=[O])[OH]
12182,[CH3][c]1[cH][n]([CH]2[CH2][CH]([OH])[CH]([CH2][O][P](=[O])([OH])[O][P](=[O])([OH])[O][CH]3[CH2][C](=[O])[C](=[O])[CH]([CH3])[O]3)[O]2)[c](=[O])[n][c]1[OH]
12183,[OH][c]1[n][c]2[cH][c]([Cl])[cH][cH][c]2[o]1
12184,[NH]=[C]=[S]
12185,[CH3][CH]([O][P](=[O])([OH])[O][CH2][CH]([OH])[CH]([OH])[CH]([OH])[CH2][n]1[c]2[cH][c](=[O])[cH][cH][c]-2[cH][c]2[c]([OH])[n][c]([OH])[n][c]21)[C]([OH])=[N][CH]([CH2][CH2][C]([OH])=[N][CH]([CH2][CH2][C](=[O])[OH])[C](=[O])[OH])[C](=[O])[OH]
12186,[CH3][S][CH2][CH2][CH2][C](=[N][OH])[S][CH2][CH]([NH2])[C](=[O])[OH]
12187,[O]=[C]([OH])[C]([OH])=[CH][CH]=[CH][C](=[O])[c]1[cH][cH][cH][cH][c]1[C](=[O])[OH]
12188,[CH3][O][c]1[cH][cH][c]([CH]2[CH2][O][c]3[cH][c]([OH])[cH][cH][c]3[CH]2[OH])[c]([OH])[cH]1
12189,[CH3][CH]([CH3])[CH]([CH3])[CH]=[CH][CH]([CH3])[CH]1[CH2][CH2][CH]2[CH]3[CH2][CH]=[C]4[CH2][CH]([OH])[CH2][CH2][C]4([CH3])[CH]3[CH2][CH2][C]12[CH3]
12190,[O]=[C]([OH])[CH2][C](=[O])[O][CH2][CH]1[O][CH]([O][c]2[cH][cH][c]3[c]([cH]2)[O][CH2][CH]2[c]4[cH][c]5[c]([cH][c]4[O][CH]32)[O][CH2][O]5)[CH]([OH])[CH]([OH])[CH]1[OH]
12191,[CH3][C](=[CH][CH2][NH][c]1[n][cH][n][c]2[c]1[n][cH][n]2[CH]1[O][CH]([CH2][OH])[CH]([OH])[CH]([OH])[CH]1[OH])[CH2][OH]
12192,[CH3][C](=[CH][CH2][NH][c]1[n][cH][n][c]2[n][cH][n]([CH]3[O][CH]([CH2][OH])[CH]([OH])[CH]([OH])[CH]3[OH])[c]12)[CH2][OH]
12193,[CH3][C](=[CH][CH2][NH][c]1[n][cH][n][c]2[c]1[n][cH][n]2[CH]1[O][CH]([CH2][OH])[CH]([OH])[CH]([OH])[CH]1[OH])[CH2][OH]
12194,[CH3][C](=[CH][CH2][NH][c]1[n][cH][n][c]2[c]1[n][cH][n]2[CH]1[O][CH]([CH2][OH])[CH]([OH])[CH]([OH])[CH]1[OH])[CH2][O][CH]1[O][CH]([CH2][OH])[CH]([OH])[CH]([OH])[CH]1[OH]
12195,[CH3][CH]1[O][CH]([O][CH2][CH]2[O][CH]([O][c]3[cH][c]4[c]([OH])[cH][c]([OH])[cH][c]4[o+][c]3-[c]3[cH][cH][c]([OH])[c]([OH])[cH]3)[CH]([OH])[CH]([OH])[CH]2[OH])[CH]([OH])[CH]([OH])[CH]1[OH]
12196,[CH2]=[CH][C]([CH3])=[CH][CH2][CH]=[C]([CH3])[CH3]
12197,[NH]=[c]1[n][c]([CH2][CH]([NH2])[C](=[O])[OH])[cH][cH][nH]1
12198,[NH]=[c]1[n][c]([C](=[O])[OH])[cH][cH][nH]1
12199,[CH2]=[C]1[CH2][C]23[CH2][CH]1[CH2][CH2][CH]2[C]12[CH2][CH2][CH2][C]([CH3])([C](=[O])[O][CH2]1)[CH]2[CH]3[C](=[O])[OH]
12200,[O]=[P]([OH])([OH])[O][CH]1[CH]([OH])[CH]([O][P](=[O])([OH])[OH])[CH]([O][P](=[O])([OH])[OH])[CH]([O][P](=[O])([OH])[OH])[CH]1[O][P](=[O])([OH])[OH]
12201,[CH3][CH]([O][P](=[O])([OH])[O][CH2][CH]([OH])[CH]([OH])[CH]([OH])[CH2][n]1[c]2[cH][c](=[O])[cH][cH][c]-2[cH][c]2[c]([OH])[n][c]([OH])[n][c]21)[C](=[O])[OH]
12202,[CH3][NH][CH2][CH2][CH2][CH]=[O]
12203,[OH][CH2][CH]1[O][CH]([O][CH]2[CH]([OH])[CH]([OH])[CH]([OH])[CH]([OH])[CH]2[OH])[CH]([OH])[CH]([OH])[CH]1[OH]
12204,[OH][CH2][CH]1[O][CH]([O][CH]2[CH]([OH])[CH]([OH])[CH]([OH])[CH]([OH])[CH]2[OH])[CH]([OH])[CH]([OH])[CH]1[OH]
12205,[CH3][c]1[n][cH][c]([CH]=[O])[c]([CH]([OH])[OH])[c]1[OH]
12206,[CH3][CH]([CH]=[CH][C](=[O])[C](=[O])[OH])[C](=[O])[OH]
12207,[CH3][CH2][CH]=[CH][C](=[O])[C](=[O])[OH]
12208,[CH3][CH]([OH])[CH]([OH])[CH]1[CH2][NH][c]2[nH][c](=[NH])[n][c]([OH])[c]2[NH]1
12209,[CH3][CH]=[CH][S](=[O])[CH2][CH]([NH2])[C](=[O])[OH]
12210,[CH3][CH2][N]=[c]1[n][c]([OH])[nH][c]([OH])[n]1
12211,[CH3][C]([CH3])=[CH][CH2][CH2][C]1([CH3])[CH]([CH2][CH]=[C]([CH3])[CH3])[CH2][C]2([CH2][CH]=[C]([CH3])[CH3])[C](=[O])[C]([CH2][CH]=[C]([CH3])[CH3])=[C]([OH])[C]1([C](=[O])[CH]([CH3])[CH3])[C]2=[O]
12212,[O]=[C]([OH])[C](=[O])[CH2][CH2][CH2][OH]
12213,[CH2]=[C]=[CH][C](=[O])[C](=[O])[OH]
12214,[CH3][O][C]1=[CH][C]23[CH2][CH2][N]([CH3])[CH]([CH2][C]2=[CH][C]1=[O])[CH2][c]1[cH][c]([OH])[c]([O][CH3])[c]([O][CH3])[c]13
12215,[CH3][O][c]1[cH][c]2[c]([c]([O][CH3])[c]1[O][CH3])-[c]1[cH][cH][c]([O][CH3])[c](=[O])[cH][c]1[CH]([N]=[C]([CH3])[OH])[CH2][CH2]2
12216,[CH2]=[C]([CH3])[CH]1[CH2][CH2][CH]([CH3])[C](=[O])[CH2]1
12217,[CH2]=[C]([CH3])[CH]1[CH2][CH2][C]2([CH3])[O][CH]2[CH2]1
12218,[CH3][CH2][CH]1[O][C]([CH3])=[C]([OH])[C]1=[O]
12219,[CH3][C](=[CH][CH2][CH2][CH]([CH3])[CH]1[CH2][CH2][CH]2[CH]3[CH]([OH])[CH2][CH]4[CH2][CH]([OH])[CH2][CH2][C]4([CH3])[CH]3[CH2][CH2][C]12[CH3])[C](=[O])[S][CH2][CH2][N]=[C]([OH])[CH2][CH2][N]=[C]([OH])[CH]([OH])[C]([CH3])([CH3])[CH2][O][P](=[O])([OH])[O][P](=[O])([OH])[O][CH2][CH]1[O][CH]([n]2[cH][n][c]3[c]([NH2])[n][cH][n][c]32)[CH]([OH])[CH]1[O][P](=[O])([OH])[OH]
12220,[O]=[C]([OH])[CH]=[C]1[CH]=[C]([Cl])[C](=[O])[O]1
12221,[O]=[C]([OH])[CH]=[C]1[CH]=[CH][C](=[O])[O]1
12222,[O]=[C]([OH])[C]([Cl])=[CH][C](=[O])[CH]([Cl])[C](=[O])[OH]
12223,[CH3][C]([OH])=[N][CH]1[CH]([O][P](=[O])([OH])[O][P](=[O])([OH])[O][CH2][CH]2[O][CH]([n]3[cH][cH][c]([OH])[n][c]3=[O])[CH]([OH])[CH]2[OH])[O][CH]([CH2][OH])[CH]([OH])[CH]1[O][CH]([CH3])[C](=[O])[OH]
12224,[CH3][CH2][CH2][CH2][CH2][CH2][CH2][CH2][CH2][CH2][CH2][CH2][CH2][C](=[O])[O][CH]([CH2][CH2][CH2][CH2][CH2][CH2][CH2][CH2][CH2][CH2][CH3])[CH2][C](=[O])[O][CH]1[CH]([N]=[C]([OH])[CH2][CH]([CH2][CH2][CH2][CH2][CH2][CH2][CH2][CH2][CH2][CH2][CH3])[O][C](=[O])[CH2][CH2][CH2][CH2][CH2][CH2][CH2][CH2][CH2][CH2][CH3])[CH]([O][CH2][CH]2[O][CH]([O][P](=[O])([OH])[OH])[CH]([N]=[C]([OH])[CH2][CH]([OH])[CH2][CH2][CH2][CH2][CH2][CH2][CH2][CH2][CH2][CH2][CH3])[CH]([O][C](=[O])[CH2][CH]([OH])[CH2][CH2][CH2][CH2][CH2][CH2][CH2][CH2][CH2][CH2][CH3])[CH]2[OH])[O][CH]([CH2][O][C]2([C](=[O])[OH])[CH2][CH]([O][C]3([C](=[O])[OH])[CH2][CH]([OH])[CH]([OH])[CH]([CH]([OH])[CH2][OH])[O]3)[CH]([O][CH]3[O][CH]([CH]([OH])[CH2][OH])[CH]([O][P](=[O])([OH])[OH])[CH]([O][CH]4[O][CH]([CH]([OH])[CH2][OH])[CH]([OH])[CH]([O][CH]5[O][CH]([CH2][OH])[CH]([OH])[CH]([OH])[CH]5[OH])[CH]4[OH])[CH]3[OH])[CH]([CH]([OH])[CH2][OH])[O]2)[CH]1[O][P](=[O])([OH])[OH]
12225,[NH2][CH2][C]([OH])=[N][CH]([CH2][C](=[O])[OH])[C](=[O])[OH]
12226,[CH3][C](=[O])[O][CH]1[CH]([OH])[O][CH]([CH2][O][P](=[O])([OH])[O][P](=[O])([OH])[O][CH2][CH]2[O][CH]([n]3[cH][n][c]4[c]([NH2])[n][cH][n][c]43)[CH]([OH])[CH]2[OH])[CH]1[OH]
12227,[OH][CH2][CH]1[O][CH]([O][CH]2[CH]([OH])[CH2][O][CH]([OH])[CH]2[OH])[CH]([OH])[CH]([OH])[CH]1[OH]
12228,[CH3][CH2][CH2][CH2][CH2][CH2][CH]=[CH][CH2][CH2][CH2][CH2][CH2][CH2][CH2][CH2][CH2][C](=[O])[OH]
12229,[CH3][CH]([O][CH]1[O][CH]([CH2][OH])[CH]([OH])[CH]([OH])[CH]1[OH])[CH]([OH])[CH]1[CH2][NH][c]2[nH][c](=[NH])[n][c]([OH])[c]2[NH]1
12230,[OH][CH2][CH]1[O][CH]([OH])[CH]([OH])[CH]([OH])[CH]1[OH]
12231,[O]=[C]([OH])[CH2][N]=[C]([OH])[c]1[cH][cH][cH][c]([Cl])[cH]1
12232,[CH3][CH]([CH3])[CH2][CH2][CH2][CH]([CH3])[CH]1[CH2][CH2][CH]2[C]3=[C]([CH2][CH2][C]21[CH3])[C]1([CH3])[CH2][CH2][C](=[O])[CH2][CH]1[CH2][CH2]3
12233,[CH3][C]([CH3])=[CH][CH2][CH2][CH]([CH3])[CH]1[CH2][CH2][CH]2[C]3=[C]([CH2][CH2][C]21[CH3])[C]1([CH3])[CH2][CH2][C](=[O])[CH]([CH3])[CH]1[CH2][CH2]3
12234,[CH3][C]([CH3])=[CH][CH2][CH2][CH]([CH3])[CH]1[CH2][CH2][CH]2[C]3=[C]([CH2][CH2][C]21[CH3])[C]1([CH3])[CH2][CH2][C](=[O])[CH2][CH]1[CH2][CH2]3
12235,[CH3][CH2][CH2][CH2][CH2][CH]([OH])[CH]=[CH][CH]=[CH][CH]=[CH][CH]=[CH][CH]([OH])[CH]([OH])[CH2][CH2][CH2][C](=[O])[OH]
12236,[CH3][CH2][CH]([OH])[CH]=[CH][CH]=[CH][CH2][CH]=[CH][CH2][CH]=[CH][CH]=[CH][CH]([CH2][CH2][CH2][C](=[O])[OH])[O][OH]
12237,[O]=[C]1[O][CH]2[CH]([OH])[CH2][O][C]2([OH])[C]1([OH])[CH2][c]1[cH][nH][c]2[cH][cH][cH][cH][c]12
12238,[CH3][CH]([OH])[CH]([OH])[C]1=[N][c]2[c]([OH])[n][c](=[NH])[nH][c]2[NH][CH2]1
12239,[CH3][C]([OH])=[N][CH]1[CH]([O][P](=[O])([OH])[O][P](=[O])([OH])[O][CH2][CH]2[O][CH]([n]3[cH][cH][c]([OH])[n][c]3=[O])[CH]([OH])[CH]2[OH])[O][CH]([CH2][OH])[CH]([OH])[CH]1[OH]
12240,[OH][CH]1[CH]([OH])[CH]([OH])[CH]([OH])[CH]([OH])[CH]1[OH]
12241,[CH3][C]([OH])([CH2][CH2][OH])[CH2][C](=[O])[OH]
12242,[CH3][C]([OH])=[N][CH]1[CH]([OH])[O][CH]([CH2][OH])[CH]([OH])[CH]1[O][CH]1[O][CH]([C](=[O])[OH])[CH]([OH])[CH]([OH])[CH]1[OH]
12243,[CH3][C]([OH])=[N][CH]([CH]=[O])[CH]([OH])[CH]([OH])[CH]([OH])[CH2][OH]
12244,[CH3][n]1[cH][cH][n][c]1[SH]
12245,[CH3][n]1[cH][cH][nH][c]1=[S]=[O]
12246,[CH3][CH2][CH2][CH2][CH2][CH2][CH2][CH2][CH2][CH2][CH2][CH2][CH2][CH2][CH2][CH]([OH])[CH]([NH2])[CH2][OH]
12247,[CH3][C](=[O])[O][CH]1[C](=[O])[C]2([CH3])[CH]([OH])[CH]([OH])[CH]3[O][CH2][C]3([O][C]([CH3])=[O])[CH]2[CH]([O][C](=[O])[c]2[cH][cH][cH][cH][cH]2)[C]2([OH])[CH2][CH]([O][C](=[O])[CH]([OH])[CH]([N]=[C]([OH])[c]3[cH][cH][cH][cH][cH]3)[c]3[cH][cH][cH][cH][cH]3)[C]([CH3])=[C]1[C]2([CH3])[CH3]
12248,[CH3][CH2][CH2][CH2][CH2][CH]([OH])[CH]=[CH][CH]=[CH][CH2][CH]=[CH][CH2][CH2][CH2][C](=[O])[OH]
12249,[O]=[CH][CH-][CH]=[O]
12250,[CH3][CH2][CH2][CH2][CH2][CH2][CH2][CH2][CH2][CH2][CH2][CH2][CH2][CH2][CH2][CH]1[CH2][CH2][CH2][C](=[O])[O]1
12251,[CH3][CH2][CH2][CH2][CH2][CH]=[CH][CH2][CH]=[CH][CH2][CH]=[CH][CH]=[CH][CH]([OH])[CH2][CH2][CH2][C](=[O])[OH]
12252,[CH3][CH]([OH])[CH]([OH])[CH]1[CH2][NH][c]2[nH][c](=[NH])[n][c]([OH])[c]2[N]1
12253,[O]=[c]1[n][c]([OH])[cH][cH][n]1[CH]1[O][CH]([CH2][O][P](=[O])([OH])[O][P](=[O])([OH])[O][CH]2[O][CH]([CH2][OH])[CH]([OH])[CH]([OH])[CH]2[OH])[CH]([OH])[CH]1[OH]
12254,[O]=[C]([OH])[C]1([OH])[CH2][CH]([OH])[CH]([OH])[CH]([CH]([OH])[CH2][O][P](=[O])([OH])[OH])[O]1
12255,[O]=[C]([OH])[CH2][CH2][CH2][CH2][CH]([SH])[CH2][CH2][SH]
12256,[O]=[C]1[CH2][NH][CH]([C](=[O])[OH])[CH2]1
12257,[O]=[C]([OH])[CH]1[CH2][CH]([OH])[CH2][NH]1
12258,[O]=[CH][CH]([OH])[CH]([OH])[CH]([OH])[CH2][OH]
12259,[O]=[C]([OH])[CH]([OH])[CH]([OH])[CH]([OH])[C](=[O])[CH2][OH]
12260,[O]=[C]1[c]2[cH][cH][c]([OH])[cH][c]2[O][CH]([OH])[CH]1[c]1[cH][cH][c]([OH])[cH][cH]1
12261,[NH2][C]([C](=[O])[OH])=[C]([CH]=[CH][CH]=[O])[C](=[O])[OH]
12262,[CH3][CH]([OH])[CH]([OH])[CH]1[CH2][NH][c]2[nH][c](=[NH])[n][c]([OH])[c]2[NH]1
12263,[O]=[CH][CH]=[CH][C]([C](=[O])[OH])=[C]([OH])[C](=[O])[OH]
12264,[CH3][C](=[O])[O][CH2][CH]1[O][CH]([OH])[CH]([OH])[CH]([OH])[CH]1[OH]
12265,[O]=[C]([OH])[c]1[cH][cH][cH][n+]([CH]2[O][CH]([CH2][OH])[CH]([OH])[CH]([OH])[CH]2[OH])[cH]1
12266,[CH3][O][c]1[cH][c]2[c]([cH][c]1[OH])[CH]([CH2][c]1[cH][cH][c]([OH])[cH][cH]1)[NH][CH2][CH2]2
12267,[CH3][C]12[CH2][CH2][CH]([CH2][C]1=[O])[C]2([CH3])[CH3]
12268,[O]=[C]([CH]=[CH][c]1[cH][cH][c]([OH])[c]([OH])[cH]1)[O][CH]([CH2][c]1[cH][cH][c]([OH])[c]([OH])[cH]1)[C](=[O])[OH]
12269,[CH3][C]12[CH2][CH2][CH]3[CH]([CH2][CH2][CH]4[CH2][C](=[O])[CH2][CH2][C]43[CH3])[CH]1[CH2][CH2][CH]2[OH]
12270,[CH3][C](=[CH][CH2][NH][c]1[n][cH][nH][c]2[n][cH][n][c]1-2)[CH2][O][CH]1[O][CH]([CH2][OH])[CH]([OH])[CH]([OH])[CH]1[OH]
12271,[O]=[C]([OH])[CH2][CH2][C](=[O])[CH]=[CH][CH]=[C]([OH])[C](=[O])[OH]
12272,[CH2]=[C]1[CH2][CH2][CH]2[CH2][CH]1[C]2([CH3])[CH3]
12273,[O]=[C]([OH])[CH2][CH2][C]([OH])([CH2][C](=[O])[OH])[C](=[O])[OH]
12274,[OH][CH2][CH]1[O][CH]([O][CH]2[CH]([CH2][OH])[O][CH]([OH])[CH]([OH])[CH]2[OH])[CH]([OH])[CH]([OH])[CH]1[OH]
12275,[NH2][c]1[cH][cH][c]([OH])[cH][c]1[C](=[O])[CH2][CH]([NH2])[C](=[O])[OH]
12276,[O]=[C]([OH])[CH2][CH]=[CH][C](=[O])[C](=[O])[OH]
12277,[O]=[C]([OH])[CH]=[CH][CH]=[C]([OH])[C](=[O])[OH]
12278,[CH3][CH]1[O][CH]([O][P](=[O])([OH])[O][P](=[O])([OH])[O][CH2][CH]2[O][CH]([n]3[cH][cH][c](=[NH])[n][c]3[OH])[CH]([OH])[CH]2[OH])[CH]([OH])[CH2][C]1=[O]
12279,[CH3][C]([CH3])([CH2][O][P](=[O])([OH])[O][P](=[O])([OH])[O][CH2][CH]1[O][CH]([n]2[cH][n][c]3[c]([NH2])[n][cH][n][c]32)[CH]([OH])[CH]1[O][P](=[O])([OH])[OH])[CH]([OH])[C]([OH])=[N][CH2][CH2][C]([OH])=[N][CH2][CH2][S][C](=[O])[CH]=[CH][CH2][CH2][C](=[O])[OH]
12280,[CH3][C]([CH3])([CH2][O][P](=[O])([OH])[O][P](=[O])([OH])[O][CH2][CH]1[O][CH]([n]2[cH][n][c]3[c]([NH2])[n][cH][n][c]32)[CH]([OH])[CH]1[O][P](=[O])([OH])[OH])[CH]([OH])[C]([OH])=[N][CH2][CH2][C]([OH])=[N][CH2][CH2][S][C](=[O])[C](=[S])[CH2][CH2][C](=[O])[OH]
12281,[O]=[C]([OH])[CH2][C](=[O])[O][CH2][CH]1[O][CH]([O][c]2[cH][c]([OH])[cH][c]3[o+][c](-[c]4[cH][cH][c]([OH])[c]([OH])[cH]4)[c]([O][CH]4[O][CH]([CH2][O][C](=[O])[CH]=[CH][c]5[cH][cH][c]([O][CH]6[O][CH]([CH2][OH])[CH]([OH])[CH]([OH])[CH]6[OH])[cH][cH]5)[CH]([OH])[CH]([OH])[CH]4[O][CH]4[O][CH2][CH]([OH])[CH]([OH])[CH]4[OH])[cH][c]23)[CH]([OH])[CH]([OH])[CH]1[OH]
12282,[CH3][CH2][CH2][CH2][CH2][CH2][CH2][CH2][CH2][CH2][CH2][CH2][CH2][CH2][CH2][CH2][CH2][C](=[O])[O][CH2][CH]([OH])[CH2][O][P](=[O])([OH])[O][CH2][CH2][NH2]
12283,[CH3][CH2][CH2][CH2][CH2][CH2][CH]=[CH][CH2][CH2][CH2][CH2][CH2][CH2][CH2][CH2][CH2][C](=[O])[O][CH]([CH2][O][C](=[O])[CH2][CH2][CH2][CH2][CH2][CH2][CH2][CH]=[CH][CH2][CH2][CH2][CH2][CH2][CH2][CH2][CH3])[CH2][O][P](=[O])([OH])[OH]
12284,[CH3][c]1[cH][c]2[c]3[c]([c]1[CH3])[C]([CH3])([CH3])[CH2][CH2][N]3[CH]1[C]([OH])=[N][C](=[O])[N]=[C]1[N]2[CH2][CH]([OH])[CH]([OH])[CH]([OH])[CH2][O][P](=[O])([OH])[OH]
12285,[CH3][CH2][CH2][CH2][CH2][CH2][CH2][CH2][CH]=[CH][CH2][CH2][CH2][CH2][CH2][CH2][CH2][C](=[O])[S][CH2][CH2][N]=[C]([OH])[CH2][CH2][N]=[C]([OH])[CH]([OH])[C]([CH3])([CH3])[CH2][O][P](=[O])([OH])[O][P](=[O])([OH])[O][CH2][CH]1[O][CH]([n]2[cH][n][c]3[c]([NH2])[n][cH][n][c]32)[CH]([OH])[CH]1[O][P](=[O])([OH])[OH]
12286,[CH3][CH2][CH2][CH2][CH2][CH2][CH2][CH2][CH]=[CH][CH2][CH2][CH2][CH2][CH2][CH2][CH2][C](=[O])[OH]
12287,[CH3][CH2][CH2][CH2][CH2][CH2][CH2][CH2][CH2][CH2][CH2][CH2][CH2][CH2][CH2][C](=[O])[O][CH2][CH]([OH])[CH2][OH]
12288,[CH3][C](=[O])[CH]1[CH2][CH2][CH]2[CH]3[CH2][CH2][CH]4[CH2][CH]([OH])[CH2][CH2][C]4([CH3])[CH]3[CH2][CH2][C]12[CH3]
12289,[CH3][CH2][CH2][CH2][CH2][CH2][CH2][CH2][CH2][C](=[O])[O][CH2][CH]([CH2][OH])[O][C](=[O])[CH2][CH2][CH2][CH2][CH2][CH2][CH2][CH2][CH3]
12290,[CH3][CH]([CH2][CH2][CH2][CH]([CH3])[CH]1[CH2][CH2][CH]2[CH]3[CH2][CH]=[C]4[CH2][CH]([OH])[CH2][CH2][C]4([CH3])[CH]3[CH2][CH2][C]12[CH3])[C](=[O])[OH]
12291,[CH3][CH2][CH2][CH2][CH2][CH2][CH2][CH2][CH]=[CH][CH2][CH2][CH2][CH2][CH2][CH2][CH2][C](=[O])[O][CH2][CH2][CH2][CH2][CH2][CH2][CH2][CH2][CH2][CH2][CH2][CH2][CH2][CH2][CH2][CH3]
12292,[CH3][CH2][C](=[O])[O][CH]([CH2][C](=[O])[OH])[CH2][N+]([CH3])([CH3])[CH3]
12293,[OH][CH2][CH]=[CH][c]1[cH][cH][c]([OH])[c]([OH])[cH]1
12294,[NH]=[c]1[n][c]([OH])[c]2[c]([nH]1)[NH][CH2][CH]([CH2][NH][c]1[cH][cH][c]([C](=[O])[OH])[cH][cH]1)[NH]2
12295,[CH3][CH2][c]1[cH][c]([C](=[NH])[SH])[cH][cH][n]1
12296,[CH3][CH2][c]1[cH][c]([C]([NH2])=[S]=[O])[cH][cH][n]1
12297,[CH3][C]([OH])=[N][CH]([CH2][CH2][P]([CH3])(=[O])[OH])[C](=[O])[OH]
12298,[CH3][C]([CH]=[CH][C]1([OH])[C]([CH3])=[CH][C](=[O])[CH2][C]1([CH3])[CH3])=[CH][CH]=[O]
12299,[CH3][C]([CH3])=[CH][CH2][CH2][C]([CH3])=[CH][CH2][CH2][C]([CH3])=[CH][CH2][C]1([CH3])[C](=[O])[C]([CH3])=[C]([OH])[C]([C](=[O])[OH])=[C]1[CH3]
12300,[CH3][CH]([N]=[C]([OH])[CH2][NH2])[C](=[O])[OH]
12301,[CH3][CH]([N]=[C]([OH])[CH2][N]=[C]([OH])[CH2][NH2])[C](=[O])[OH]
12302,[CH3][CH2][CH2][CH]=[CH][CH]=[O]
12303,[CH3][CH]([NH2])[C]([OH])=[N][CH]([CH3])[C]([OH])=[N][CH]([CH3])[C](=[O])[OH]
12304,[O]=[CH][C](=[O])[CH2][CH]([OH])[CH]([OH])[CH2][OH]
12305,[CH3][CH2][CH2][CH2][CH2][CH2][CH2][C](=[O])[O][CH2][CH]([OH])[CH2][OH]
12306,[CH3][CH2][CH2][CH2][CH2][CH2][CH2][CH2][CH2][CH2][CH2][CH2][CH2][CH]=[CH][CH]([OH])[CH]([CH2][OH])[N]=[C]([OH])[CH2][CH2][CH2][CH2][CH2][CH2][CH3]
12307,[CH3][CH2][CH2][CH2][CH2][CH2][CH2][CH2][CH2][CH2][CH2][CH2][CH2][CH]=[CH][CH]([OH])[CH]([CH2][OH])[N]=[C]([CH3])[OH]
12308,[O]=[C]([OH])[CH]([OH])[CH2][OH]
12309,[CH3][c]1[cH][c]2[n][c]3[c]([OH])[n][c](=[O])[n][c]-3[n]([CH2][CH]([OH])[CH]([OH])[CH]([OH])[CH2][O][P](=[O])([OH])[OH])[c]2[cH][c]1[CH3]
12310,[CH3][O][P](=[O])([OH])[S][CH3]
12311,[CH3][O][P](=[O])([N]=[C]([CH3])[OH])[S][CH3]
12312,[CH3][CH]([N]=[C]([OH])[CH]([CH3])[N]=[C]([OH])[CH2][NH2])[C](=[O])[OH]
12313,[CH3][CH]([NH2])[C]([OH])=[N][CH]([CH3])[C](=[O])[OH]
12314,[CH3][CH]([NH2])[C]([OH])=[N][CH]([CH3])[C]([OH])=[N][CH]([CH3])[C](=[O])[OH]
12315,[O]=[CH][c]1[cH][cH][cH][c]([OH])[c]1[OH]
12316,[O]=[C]([OH])[C]1[CH]=[C]2[C](=[O])[C]([OH])=[c]3[n][c]([C](=[O])[OH])[cH][c]([C](=[O])[OH])[c]3=[C]2[NH]1
12317,[O]=[C]([CH2][OH])[CH]([O][CH]1[O][CH]([CH2][OH])[CH]([OH])[CH]([OH])[CH]1[OH])[CH]([OH])[CH]([OH])[CH2][OH]
12318,[CH3][C]([CH3])=[CH][CH2][CH2][C]([CH3])=[CH][CH]=[O]
12319,[O]=[C]([CH2][O][P](=[O])([OH])[OH])[CH]([OH])[CH]([OH])[CH]([OH])[CH2][OH]
12320,[NH]=[C]([OH])[NH][CH]([OH])[C](=[O])[OH]
12321,[O]=[C]([OH])[CH2][CH2][CH2][CH2][CH]1[CH2][CH2][S][S]1
12322,[O]=[P]([OH])([OH])[O][CH]1[CH]([OH])[CH]([OH])[CH]([O][P](=[O])([OH])[OH])[CH]([O][P](=[O])([OH])[OH])[CH]1[OH]
12323,[O]=[P]([OH])([OH])[O][CH]1[O][CH]([CH2][OH])[CH]([OH])[CH]([OH])[CH]1[OH]
12324,[NH]=[c]1[n][c]([OH])[c]2[n][cH][n]([CH]3[O][CH]([CH2][O][P](=[O])([OH])[O][P](=[O])([OH])[O][CH]4[O][CH]([CH2][OH])[CH]([OH])[CH]([OH])[CH]4[OH])[CH]([OH])[CH]3[OH])[c]2[nH]1
12325,[CH3][CH]([CH3])[CH]([C](=[O])[OH])[CH]([OH])[C](=[O])[OH]
12326,[CH3][CH2][CH2][CH2][CH2][CH2][CH2][CH2][CH2][CH2][CH2][CH2][CH2][CH2][CH2][C](=[O])[O][P](=[O])([OH])[OH]
12327,[OH][CH2][CH]1[O][CH]([O][c]2[cH][cH][cH][cH][cH]2)[CH]([OH])[CH]([OH])[CH]1[OH]
12328,[CH3][CH]=[C]([CH3])[C](=[O])[OH]
12329,[NH]=[c]1[n][c]([OH])[c]2[c]([nH]1)[NH][CH2][CH]1[CH2][N]([c]3[cH][cH][c]([C](=[O])[NH][CH]([CH2][CH2][C](=[O])[OH])[C](=[O])[OH])[cH][cH]3)[CH2][N]21
12330,[CH3][CH]([NH2])[C]([OH])=[N][CH]([CH3])[C]([OH])=[N][c]1[cH][cH][c]2[cH][cH][cH][cH][c]2[cH]1
12331,[O]=[P]([OH])([OH])[O][CH2][CH]1[O][CH]([O][CH]2[CH]([OH])[CH]([OH])[CH2][O][C]2([OH])[CH2][OH])[CH]([OH])[CH]([OH])[CH]1[OH]
12332,[O]=[C]1[N]=[C]([OH])[c]2[cH][cH][cH][cH][c]21
12333,[NH]=[C]([OH])[c]1[cH][cH][cH][cH][c]1[C](=[O])[OH]
12334,[CH3][n]1[c]([NH][OH])[n][c]2[n][cH][c](-[c]3[cH][cH][cH][cH][cH]3)[cH][c]21
12335,[CH3][n]1[c](=[NH])[nH][c]2[n][cH][c](-[c]3[cH][cH][cH][cH][cH]3)[cH][c]21
12336,[NH]=[C]([NH2])[NH][CH2][CH2][CH2][CH]([N]=[C]([OH])[c]1[cH][cH][cH][cH][cH]1)[C](=[O])[OH]
12337,[CH3][CH2][O][C](=[O])[CH]([CH2][CH2][CH2][NH][C](=[NH])[NH2])[N]=[C]([OH])[c]1[cH][cH][cH][cH][cH]1
12338,[O]=[C]([OH])[C](=[O])[CH2][CH2][OH]
12339,[SH][C]([Cl])=[CH][Cl]
12340,[NH2][CH]([CH2][S][C]([Cl])=[CH][Cl])[C](=[O])[OH]
12341,[NH]=[c]1[n][c]([OH])[c]2[c]([nH]1)[NH][CH2][C]([CH2][O][P](=[O])([OH])[O][P](=[O])([OH])[OH])=[N]2
12342,[OH][c]1[cH][cH][c]([Br])[cH][cH]1
12343,[OH][CH]1[c]2[cH][c]3[cH][cH][c]4[cH][cH][cH][c]5[cH][cH][c]([c]2[CH]2[O][CH]2[CH]1[OH])[c]3[c]45
12344,[NH2][CH]([CH2][CH2][C]([OH])=[N][CH]([CH2][S][CH]1[c]2[c]([cH][c]3[cH][cH][c]4[cH][cH][cH][c]5[cH][cH][c]2[c]3[c]45)[C](=[O])[C](=[O])[CH]1[OH])[C]([OH])=[N][CH2][C](=[O])[OH])[C](=[O])[OH]
12345,[CH3][O][C](=[O])[CH]=[CH][c]1[cH][cH][c]([OH])[c]([O][CH3])[cH]1
12346,[CH3][CH2][CH2][CH]=[CH][C](=[O])[OH]
12347,[CH3][CH2][CH]([CH3])[OH]
12348,[NH]=[c]1[n][c]([OH])[c]2[n][cH][n]([CH2][O][CH]([CH2][OH])[CH2][OH])[c]2[nH]1
12349,[CH3][CH]([CH3])[CH]([NH2])[C](=[O])[O][CH2][CH]([CH2][OH])[O][CH2][n]1[cH][n][c]2[c]([OH])[n][c](=[NH])[nH][c]21
12350,[O]=[C]([CH2][OH])[CH2][C](=[O])[C](=[O])[OH]
12351,[O]=[N+]([O-])[c]1[cH][cH][c]([O][CH]2[O][CH]([CH2][OH])[CH]([OH])[CH]([OH])[CH]2[OH])[cH][cH]1
12352,[CH3][CH2][CH2][CH2][CH2][O][N]=[O]
12353,[O]=[P]([OH])([OH])[O][CH2][CH]1[O][CH]([O][P](=[O])([OH])[OH])[CH]([OH])[CH]([OH])[CH]1[OH]
12354,[OH][CH2][CH]1[O][CH]([O][CH]2[CH]([CH2][OH])[O][CH]([OH])[CH]([OH])[CH]2[OH])[CH]([OH])[CH]([OH])[CH]1[OH]
12355,[CH3][c]1[n][cH][c]([CH2][n+]2[cH][s][c]([CH2][C](=[O])[OH])[c]2[CH3])[c](=[NH])[nH]1
12356,[CH3][CH]1[O][CH]([O][P](=[O])([OH])[O][P](=[O])([OH])[O][CH2][CH]2[O][CH]([n]3[cH][cH][c]([OH])[n][c]3=[O])[CH]([OH])[CH]2[OH])[CH]([OH])[CH]([OH])[C]1=[O]
12357,[NH]=[c]1[n][c]([OH])[c]([NH2])[c]([NH][CH]2[O][CH]([CH2][O][P](=[O])([OH])[OH])[CH]([OH])[CH]2[OH])[nH]1
12358,[NH2][CH]([CH2][CH2][CH2][CH]=[O])[C](=[O])[OH]
12359,[CH3][C]([OH])=[N][CH]1[CH]([O][P](=[O])([OH])[O][P](=[O])([OH])[O][CH2][CH]2[O][CH]([n]3[cH][cH][c]([OH])[n][c]3=[O])[CH]([OH])[CH]2[OH])[O][CH]([CH2][O][P](=[O])([OH])[O][CH]2[O][CH]([CH2][OH])[CH]([OH])[CH]([OH])[CH]2[OH])[CH]([OH])[CH]1[OH]
12360,[NH]=[C]([OH])[NH][CH2][CH2][CH2][CH]([NH2])[C](=[O])[OH]
12361,[O]=[C]([OH])[CH]([CH2][CH2][CH2][N]=[C]([OH])[c]1[cH][cH][cH][cH][cH]1)[N]=[C]([OH])[c]1[cH][cH][cH][cH][cH]1
12362,[O]=[c]1[n][c]([OH])[cH][cH][n]1[CH]1[O][CH]([CH2][O][P](=[O])([OH])[O][P](=[O])([OH])[O][P](=[O])([OH])[O][P](=[O])([OH])[O][CH2][CH]2[O][CH]([n]3[cH][cH][c]([OH])[n][c]3=[O])[CH]([OH])[CH]2[OH])[CH]([OH])[CH]1[OH]
12363,[O]=[P]([OH])([OH])[O][CH2][CH]1[O][CH]([OH])[CH2][CH]1[OH]
12364,[CH3][O][CH]1[CH]([OH])[CH]([OH])[CH]([OH])[CH]([OH])[CH]1[OH]
12365,[NH]=[c]1[n][c]([OH])[c]2[c]([nH]1)[NH][CH2][CH]1[CH2][N]([c]3[cH][cH][c]([C](=[O])[NH][CH]([CH2][CH2][C](=[O])[OH])[C](=[O])[OH])[cH][cH]3)[CH2][N]21
12366,[CH3][C](=[O])[O][c]1[cH][cH][cH][cH][cH]1
12367,[CH3][CH]([C](=[O])[OH])[C]([CH3])([OH])[C](=[O])[OH]
12368,[CH3][CH]([OH])[CH]([OH])[c]1[cH][n][c]2[nH][c](=[NH])[n][c]([OH])[c]2[n]1
12369,[CH3][CH2][CH2][CH2][CH2][CH2][CH2][CH2][CH2][CH2][CH2][CH2][CH2][CH]=[CH][C](=[O])[CH]([NH2])[CH2][OH]
12370,[CH3][C](=[CH][CH2][NH][c]1[n][cH][nH][c]2[n][cH][n][c]1-2)[CH2][O][CH]1[O][CH2][CH]([OH])[CH]([OH])[CH]1[OH]
12371,[cH]1[cH][n][cH][n][cH]1
12372,[OH][CH2][CH]1[O][CH]([n+]2[cH][cH][cH][n][cH]2)[CH]([OH])[CH]1[OH]
12373,[CH3][CH]([NH2])[CH2][CH]([NH2])[C](=[O])[OH]
12374,[CH3][CH2][CH2][CH2][CH2][CH2][CH2][CH2][CH2][CH2][CH2][CH2][CH2][CH]=[CH][CH]=[O]
12375,[CH3][C]([CH3])([CH2][OH])[CH]([OH])[C](=[O])[OH]
12376,[CH3][c]1[cH][n]([CH]2[CH2][CH]([OH])[CH]([CH2][O][P](=[O])([OH])[O][P](=[O])([OH])[O][CH]3[O][CH]([CH3])[CH]([OH])[CH]([OH])[CH]3[OH])[O]2)[c](=[O])[n][c]1[OH]
12377,[CH3][c]1[cH][n]([CH]2[CH2][CH]([OH])[CH]([CH2][O][P](=[O])([OH])[O][P](=[O])([OH])[O][CH]3[O][CH]([CH3])[CH]([OH])[CH]([OH])[CH]3[OH])[O]2)[c](=[O])[n][c]1[OH]
12378,[O]=[C]1[O][CH]([CH]([OH])[CH2][OH])[CH]([OH])[CH]1[OH]
12379,[CH3][C]1([CH3])[CH]2[CH2][CH2][C]1([CH3])[CH]([OH])[CH2]2
12380,[CH3][C]([OH])=[N][CH]1[CH]([O][P](=[O])([OH])[O][P](=[O])([OH])[O][CH2][CH]2[O][CH]([n]3[cH][cH][c]([OH])[n][c]3=[O])[CH]([OH])[CH]2[OH])[O][CH]([CH2][OH])[CH]([OH])[CH]1[O][CH]([CH3])[C](=[O])[OH]
12381,[CH3][n]1[cH][n][c]([CH2][CH]([NH2])[C](=[O])[OH])[cH]1
12382,[CH3][CH]([NH][c]1[cH][cH][c]([CH2][CH]([OH])[CH]([OH])[CH]([OH])[CH2][O][CH]2[O][CH]([CH2][O][P](=[O])([OH])[O][CH]([CH2][CH2][C](=[O])[OH])[C](=[O])[OH])[CH]([OH])[CH]2[OH])[cH][cH]1)[CH]1[NH][c]2[c]([OH])[n][c](=[NH])[nH][c]2[NH][CH]1[CH3]
12383,[CH3][CH]([NH][c]1[cH][cH][c]([CH2][CH]([OH])[CH]([OH])[CH]([OH])[CH2][O][CH]2[O][CH]([CH2][O][P](=[O])([OH])[O][CH]([CH2][CH2][C](=[O])[OH])[C](=[O])[OH])[CH]([OH])[CH]2[OH])[cH][cH]1)[CH]1[CH]([CH3])[NH][c]2[nH][c](=[NH])[n][c]([OH])[c]2[N]1[CH]=[O]
12384,[CH3][C](=[CH][CH2][C]1=[C]([CH3])[C](=[O])[c]2[cH][cH][cH][cH][c]2[C]1=[O])[CH2][CH2][CH2][CH]([CH3])[CH2][CH2][CH2][CH]([CH3])[CH2][CH2][CH2][CH]([CH3])[CH3]
12385,[N]#[C][CH2][CH2][CH]([NH2])[C](=[O])[OH]
12386,[CH3][C]([CH3])([CH2][O][P](=[O])([OH])[O][P](=[O])([OH])[O][CH2][CH]1[O][CH]([n]2[cH][n][c]3[c]([NH2])[n][cH][n][c]32)[CH]([OH])[CH]1[O][P](=[O])([OH])[OH])[CH]([OH])[C]([OH])=[N][CH2][CH2][C]([OH])=[N][CH2][CH2][S][C](=[O])[CH2][CH2][C](=[O])[c]1[cH][cH][cH][cH][c]1[C](=[O])[OH]
12387,[O]=[C]([OH])[CH2][CH]1[N]=[CH][N]=[C]1[OH]
12388,[CH3][CH]1[O][CH]([O][P](=[O])([OH])[O][P](=[O])([OH])[O][CH2][CH]2[O][CH]([n]3[cH][cH][c](=[NH])[n][c]3[OH])[CH]([OH])[CH]2[OH])[CH]([OH])[CH2][CH]1[OH]
12389,[CH3][CH]([NH][c]1[cH][cH][c]([CH2][CH]([OH])[CH]([OH])[CH]([OH])[CH2][O][CH]2[O][CH]([CH2][O][P](=[O])([OH])[O][CH]([CH2][CH2][C](=[O])[OH])[C](=[O])[OH])[CH]([OH])[CH]2[OH])[cH][cH]1)[CH]1[CH]([CH3])[NH][c]2[nH][c](=[NH])[n][c]([OH])[c]2[N]1[CH3]
12390,[CH3][C]1=[CH][C](=[O])[CH2][C]([CH3])([CH3])[C]1([OH])[CH]=[CH][CH]([CH3])[OH]
12391,[CH3][O][c]1[cH][cH][c]([C](=[O])[OH])[c]([N]=[C]([OH])[c]2[cH][cH][cH][cH][cH]2)[cH]1
12392,[CH3][CH2][CH2][CH2][CH2][CH2][CH2][CH2][CH2][CH2][CH2][CH]([OH])[CH2][C](=[O])[O][CH]1[CH]([NH2])[CH]([O][P](=[O])([OH])[O][P](=[O])([OH])[O][CH2][CH]2[O][CH]([n]3[cH][cH][c]([OH])[n][c]3=[O])[CH]([OH])[CH]2[OH])[O][CH]([CH2][OH])[CH]1[OH]
12393,[CH3][C]1=[C]2[N]=[C]([CH]=[C]3[N]=[C]([C]([CH3])=[C]4[NH][C]([CH3])([CH]5[N]=[C]1[C]([CH3])([CH2][CH2][C]([OH])=[N][CH2][CH]([CH3])[OH])[CH]5[CH2][C](=[NH])[OH])[C]([CH3])([CH2][C](=[NH])[OH])[CH]4[CH2][CH2][C](=[NH])[OH])[C]([CH3])([CH2][C](=[NH])[OH])[CH]3[CH2][CH2][C](=[NH])[OH])[C]([CH3])([CH3])[CH]2[CH2][CH2][C](=[NH])[OH]
12394,[OH][CH2][CH]1[O][CH]([O][CH]2[CH]([CH2][OH])[O][CH]([OH])[CH]([OH])[CH]2[OH])[CH]([OH])[CH]([OH])[CH]1[OH]
12395,[CH3][CH]([OH])[CH2][P](=[O])([OH])[OH]
12396,[CH3][c]1[cH][n]([CH]2[CH2][CH]([OH])[CH]([CH2][O][P](=[O])([OH])[O][P](=[O])([OH])[O][CH]3[O][CH]([CH3])[CH]([OH])[C](=[O])[CH]3[OH])[O]2)[c](=[O])[n][c]1[OH]
12397,[CH3][CH2][CH]1[O][C](=[O])[CH]2[CH2][O][C]3([CH2][C]([CH3])([O][CH3])[CH]([OH])[CH]([CH3])[O]3)[O][CH]2[CH]([CH3])[CH]([O][CH]2[O][CH]([CH3])[CH2][CH]([N]([CH3])[CH3])[CH]2[OH])[C]([CH3])([OH])[CH2][CH]([CH3])[C](=[O])[CH]([CH3])[CH]([OH])[C]1([CH3])[OH]
12398,[CH3][CH2][CH]1[O][C](=[O])[CH]([CH3])[CH]([O][CH]2[CH2][C]([CH3])([O][CH3])[CH]([OH])[CH]([CH3])[O]2)[CH]([CH3])[CH]([O][CH]2[O][CH]([CH3])[CH2][CH]([N]([CH3])[CH3])[CH]2[OH])[C]([CH3])([OH])[CH2][CH]([CH3])[C](=[O])[CH]([CH3])[CH]([OH])[C]1([CH3])[OH]
12399,[CH3][c]1[cH][n]([CH]2[CH2][CH]([OH])[CH]([CH2][O][P](=[O])([OH])[O][P](=[O])([OH])[O][CH]3[CH2][CH]([OH])[C](=[O])[CH]([CH3])[O]3)[O]2)[c](=[O])[n][c]1[OH]
12400,[CH2]=[C]([CH3])[CH]1[CH2][CH2][C]2([CH3])[O][CH]2[CH2]1
12401,[CH3][c]1[n][cH][c]([CH2][n+]2[c]([CH]([OH])[CH2][OH])[s][c]([CH2][CH2][O][P](=[O])([OH])[O][P](=[O])([OH])[OH])[c]2[CH3])[c](=[NH])[nH]1
12402,[CH3][C]([CH]=[CH][C]1([OH])[C]([CH3])=[CH][C](=[O])[CH2][C]1([CH3])[CH3])=[CH][C](=[O])[OH]
12403,[O]=[C]([OH])[CH]1[CH2][CH]([OH])[CH2][NH]1
12404,[NH]=[c]1[n][c]([OH])[c]([N]=[CH][OH])[c]([N-][CH]2[O][CH]([CH2][O][P](=[O])([OH])[OH])[CH]([OH])[CH]2[OH])[nH]1
12405,[OH][CH2][CH]1[O][CH]([O][CH]2[CH]([CH2][OH])[O][CH]([O][CH]3[CH]([CH2][OH])[O][CH]([OH])[CH]([OH])[CH]3[OH])[CH]([OH])[CH]2[OH])[CH]([OH])[CH]([OH])[CH]1[OH]
12406,[CH3][O][c]1[c]([OH])[c]([CH3])[c]([CH2][CH]=[C]([CH3])[CH2][CH2][CH]=[C]([CH3])[CH3])[c]([OH])[c]1[O][CH3]
12407,[CH3][O][C]1=[C]([O][CH3])[C](=[O])[C]([CH2][CH]=[C]([CH3])[CH2][CH2][CH]=[C]([CH3])[CH3])=[C]([CH3])[C]1=[O]
12408,[NH2][CH2][NH2]
12409,[CH3][C]([OH])=[N][CH2][NH2]
12410,[CH3][c]1[n][cH][c]([CH2][n+]2[c]([CH]([OH])[CH]([CH3])[CH3])[s][c]([CH2][CH2][O][P](=[O])([OH])[O][P](=[O])([OH])[OH])[c]2[CH3])[c](=[NH])[nH]1
12411,[CH3][c]1[n][cH][c]([CH2][n+]2[c]([CH]([OH])[CH2][CH]([CH3])[CH3])[s][c]([CH2][CH2][O][P](=[O])([OH])[O][P](=[O])([OH])[OH])[c]2[CH3])[c](=[NH])[nH]1
12412,[CH3][CH2][CH]([CH3])[CH]([OH])[c]1[s][c]([CH2][CH2][O][P](=[O])([OH])[O][P](=[O])([OH])[OH])[c]([CH3])[n+]1[CH2][c]1[cH][n][c]([CH3])[nH][c]1=[NH]
12413,[CH3][O][c]1[cH][cH][c]([CH]2[CH2][O][c]3[cH][c]([OH])[cH][cH][c]3[CH2]2)[c]([OH])[cH]1
12414,[CH3][CH]([NH2])[C]([OH])=[N][CH]([CH2][c]1[cH][n][cH][nH]1)[C](=[O])[OH]
12415,[NH]=[c]1[n][c]([OH])[c]([NH2])[c]([NH][CH2][CH]([OH])[CH]([OH])[CH]([OH])[CH2][O][P](=[O])([OH])[OH])[nH]1
12416,[O]=[C]([O][P](=[O])([OH])[OH])[CH]([OH])[CH2][O][P](=[O])([OH])[OH]
12417,[CH3][Se][CH2][CH]([NH2])[C](=[O])[OH]
12418,[CH3][CH2][CH2][CH2][CH2][CH2][CH2][CH2][CH]=[CH][CH2][CH2][CH2][CH2][CH2][CH2][CH2][CH2][CH2][CH2][CH2][CH2][CH2][C](=[O])[S][CH2][CH2][N]=[C]([OH])[CH2][CH2][N]=[C]([OH])[CH]([OH])[C]([CH3])([CH3])[CH2][O][P](=[O])([OH])[O][P](=[O])([OH])[O][CH2][CH]1[O][CH]([n]2[cH][n][c]3[c]([NH2])[n][cH][n][c]32)[CH]([OH])[CH]1[O][P](=[O])([OH])[OH]
12419,[CH3][CH2][CH2][CH2][CH2][CH]=[CH][CH2][CH]=[CH][CH2][CH]=[CH][CH2][CH]=[CH][CH2][CH2][CH2][CH2][CH2][C](=[O])[OH]
12420,[CH2]=[C]1[CH2][CH2][CH]=[C]([CH3])[CH2][CH2][CH]2[CH]1[CH2][C]2([CH3])[CH3]
12421,[CH3][CH2][CH2][CH2][CH2][CH2][CH2][CH2][CH]=[CH][CH2][CH2][CH2][CH2][CH2][CH2][CH2][C](=[O])[S][CH2][CH2][N]=[C]([OH])[CH2][CH2][N]=[C]([OH])[CH]([OH])[C]([CH3])([CH3])[CH2][O][P](=[O])([OH])[O][P](=[O])([OH])[O][CH2][CH]1[O][CH]([n]2[cH][n][c]3[c]([NH2])[n][cH][n][c]32)[CH]([OH])[CH]1[O][P](=[O])([OH])[OH]
12422,[CH3][C]([CH3])=[CH][CH2][CH2][C]([CH3])=[CH][CH2][c]1[cH][cH][cH][c]([OH])[c]1[OH]
12423,[CH3][C](=[O])[CH]1[CH2][CH2][CH]2[CH]3[CH2][CH2][CH]4[CH2][CH]([OH])[CH2][CH2][C]4([CH3])[CH]3[CH2][CH2][C]12[CH3]
12424,[CH3][CH2][CH]([C](=[O])[OH])[C](=[O])[S][CH2][CH2][N]=[C]([OH])[CH2][CH2][N]=[C]([OH])[CH]([OH])[C]([CH3])([CH3])[CH2][O][P](=[O])([OH])[O][P](=[O])([OH])[O][CH2][CH]1[O][CH]([n]2[cH][n][c]3[c]([NH2])[n][cH][n][c]32)[CH]([OH])[CH]1[O][P](=[O])([OH])[OH]
12425,[CH3][C]([OH])=[N][CH]([CH2][CH2][P]([CH3])(=[O])[OH])[C](=[O])[OH]
12426,[O]=[C]1[N]=[C]([OH])[CH2][CH2][N]1[CH]1[O][CH]([CH2][O][P](=[O])([OH])[OH])[CH]([OH])[CH]1[OH]