﻿substrate_ID,original_compound
7500,[CH3][CH2][CH2][CH2][CH2][CH2][CH]=[CH][CH2][C](=[O])[S][CH2][CH2][N]=[C]([OH])[CH2][CH2][N]=[C]([OH])[CH]([OH])[C]([CH3])([CH3])[CH2][O][P](=[O])([OH])[O][P](=[O])([OH])[O][CH2][CH]1[O][CH]([n]2[cH][n][c]3[c]([NH2])[n][cH][n][c]32)[CH]([OH])[CH]1[O][P](=[O])([OH])[OH]
7501,[CH3][CH2][CH2][CH2][CH2][CH2][CH2][CH]([OH])[CH2][C](=[O])[S][CH2][CH2][N]=[C]([OH])[CH2][CH2][N]=[C]([OH])[CH]([OH])[C]([CH3])([CH3])[CH2][O][P](=[O])([OH])[O][P](=[O])([OH])[O][CH2][CH]1[O][CH]([n]2[cH][n][c]3[c]([NH2])[n][cH][n][c]32)[CH]([OH])[CH]1[O][P](=[O])([OH])[OH]
7502,[OH][CH2][CH]1[O][C]([OH])([CH2][OH])[CH]([OH])[CH]1[OH]
7503,[NH2][c]1[n][cH][n][c]2[c]1[n][cH][n]2[CH]1[O][CH]([CH2][O][P](=[O])([OH])[O][C](=[O])[CH]([NH2])[CH2][C](=[O])[OH])[CH]([OH])[CH]1[OH]
7504,[CH3][CH2][C]1([OH])[CH2][CH]([O][CH]2[CH2][CH]([NH2])[CH]([OH])[CH]([CH3])[O]2)[c]2[c]([OH])[c]3[c]([c]([OH])[c]2[CH]1[C](=[O])[OH])[C](=[O])[c]1[cH][cH][cH][c]([OH])[c]1[C]3=[O]
7505,[CH3][CH2][C]1([OH])[CH2][CH]([O][CH]2[CH2][CH]([NH2])[CH]([OH])[CH]([CH3])[O]2)[c]2[c]([OH])[c]3[c]([c]([OH])[c]2[CH]1[C](=[O])[OH])[C](=[O])[c]1[cH][cH][cH][c]([O][CH3])[c]1[C]3=[O]
7506,[CH3][O][c]1[cH][cH][c]([CH2][CH]2[c]3[cH][c]([O][CH3])[c]([O][CH3])[cH][c]3[CH2][CH2][N]2[CH3])[cH][c]1[O][CH3]
7507,[CH3][NH][CH]([CH2][CH]([CH3])[CH3])[C]([OH])=[N][CH]1[C]([OH])=[N][CH]([CH2][C](=[NH])[OH])[C]([OH])=[N][CH]2[C]([OH])=[N][CH]3[C]([OH])=[N][CH]([C]([OH])=[N][CH]([C](=[O])[OH])[c]4[cH][c]([OH])[cH][c]([OH])[c]4-[c]4[cH][c]3[cH][cH][c]4[OH])[CH]([OH])[c]3[cH][cH][c]([c]([Cl])[cH]3)[O][c]3[cH][c]2[cH][c]([c]3[O][CH]2[O][CH]([CH2][OH])[CH]([OH])[CH]([OH])[CH]2[OH])[O][c]2[cH][cH][c]([cH][c]2[Cl])[CH]1[OH]
7508,[CH3][NH][CH]([CH2][CH]([CH3])[CH3])[C]([OH])=[N][CH]1[C]([OH])=[N][CH]([CH2][C](=[NH])[OH])[C]([OH])=[N][CH]2[C]([OH])=[N][CH]3[C]([OH])=[N][CH]([C]([OH])=[N][CH]([C](=[O])[OH])[c]4[cH][c]([OH])[cH][c]([OH])[c]4-[c]4[cH][c]3[cH][cH][c]4[OH])[CH]([O][CH]3[CH2][C]([CH3])([NH2])[CH]([OH])[CH]([CH3])[O]3)[c]3[cH][cH][c]([c]([Cl])[cH]3)[O][c]3[cH][c]2[cH][c]([c]3[O][CH]2[O][CH]([CH2][OH])[CH]([OH])[CH]([OH])[CH]2[O][CH]2[CH2][C]([CH3])([NH2])[CH]([OH])[CH]([CH3])[O]2)[O][c]2[cH][cH][c]([cH][c]2[Cl])[CH]1[OH]
7509,[OH][CH2][CH]1[O][CH]([OH])[CH]([OH])[CH]([OH])[CH]1[OH]
7510,[O]=[CH][CH]([OH])[CH]([OH])[CH]([OH])[CH]([OH])[CH2][OH]
7511,[OH][c]1[cH][c]([OH])[c]2[c]([cH]1)[O][CH]([c]1[cH][cH][c]([OH])[c]([OH])[cH]1)[CH]([OH])[CH]2[c]1[c]([OH])[cH][c]([OH])[c]2[c]1[O][CH]([c]1[cH][cH][c]([OH])[c]([OH])[cH]1)[CH]([OH])[CH2]2
7512,[O]=[CH][CH]([OH])[CH]([OH])[CH]([OH])[CH]([OH])[CH2][OH]
7513,[OH][CH2][CH]1[O][CH]([OH])[CH]([OH])[CH]([OH])[CH]1[OH]
7514,[CH3][c]1[n][cH][c]([CH2][n+]2[cH][s][c]([CH2][CH2][OH])[c]2[CH3])[c]([OH])[n]1
7515,[CH3][c]1[n][cH][c]([CH2][OH])[c]([OH])[n]1
7516,[CH3][CH2][C]1([OH])[CH2][C](=[O])[c]2[c]([OH])[c]3[c]([c]([OH])[c]2[CH]1[C](=[O])[O][CH3])[C](=[O])[c]1[cH][cH][cH][c]([OH])[c]1[C]3=[O]
7517,[CH3][CH]([NH][CH]([CH2][CH2][S+]([CH3])[CH3])[C](=[O])[OH])[C](=[O])[OH]
7518,[CH3][CH2][C]1([OH])[CH2][CH]([O][CH]2[CH2][CH]([NH2])[CH]([OH])[CH]([CH3])[O]2)[c]2[c]([OH])[c]3[c]([c]([OH])[c]2[CH]1[C](=[O])[O][CH3])[C](=[O])[c]1[cH][cH][cH][c]([O][CH3])[c]1[C]3=[O]
7519,[CH3][CH2][C]1([OH])[CH2][CH]([O][CH]2[CH2][CH]([N]([CH3])[CH3])[CH]([OH])[CH]([CH3])[O]2)[c]2[c]([cH][c]3[c]([c]2[OH])[C](=[O])[c]2[c]([OH])[cH][cH][cH][c]2[C]3=[O])[CH]1[OH]
7520,[CH3][CH2][C]1([OH])[CH2][CH]([O][CH]2[CH2][CH]([N]([CH3])[CH3])[CH]([O][CH]3[CH2][CH]([OH])[CH]([O][CH]4[CH2][CH2][C](=[O])[CH]([CH3])[O]4)[CH]([CH3])[O]3)[CH]([CH3])[O]2)[c]2[c]([cH][c]3[c]([c]2[OH])[C](=[O])[c]2[c]([OH])[cH][cH][cH][c]2[C]3=[O])[CH]1[C](=[O])[OH]
7521,[CH3][CH2][C]1([OH])[CH2][CH]([O][CH]2[CH2][CH]([N]([CH3])[CH3])[CH]([O][CH]3[CH2][CH]([OH])[CH]([O][CH]4[CH2][CH2][C](=[O])[CH]([CH3])[O]4)[CH]([CH3])[O]3)[CH]([CH3])[O]2)[c]2[c]([cH][c]3[c]([c]2[OH])[C](=[O])[c]2[c]([OH])[cH][cH][cH][c]2[C]3=[O])[CH]1[OH]
7522,[CH3][CH2][C]1([OH])[CH2][CH]([OH])[c]2[c]([OH])[c]3[c]([c]([OH])[c]2[CH]1[C](=[O])[OH])[C](=[O])[c]1[cH][cH][cH][c]([OH])[c]1[C]3=[O]
7523,[CH3][CH2][C]1([OH])[CH2][c]2[c]([OH])[c]3[c]([c]([OH])[c]2[CH]([OH])[CH2]1)[C](=[O])[c]1[c]([OH])[cH][cH][cH][c]1[C]3=[O]
7524,[CH3][CH2][C]1([OH])[CH2][CH]([OH])[c]2[c]([OH])[c]3[c]([c]([OH])[c]2[CH]1[OH])[C](=[O])[c]1[cH][cH][cH][c]([OH])[c]1[C]3=[O]
7525,[CH3][O][c]1[cH][c]([CH2][CH]2[NH][CH2][CH2][c]3[cH][c]([O][CH3])[c]([O][CH3])[cH][c]32)[cH][cH][c]1[OH]
7526,[CH3][O][c]1[cH][cH][c]([CH2][CH]2[NH][CH2][CH2][c]3[cH][c]([O][CH3])[c]([O][CH3])[cH][c]32)[cH][c]1[O][CH3]
7527,[CH3][O][c]1[cH][cH][c]([CH2][CH]2[NH][CH]=[CH][c]3[cH][c]([O][CH3])[c]([O][CH3])[cH][c]32)[cH][c]1[O][CH3]
7528,[CH3][O][c]1[cH][cH][c]([CH2][c]2[n][cH][cH][c]3[cH][c]([O][CH3])[c]([O][CH3])[cH][c]23)[cH][c]1[O][CH3]
7529,[NH2][CH2][CH2][CH2][CH]([NH][CH]([CH2][CH2][C](=[O])[OH])[C](=[O])[OH])[C](=[O])[OH]
7530,[CH3][c]1[cH][c]([OH])[c]2[c]([cH]1)[CH2][c]1[cH][c]([OH])[cH][c]([OH])[c]1[C]2=[O]
7531,[CH3][c]1[cH][c]([OH])[c]2[c]([cH]1)[C](=[C]1[c]3[cH][c]([CH3])[cH][c]([OH])[c]3[C](=[O])[c]3[c]([OH])[cH][c]([OH])[cH][c]31)[c]1[cH][c]([OH])[cH][c]([OH])[c]1[C]2=[O]
7532,[O]=[CH][CH2][S](=[O])[OH]
7533,[CH3][CH2][CH2][CH2][CH2][CH2][CH2][CH2][CH2][CH2][CH2][CH2][CH2][CH2][CH2][C](=[O])[O][CH]([CH2][OH])[CH2][O][CH]1[O][CH]([CH2][OH])[CH]([OH])[CH]([OH])[CH]1[OH]
7534,[CH3][CH2][CH2][CH2][CH2][CH2][CH2][CH2][CH]=[CH][CH2][CH2][CH2][CH2][CH2][CH2][CH2][C](=[O])[O][CH2][CH]([CH2][O][CH]1[O][CH]([CH2][OH])[CH]([OH])[CH]([OH])[CH]1[OH])[O][C](=[O])[CH2][CH2][CH2][CH2][CH2][CH2][CH2][CH2][CH2][CH2][CH2][CH2][CH2][CH2][CH3]
7535,[CH3][CH2][CH2][CH2][CH2][CH2][CH2][CH2][CH]([OH])[CH]=[CH][CH2][CH2][CH2][CH2][CH2][CH2][C](=[O])[OH]
7536,[CH3][CH2][CH2][CH2][CH2][CH]([CH]=[CH][CH]=[CH][CH2][CH]=[CH][CH2][CH]=[CH][CH2][CH2][CH2][C](=[O])[OH])[O][OH]
7537,[CH3][CH2][CH2][CH2][CH2][CH]=[CH][CH2][C](=[O])[CH]=[CH][CH]=[CH][CH2][CH]=[CH][CH2][CH2][CH2][C](=[O])[OH]
7538,[CH3][CH2][CH2][CH2][CH2][CH]=[CH][CH2][CH]=[CH][CH]=[CH][C](=[O])[CH2][CH]=[CH][CH2][CH2][CH2][C](=[O])[OH]
7539,[CH3][CH2][CH2][CH2][CH2][CH]=[CH][CH2][CH]1[O][CH]1[CH]=[CH][CH]([OH])[CH2][CH]=[CH][CH2][CH2][CH2][C](=[O])[OH]
7540,[CH3][CH2][CH2][CH2][CH2][CH]=[CH][CH2][CH]1[O][CH]1[CH]([OH])[CH]=[CH][CH2][CH]=[CH][CH2][CH2][CH2][C](=[O])[OH]
7541,[CH3][CH2][CH2][CH2][CH2][CH]=[CH][CH2][CH]1[O][CH]1[CH]=[CH][CH]([OH])[CH2][CH]=[CH][CH2][CH2][CH2][C](=[O])[OH]
7542,[CH3][CH2][CH2][CH2][CH2][CH]=[CH][CH2][CH]=[CH][CH]([OH])[CH]1[O][CH]1[CH2][CH]=[CH][CH2][CH2][CH2][C](=[O])[OH]
7543,[OH][CH]1[CH2][O][CH]([OH])[CH]([OH])[CH]1[OH]
7544,[O]=[CH][CH]([OH])[CH]([OH])[CH]([OH])[CH2][OH]
7545,[O]=[C]1[c]2[c]([OH])[cH][c]([OH])[cH][c]2[O][CH]([c]2[cH][cH][c]([OH])[cH][cH]2)[CH]1[OH]
7546,[O]=[C]1[CH2][CH]([c]2[cH][cH][c]([OH])[cH][cH]2)[O][c]2[cH][c]([OH])[cH][c]([OH])[c]21
7547,[CH3][CH2][CH2][C](=[O])[C](=[O])[OH]
7548,[CH3][C]([CH3])([CH2][O][P](=[O])([OH])[O][P](=[O])([OH])[O][CH2][CH]1[O][CH]([n]2[cH][n][c]3[c]([NH2])[n][cH][n][c]32)[CH]([OH])[CH]1[O][P](=[O])([OH])[OH])[CH]([OH])[C]([OH])=[N][CH2][CH2][C]([OH])=[N][CH2][CH2][S][C](=[O])[c]1[cH][cH][c]2[c]([cH]1)[CH]=[CH][CH2][CH2]2
7549,[CH3][C]([OH])=[N][C]([CH3])=[C]([CH3])[N]=[C]([CH3])[OH]
7550,[CH3][c]1[n][c]([CH3])[c]([CH3])[n][c]1[CH3]
7551,[CH3][C](=[O])[CH]([CH3])[N]=[C]([CH3])[OH]
7552,[CH3][C]([OH])=[N][CH]([CH3])[CH]([CH3])[OH]
7553,[CH3][CH]([NH2])[CH]([CH3])[OH]
7554,[CH3][c]1[cH][c](=[O])[c]2[cH][cH][cH][cH][c]2[nH]1
7555,[CH3][C]([CH3])=[CH][CH2][CH2][C]([CH3])=[CH][CH2][CH2][C]([CH3])=[CH][CH2][c]1[c]([CH3])[nH][c]2[cH][cH][cH][cH][c]2[c]1=[O]
7556,[CH3][C]([CH3])=[CH][CH]([OH])[CH2][C]([CH3])=[CH][CH2][CH2][C]([CH3])=[CH][CH2][c]1[c]([CH3])[nH][c]2[cH][cH][cH][cH][c]2[c]1=[O]
7557,[CH3][C]([CH3])=[CH][CH]([OH])[CH2][C]([CH3])=[CH][CH2][CH2][C]([CH3])=[CH][CH2][c]1[c]([CH3])[n]([OH])[c]2[cH][cH][cH][cH][c]2[c]1=[O]
7558,[CH3][C]([CH3])=[CH][CH2][CH2][C]([CH3])=[CH][CH2][CH2][C]1([CH3])[O][CH]1[CH2][c]1[c]([OH])[c]([CH3])[n+]([O-])[c]2[cH][cH][cH][cH][c]12
7559,[CH3][C]([CH3])=[CH][CH2][CH2][C]([CH3])=[CH][CH2][CH2][C]([CH3])([OH])[CH]1[CH2][c]2[c]([c]([CH3])[n+]([O-])[c]3[cH][cH][cH][cH][c]23)[O]1
7560,[OH][NH][c]1[c]([Cl])[cH][cH][cH][c]1-[c]1[cH][nH][cH][c]1[Cl]
7561,[O]=[N][c]1[c]([Cl])[cH][cH][cH][c]1-[c]1[cH][nH][cH][c]1[Cl]
7562,[CH3][CH2][CH2][CH2][CH2][CH2][CH2][CH2][CH]=[CH][CH2][CH2][CH2][CH2][CH2][CH2][CH2][C](=[O])[O][CH2][CH]([CH2][O][P](=[O])([OH])[O][CH2][CH2][NH2])[O][C](=[O])[CH2][CH2][CH2][CH2][CH2][CH2][CH2][CH]=[CH][CH2][CH2][CH2][CH2][CH2][CH2][CH2][CH3]
7563,[CH3][CH2][CH2][CH2][CH2][CH2][CH2][CH2][CH]=[CH][CH2][CH2][CH2][CH2][CH2][CH2][CH2][C](=[O])[O][CH2][CH]([OH])[CH2][O][P](=[O])([OH])[O][CH2][CH2][NH2]
7564,[CH2]=[CH][C](=[CH2])[CH2][CH]([OH])[CH]=[C]([CH3])[CH3]
7565,[CH3][CH2][CH2][CH2][CH2][CH2][CH2][CH2][CH]=[CH][CH2][CH2][CH2][CH2][CH2][CH2][CH2][C](=[O])[O][CH2][CH]([CH2][O][P](=[O])([OH])[OH])[O][C](=[O])[CH2][CH2][CH2][CH2][CH2][CH2][CH2][CH]=[CH][CH2][CH2][CH2][CH2][CH2][CH2][CH2][CH3]
7566,[CH3][CH2][CH2][CH2][CH2][CH2][CH2][CH2][CH]=[CH][CH2][CH2][CH2][CH2][CH2][CH2][CH2][C](=[O])[O][CH2][CH]([OH])[CH2][O][P](=[O])([OH])[OH]
7567,[CH3][CH2][CH]1[O][C](=[O])[CH2][CH]([OH])[CH]([CH3])[CH]([O][CH]2[O][CH]([CH3])[CH]([OH])[CH]([N]([CH3])[CH3])[CH]2[OH])[CH]([CH2][CH2][OH])[CH2][CH]([CH3])[C](=[O])[CH]=[CH][C]([CH3])=[CH][CH]1[CH3]
7568,[CH3][CH2][CH2][CH2][CH2][CH2][CH2][CH2][CH2][CH2][CH2][CH2][CH2][CH2][CH2][C](=[O])[O][CH2][CH]([OH])[CH2][O][P](=[O])([OH])[O][CH2][CH2][N+]([CH3])([CH3])[CH3]
7569,[CH3][CH2][CH2][CH2][CH2][CH2][CH2][CH2][CH2][CH2][CH2][CH2][CH2][CH2][CH2][C](=[O])[O][CH2][CH]([CH2][O][P](=[O])([OH])[O][CH2][CH2][N+]([CH3])([CH3])[CH3])[O][C](=[O])[CH2][CH2][CH2][CH2][CH2][CH2][CH2][CH2][CH2][CH2][CH2][CH2][CH2][CH2][CH3]
7570,[CH3][C](=[CH][CH2][CH2][C]([CH3])=[CH][CH2][OH])[CH2][OH]
7571,[CH3][CH2][CH]1[O][C](=[O])[CH2][CH]([OH])[CH]([CH3])[CH]([O][CH]2[O][CH]([CH3])[CH]([O][CH]3[CH2][C]([CH3])([OH])[CH]([OH])[CH]([CH3])[O]3)[CH]([N]([CH3])[CH3])[CH]2[OH])[CH]([CH2][CH2][OH])[CH2][CH]([CH3])[C](=[O])[CH]=[CH][C]([CH3])=[CH][CH]1[CH2][O][CH]1[O][CH]([CH3])[CH]([OH])[CH]([O][CH3])[CH]1[O][CH3]
7572,[CH3][CH2][CH]1[O][C](=[O])[CH2][CH]([OH])[CH]([CH3])[CH]([O][CH]2[O][CH]([CH3])[CH]([O][CH]3[CH2][C]([CH3])([OH])[CH]([OH])[CH]([CH3])[O]3)[CH]([N]([CH3])[CH3])[CH]2[O][CH]2[O][CH]([CH2][OH])[CH]([OH])[CH]([OH])[CH]2[OH])[CH]([CH2][CH]=[O])[CH2][CH]([CH3])[C](=[O])[CH]=[CH][C]([CH3])=[CH][CH]1[CH2][O][CH]1[O][CH]([CH3])[CH]([OH])[CH]([O][CH3])[CH]1[O][CH3]
7573,[O]=[C]([OH])[CH2][C]([OH])([CH2][P](=[O])([OH])[OH])[C](=[O])[OH]
7574,[O]=[C]([OH])[CH]([OH])[CH]([CH2][P](=[O])([OH])[OH])[C](=[O])[OH]
7575,[NH]=[c]1[cH][cH][n]([CH]2[O][CH]([CH2][O][P](=[O])([OH])[O][P](=[O])([OH])[CH2][CH2][CH2][NH2])[CH]([OH])[CH]2[OH])[c]([OH])[n]1
7576,[NH2][CH]([CH2][CH2][P](=[O])([OH])[OH])[C](=[O])[OH]
7577,[NH]=[c]1[cH][cH][n]([CH]2[O][CH]([CH2][O][P](=[O])([OH])[O][P](=[O])([OH])[CH2][CH2][CH2][NH][OH])[CH]([OH])[CH]2[OH])[c]([OH])[n]1
7578,[CH3][C](=[O])[N]([OH])[CH2][CH2][CH2][P](=[O])([OH])[O][P](=[O])([OH])[O][CH2][CH]1[O][CH]([n]2[cH][cH][c](=[NH])[n][c]2[OH])[CH]([OH])[CH]1[OH]
7579,[CH3][C](=[O])[N]([OH])[CH2][CH2][CH2][P](=[O])([OH])[OH]
7580,[CH3][C](=[O])[N]([OH])[CH2][CH]([OH])[CH2][P](=[O])([OH])[OH]
7581,[CH3][CH2][CH2][CH2][CH2][CH2][CH2][CH2][CH]=[CH][CH2][CH2][CH2][CH2][CH2][CH2][CH2][C](=[O])[O][CH]([CH2][OH])[CH2][OH]
7582,[CH3][CH2][CH2][CH2][CH2][CH2][CH2][CH2][CH]=[CH][CH2][CH2][CH2][CH2][CH2][CH2][CH2][C](=[O])[O][CH2][CH]([OH])[CH2][OH]
7583,[CH3][CH2][CH2][CH2][CH2][CH2][CH2][CH2][CH]=[CH][CH2][CH2][CH2][CH2][CH2][CH2][CH2][C](=[O])[O][CH2][CH]([CH2][OH])[O][C](=[O])[CH2][CH2][CH2][CH2][CH2][CH2][CH2][CH]=[CH][CH2][CH2][CH2][CH2][CH2][CH2][CH2][CH3]
7584,[CH3][CH2][CH2][CH]=[CH][CH]=[CH][CH2][CH2][CH2][CH2][CH2][CH2][CH2][CH2][C](=[O])[OH]
7585,[CH3][CH2][CH2][CH]=[CH][CH]=[CH][CH2][CH2][CH2][CH2][CH2][CH2][CH2][CH2][CH2][OH]
7586,[NH2][C](=[O])[C]1=[CH][CH]=[CH][N]([CH]2[O][CH]([CH2][O][P](=[O])([OH])[O][P](=[O])([OH])[O][CH2][CH]3[O][CH]([n]4[cH][n][c]5[c]([NH2])[n][cH][n][c]54)[CH]([O][P](=[O])([OH])[OH])[CH]3[OH])[CH]([OH])[CH]2[OH])[CH2]1
7587,[CH3][CH2][CH2][CH2][CH2][CH2][CH2][CH2][CH]=[CH][CH2][CH2][CH2][CH2][CH2][CH2][CH2][C](=[O])[O][CH]1[CH2][CH2][C]2([CH3])[C]3=[C]([CH2][CH2][CH]2[C]1([CH3])[CH3])[C]1([CH3])[CH2][CH2][CH]([CH]([CH3])[CH2][CH2][CH]=[C]([CH3])[CH3])[C]1([CH3])[CH2][CH2]3
7588,[CH3][CH2][CH2][CH2][CH2][CH2][CH2][CH2][CH]=[CH][CH2][CH2][CH2][CH2][CH2][CH2][CH2][C](=[O])[O][CH]1[CH2][CH2][C]2([CH3])[C](=[CH][CH]=[C]3[CH]2[CH2][CH2][C]2([CH3])[CH]3[CH2][CH2][CH]2[CH]([CH3])[CH]=[CH][CH]([CH3])[CH]([CH3])[CH3])[CH2]1
7589,[NH2][c]1[n][c]([OH])[nH][c]2[n][cH][n][c]1-2
7590,[NH2][c]1[n][c]([OH])[n][c]2[c]1[n][cH][n]2[CH]1[CH2][CH]([OH])[CH]([CH2][OH])[O]1
7591,[CH3][C]([OH])([Cl])[C](=[O])[OH]
7592,[NH2][c]1[cH][cH][cH][cH][c]1[CH]=[O]
7593,[cH]1[cH][cH][c]2[n][o][cH][c]2[cH]1
7594,[CH3][NH][CH]=[CH][c]1[cH][cH][c]([OH])[cH][cH]1
7595,[CH3][N]=[CH][CH2][c]1[cH][cH][c]([OH])[cH][cH]1
7596,[NH2][CH]=[CH][c]1[cH][cH][c]([OH])[cH][cH]1
7597,[NH]=[CH][CH2][c]1[cH][cH][c]([OH])[cH][cH]1
7598,[CH3][CH]1[O][CH]([O][P](=[O])([OH])[O][P](=[O])([OH])[O][CH2][CH]2[O][CH]([n]3[cH][n][c]4[c]([OH])[n][c](=[NH])[nH][c]43)[CH]([OH])[CH]2[OH])[CH]([OH])[CH2][C]1=[NH]
7599,[CH3][CH]1[O][CH]([O][P](=[O])([OH])[O][P](=[O])([OH])[O][CH2][CH]2[O][CH]([n]3[cH][n][c]4[c]([OH])[n][c](=[NH])[nH][c]43)[CH]([OH])[CH]2[OH])[CH]([OH])[CH]=[C]1[NH2]
7600,[CH3][CH]([OH])[CH]([OH])[CH2][CH]([OH])[CH]=[O]
7601,[CH3][CH]1[O][CH]([OH])[CH]([OH])[CH2][CH]1[OH]
7602,[CH3][CH]([OH])[CH]([OH])[CH2][CH]([OH])[CH]=[O]
7603,[CH3][CH]1[O][CH]([OH])[CH]([OH])[CH2][CH]1[OH]
7604,[CH3][CH]1[O][CH]([OH])[CH]([OH])[CH2][CH]1[OH]
7605,[CH3][CH]([OH])[CH]([OH])[CH2][CH]([OH])[CH]=[O]
7606,[CH3][CH]1[O][CH]([OH])[CH]([OH])[CH2][CH]1[OH]
7607,[CH3][CH]([OH])[CH]([OH])[CH2][CH]([OH])[CH]=[O]
7608,[CH3][O][CH]1[CH]([CH3])[O][CH]([O][P](=[O])([OH])[O][P](=[O])([OH])[O][CH2][CH]2[O][CH]([n]3[cH][c]([CH3])[c]([OH])[n][c]3=[O])[CH2][CH]2[OH])[CH2][C]1([CH3])[N+](=[O])[O-]
7609,[CH3][CH]1[CH2][CH2][CH]([C]([CH]=[O])=[CH][OH])[CH]1[CH]=[O]
7610,[CH3][O][C](=[O])[C]1=[CH][O][CH]([OH])[CH]2[CH]1[CH2][CH]([OH])[CH]2[CH3]
7611,[CH3][CH2][CH]([CH3])[CH2][CH2][CH2][CH2][C](=[O])[S][CH2][CH2][N]=[C]([OH])[CH2][CH2][N]=[C]([OH])[CH]([OH])[C]([CH3])([CH3])[CH2][O][P](=[O])([OH])[O][P](=[O])([OH])[O][CH2][CH]1[O][CH]([n]2[cH][n][c]3[c]([NH2])[n][cH][n][c]32)[CH]([OH])[CH]1[O][P](=[O])([OH])[OH]
7612,[CH3][CH2][CH]([CH3])[CH2][CH2][CH2][CH2][C]([OH])=[N][CH]([CH2][CH2][NH2])[C]([OH])=[N][CH]([C]([OH])=[N][CH]([CH2][CH2][NH2])[C]([OH])=[N][CH]1[CH2][CH2][N]=[C]([OH])[CH]([CH]([CH3])[OH])[N]=[C]([OH])[CH]([CH2][CH2][NH2])[N]=[C]([OH])[CH]([CH2][CH2][NH2])[N]=[C]([OH])[CH]([CH]([CH3])[OH])[N]=[C]([OH])[CH]([CH2][CH]([CH3])[CH3])[N]=[C]([OH])[CH]([CH2][CH2][NH2])[N]=[C]1[OH])[CH]([CH3])[OH]
7613,[NH2][C]1([OH])[CH]=[CH][CH]=[CH][CH]1[OH]
7614,[NH2][CH]([CH2][CH2][C]([OH])=[N][C]1([OH])[CH]=[CH][CH]=[CH][CH]1[OH])[C](=[O])[OH]
7615,[CH2]=[C]([CH3])[CH]([CH2][CH2][C]([CH3])=[O])[CH2][C](=[O])[OH]
7616,[OH][CH2][CH]1[O][C]([CH2][OH])([O][CH2][CH]2[O][CH]([O][C]3([CH2][O][C]4([CH2][OH])[O][CH]([CH2][OH])[CH]([OH])[CH]4[OH])[O][CH]([CH2][OH])[CH]([OH])[CH]3[OH])[CH]([OH])[CH]([OH])[CH]2[OH])[CH]([OH])[CH]1[OH]
7617,[OH][c]1[n][c]([OH])[c]2[c]([n]1)[NH][CH2][CH]=[N]2
7618,[CH3][C]1=[C]2[N]=[c]3[c]([OH])[n][c](=[NH])[nH][c]3=[N][CH2][CH]2[CH]2[CH2][NH][c]3[n][c]([OH])[n][c]([OH])[c]3[N]12
7619,[CH3][CH2][CH2][CH2][CH2][CH2][CH2][CH2][CH2][CH2][CH2][CH2][CH2][C]([CH3])=[O]
7620,[CH3][CH2][CH2][CH2][CH2][CH2][CH2][CH2][CH2][CH2][CH2][CH2][CH2][C](=[O])[CH2][C](=[O])[OH]
7621,[O][c]1[cH][cH][c](-[c]2[cH][c](=[O])[c]3[c]([OH])[cH][c]([O][CH]4[O][CH]([C](=[O])[OH])[CH]([OH])[CH]([OH])[CH]4[O][CH]4[O][CH]([C](=[O])[OH])[CH]([OH])[CH]([OH])[CH]4[OH])[cH][c]3[o]2)[cH][c]1[OH]
7622,[CH3][C]([CH3])=[CH][CH2][CH2][C]([CH3])=[CH][CH2][CH2][C]([CH3])=[CH][CH2][CH2][C]([CH3])=[CH][CH2][CH2][C]([CH3])=[CH][CH2][CH2][C]([CH3])=[CH][CH2][CH2][C]([CH3])=[CH][CH2][CH2][C]([CH3])=[CH][CH2][CH2][C]([CH3])=[CH][CH2][c]1[cH][cH][cH][cH][c]1[OH]
7623,[CH3][C]([OH])=[N][CH]1[CH]([OH])[O][CH]([CH2][OH])[CH]([OH])[CH]1[OH]
7624,[O]=[c]1[cH][c]([OH])[cH][c]2[o][c](-[c]3[cH][cH][c]([OH])[c]([OH])[cH]3)[c]([O][CH]3[O][CH]([CH2][O+]=[C]([OH])[CH]=[CH][c]4[cH][cH][c]([OH])[cH][cH]4)[CH]([OH])[CH]([OH])[CH]3[O][CH]3[O][CH2][CH]([OH])[CH]([OH])[CH]3[OH])[cH][c]1-2
7625,[OH][CH2][CH]1[O][CH]([O][c]2[cH][c]3[c]([OH])[cH][c]([OH])[cH][c]3[o+][c]2-[c]2[cH][cH][c]([OH])[c]([OH])[cH]2)[CH]([O][CH]2[O][CH2][CH]([OH])[CH]([OH])[CH]2[OH])[CH]([OH])[CH]1[OH]
7626,[O]=[C]([CH]=[CH][c]1[cH][cH][c]([OH])[cH][cH]1)[O][CH2][CH]1[O][CH]([O][c]2[cH][c]3[c]([O][CH]4[O][CH]([CH2][OH])[CH]([OH])[CH]([OH])[CH]4[OH])[cH][c]([OH])[cH][c]3[o+][c]2-[c]2[cH][cH][c]([OH])[c]([OH])[cH]2)[CH]([O][CH]2[O][CH2][CH]([OH])[CH]([OH])[CH]2[OH])[CH]([OH])[CH]1[OH]
7627,[O]=[C]([OH])[CH2][C](=[O])[O][CH2][CH]1[O][CH]([O][c]2[cH][c]([OH])[cH][c]3[o+][c](-[c]4[cH][cH][c]([OH])[c]([OH])[cH]4)[c]([O][CH]4[O][CH]([CH2][O][C](=[O])[CH]=[CH][c]5[cH][cH][c]([OH])[cH][cH]5)[CH]([OH])[CH]([OH])[CH]4[O][CH]4[O][CH2][CH]([OH])[CH]([OH])[CH]4[OH])[cH][c]23)[CH]([OH])[CH]([OH])[CH]1[OH]
7628,[CH3][O][c]1[cH][c]([CH]=[CH][C](=[O])[O][CH]2[CH]([O][CH]3[CH]([O][c]4[cH][c]5[c]([O][CH]6[O][CH]([CH2][O][C](=[O])[CH2][C](=[O])[OH])[CH]([OH])[CH]([OH])[CH]6[OH])[cH][c]([OH])[cH][c]5[o+][c]4-[c]4[cH][cH][c]([OH])[c]([OH])[cH]4)[O][CH]([CH2][O][C](=[O])[CH]=[CH][c]4[cH][cH][c]([OH])[cH][cH]4)[CH]([OH])[CH]3[OH])[O][CH2][CH]([OH])[CH]2[OH])[cH][c]([O][CH3])[c]1[OH]
7629,[CH3][O][c]1[cH][c]([CH]=[CH][C](=[O])[O][CH]2[CH]([O][CH]3[CH]([O][c]4[cH][c]5[c]([O][CH]6[O][CH]([CH2][O][C](=[O])[CH2][C](=[O])[OH])[CH]([OH])[CH]([OH])[CH]6[OH])[cH][c]([OH])[cH][c]5[o+][c]4-[c]4[cH][cH][c]([OH])[c]([OH])[cH]4)[O][CH]([CH2][O][C](=[O])[CH]=[CH][c]4[cH][cH][c]([O][CH]5[O][CH]([CH2][OH])[CH]([OH])[CH]([OH])[CH]5[OH])[cH][cH]4)[CH]([OH])[CH]3[OH])[O][CH2][CH]([OH])[CH]2[OH])[cH][c]([O][CH3])[c]1[OH]
7630,[CH3][CH]1[O][CH]([O][CH2][CH]2[O][CH]([O][c]3[cH][c]4[c]([OH])[cH][c]([OH])[cH][c]4[o+][c]3-[c]3[cH][c]([OH])[c]([OH])[c]([OH])[cH]3)[CH]([OH])[CH]([OH])[CH]2[OH])[CH]([OH])[CH]([OH])[CH]1[OH]
7631,[O]=[C]([O][CH]1[O][CH]([CH2][OH])[CH]([OH])[CH]([OH])[CH]1[OH])[c]1[cH][cH][c]([OH])[cH][cH]1
7632,[CH3][CH]1[O][CH]([O][CH2][CH]2[O][CH]([O][c]3[cH][c]4[c]([OH])[cH][c](=[O+][CH]5[O][CH]([CH2][OH])[CH]([OH])[CH]([OH])[CH]5[OH])[cH][c]-4[o][c]3-[c]3[cH][c]([OH])[c]([OH])[c]([OH])[cH]3)[CH]([OH])[CH]([OH])[CH]2[OH])[CH]([OH])[CH]([OH])[CH]1[OH]
7633,[CH3][CH]1[O][CH]([O][CH2][CH]2[O][CH]([O][c]3[cH][c]4[c]([OH])[cH][c](=[O+][CH]5[O][CH]([CH2][O][C]([OH])=[C]6[CH]=[CH][C](=[O])[CH]=[CH]6)[CH]([OH])[CH]([OH])[CH]5[OH])[cH][c]-4[o][c]3-[c]3[cH][c]([OH])[c]([OH])[c]([OH])[cH]3)[CH]([OH])[CH]([OH])[CH]2[OH])[CH]([OH])[CH]([OH])[CH]1[OH]
7634,[CH3][CH]1[O][CH]([O][CH2][CH]2[O][CH]([O][c]3[cH][c]4[c]([OH])[cH][c](=[O+][CH]5[O][CH]([CH2][O][C](=[O])[c]6[cH][cH][c]([O][CH]7[O][CH]([CH2][OH])[CH]([OH])[CH]([OH])[CH]7[OH])[cH][cH]6)[CH]([OH])[CH]([OH])[CH]5[OH])[cH][c]-4[o][c]3-[c]3[cH][c]([OH])[c]([OH])[c]([OH])[cH]3)[CH]([OH])[CH]([OH])[CH]2[OH])[CH]([OH])[CH]([OH])[CH]1[OH]
7635,[CH3][C]12[CH2][CH2][C](=[O])[CH]=[C]1[CH2][CH2][CH]1[CH]2[CH]([OH])[CH2][C]2([CH3])[CH]1[CH2][CH2][C]2([OH])[CH]([OH])[CH2][OH]
7636,[OH][CH2][CH]1[O][CH]([O][CH]2[O][CH]([CH2][OH])[CH]([OH])[CH]([OH])[CH]2[O][CH]2[O][CH]([CH2][OH])[CH]([OH])[CH]([OH])[CH]2[OH])[CH]([OH])[CH]([OH])[CH]1[OH]
7637,[CH3][C](=[O])[O][CH]([C](=[O])[OH])[CH]([O][C](=[O])[CH]=[CH][c]1[cH][cH][c]([OH])[cH][cH]1)[C](=[O])[OH]
7638,[O]=[C]([CH]=[CH][c]1[cH][cH][c]([OH])[cH][cH]1)[O][CH]([C](=[O])[OH])[CH]([OH])[C](=[O])[OH]
7639,[O]=[C]([OH])[CH2][CH2][S](=[O])[OH]
7640,[O]=[C]([OH])[CH2][CH2][SH]
7641,[O]=[C]([OH])[CH2][CH2][S][S][CH2][CH2][C](=[O])[OH]
7642,[O]=[C]([OH])[CH2][CH2][CH2][SH]
7643,[O]=[C]([OH])[CH2][CH2][CH2][S][S][CH2][CH2][CH2][C](=[O])[OH]
7644,[O]=[C]([OH])[CH2][CH2][C](=[O])[SH]
7645,[O]=[C]([OH])[CH2][CH2][S][CH2][CH2][C](=[O])[OH]
7646,[CH3][NH][c]1[cH][cH][cH][cH][c]1[C](=[O])[O][CH]1[O][CH]([CH2][OH])[CH]([OH])[CH]([OH])[CH]1[OH]
7647,[O]=[C]1[CH]=[CH][C](=[C]([OH])[O][CH2][CH]2[O][CH]([O+]=[c]3[cH][c]4[o][c](-[c]5[cH][cH][c]([OH])[c]([OH])[cH]5)[c]([O][CH]5[O][CH]([CH2][OH])[CH]([OH])[CH]([OH])[CH]5[OH])[cH][c]-4[c]([OH])[cH]3)[CH]([OH])[CH]([OH])[CH]2[OH])[CH]=[CH]1
7648,[O]=[C]([O][CH2][CH]1[O][CH]([O+]=[c]2[cH][c]3[o][c](-[c]4[cH][cH][c]([OH])[c]([OH])[cH]4)[c]([O][CH]4[O][CH]([CH2][OH])[CH]([OH])[CH]([OH])[CH]4[OH])[cH][c]-3[c]([OH])[cH]2)[CH]([OH])[CH]([OH])[CH]1[OH])[c]1[cH][cH][c]([O][CH]2[O][CH]([CH2][OH])[CH]([OH])[CH]([OH])[CH]2[OH])[cH][cH]1
7649,[CH3][C]([OH])=[N][CH]1[CH]([O][P](=[O])([OH])[O][P](=[O])([OH])[O][CH2][CH]2[O][CH]([n]3[cH][cH][c]([OH])[n][c]3=[O])[CH]([OH])[CH]2[OH])[O][CH]([CH3])[CH]([NH2])[CH]1[OH]
7650,[CH3][C]([CH3])=[CH][CH2][CH2][C]([CH3])=[CH][CH2][CH2][C]([CH3])=[CH][CH2][CH2][C]([CH3])=[CH][CH2][CH2][C]([CH3])=[CH][CH2][CH2][C]([CH3])=[CH][CH2][CH2][C]([CH3])=[CH][CH2][CH2][C]([CH3])=[CH][CH2][CH2][C]([CH3])=[CH][CH2][CH2][C]([CH3])=[CH][CH2][CH2][C]([CH3])=[CH][CH2][O][P](=[O])([OH])[O][P](=[O])([OH])[O][CH]1[O][CH]([CH3])[CH]([NH2])[CH]([OH])[CH]1[N]=[C]([CH3])[OH]
7651,[CH2]=[CH][C]1([CH3])[CH]=[C]2[CH2][CH2][CH]3[C]([CH3])([CH3])[CH]([OH])[CH2][CH2][C]3([CH3])[CH]2[CH2][CH2]1
7652,[CH2]=[CH][C]1([CH3])[CH]=[C]2[CH2][CH2][CH]3[C]([CH3])([CH3])[CH]([OH])[CH2][CH2][C]3([CH3])[C]2([OH])[CH2][CH2]1
7653,[CH2]=[CH][C]1([CH3])[CH]=[C]2[CH]([OH])[CH2][CH]3[C]([CH3])([CH3])[CH]([OH])[CH2][CH2][C]3([CH3])[CH]2[CH2][CH2]1
7654,[CH3][C]1([CH3])[CH2][CH2][C]2([CH3])[CH2][CH2][C]3([CH3])[C]4([CH3])[CH2][CH2][CH]5[C]([CH3])([CH3])[CH]([OH])[CH2][CH2][C]5([CH3])[CH]4[CH2][CH]4[O][C]43[CH]2[CH2]1
7655,[CH3][C]1([CH3])[CH2][CH2][C]2([CH3])[CH]([OH])[CH2][C]3([CH3])[C]4([CH3])[CH2][CH2][CH]5[C]([CH3])([CH3])[CH]([OH])[CH2][CH2][C]5([CH3])[CH]4[CH2][CH]4[O][C]43[CH]2[CH2]1
7656,[CH3][C]1([CH3])[CH2][CH2][C]2([CH3])[CH]([OH])[CH2][C]3([CH3])[C](=[CH][CH2][CH]4[C]5([CH3])[CH2][CH2][CH]([OH])[C]([CH3])([CH3])[CH]5[CH2][CH2][C]43[CH3])[CH]2[CH2]1
7657,[CH3][C]1([CH]=[O])[CH2][CH]2[C]([CH3])([CH2][CH]1[OH])[CH]([OH])[CH2][C]1([CH3])[C]3([CH3])[CH2][CH2][CH]4[C]([CH3])([CH2][OH])[CH]([O][CH]5[O][CH2][CH]([OH])[CH]([OH])[CH]5[O][CH]5[O][CH]([CH2][OH])[CH]([OH])[CH]([OH])[CH]5[OH])[CH2][CH2][C]4([CH3])[CH]3[CH2][CH]3[O][C]321
7658,[CH3][C]1([CH]=[O])[CH2][CH]2[C]([CH3])([CH2][CH]1[OH])[CH]([OH])[CH2][C]1([CH3])[C]3([CH3])[CH2][CH2][CH]4[C]([CH3])([CH2][OH])[CH]([O][CH]5[O][CH2][CH]([O][CH]6[O][CH]([CH2][OH])[CH]([OH])[CH]([OH])[CH]6[OH])[CH]([OH])[CH]5[O][CH]5[O][CH]([CH2][OH])[CH]([OH])[CH]([OH])[CH]5[OH])[CH2][CH2][C]4([CH3])[CH]3[CH2][CH]3[O][C]321
7659,[CH2]=[CH][C]1([CH3])[CH]=[C]2[CH]([OH])[CH2][CH]3[C]([CH3])([CH3])[CH2][CH2][CH2][C]3([CH3])[CH]2[CH2][CH2]1
7660,[CH3][C]([CH3])=[CH][CH2][CH2][C]([CH3])=[CH][CH2][CH2][C]([CH3])=[CH][CH2][N]1[C](=[O])[c]2[cH][cH][cH][c]([OH])[c]2[NH][c]2[c]([OH])[cH][c]([OH])[cH][c]21
7661,[OH][C]1=[N][c]2[cH][c]([OH])[cH][c]([OH])[c]2[NH][c]2[c]([OH])[cH][cH][cH][c]21
7662,[CH3][C](=[O])[CH2][C](=[O])[c]1[c]([CH2][C](=[O])[CH2][C](=[O])[CH2][C](=[O])[OH])[cH][c]2[cH][c]([OH])[cH][c]([OH])[c]2[c]1[OH]
7663,[CH3][C]([CH3])=[CH][CH2][c]1[cH][cH][cH][c]2[n][c]3[cH][cH][cH][c]([C](=[O])[OH])[c]3[n][c]12
7664,[CH3][C]([CH3])=[CH][CH2][O][c]1[cH][cH][c]([CH2][CH]2[N]=[C]([OH])[CH]([CH2][OH])[N]=[C]2[OH])[cH][cH]1
7665,[CH3][CH]([CH3])[CH]1[CH2][CH2][C]2([CH3])[CH2][CH]3[CH]([CH2][OH])[CH2][CH]([OH])[CH]3[C]([CH3])([OH])[CH2][CH]=[C]12
7666,[CH3][CH]([CH3])[CH]1[CH2][CH2][C]2([CH3])[CH2][CH]3[CH]([CH3])[CH2][CH]([OH])[CH]3[C]([CH3])([OH])[CH2][CH]=[C]12
7667,[CH3][CH]([CH3])[CH]1[CH2][CH2][C]2([CH3])[CH2][CH]3[CH]([CH3])[CH2][CH2][CH]3[C]([CH3])([OH])[CH2][CH]=[C]12
7668,[CH2]=[C]1[CH2][CH2][C]23[CH2][CH]1[CH2][CH]2[CH2][CH2][CH]1[C]([CH3])([CH2][OH])[CH2][CH2][CH2][C]13[CH3]
7669,[CH2]=[C]1[CH2][CH2][C]23[CH2][CH]1[CH2][CH]2[CH2][CH2][CH]1[C]([CH3])([CH]=[O])[CH2][CH2][CH2][C]13[CH3]
7670,[CH3][O][c]1[cH][c]([CH2][CH]([CH2][OH])[CH]([CH2][O][CH]2[O][CH]([CH2][OH])[CH]([OH])[CH]([OH])[CH]2[OH])[CH2][c]2[cH][cH][c]([OH])[c]([O][CH3])[cH]2)[cH][cH][c]1[OH]
7671,[CH3][O][c]1[cH][c]([CH2][CH]([CH2][O][CH]2[O][CH]([CH2][OH])[CH]([OH])[CH]([OH])[CH]2[OH])[CH]([CH2][O][CH]2[O][CH]([CH2][OH])[CH]([OH])[CH]([OH])[CH]2[OH])[CH2][c]2[cH][cH][c]([OH])[c]([O][CH3])[cH]2)[cH][cH][c]1[OH]
7672,[CH2]=[CH][C]1=[CH][CH2][CH]2[CH]([CH2][CH2][CH]3[C]([CH3])([CH3])[CH]([OH])[CH2][CH2][C]23[CH3])[CH]1[CH3]
7673,[NH2][CH]([CH2][C]1=[CH][C]2=[C]([NH][CH]([C](=[O])[OH])[CH2][CH]2[C](=[O])[OH])[C](=[O])[CH]1[OH])[C](=[O])[OH]
7674,[CH2]=[CH][C]1([CH3])[CH2][CH2][CH]2[C](=[CH][CH]([OH])[CH]3[C]([CH3])([CH3])[CH2][CH2][CH2][C]23[CH3])[CH2]1
7675,[CH3][N]=[C]([OH])[N]([CH3])[C]1=[N][C](=[O])[N]([CH3])[C]1([OH])[C](=[O])[OH]
7676,[CH3][N]=[C]([OH])[N]([CH3])[CH]1[N]=[C]([OH])[N]([CH3])[C]1=[O]
7677,[CH2]=[C]([C](=[O])[OH])[CH]1[CH2][CH2][C]([CH3])=[CH][CH2][CH2][C]([CH3])=[CH][CH]1[OH]
7678,[CH2]=[C]([C](=[O])[OH])[CH]1[CH2][CH]=[C]([CH3])[CH2][CH2][CH]=[C]([CH3])[CH2][CH]1[OH]
7679,[CH2]=[CH][C]1=[CH][CH2][CH]2[CH]([CH2][CH2][CH]3[C]([CH3])([CH3])[CH2][CH]([OH])[CH2][C]23[CH3])[CH]1[CH3]
7680,[CH2]=[CH][C]1([CH3])[CH]=[C]2[C](=[O])[CH2][CH]3[C]([CH3])([CH3])[CH]([OH])[CH2][CH2][C]3([CH3])[CH]2[CH2][CH2]1
7681,[CH3][c]1[cH][c]([OH])[cH][cH][c]1[OH]
7682,[OH][CH2][c]1[cH][c]([OH])[cH][cH][c]1[OH]
7683,[O]=[C]1[CH]=[C]([CH2][OH])[C](=[O])[CH]2[O][CH]12
7684,[O]=[C]1[C]([CH2][OH])=[CH][CH]([OH])[CH]2[O][CH]12
7685,[O]=[C]1[CH]=[C]2[CH2][O][CH]([OH])[CH]=[C]2[O]1
7686,[O]=[C]1[CH]=[C]([CH2][OH])[C](=[CH][CH2][OH])[O]1
7687,[O]=[C]1[CH]=[C]2[C](=[CH][CH2][O][CH]2[OH])[O]1
7688,[CH3][O][c]1[cH][c]([CH]2[c]3[cH][c]4[c]([cH][c]3[CH]([OH])[CH]3[CH2][O][C](=[O])[CH]23)[O][CH2][O]4)[cH][c]([O][CH3])[c]1[O][CH3]
7689,[CH3][O][c]1[cH][c]([CH]2[c]3[cH][c]4[c]([cH][c]3[CH]([O][CH]3[O][CH]([CH2][OH])[CH]([OH])[CH]([OH])[CH]3[OH])[CH]3[CH2][O][C](=[O])[CH]23)[O][CH2][O]4)[cH][c]([O][CH3])[c]1[O][CH3]
7690,[CH3][O][c]1[cH][c]([CH]2[c]3[cH][c]4[c]([c]([O][CH3])[c]3[CH]([OH])[CH]3[CH2][O][C](=[O])[CH]23)[O][CH2][O]4)[cH][c]([O][CH3])[c]1[O][CH3]
7691,[CH3][O][c]1[cH][c]([CH]2[c]3[cH][c]4[c]([c]([O][CH3])[c]3[CH]([O][CH]3[O][CH]([CH2][OH])[CH]([OH])[CH]([OH])[CH]3[OH])[CH]3[CH2][O][C](=[O])[CH]23)[O][CH2][O]4)[cH][c]([O][CH3])[c]1[O][CH3]
7692,[CH3][O][c]1[cH][cH][c]([CH]2[c]3[cH][c]4[c]([c]([O][CH3])[c]3[CH]([OH])[CH]3[CH2][O][C](=[O])[CH]23)[O][CH2][O]4)[cH][c]1[O][CH3]
7693,[CH3][O][c]1[cH][cH][c]([CH]2[c]3[cH][c]4[c]([c]([O][CH3])[c]3[CH]([O][CH]3[O][CH]([CH2][OH])[CH]([OH])[CH]([OH])[CH]3[OH])[CH]3[CH2][O][C](=[O])[CH]23)[O][CH2][O]4)[cH][c]1[O][CH3]
7694,[O]=[c]1[c]([OH])[c](-[c]2[cH][cH][c]([OH])[c]([OH])[cH]2)[o][c]2[c]([OH])[c]([O][CH]3[O][CH]([CH2][OH])[CH]([OH])[CH]([OH])[CH]3[OH])[cH][c]([OH])[c]12
7695,[O]=[c]1[cH][c](-[c]2[cH][cH][c]([OH])[c]([OH])[cH]2)[o][c]2[c]([OH])[c]([OH])[cH][c]([OH])[c]12
7696,[O]=[c]1[c]([OH])[c](-[c]2[cH][cH][c]([OH])[cH][cH]2)[o][c]2[c]([OH])[c]([OH])[cH][c]([OH])[c]12
7697,[CH3][O][c]1[c]([OH])[cH][c]([OH])[c]2[c](=[O])[c]([OH])[c](-[c]3[cH][cH][c]([OH])[cH][cH]3)[o][c]12
7698,[CH3][NH][O][CH3]
7699,[CH3][O][N]([CH3])[C]([OH])=[N][c]1[cH][cH][c]([Cl])[c]([Cl])[cH]1
7700,[OH][c]1[cH][cH][c]([Cl])[c]([Cl])[c]1[OH]
7701,[CH3][O][c]1[cH][c]2[o][c](-[c]3[cH][cH][c]([OH])[cH][cH]3)[cH][c](=[O])[c]2[c]([OH])[c]1[O][CH3]
7702,[CH2]=[C]1[C](=[O])[O][CH]2[CH]1[CH2][CH2][C]([CH3])=[CH][CH2][CH2][C]1([CH3])[O][CH]21
7703,[CH2]=[C]1[C](=[O])[O][CH]2[CH]1[CH2][CH2][C]([CH3])=[CH][CH2][CH]([OH])[C]1([CH3])[O][CH]21
7704,[CH2]=[C]1[C](=[O])[O][CH]2[CH]=[C]([CH3])[CH]([OH])[CH2][CH]=[C]([CH3])[CH2][CH2][CH]12
7705,[CH3][O][c]1[cH][c](-[c]2[o][c]3[c]([O][CH3])[c]([OH])[cH][c]([OH])[c]3[c](=[O])[c]2[OH])[cH][cH][c]1[OH]
7706,[O]=[C]([CH]=[CH][c]1[cH][cH][c]([OH])[c]([OH])[cH]1)[O][CH]1[O][CH]([CH2][OH])[CH]([OH])[CH]([OH])[CH]1[OH]
7707,[NH]=[c]1[n][c]([OH])[c]2[n][cH][n]([CH]3[O][CH]([CH2][O][P](=[O])([OH])[O][P](=[O])([OH])[O][P](=[O])([OH])[OH])[CH]([OH])[CH]3[O][P](=[O])([OH])[O][CH2][CH]3[O][CH]([n]4[cH][n][c]5[c]([NH2])[n][cH][n][c]54)[CH]([OH])[CH]3[OH])[c]2[nH]1
7708,[CH3][O][c]1[cH][cH][c]2[c]([c]1[O][CH3])[CH2][N]([CH3])[c]1[c]-2[cH][cH][c]2[cH][c]3[c]([cH][c]12)[O][CH2][O]3
7709,[CH3][O][c]1[cH][cH][c]2[c]([cH][n+]([CH3])[c]3[c]4[cH][c]5[c]([cH][c]4[cH][cH][c]23)[O][CH2][O]5)[c]1[O][CH3]
7710,[O]=[C]([OH])[C](=[O])[CH2][CH]([OH])[CH2][P](=[O])([OH])[OH]
7711,[O]=[C]([OH])[C](=[O])[CH]=[CH][CH2][P](=[O])([OH])[OH]
7712,[NH2][CH]([CH]=[CH][CH2][P](=[O])([OH])[OH])[C](=[O])[OH]
7713,[NH]=[C]([NH2])[NH][CH2][CH2][CH2][CH]([NH2])[C]([OH])=[N][CH]([CH]=[CH][CH2][P](=[O])([OH])[OH])[C](=[O])[OH]
7714,[CH3][CH]([CH3])[CH]([NH2])[C]([OH])=[N][CH]([CH2][CH2][CH2][NH][C](=[NH])[NH2])[C]([OH])=[N][CH]([CH]=[CH][CH2][P](=[O])([OH])[OH])[C](=[O])[OH]
7715,[NH2][CH]([CH2][CH]([OH])[CH2][P](=[O])([OH])[OH])[C](=[O])[OH]
7716,[NH]=[C]([NH2])[NH][CH2][CH2][CH2][CH]([NH2])[C]([OH])=[N][CH]([CH2][CH]([OH])[CH2][P](=[O])([OH])[OH])[C](=[O])[OH]
7717,[CH3][CH]([CH3])[CH]([NH2])[C]([OH])=[N][CH]([CH2][CH2][CH2][NH][C](=[NH])[NH2])[C]([OH])=[N][CH]([CH2][CH]([OH])[CH2][P](=[O])([OH])[OH])[C](=[O])[OH]
7718,[OH][c]1[n][c]([Cl])[c]([Cl])[cH][c]1[Cl]
7719,[O]=[C]1[CH]=[C]([OH])[C]([OH])=[N][C]1=[O]
7720,[O]=[C]1[CH]=[C]([Cl])[C](=[O])[N]=[C]1[Cl]
7721,[O]=[C]1[CH]=[C]([Cl])[C]([OH])=[N][C]1=[O]
7722,[O]=[C]1[CH]=[C]([OH])[C](=[O])[c]2[c]([OH])[c]([OH])[cH][c]([OH])[c]21
7723,[O]=[S](=[O])([OH])[O][c]1[cH][nH][c]2[cH][cH][cH][cH][c]12
7724,[CH3][c]1[cH][cH][c]([O][S](=[O])(=[O])[OH])[cH][cH]1
7725,[O]=[S](=[O])([OH])[O][c]1[cH][cH][c]([CH]2[CH2][O][c]3[cH][c]([OH])[cH][cH][c]3[CH2]2)[cH][cH]1
7726,[CH3][C]1=[C]2[CH2][C]3([CH3])[CH2][CH2][C]([CH]([CH3])[CH3])=[C]3[CH2][CH]([OH])[CH]([CH3])[CH]2[CH2][CH2]1
7727,[CH3][CH]([CH3])[C]1=[C]2[CH2][CH]([OH])[CH]([CH3])[CH]3[CH2][CH2][C]([CH2][OH])=[C]3[CH2][C]2([CH3])[CH2][CH2]1
7728,[CH3][CH]([CH3])[C]1=[C]2[CH2][CH]([OH])[CH]([CH3])[CH]3[CH2][CH2][C]([OH])([CH2][OH])[C]3=[CH][C]2([CH3])[CH2][CH2]1
7729,[CH3][O][CH2][C]1([OH])[CH2][CH2][CH]2[C]1=[CH][C]1([CH3])[CH2][CH2][C]([CH]([CH3])[CH3])=[C]1[CH2][CH]([OH])[CH]2[CH3]
7730,[CH3][CH]([CH3])[C]1=[C]2[CH2][CH]([OH])[CH]([CH3])[CH]3[CH2][CH2][CH]([CH]=[O])[C]3=[CH][C]2([CH3])[CH2][CH2]1
7731,[CH3][CH]([CH3])[C]1=[C]2[CH2][CH]([OH])[CH]([CH3])[CH]3[CH2][CH2][CH]([CH2][OH])[C]3=[CH][C]2([CH3])[CH2][CH2]1
7732,[CH2]=[CH][C]([CH3])([CH3])[O][CH2][CH]1[O][CH]([O][CH]2[C]3=[C]([CH]([CH3])[CH3])[CH2][CH]([OH])[C]3([CH3])[CH]=[C]3[CH]([CH2][O][CH3])[CH2][CH2][CH]3[CH]([CH3])[CH]2[OH])[CH]([OH])[CH]([OH])[CH]1[OH]
7733,[CH3][O][CH2][CH]1[CH2][CH2][CH]2[C]1=[CH][C]1([CH3])[C](=[C]([CH]([CH3])[CH3])[CH2][CH]1[OH])[CH]([O][CH]1[O][CH]([CH2][OH])[CH]([OH])[CH]([OH])[CH]1[OH])[CH]([OH])[CH]2[CH3]
7734,[CH3][C]12[CH2][CH2][C](=[O])[CH]=[C]1[CH2][CH2][CH]1[CH]2[CH2][CH2][C]2([CH3])[CH]([CH]([OH])[CH2][OH])[CH2][CH2][CH]12
7735,[O]=[C]1[C]([OH])=[C]([c]2[cH][nH][c]3[cH][cH][cH][cH][c]23)[C](=[O])[C]([OH])=[C]1[c]1[cH][nH][c]2[cH][cH][cH][cH][c]12
7736,[CH2]=[CH][C]([CH3])([CH3])[c]1[nH][c]2[cH][cH][cH][cH][c]2[c]1[C]1=[C]([OH])[C](=[O])[C]([c]2[cH][nH][c]3[cH][cH][cH][cH][c]23)=[C]([OH])[C]1=[O]
7737,[CH2]=[CH][C]([CH3])([CH3])[c]1[nH][c]2[cH][cH][cH][cH][c]2[c]1[C]1=[C]([OH])[C](=[O])[C]([c]2[cH][nH][c]3[cH][cH][cH][cH][c]23)=[C]([CH2][CH]=[C]([CH3])[CH3])[C]1=[O]
7738,[CH3][C]([CH3])=[CH][CH2][C]1=[C]([c]2[cH][nH][c]3[cH][cH][cH][cH][c]23)[C](=[O])[C]([OH])=[C]([c]2[cH][nH][c]3[cH][cH][cH][cH][c]23)[C]1=[O]
7739,[CH3][O][C]([CH3])([CH3])[CH]([OH])[CH]=[CH][C]([CH3])=[CH][CH]=[CH][C]([CH3])=[CH][CH]=[CH][C]([CH3])=[CH][CH]=[CH][CH]=[C]([CH3])[CH]=[CH][CH]=[C]([CH3])[CH2][CH2][CH]=[C]([CH3])[CH2][CH2][CH]=[C]([CH3])[CH3]
7740,[CH3][O][C]([CH3])([CH3])[C]([OH])([OH])[CH]=[CH][C]([CH3])=[CH][CH]=[CH][C]([CH3])=[CH][CH]=[CH][C]([CH3])=[CH][CH]=[CH][CH]=[C]([CH3])[CH]=[CH][CH]=[C]([CH3])[CH2][CH2][CH]=[C]([CH3])[CH2][CH2][CH]=[C]([CH3])[CH3]
7741,[CH3][O][C]([CH3])([CH3])[CH2][CH]=[CH][C]([CH3])=[CH][CH]=[CH][C]([CH3])=[CH][CH]=[CH][C]([CH3])=[CH][CH]=[CH][CH]=[C]([CH3])[CH]=[CH][CH]=[C]([CH3])[CH]=[CH][CH]=[C]([CH3])[CH]=[CH][CH]([OH])[C]([CH3])([CH3])[O][CH3]
7742,[CH3][O][C]([CH3])([CH3])[CH2][CH]=[CH][C]([CH3])=[CH][CH]=[CH][C]([CH3])=[CH][CH]=[CH][C]([CH3])=[CH][CH]=[CH][CH]=[C]([CH3])[CH]=[CH][CH]=[C]([CH3])[CH]=[CH][CH]=[C]([CH3])[CH]=[CH][C]([OH])([OH])[C]([CH3])([CH3])[O][CH3]
7743,[CH3][O][C]([CH3])([CH3])[C](=[O])[CH]=[CH][C]([CH3])=[CH][CH]=[CH][C]([CH3])=[CH][CH]=[CH][C]([CH3])=[CH][CH]=[CH][CH]=[C]([CH3])[CH]=[CH][CH]=[C]([CH3])[CH]=[CH][CH]=[C]([CH3])[CH]=[CH][CH]([OH])[C]([CH3])([CH3])[O][CH3]
7744,[CH3][O][C]([CH3])([CH3])[C](=[O])[CH]=[CH][C]([CH3])=[CH][CH]=[CH][C]([CH3])=[CH][CH]=[CH][C]([CH3])=[CH][CH]=[CH][CH]=[C]([CH3])[CH]=[CH][CH]=[C]([CH3])[CH]=[CH][CH]=[C]([CH3])[CH]=[CH][C]([OH])([OH])[C]([CH3])([CH3])[O][CH3]
7745,[CH3][C](=[O])[O][c]1[cH][cH][c]([S](=[O])(=[O])[OH])[cH][cH]1
7746,[CH3][C](=[O])[c]1[cH][cH][c]([S](=[O])(=[O])[OH])[cH][cH]1
7747,[O]=[S](=[O])([OH])[c]1[cH][cH][c]([OH])[cH][cH]1
7748,[CH3][O][c]1[cH][cH][c]2[c]([c]1[O][CH3])[CH2][N]1[CH2][CH2][c]3[cH][c]4[c]([cH][c]3[C]1=[CH]2)[O][CH2][O]4
7749,[O]=[C]([OH])[C]1([OH])[CH2][CH2][C]([OH])=[N]1
7750,[CH3][C](=[O])[O][CH]1[CH]([CH2][OH])[O][CH]([O][P](=[O])([OH])[O][P](=[O])([OH])[O][CH2][CH]2[O][CH]([n]3[cH][cH][c]([OH])[n][c]3=[O])[CH]([OH])[CH]2[OH])[CH]([N]=[C]([CH3])[OH])[CH]1[OH]
7751,[CH3][C](=[O])[O][CH]1[CH]([CH2][OH])[O][CH]([OH])[CH]([N]=[C]([CH3])[OH])[CH]1[OH]
7752,[CH3][C](=[O])[O][CH]([CH]([OH])[CH2][OH])[CH]1[O][C]([O][P](=[O])([OH])[O][CH2][CH]2[O][CH]([n]3[cH][cH][c](=[NH])[n][c]3[OH])[CH]([OH])[CH]2[OH])([C](=[O])[OH])[CH2][CH]([OH])[CH]1[N]=[C]([CH3])[OH]
7753,[O]=[C]([OH])[CH2][N]=[C]([OH])[CH2][CH2][c]1[cH][cH][cH][cH][cH]1
7754,[O]=[C]([OH])[CH2][N]=[C]([OH])[CH]=[CH][c]1[cH][cH][cH][cH][cH]1
7755,[CH3][C]([CH3])=[CH][CH2][CH2][C]([CH3])=[CH][CH2][CH2][C]([CH3])=[CH][CH2][CH2][C]([CH3])=[CH][CH2][CH2][C]([CH3])=[CH][CH2][CH2][C]([CH3])=[CH][CH2][CH2][C]([CH3])=[CH][CH2][CH2][C]([CH3])=[CH][CH2][CH2][C]([CH3])=[CH][CH2][CH2][C]([CH3])=[CH][CH2][CH2][C]([CH3])=[CH][CH2][O][P](=[O])([OH])[O][P](=[O])([OH])[O][CH]1[O][CH]([CH2][OH])[CH]([OH])[CH]([O][CH]2[O][CH]([CH2][OH])[CH]([OH])[CH]([OH])[CH]2[OH])[CH]1[N]=[C]([CH3])[OH]
7756,[NH2][CH]([CH2][OH])[CH]([OH])[CH]([OH])[CH]([OH])[CH2][OH]
7757,[NH2][CH]([CH2][OH])[CH]([OH])[CH]([OH])[CH]([OH])[CH2][O][P](=[O])([OH])[OH]
7758,[NH2][CH]([CH2][OH])[CH]([OH])[CH]([OH])[CH]([OH])[CH]=[O]
7759,[OH][CH2][CH]1[NH][CH]([OH])[CH]([OH])[CH]([OH])[CH]1[OH]
7760,[OH][C]1=[N][CH]([CH2][c]2[cH][nH][c]3[cH][cH][cH][cH][c]23)[C]([OH])=[N][c]2[cH][cH][cH][cH][c]21
7761,[CH2]=[CH][C]([CH3])([CH3])[C]12[CH2][CH]3[C]([OH])=[N][c]4[cH][cH][cH][cH][c]4[C](=[O])[N]3[CH]1[NH][c]1[cH][cH][cH][cH][c]12
7762,[CH2]=[CH][C]([CH3])([CH3])[C]12[CH2][CH]3[C]([OH])=[N][c]4[cH][cH][cH][cH][c]4[C](=[O])[N]3[CH]1[N]([C]([CH3])=[O])[c]1[cH][cH][cH][cH][c]12
7763,[OH][CH2][CH]1[N]=[C]([OH])[CH]([CH2][c]2[cH][cH][cH][cH][cH]2)[N]=[C]1[OH]
7764,[OH][CH2][C]1([OH])[N]=[C]([OH])[C]([OH])([CH2][c]2[cH][cH][cH][cH][cH]2)[N]=[C]1[OH]
7765,[NH2][CH]([CH2][CH2][C]([OH])=[N][CH]([CH2][S][C]1([CH2][OH])[N]=[C]([OH])[C]([CH2][c]2[cH][cH][cH][cH][cH]2)([S][CH2][CH]([N]=[C]([OH])[CH2][CH2][CH]([NH2])[C](=[O])[OH])[C]([OH])=[N][CH2][C](=[O])[OH])[N]=[C]1[OH])[C]([OH])=[N][CH2][C](=[O])[OH])[C](=[O])[OH]
7766,[NH2][CH]([CH2][S][C]1([CH2][OH])[N]=[C]([OH])[C]([CH2][c]2[cH][cH][cH][cH][cH]2)([S][CH2][CH]([NH2])[C](=[O])[OH])[N]=[C]1[OH])[C](=[O])[OH]
7767,[NH2][CH]([CH2][S][C]1([CH2][OH])[N]=[C]([OH])[C]([CH2][c]2[cH][cH][cH][cH][cH]2)([S][CH2][CH]([NH2])[C]([OH])=[N][CH2][C](=[O])[OH])[N]=[C]1[OH])[C]([OH])=[N][CH2][C](=[O])[OH]
7768,[OH][CH2][C]1([SH])[N]=[C]([OH])[C]([SH])([CH2][c]2[cH][cH][cH][cH][cH]2)[N]=[C]1[OH]
7769,[OH][CH2][C]12[N]=[C]([OH])[C]([CH2][c]3[cH][cH][cH][cH][cH]3)([N]=[C]1[OH])[S][S]2
7770,[O]=[C]1[N]2[CH]3[C](=[CH][CH]=[CH][CH]3[OH])[CH2][C]23[S][S][C]1([CH2][OH])[N]=[C]3[OH]
7771,[CH3][N]1[C](=[O])[C]23[CH2][C]4=[CH][CH]=[CH][CH]([OH])[CH]4[N]2[C](=[O])[C]1([CH2][OH])[S][S]3
7772,[CH3][CH]1[CH2][CH2][CH]2[CH]([CH]=[CH][CH]([CH3])[CH]2[CH2][CH2][CH]2[CH2][CH]([OH])[CH2][C](=[O])[O]2)[CH2]1
7773,[CH3][CH]1[CH]=[C]2[CH]=[CH][CH]([CH3])[CH]([CH2][CH2][CH]3[CH2][CH]([OH])[CH2][C](=[O])[O]3)[CH]2[CH2][CH2]1
7774,[CH3][CH]1[CH2][CH2][CH]2[C](=[CH][CH]([OH])[CH]([CH3])[CH]2[CH2][CH2][CH]2[CH2][CH]([OH])[CH2][C](=[O])[O]2)[CH2]1
7775,[CH3][CH2][CH]([CH3])[C](=[O])[O][CH]1[CH2][CH]([CH3])[CH]=[C]2[CH]=[CH][CH]([CH3])[CH]([CH2][CH2][CH]([OH])[CH2][CH]([OH])[CH2][C](=[O])[OH])[CH]21
7776,[CH3][CH2][CH]([CH3])[C](=[O])[O][CH]1[CH2][CH]([CH3])[CH]=[C]2[CH]=[CH][CH]([CH3])[CH]([CH2][CH2][CH]3[CH2][CH]([OH])[CH2][C](=[O])[O]3)[CH]21
7777,[OH][CH2][CH]([OH])[CH]1[O][CH]([OH])[CH]([OH])[CH]1[OH]
7778,[OH][CH2][CH]1[O][CH]([OH])[CH]([OH])[CH]([OH])[CH]1[OH]
7779,[CH3][C]([CH3])([CH2][O][P](=[O])([OH])[O][P](=[O])([OH])[O][CH2][CH]1[O][CH]([n]2[cH][n][c]3[c]([NH2])[n][cH][n][c]32)[CH]([OH])[CH]1[O][P](=[O])([OH])[OH])[CH]([OH])[C]([OH])=[N][CH2][CH2][C]([OH])=[N][CH2][CH2][S][C](=[O])[CH2][CH2][C](=[O])[CH2][NH2]
7780,[O]=[C]1[CH2][CH2][C]([OH])=[N][CH2]1
7781,[NH2][C]1=[C]([OH])[CH2][CH2][C]1=[O]
7782,[CH3][CH]=[CH][CH]=[CH][CH]=[CH][C]([OH])=[N][C]1=[C]([OH])[CH2][CH2][C]1=[O]
7783,[CH3][CH]=[CH][CH]=[CH][CH]=[CH][C](=[O])[OH]
7784,[CH3][CH2][CH]([CH3])[C](=[O])[O][CH]1[CH2][CH]([OH])[CH]=[C]2[CH]=[CH][CH]([CH3])[CH]([CH2][CH2][CH]3[CH2][CH]([OH])[CH2][C](=[O])[O]3)[CH]21
7785,[CH3][CH2][CH]([CH3])[C](=[O])[O][CH]1[CH2][CH]([OH])[CH]=[C]2[CH]=[CH][CH]([CH3])[CH]([CH2][CH2][CH]([OH])[CH2][CH]([OH])[CH2][C](=[O])[OH])[CH]21
7786,[CH3][CH2][C]([CH3])([CH3])[C](=[O])[O][CH]1[CH2][CH]([OH])[CH]=[C]2[CH]=[CH][CH]([CH3])[CH]([CH2][CH2][CH]3[CH2][CH]([OH])[CH2][C](=[O])[O]3)[CH]21
7787,[CH3][CH2][C]([CH3])([CH3])[C](=[O])[O][CH]1[CH2][CH]([OH])[CH]=[C]2[CH]=[CH][CH]([CH3])[CH]([CH2][CH2][CH]([OH])[CH2][CH]([OH])[CH2][C](=[O])[OH])[CH]21
7788,[CH3][CH2][C]([CH3])([CH3])[C](=[O])[S][CH2][CH2][C](=[O])[O][CH3]
7789,[CH3][O][C](=[O])[CH2][CH2][SH]
7790,[CH3][CH2][C]([CH3])([CH3])[C](=[O])[O][CH]1[CH2][CH]([CH3])[CH]=[C]2[CH]=[CH][CH]([CH3])[CH]([CH2][CH2][CH]([OH])[CH2][CH]([OH])[CH2][C](=[O])[OH])[CH]21
7791,[CH3][CH]([OH])[C]1=[N][c]2[c]([OH])[n][c](=[NH])[nH][c]2[NH][CH]1[CH3]
7792,[CH3][CH]1[NH][c]2[nH][c](=[NH])[n][c]([OH])[c]2[N]=[C]1[CH]([CH3])[O][P](=[O])([OH])[O][P](=[O])([OH])[OH]
7793,[CH2]=[N+]1[c]2[c]([OH])[n][c](=[NH])[nH][c]2[NH][CH]([CH3])[CH]1[CH]([CH3])[NH][c]1[cH][cH][c]([CH2][CH]([OH])[CH]([OH])[CH]([OH])[CH2][O][CH]2[O][CH]([CH2][O][P](=[O])([OH])[O][CH]([CH2][CH2][C](=[O])[OH])[C](=[O])[OH])[CH]([OH])[CH]2[OH])[cH][cH]1
7794,[O]=[C]([OH])[CH2][CH]([NH][c]1[cH][cH][c]([CH]2[O][CH]([CH2][O][P](=[O])([OH])[OH])[CH]([OH])[CH]2[OH])[cH][cH]1)[C](=[O])[OH]
7795,[CH3][CH]1[N]=[C]([OH])[CH]([CH2][c]2[cH][nH][c]3[cH][cH][cH][cH][c]23)[n]2[c]1[n][c]1[cH][cH][cH][cH][c]1[c]2=[O]
7796,[CH3][CH]1[N]=[C]([OH])[CH]([CH2][C]2([OH])[c]3[cH][cH][cH][cH][c]3[NH][CH]2[OH])[n]2[c]1[n][c]1[cH][cH][cH][cH][c]1[c]2=[O]
7797,[CH3][CH]1[NH][CH]2[N]([C]1=[O])[c]1[cH][cH][cH][cH][c]1[C]2([OH])[CH2][CH]1[C]([OH])=[N][CH]([CH3])[c]2[n][c]3[cH][cH][cH][cH][c]3[c](=[O])[n]21
7798,[CH3][CH]1[NH][CH]2[N]([C]1=[O])[c]1[cH][cH][cH][cH][c]1[C]21[CH2][CH]2[C]([OH])=[N][C]([CH3])([O]1)[c]1[n][c]3[cH][cH][cH][cH][c]3[c](=[O])[n]12
7799,[CH3][CH]1[C](=[O])[N]2[c]3[cH][cH][cH][cH][c]3[C]3([OH])[CH2][CH]4[C]([OH])=[N][C]([CH3])([c]5[n][c]6[cH][cH][cH][cH][c]6[c](=[O])[n]54)[N]1[CH]23
7800,[CH3][C]1([CH3])[CH2][CH2][CH2][C]2([CH3])[CH]1[CH2][CH2][C]1([CH3])[CH]2[CH2][CH2][C]2([CH3])[CH]([CH2][OH])[C]([CH3])([OH])[CH2][CH2][CH]21
7801,[CH3][C]([CH3])=[CH][CH2][CH2][C]([CH3])=[CH][CH2][CH2][C]([CH3])=[CH][CH2][CH2][C]([CH3])=[CH][CH2][CH2][C]([CH3])=[CH][CH2][OH]
7802,[CH3][C](=[CH][CH2][OH])[CH2][CH2][CH]=[C]([CH3])[CH2][CH2][CH]=[C]([CH3])[CH2][CH2][CH]1[C]([CH3])([CH3])[CH2][CH2][CH2][C]1([CH3])[OH]
7803,[CH2]=[C]1[CH2][CH2][CH]2[C]([CH3])([CH2][CH2][CH]3[C]4([CH3])[CH2][CH2][CH2][C]([CH3])([CH3])[CH]4[CH2][CH2][C]23[CH3])[CH]1[CH2][OH]
7804,[CH3][C](=[CH][CH2][OH])[CH2][CH2][CH]1[C]([CH3])([OH])[CH2][CH2][CH]2[C]3([CH3])[CH2][CH2][CH2][C]([CH3])([CH3])[CH]3[CH2][CH2][C]12[CH3]
7805,[CH3][C]1([CH3])[CH2][CH2][CH2][C]2([CH3])[CH]1[CH2][CH2][C]1([CH3])[CH]2[CH2][CH2][C]2([CH3])[CH]([CH2][OH])[C]([CH3])([OH])[CH2][CH2][CH]21
7806,[CH2]=[C]1[CH2][CH2][CH]2[C]([CH3])([CH2][CH2][CH]3[C]4([CH3])[CH2][CH2][CH2][C]([CH3])([CH3])[CH]4[CH2][CH2][C]23[CH3])[CH]1[CH2][OH]
7807,[CH3][C]([CH3])=[CH][CH2][CH2][C]([CH3])=[CH][CH2][CH2][C]([CH3])=[CH][CH2][CH2][C]([CH3])=[CH][CH2][CH2][C]([CH3])=[CH][CH2][OH]
7808,[CH3][CH2][CH2][CH2][CH2][CH2][CH2][CH2][CH2][CH2][CH2][CH2][OH]
7809,[CH3][CH2][CH2][CH2][CH2][CH2][CH2][CH2][CH2][CH2][CH2][CH2][O][S](=[O])(=[O])[OH]
7810,[CH3][CH]1[C]([OH])=[N][CH]([CH2][c]2[cH][nH][c]3[cH][cH][cH][cH][c]23)[c]2[n][c]3[cH][cH][cH][cH][c]3[c](=[O])[n]21
7811,[CH2]=[CH][C]([CH3])([CH3])[C]12[CH2][CH]3[c]4[n][c]5[cH][cH][cH][cH][c]5[c](=[O])[n]4[CH]([CH3])[C](=[O])[N]3[CH]1[NH][c]1[cH][cH][cH][cH][c]12
7812,[CH2]=[CH][C]([CH3])([CH3])[C]12[CH2][CH]3[c]4[n][c]5[cH][cH][cH][cH][c]5[c](=[O])[n]4[CH]([CH3])[C](=[O])[N]3[CH]1[N]([C]([CH3])=[O])[c]1[cH][cH][cH][cH][c]12
7813,[CH3][CH2][CH2][CH2][CH2][CH]([CH2][C]([CH3])=[O])[C]([CH3])=[O]
7814,[CH3][CH2][CH2][CH2][CH2][CH]=[CH][C]([CH3])=[O]
7815,[CH3][CH2][CH2][CH2][CH2][CH2][CH]([CH2][C]([CH3])=[O])[C]([CH3])=[O]
7816,[CH3][CH2][CH2][CH2][CH2][CH2][CH]=[CH][C]([CH3])=[O]
7817,[CH3][C](=[O])[CH2][CH]([C]([CH3])=[O])[c]1[cH][cH][cH][cH][cH]1
7818,[CH3][C](=[O])[CH]=[CH][c]1[cH][cH][cH][cH][cH]1
7819,[CH3][C](=[O])[CH]([CH2][C](=[O])[c]1[cH][cH][cH][cH][cH]1)[c]1[cH][cH][cH][cH][c]1[OH]
7820,[O]=[C]([CH]=[CH][c]1[cH][cH][cH][cH][c]1[OH])[c]1[cH][cH][cH][cH][cH]1
7821,[CH3][C](=[O])[CH]([CH2][C](=[O])[c]1[cH][cH][cH][cH][cH]1)[c]1[cH][cH][cH][cH][cH]1
7822,[O]=[C]([CH]=[CH][c]1[cH][cH][cH][cH][cH]1)[c]1[cH][cH][cH][cH][cH]1
7823,[CH3][CH2][CH2][CH2][CH2][CH]1[CH2][CH2][N]=[C]1[CH3]
7824,[CH3][CH2][CH2][CH2][CH2][c]1[cH][cH][nH][c]1[CH3]
7825,[OH][CH2][c]1[nH][c](-[c]2[cH][cH][cH][nH]2)[cH][c]1[OH]
7826,[O]=[CH][c]1[nH][c](-[c]2[cH][cH][cH][nH]2)[cH][c]1[OH]
7827,[CH3][O][c]1[cH][c](-[c]2[cH][cH][cH][nH]2)[nH][c]1[CH]=[O]
7828,[CH3][CH2][CH2][CH2][CH2][C]1=[CH][C](=[CH][c]2[nH][c](-[c]3[cH][cH][cH][nH]3)[cH][c]2[O][CH3])[N]=[C]1[CH3]
7829,[CH3][CH2][CH2][CH2][CH2][C]1=[CH][C](=[CH][c]2[nH][c](-[c]3[cH][cH][cH][nH]3)[cH][c]2[OH])[N]=[C]1[CH3]
7830,[O]=[C]([CH2][OH])[CH]([OH])[CH]([OH])[CH]([OH])[CH]([OH])[CH]([OH])[CH2][O][P](=[O])([OH])[OH]
7831,[O]=[CH][CH]([OH])[CH]([OH])[CH]([OH])[CH]([OH])[CH]([OH])[CH]([OH])[CH2][O][P](=[O])([OH])[OH]
7832,[O]=[P]([OH])([OH])[O][CH2][CH]([OH])[CH]([OH])[CH]1[O][CH]([OH])[CH]([OH])[CH]([OH])[CH]1[OH]
7833,[O]=[P]([OH])([OH])[O][CH2][CH]([OH])[CH]([OH])[CH]1[O][CH]([O][P](=[O])([OH])[OH])[CH]([OH])[CH]([OH])[CH]1[OH]
7834,[O]=[P]([OH])([OH])[O][CH]1[O][CH]([CH]([OH])[CH]([OH])[CH2][OH])[CH]([OH])[CH]([OH])[CH]1[OH]
7835,[NH]=[c]1[n][c]([OH])[c]2[n][cH][n]([CH]3[O][CH]([CH2][O][P](=[O])([OH])[O][P](=[O])([OH])[O][CH]4[O][CH]([CH]([OH])[CH]([OH])[CH2][OH])[CH]([OH])[CH]([OH])[CH]4[OH])[CH]([OH])[CH]3[OH])[c]2[nH]1
7836,[O]=[c]1[c]2[cH][cH][cH][cH][c]2[n][c]2[n]1[CH]([CH2][c]1[cH][nH][c]3[cH][cH][cH][cH][c]13)[C]([OH])=[N][c]1[cH][cH][cH][cH][c]1-2
7837,[CH3][CH2][CH2][CH2][CH2][CH2][CH2][CH2][CH2][CH2][CH2][c]1[cH][cH][cH][nH]1
7838,[CH3][CH2][CH2][CH2][CH2][CH2][CH2][CH2][CH2][CH2][CH2][c]1[cH][cH][c]([CH]=[C]2[N]=[C]([c]3[cH][cH][cH][nH]3)[CH]=[C]2[O][CH3])[nH]1
7839,[CH3][c]1[c]([CH2][CH2][C](=[O])[OH])[c]2[cH][c]3[nH][c]([cH][c]4[n][c]([cH][c]5[n][c]([cH][c]1[nH]2)[CH]([CH2][CH2][C](=[O])[OH])[C]5([CH3])[CH2][C](=[O])[OH])[CH]([CH2][CH2][C](=[O])[OH])[C]4([CH3])[CH2][C](=[O])[OH])[c]([CH3])[c]3[CH2][CH2][C](=[O])[OH]
7840,[CH3][C]1([CH2][C](=[O])[OH])[c]2[cH][c]3[n][c]([cH][c]4[nH][c]([cH][c]5[nH][c]([cH][c]([n]2)[CH]1[CH2][CH2][C](=[O])[OH])[c]([CH2][C](=[O])[OH])[c]5[CH2][CH2][C](=[O])[OH])[c]([CH2][CH2][C](=[O])[OH])[c]4[CH2][C](=[O])[OH])[C]([CH3])([CH2][C](=[O])[OH])[CH]3[CH2][CH2][C](=[O])[OH]
7841,[CH3][C]1=[C]([CH2][CH2][C](=[O])[OH])[c]2[cH][c]3[n][c]([cH][c]4[nH][c]([cH][c]5[nH][c]([cH][c]1[n]2)[c]([CH3])[c]5[CH2][CH2][C](=[O])[OH])[c]([CH3])[c]4[CH2][CH2][C](=[O])[OH])[C]([CH3])=[C]3[CH2][CH2][C](=[O])[OH]
7842,[CH3][C]([OH])=[C]1[C](=[O])[CH]([CH2][c]2[cH][nH][c]3[cH][cH][cH][cH][c]23)[N]=[C]1[OH]
7843,[CH3][O][c]1[cH][c]([CH]2[O][c]3[c]([O][CH3])[cH][c]([CH]=[CH][CH2][OH])[cH][c]3[CH]2[CH2][OH])[cH][cH][c]1[OH]
7844,[CH3][O][c]1[cH][c]([CH]2[O][c]3[c]([O][CH3])[cH][c]([CH]=[CH][CH]=[O])[cH][c]3[CH]2[CH2][OH])[cH][cH][c]1[OH]
7845,[CH3][O][c]1[cH][c]([CH]2[O][c]3[c]([O][CH3])[cH][c]([CH]=[CH][C](=[O])[OH])[cH][c]3[CH]2[CH2][OH])[cH][cH][c]1[OH]
7846,[CH3][O][c]1[cH][c]([CH]=[CH][c]2[cH][c]([CH]=[CH][C](=[O])[OH])[cH][c]([O][CH3])[c]2[OH])[cH][cH][c]1[OH]
7847,[CH3][O][c]1[cH][c]([CH]=[CH][C](=[O])[OH])[cH][c]([CH]=[O])[c]1[OH]
7848,[CH3][O][c]1[cH][c]([CH]2[O][c]3[c]([O][CH3])[cH][c]([CH]=[CH][C](=[O])[OH])[cH][c]3[CH]2[C](=[O])[OH])[cH][cH][c]1[OH]
7849,[CH3][O][c]1[cH][c]([CH]2[O][c]3[c]([O][CH3])[cH][c]([CH]=[CH][C](=[O])[OH])[cH][c]3[CH]2[CH]([OH])[OH])[cH][cH][c]1[OH]
7850,[CH3][O][c]1[cH][c]([CH]2[O][c]3[c]([O][CH3])[cH][c]([CH]=[CH][C](=[O])[OH])[cH][c]3[CH]2[CH]=[O])[cH][cH][c]1[OH]
7851,[CH3][C]([OH])=[C]1[C](=[O])[CH]2[CH]3[CH]4[C]([OH])=[N][c]5[cH][cH][cH][c]([c]54)[CH2][CH]3[C]([CH3])([CH3])[N]2[C]1=[O]
7852,[CH3][O][c]1[cH][c]([CH]=[O])[cH][c]([O][CH3])[c]1[OH]
7853,[CH3][O][c]1[cH][c]([C](=[O])[OH])[cH][c]([O][CH3])[c]1[OH]
7854,[CH3][CH2][CH]([CH3])[CH]=[C]([CH3])[CH]=[CH][C](=[O])[c]1[c]([OH])[n][cH][c](-[c]2[cH][cH][c]([OH])[cH][cH]2)[c]1[OH]
7855,[CH3][CH2][CH]([CH3])[CH]=[C]([CH3])[CH]=[CH][C](=[O])[C]1=[C]([OH])[CH]([CH2][c]2[cH][cH][c]([OH])[cH][cH]2)[N]=[C]1[OH]
7856,[CH3][CH2][CH]([CH3])[CH]=[C]([CH3])[CH]=[CH][C](=[O])[c]1[c]([OH])[c](-[c]2[cH][cH][c]([OH])[cH][cH]2)[cH][n]([O-])[c]1=[O]
7857,[O]=[CH][CH]([OH])[CH]1[O][CH2][CH]([OH])[CH]1[OH]
7858,[NH]=[c]1[nH][c]([OH])[n][cH][c]1[CH2][OH]
7859,[CH3][O][c]1[n][cH][c]([CH2][OH])[c](=[NH])[nH]1
7860,[CH3][O][c]1[n][cH][c]([CH2][O][P](=[O])([OH])[O][P](=[O])([OH])[OH])[c](=[NH])[nH]1
7861,[CH3][CH2][CH]([CH3])[CH2][CH]([CH3])[C](=[O])[c]1[c]([OH])[n][cH][c](-[c]2[cH][cH][c]([OH])[cH][cH]2)[c]1[OH]
7862,[CH3][CH2][CH]([CH3])[CH2][CH]([CH3])[C](=[O])[C]1=[C]([OH])[CH]([CH2][c]2[cH][cH][c]([OH])[cH][cH]2)[N]=[C]1[OH]
7863,[CH3][CH2][CH]([CH3])[CH2][CH]([CH3])[C](=[O])[C]1=[C]([OH])[CH]([CH]([OH])[c]2[cH][cH][c]([OH])[cH][cH]2)[N]=[C]1[OH]
7864,[O]=[C]1[O][CH]([CH2][OH])[CH]([OH])[CH]([OH])[CH]1[OH]
7865,[NH]=[c]1[cH][cH][n]([CH]2[O][CH]([C](=[O])[OH])[CH]([OH])[CH]([OH])[CH]2[OH])[c]([OH])[n]1
7866,[NH]=[c]1[cH][cH][n]([CH]2[O][CH]([C](=[O])[OH])[C](=[O])[CH]([OH])[CH]2[OH])[c]([OH])[n]1
7867,[NH]=[c]1[cH][cH][n]([CH]2[CH]=[CH][CH]([NH2])[CH]([C](=[O])[OH])[O]2)[c]([OH])[n]1
7868,[CH3][CH]([CH2][CH2][NH][C](=[NH])[NH2])[CH]([NH2])[C]([OH])=[N][CH]1[CH]=[CH][CH]([n]2[cH][cH][c](=[NH])[n][c]2[OH])[O][CH]1[C](=[O])[OH]
7869,[CH3][CH]([CH2][CH2][N]([CH3])[C](=[NH])[NH2])[CH]([NH2])[C]([OH])=[N][CH]1[CH]=[CH][CH]([n]2[cH][cH][c](=[NH])[n][c]2[OH])[O][CH]1[C](=[O])[OH]
7870,[CH3][CH]([CH3])[CH2][CH]([NH2])[C]([OH])=[N][CH]([C]([OH])=[N][CH]1[CH]=[CH][CH]([n]2[cH][cH][c](=[NH])[n][c]2[OH])[O][CH]1[C](=[O])[OH])[CH]([CH3])[CH2][CH2][N]([CH3])[C](=[NH])[NH2]
7871,[CH3][CH]([CH3])[CH2][CH]([NH2])[C]([OH])=[N][CH]([C]([OH])=[N][CH]1[CH]=[CH][CH]([n]2[cH][cH][c](=[NH])[n][c]2[OH])[O][CH]1[C](=[O])[OH])[CH]([CH3])[CH2][CH2][NH][C](=[NH])[NH2]
7872,[CH3][CH]([CH3])[CH2][CH]([NH2])[C]([OH])=[N][CH]([CH2][CH2][N]([CH3])[C](=[NH])[NH2])[CH2][C]([OH])=[N][CH]1[CH]=[CH][CH]([n]2[cH][cH][c](=[NH])[n][c]2[OH])[O][CH]1[C](=[O])[OH]
7873,[CH3][CH]([CH3])[CH2][CH]([NH2])[C]([OH])=[N][CH]([CH2][CH2][NH][C](=[NH])[NH2])[CH2][C]([OH])=[N][CH]1[CH]=[CH][CH]([n]2[cH][cH][c](=[NH])[n][c]2[OH])[O][CH]1[C](=[O])[OH]
7874,[NH]=[C]([NH2])[NH][CH2][CH2][CH]([NH2])[CH2][C]([OH])=[N][CH]1[CH]=[CH][CH]([n]2[cH][cH][c](=[NH])[n][c]2[OH])[O][CH]1[C](=[O])[OH]
7875,[NH]=[C]([NH2])[NH][CH2][CH2][CH]([NH2])[CH2][C](=[O])[OH]
7876,[CH3][C]([OH])=[N][CH]([CH2][CH2][N]([CH3])[C](=[NH])[NH2])[CH2][C]([OH])=[N][CH]1[CH]=[CH][CH]([n]2[cH][cH][c](=[NH])[n][c]2[OH])[O][CH]1[C](=[O])[OH]
7877,[CH3][C](=[CH][C](=[O])[N]([OH])[CH2][CH2][CH2][CH]([NH2])[C](=[O])[OH])[CH2][C](=[O])[OH]
7878,[CH3][C]([CH3])([OH])[CH]1[CH2][CH]([OH])[C]2([CH2][OH])[CH]([CH2][CH2][C]3([CH3])[CH]2[CH2][CH2][CH]2[CH2][c]4[c]([nH][c]5[cH][cH][cH][cH][c]45)[C]23[CH3])[O]1
7879,[CH3][C]([CH3])([OH])[CH]1[CH2][CH]([OH])[C]2([CH]=[O])[CH]([CH2][CH2][C]3([CH3])[CH]2[CH2][CH2][CH]2[CH2][c]4[c]([nH][c]5[cH][cH][cH][cH][c]45)[C]23[CH3])[O]1
7880,[CH3][C]([CH3])([OH])[CH]1[CH2][CH]2[O][C]23[CH]([CH2][CH2][C]2([CH3])[CH]3[CH2][CH2][CH]3[CH2][c]4[c]([nH][c]5[cH][cH][cH][cH][c]45)[C]32[CH3])[O]1
7881,[CH3][CH]1[O][CH]([O][P](=[O])([OH])[O][P](=[O])([OH])[O][CH2][CH]2[O][CH]([n]3[cH][n][c]4[c]([OH])[n][c](=[NH])[nH][c]43)[CH]([OH])[CH]2[OH])[CH]([OH])[C](=[O])[CH]1[OH]
7882,[CH3][CH]1[O][CH]([O][P](=[O])([OH])[O][P](=[O])([OH])[O][CH2][CH]2[O][CH]([n]3[cH][n][c]4[c]([OH])[n][c](=[NH])[nH][c]43)[CH]([OH])[CH]2[OH])[CH]([OH])[CH]([NH2])[CH]1[OH]
7883,[CH3][CH]1[CH]=[CH][CH]=[CH][CH]=[CH][CH]=[CH][CH]=[CH][CH]=[CH][CH]=[CH][CH]([O][CH]2[O][CH]([CH3])[CH]([OH])[CH]([NH2])[CH]2[OH])[CH2][CH]([OH])[CH]([C](=[O])[OH])[CH]([OH])[CH2][C](=[O])[CH2][CH]([OH])[CH2][CH]([OH])[CH2][CH]([OH])[CH2][C](=[O])[CH2][CH2][CH2][C](=[O])[CH2][C](=[O])[O][CH]1[CH]([CH3])[CH2][CH]([CH3])[CH]([OH])[CH2][C](=[O])[c]1[cH][cH][c]([NH2])[cH][cH]1
7884,[CH3][CH]1[CH]=[CH][CH]=[CH][CH]=[CH][CH]=[CH][CH]=[CH][CH]=[CH][CH]=[CH][CH]([OH])[CH2][CH]2[O][C]([OH])([CH2][CH]([OH])[CH2][CH]([OH])[CH2][CH2][CH2][C](=[O])[CH2][CH2][CH2][C](=[O])[CH2][C](=[O])[O][CH]1[CH]([CH3])[CH2][CH]([CH3])[CH]([OH])[CH2][C](=[O])[c]1[cH][cH][c]([NH2])[cH][cH]1)[CH2][CH]([OH])[CH]2[CH2][OH]
7885,[CH3][CH]1[CH]=[CH][CH]=[CH][CH]=[CH][CH]=[CH][CH]=[CH][CH]=[CH][CH]=[CH][CH]([OH])[CH2][CH]2[O][C]([OH])([CH2][CH]([OH])[CH2][CH]([OH])[CH2][CH2][CH2][C](=[O])[CH2][CH2][CH2][C](=[O])[CH2][C](=[O])[O][CH]1[CH]([CH3])[CH2][CH]([CH3])[CH]([OH])[CH2][C](=[O])[c]1[cH][cH][c]([NH2])[cH][cH]1)[CH2][CH]([OH])[CH]2[CH3]
7886,[CH3][CH]1[CH]=[CH][CH]=[CH][CH]=[CH][CH]=[CH][CH]=[CH][CH]=[CH][CH]=[CH][CH]([OH])[CH2][CH]2[O][C]([OH])([CH2][CH]([OH])[CH2][CH]([OH])[CH2][CH2][CH2][C](=[O])[CH2][CH2][CH2][C](=[O])[CH2][C](=[O])[O][CH]1[CH]([CH3])[CH2][CH]([CH3])[CH]([OH])[CH2][C](=[O])[c]1[cH][cH][c]([NH2])[cH][cH]1)[CH2][CH]([OH])[CH]2[CH]=[O]
7887,[CH3][CH2][C]1=[C]([CH3])[C](=[CH][C]2=[N][C](=[CH][c]3[nH][c]([CH]=[C]4[NH][C](=[O])[C]([CH3])=[C]4[CH2][CH3])[c]([CH3])[c]3[CH2][CH2][C](=[O])[OH])[C]([CH2][CH2][C](=[O])[OH])=[C]2[CH3])[NH][C]1=[O]
7888,[O]=[C]([OH])[CH2][CH]([C](=[O])[OH])[S](=[O])[OH]
7889,[O]=[C]([OH])[CH2][CH]([SH])[C](=[O])[OH]
7890,[CH3][C]([OH])=[N][CH]1[CH]([OH])[O][CH]([CH2][OH])[CH]([O][CH]2[O][CH]([CH2][OH])[CH]([O][CH]3[O][CH]([CH2][OH])[CH]([OH])[CH]([OH])[CH]3[OH])[CH]([OH])[CH]2[N]=[C]([CH3])[OH])[CH]1[OH]
7891,[CH3][CH2][CH]=[CH][CH2][CH]=[CH][CH2][CH]=[CH][CH2][CH]=[CH][CH2][CH2][CH2][CH2][C](=[O])[CH2][C](=[O])[S][CH2][CH2][N]=[C]([OH])[CH2][CH2][N]=[C]([OH])[CH]([OH])[C]([CH3])([CH3])[CH2][O][P](=[O])([OH])[O][P](=[O])([OH])[O][CH2][CH]1[O][CH]([n]2[cH][n][c]3[c]([NH2])[n][cH][n][c]32)[CH]([OH])[CH]1[O][P](=[O])([OH])[OH]
7892,[CH3][CH2][CH]=[CH][CH2][CH]=[CH][CH2][CH]=[CH][CH2][CH]=[CH][CH2][CH2][CH2][CH2][CH]([OH])[CH2][C](=[O])[S][CH2][CH2][N]=[C]([OH])[CH2][CH2][N]=[C]([OH])[CH]([OH])[C]([CH3])([CH3])[CH2][O][P](=[O])([OH])[O][P](=[O])([OH])[O][CH2][CH]1[O][CH]([n]2[cH][n][c]3[c]([NH2])[n][cH][n][c]32)[CH]([OH])[CH]1[O][P](=[O])([OH])[OH]
7893,[CH3][CH2][CH]=[CH][CH2][CH]=[CH][CH2][CH]=[CH][CH2][CH]=[CH][CH2][CH2][CH2][CH2][CH]=[CH][C](=[O])[S][CH2][CH2][N]=[C]([OH])[CH2][CH2][N]=[C]([OH])[CH]([OH])[C]([CH3])([CH3])[CH2][O][P](=[O])([OH])[O][P](=[O])([OH])[O][CH2][CH]1[O][CH]([n]2[cH][n][c]3[c]([NH2])[n][cH][n][c]32)[CH]([OH])[CH]1[O][P](=[O])([OH])[OH]
7894,[CH3][CH2][CH2][CH2][CH2][CH2][CH2][CH2][CH]=[CH][CH2][CH2][CH2][CH2][CH2][CH2][CH2][C](=[O])[O][CH2][CH]([CH2][OH])[O][C](=[O])[CH2][CH2][CH2][CH2][CH2][CH2][CH2][CH2][CH2][CH2][CH2][CH2][CH2][CH2][CH3]
7895,[CH3][CH2][CH2][CH2][CH2][CH2][CH2][CH2][CH2][CH2][CH2][CH2][CH2][CH2][CH2][CH2][CH2][C](=[O])[O][CH2][CH]([CH2][OH])[O][C](=[O])[CH2][CH2][CH2][CH2][CH2][CH2][CH2][CH2][CH2][CH2][CH2][CH2][CH2][CH2][CH3]
7896,[CH3][CH2][CH2][CH2][CH2][CH2][CH2][CH2][CH2][CH2][CH2][CH2][CH2][CH2][CH2][CH2][CH2][C](=[O])[O][CH2][CH]([CH2][O][P](=[O])([OH])[OH])[O][C](=[O])[CH2][CH2][CH2][CH2][CH2][CH2][CH2][CH2][CH2][CH2][CH2][CH2][CH2][CH2][CH3]
7897,[CH3][CH]([CH2][CH2][C](=[O])[OH])[CH]1[CH2][CH2][CH]2[CH]3[C](=[O])[CH2][CH]4[CH2][CH]([OH])[CH2][CH2][C]4([CH3])[CH]3[CH2][CH2][C]12[CH3]
7898,[CH3][CH]([CH2][CH2][C](=[O])[OH])[CH]1[CH2][CH2][CH]2[CH]3[CH]([OH])[CH2][CH]4[CH2][CH]([OH])[CH2][CH2][C]4([CH3])[CH]3[CH2][CH2][C]12[CH3]
7899,[CH3][CH]([OH])[CH]([S][CH2][CH]([NH2])[C]([OH])=[N][CH]1[CH]([O][CH]([CH2][C](=[O])[OH])[C](=[O])[OH])[O][CH]([CH2][OH])[CH]([OH])[CH]1[OH])[P](=[O])([OH])[OH]
7900,[NH2][CH]([CH2][SH])[C]([OH])=[N][CH]1[CH]([O][CH]([CH2][C](=[O])[OH])[C](=[O])[OH])[O][CH]([CH2][OH])[CH]([OH])[CH]1[OH]
7901,[CH3][C]([CH]=[CH][CH]=[C]([CH3])[CH]=[CH][CH]=[C]([CH3])[C](=[O])[CH2][CH2][C]([CH3])([CH3])[OH])=[CH][CH]=[CH][CH]=[C]([CH3])[CH]=[CH][CH]=[C]([CH3])[CH]=[CH][C]1=[C]([CH3])[CH2][CH2][CH2][C]1([CH3])[CH3]
7902,[CH3][CH2][CH2][CH2][CH2][CH2][CH2][CH2][CH2][CH]=[CH][CH2][CH2][CH2][CH2][C](=[O])[S][CH2][CH2][N]=[C]([OH])[CH2][CH2][N]=[C]([OH])[CH]([OH])[C]([CH3])([CH3])[CH2][O][P](=[O])([OH])[O][P](=[O])([OH])[O][CH2][CH]1[O][CH]([n]2[cH][n][c]3[c]([NH2])[n][cH][n][c]32)[CH]([OH])[CH]1[O][P](=[O])([OH])[OH]
7903,[CH3][c]1[c]([CH3])[c]([C](=[O])[OH])[c]([OH])[c]([CH3])[c]1[OH]
7904,[CH3][c]1[c]([OH])[c]([CH3])[c]([CH2][OH])[c]([C](=[O])[OH])[c]1[OH]
7905,[CH3][c]1[c]([OH])[c]([CH3])[c]2[c]([c]1[OH])[C](=[O])[O][CH2]2
7906,[CH3][CH2][CH2][CH2][CH2][CH]=[CH][CH2][CH]=[CH][CH2][CH]=[CH][CH2][CH]=[CH][CH2][CH2][CH2][C](=[O])[CH2][C](=[O])[S][CH2][CH2][N]=[C]([OH])[CH2][CH2][N]=[C]([OH])[CH]([OH])[C]([CH3])([CH3])[CH2][O][P](=[O])([OH])[O][P](=[O])([OH])[O][CH2][CH]1[O][CH]([n]2[cH][n][c]3[c]([NH2])[n][cH][n][c]32)[CH]([OH])[CH]1[O][P](=[O])([OH])[OH]
7907,[CH3][C](=[CH][CH2][C]1([CH3])[C](=[O])[C]([CH3])=[C]([OH])[C]2=[C]1[CH2][O][C]2=[O])[CH2][CH2][CH]=[C]([CH3])[CH2][CH2][CH]1[O][C]1([CH3])[CH3]
7908,[CH3][C]([CH3])=[CH][CH2][CH2][C]([CH3])=[CH][CH2][CH2][C]([CH3])=[CH][CH2][C]1([CH3])[C](=[O])[C]([CH3])=[C]([OH])[C]2=[C]1[CH2][O][C]2=[O]
7909,[CH3][CH2][CH2][CH2][CH2][CH]=[CH][CH2][CH]=[CH][CH2][CH]=[CH][CH2][CH]=[CH][CH2][CH2][CH2][CH2][CH2][C](=[O])[CH2][C](=[O])[S][CH2][CH2][N]=[C]([OH])[CH2][CH2][N]=[C]([OH])[CH]([OH])[C]([CH3])([CH3])[CH2][O][P](=[O])([OH])[O][P](=[O])([OH])[O][CH2][CH]1[O][CH]([n]2[cH][n][c]3[c]([NH2])[n][cH][n][c]32)[CH]([OH])[CH]1[O][P](=[O])([OH])[OH]
7910,[CH3][CH2][CH]=[CH][CH2][CH]=[CH][CH2][CH]=[CH][CH2][CH]=[CH][CH2][CH]=[CH][CH2][CH2][CH2][CH2][CH2][C](=[O])[CH2][C](=[O])[S][CH2][CH2][N]=[C]([OH])[CH2][CH2][N]=[C]([OH])[CH]([OH])[C]([CH3])([CH3])[CH2][O][P](=[O])([OH])[O][P](=[O])([OH])[O][CH2][CH]1[O][CH]([n]2[cH][n][c]3[c]([NH2])[n][cH][n][c]32)[CH]([OH])[CH]1[O][P](=[O])([OH])[OH]
7911,[CH3][C]1=[C]2[O][C]3([CH3])[CH2][CH2][CH]4[C]([CH3])([CH3])[CH]([OH])[CH2][CH2][C]4([CH3])[CH]3[CH2][C]2([CH3])[C]2=[C]([C](=[O])[O][CH2]2)[C]1=[O]
7912,[CH3][C]1=[C]2[O][C]3([CH3])[CH2][CH2][CH]4[C]([CH3])([CH3])[C](=[O])[CH2][CH2][C]4([CH3])[CH]3[CH2][C]2([CH3])[C]2=[C]([C](=[O])[O][CH2]2)[C]1=[O]
7913,[CH3][C]1=[C]2[O][C]3([CH3])[CH2][CH2][CH]4[C]([CH3])([CH3])[C](=[O])[CH]=[CH][C]4([CH3])[CH]3[CH2][C]2([CH3])[C]2=[C]([C](=[O])[O][CH2]2)[C]1=[O]
7914,[CH3][C]12[CH2][C]34[CH2][CH2][CH]5[C]([CH3])([CH3])[C](=[O])[CH]=[CH][C]5([CH3])[CH]3[CH2][C]([CH3])([C]1=[O])[C]41[CH2][O][C](=[O])[CH]1[C]2=[O]
7915,[CH3][C]12[CH2][C]34[CH2][CH2][CH]5[C]([CH3])([CH3])[O][C](=[O])[CH]=[CH][C]5([CH3])[CH]3[CH2][C]([CH3])([C]1=[O])[C]41[CH2][O][C](=[O])[CH]1[C]2=[O]
7916,[CH3][C]1([CH3])[O][C](=[O])[CH]=[CH][C]2([CH3])[CH]1[CH2][CH2][C]13[CH2][C]4([CH3])[C](=[O])[C]([CH3])([CH2][CH]21)[C]31[CH2][O][C](=[O])[CH]1[CH]4[OH]
7917,[CH3][C](=[O])[O][CH]1[CH]2[C](=[O])[O][CH2][C]23[C]2([CH3])[CH2][CH]4[C]5([CH3])[CH]=[CH][C](=[O])[O][C]([CH3])([CH3])[CH]5[CH2][CH2][C]43[CH2][C]1([CH3])[C]2=[O]
7918,[CH3][C]12[CH]=[C]3[C](=[O])[O][CH2][C]34[C]([CH3])([CH2][CH]3[C]5([CH3])[CH]=[CH][C](=[O])[O][C]([CH3])([CH3])[CH]5[CH2][CH2][C]34[CH2]1)[C]2=[O]
7919,[CH3][C]12[CH2][CH]3[C](=[O])[O][CH2][C]34[C]([CH3])([CH2][CH]3[C]5([CH3])[CH]=[CH][C](=[O])[O][C]([CH3])([CH3])[CH]5[CH2][CH2][C]34[CH2]1)[C]2=[O]
7920,[CH2]=[C]1[CH]2[C](=[O])[C]3([CH3])[CH2][CH]4[C](=[O])[O][CH2][C]14[C]1([CH2][CH2][CH]4[C]([CH3])([CH3])[O][C](=[O])[CH]=[CH][C]4([CH3])[CH]21)[CH2]3
7921,[CH3][CH2][CH2][CH2][CH2][CH]=[CH][CH2][CH]=[CH][CH2][CH2][CH2][CH2][CH2][CH2][CH2][C](=[O])[CH2][C](=[O])[S][CH2][CH2][N]=[C]([OH])[CH2][CH2][N]=[C]([OH])[CH]([OH])[C]([CH3])([CH3])[CH2][O][P](=[O])([OH])[O][P](=[O])([OH])[O][CH2][CH]1[O][CH]([n]2[cH][n][c]3[c]([NH2])[n][cH][n][c]32)[CH]([OH])[CH]1[O][P](=[O])([OH])[OH]
7922,[CH3][CH2][CH2][CH2][CH2][CH]=[CH][CH2][CH]=[CH][CH2][CH2][CH2][CH2][CH2][CH2][CH2][CH]([OH])[CH2][C](=[O])[S][CH2][CH2][N]=[C]([OH])[CH2][CH2][N]=[C]([OH])[CH]([OH])[C]([CH3])([CH3])[CH2][O][P](=[O])([OH])[O][P](=[O])([OH])[O][CH2][CH]1[O][CH]([n]2[cH][n][c]3[c]([NH2])[n][cH][n][c]32)[CH]([OH])[CH]1[O][P](=[O])([OH])[OH]
7923,[CH3][CH2][CH2][CH2][CH2][CH]=[CH][CH2][CH]=[CH][CH2][CH2][CH2][CH2][CH2][CH2][CH2][CH]=[CH][C](=[O])[S][CH2][CH2][N]=[C]([OH])[CH2][CH2][N]=[C]([OH])[CH]([OH])[C]([CH3])([CH3])[CH2][O][P](=[O])([OH])[O][P](=[O])([OH])[O][CH2][CH]1[O][CH]([n]2[cH][n][c]3[c]([NH2])[n][cH][n][c]32)[CH]([OH])[CH]1[O][P](=[O])([OH])[OH]
7924,[CH2]=[CH][C]([CH3])([CH3])[c]1[nH][c]2[cH][c]([OH])[cH][cH][c]2[c]1[CH2][CH]1[N]=[C]([OH])[CH]2[CH2][CH2][CH2][N]2[C]1=[O]
7925,[CH2]=[CH][C]([CH3])([CH3])[c]1[nH][c]2[c]([CH2][CH]=[C]([CH3])[CH3])[c]([OH])[cH][cH][c]2[c]1[CH2][CH]1[N]=[C]([OH])[CH]2[CH2][CH2][CH2][N]2[C]1=[O]
7926,[CH3][C]([CH3])=[CH][CH2][c]1[c]([OH])[cH][cH][c]2[c]3[c]([nH][c]12)[C]([CH3])([CH3])[CH]1[CH2][C]24[CH2][CH2][CH2][N]2[C](=[O])[C]1([CH2]3)[N]=[C]4[OH]
7927,[CH3][C]1([CH3])[CH]=[CH][c]2[c]([cH][cH][c]3[c]4[c]([nH][c]23)[C]([CH3])([CH3])[CH]2[CH2][C]35[CH2][CH2][CH2][N]3[C](=[O])[C]2([CH2]4)[N]=[C]5[OH])[O]1
7928,[CH2]=[CH][C]([CH3])([CH3])[c]1[nH][c]2[c]3[c]([cH][cH][c]2[c]1[CH2][CH]1[N]=[C]([OH])[CH]2[CH2][CH2][CH2][N]2[C]1=[O])[O][C]([CH3])([CH3])[CH]=[CH]3
7929,[CH2]=[CH][C]([CH3])([CH3])[C]12[NH][c]3[c]([cH][cH][c]4[c]3[CH]=[CH][C]([CH3])([CH3])[O]4)[C]1([OH])[CH2][CH]1[C](=[O])[N]3[CH2][CH2][CH2][CH]3[C](=[O])[N]12
7930,[CH2]=[CH][C]([CH3])([CH3])[C]1([CH2][CH]2[N]=[C]([OH])[CH]3[CH2][CH2][CH2][N]3[C]2=[O])[C]([OH])=[N][c]2[c]1[cH][cH][c]1[c]2[CH]=[CH][C]([CH3])([CH3])[O]1
7931,[CH3][CH2][CH2][CH2][CH2][CH]=[CH][CH2][CH]=[CH][CH2][CH]=[CH][CH2][CH]=[CH][CH2][CH2][CH2][CH]([OH])[CH2][C](=[O])[S][CH2][CH2][N]=[C]([OH])[CH2][CH2][N]=[C]([OH])[CH]([OH])[C]([CH3])([CH3])[CH2][O][P](=[O])([OH])[O][P](=[O])([OH])[O][CH2][CH]1[O][CH]([n]2[cH][n][c]3[c]([NH2])[n][cH][n][c]32)[CH]([OH])[CH]1[O][P](=[O])([OH])[OH]
7932,[CH3][CH2][CH2][CH2][CH2][CH]=[CH][CH2][CH]=[CH][CH2][CH]=[CH][CH2][CH]=[CH][CH2][CH2][CH2][CH]=[CH][C](=[O])[S][CH2][CH2][N]=[C]([OH])[CH2][CH2][N]=[C]([OH])[CH]([OH])[C]([CH3])([CH3])[CH2][O][P](=[O])([OH])[O][P](=[O])([OH])[O][CH2][CH]1[O][CH]([n]2[cH][n][c]3[c]([NH2])[n][cH][n][c]32)[CH]([OH])[CH]1[O][P](=[O])([OH])[OH]
7933,[O]=[C]([CH2][CH2][CH2][CH2][CH2][CH2][CH2][CH]=[CH][CH2][CH2][CH2][CH2][CH2][CH2][CH2][CH2][OH])[O][CH2][CH]([OH])[CH2][O][P](=[O])([OH])[OH]
7934,[O]=[C]([CH2][CH2][CH2][CH2][CH2][CH2][CH2][CH]=[CH][CH2][CH2][CH2][CH2][CH2][CH2][CH2][CH2][OH])[O][CH2][CH]([CH2][O][P](=[O])([OH])[OH])[O][C](=[O])[CH2][CH2][CH2][CH2][CH2][CH2][CH2][CH]=[CH][CH2][CH]=[CH][CH2][CH2][CH2][CH2][CH2][OH]
7935,[O]=[C]([CH2][CH2][CH2][CH2][CH2][CH2][CH2][CH]=[CH][CH2][CH2][CH2][CH2][CH2][CH2][CH2][CH2][OH])[O][CH2][CH2][CH2][CH2][CH2][CH2][CH2][CH2][CH]=[CH][CH2][CH2][CH2][CH2][CH2][CH2][CH2][C](=[O])[O][CH2][CH]([CH2][OH])[O][C](=[O])[CH2][CH2][CH2][CH2][CH2][CH2][CH2][CH]=[CH][CH2][CH]=[CH][CH2][CH2][CH2][CH2][CH2][OH]
7936,[O]=[C]([CH2][CH2][CH2][CH2][CH2][CH2][CH2][CH]=[CH][CH2][CH2][CH2][CH2][CH2][CH2][CH2][CH2][OH])[O][CH2][CH]([CH2][OH])[O][C](=[O])[CH2][CH2][CH2][CH2][CH2][CH2][CH2][CH]=[CH][CH2][CH]=[CH][CH2][CH2][CH2][CH2][CH2][OH]
7937,[O]=[C]([CH2][CH2][CH2][CH2][CH2][CH2][CH2][CH]=[CH][CH2][CH]=[CH][CH2][CH2][CH2][CH2][CH2][OH])[O][CH2][CH2][CH2][CH2][CH2][CH]=[CH][CH2][CH]=[CH][CH2][CH2][CH2][CH2][CH2][CH2][CH2][C](=[O])[O][CH]([CH2][OH])[CH2][O][C](=[O])[CH2][CH2][CH2][CH2][CH2][CH2][CH2][CH]=[CH][CH2][CH2][CH2][CH2][CH2][CH2][CH2][CH2][O][C](=[O])[CH2][CH2][CH2][CH2][CH2][CH2][CH2][CH]=[CH][CH2][CH2][CH2][CH2][CH2][CH2][CH2][CH2][OH]
7938,[OH][C]1=[N][CH]([CH2][c]2[cH][nH][c]3[cH][cH][cH][cH][c]23)[C]([OH])=[N][CH]1[CH2][c]1[cH][n][cH][nH]1
7939,[CH2]=[CH][C]([CH3])([CH3])[C]12[CH2][CH]3[C]([OH])=[N][CH]([CH2][c]4[cH][n][cH][nH]4)[C](=[O])[N]3[CH]1[NH][c]1[cH][cH][cH][cH][c]12
7940,[CH2]=[CH][C]([CH3])([CH3])[C]12[CH2][CH]3[C]([OH])=[N][C](=[CH][c]4[cH][nH][cH][n]4)[C](=[O])[N]3[CH]1[NH][c]1[cH][cH][cH][cH][c]12
7941,[O]=[C]1[NH][CH]([CH2][c]2[cH][nH][c]3[cH][cH][cH][cH][c]23)[C]([OH])=[N][C]1=[CH][c]1[cH][nH][cH][n]1
7942,[CH3][CH2][CH]=[CH][CH2][CH]=[CH][CH2][CH]=[CH][CH2][CH]=[CH][CH2][CH]=[CH][CH2][CH2][CH2][CH2][CH2][CH]([OH])[CH2][C](=[O])[S][CH2][CH2][N]=[C]([OH])[CH2][CH2][N]=[C]([OH])[CH]([OH])[C]([CH3])([CH3])[CH2][O][P](=[O])([OH])[O][P](=[O])([OH])[O][CH2][CH]1[O][CH]([n]2[cH][n][c]3[c]([NH2])[n][cH][n][c]32)[CH]([OH])[CH]1[O][P](=[O])([OH])[OH]
7943,[CH3][CH2][CH]=[CH][CH2][CH]=[CH][CH2][CH]=[CH][CH2][CH]=[CH][CH2][CH]=[CH][CH2][CH2][CH2][CH2][CH2][CH]=[CH][C](=[O])[S][CH2][CH2][N]=[C]([OH])[CH2][CH2][N]=[C]([OH])[CH]([OH])[C]([CH3])([CH3])[CH2][O][P](=[O])([OH])[O][P](=[O])([OH])[O][CH2][CH]1[O][CH]([n]2[cH][n][c]3[c]([NH2])[n][cH][n][c]32)[CH]([OH])[CH]1[O][P](=[O])([OH])[OH]
7944,[CH3][CH2][CH]=[CH][CH2][CH]=[CH][CH2][CH]=[CH][CH2][CH]=[CH][CH2][CH]=[CH][CH2][CH]=[CH][CH2][CH2][CH]([OH])[CH2][C](=[O])[S][CH2][CH2][N]=[C]([OH])[CH2][CH2][N]=[C]([OH])[CH]([OH])[C]([CH3])([CH3])[CH2][O][P](=[O])([OH])[O][P](=[O])([OH])[O][CH2][CH]1[O][CH]([n]2[cH][n][c]3[c]([NH2])[n][cH][n][c]32)[CH]([OH])[CH]1[O][P](=[O])([OH])[OH]
7945,[CH2]=[CH][C]([CH3])([CH3])[C]12[CH]=[C]([OH])[C](=[O])[N]3[C](=[CH][c]4[cH][nH][cH][n]4)[C](=[O])[NH][C]31[NH][c]1[cH][cH][cH][cH][c]12
7946,[CH2]=[CH][C]([CH3])([CH3])[C]12[CH2][CH]3[C]([OH])=[N][C](=[CH][c]4[cH][nH][cH][n]4)[C](=[O])[N]3[CH]1[N]([OH])[c]1[cH][cH][cH][cH][c]12
7947,[CH2]=[CH][C]([CH3])([CH3])[C]12[CH2][CH]3[C]([OH])=[N][C](=[CH][c]4[cH][nH][cH][n]4)[C](=[O])[N]3[C]1=[N+]([O-])[c]1[cH][cH][cH][cH][c]12
7948,[CH2]=[CH][C]([CH3])([CH3])[C]12[CH]=[C]([OH])[C](=[O])[N]3[C](=[CH][c]4[cH][nH][cH][n]4)[C](=[O])[NH][C]31[N]([OH])[c]1[cH][cH][cH][cH][c]12
7949,[CH2]=[CH][C]([CH3])([CH3])[C]12[CH]=[C]([OH])[C](=[O])[N]3[C](=[CH][c]4[cH][nH][cH][n]4)[C](=[O])[NH][C]31[N]([O][CH3])[c]1[cH][cH][cH][cH][c]12
7950,[CH2]=[CH][C]([CH3])([CH3])[C]12[CH2][CH]3[C]([OH])=[N][C](=[CH][c]4[cH][nH][cH][n]4)[C](=[O])[N]3[CH]1[N]([O][CH3])[c]1[cH][cH][cH][cH][c]12
7951,[CH2]=[CH][C]([CH3])([CH3])[C]12[CH2][CH]([OH])[C](=[O])[N]3[C](=[CH][c]4[cH][nH][cH][n]4)[C](=[O])[NH][C]31[N]([O][CH3])[c]1[cH][cH][cH][cH][c]12
7952,[CH3][CH2][CH]=[CH][CH2][CH2][CH]([OH])[CH2][CH]=[CH][CH2][CH2][CH2][CH2][CH2][CH2][CH2][C](=[O])[CH2][C](=[O])[S][CH2][CH2][N]=[C]([OH])[CH2][CH2][N]=[C]([OH])[CH]([OH])[C]([CH3])([CH3])[CH2][O][P](=[O])([OH])[O][P](=[O])([OH])[O][CH2][CH]1[O][CH]([n]2[cH][n][c]3[c]([NH2])[n][cH][n][c]32)[CH]([OH])[CH]1[O][P](=[O])([OH])[OH]
7953,[CH3][CH2][CH]=[CH][CH2][CH2][CH]([OH])[CH2][CH]=[CH][CH2][CH2][CH2][CH2][CH2][CH2][CH2][C](=[O])[S][CH2][CH2][N]=[C]([OH])[CH2][CH2][N]=[C]([OH])[CH]([OH])[C]([CH3])([CH3])[CH2][O][P](=[O])([OH])[O][P](=[O])([OH])[O][CH2][CH]1[O][CH]([n]2[cH][n][c]3[c]([NH2])[n][cH][n][c]32)[CH]([OH])[CH]1[O][P](=[O])([OH])[OH]
7954,[CH3][CH2][CH]=[CH][CH2][CH2][CH]([OH])[CH2][CH]=[CH][CH2][CH2][CH2][CH2][CH2][CH2][CH2][CH]([OH])[CH2][C](=[O])[S][CH2][CH2][N]=[C]([OH])[CH2][CH2][N]=[C]([OH])[CH]([OH])[C]([CH3])([CH3])[CH2][O][P](=[O])([OH])[O][P](=[O])([OH])[O][CH2][CH]1[O][CH]([n]2[cH][n][c]3[c]([NH2])[n][cH][n][c]32)[CH]([OH])[CH]1[O][P](=[O])([OH])[OH]
7955,[CH3][CH2][CH]=[CH][CH2][CH2][CH]([OH])[CH2][CH]=[CH][CH2][CH2][CH2][CH2][CH2][CH2][CH2][CH]=[CH][C](=[O])[S][CH2][CH2][N]=[C]([OH])[CH2][CH2][N]=[C]([OH])[CH]([OH])[C]([CH3])([CH3])[CH2][O][P](=[O])([OH])[O][P](=[O])([OH])[O][CH2][CH]1[O][CH]([n]2[cH][n][c]3[c]([NH2])[n][cH][n][c]32)[CH]([OH])[CH]1[O][P](=[O])([OH])[OH]
7956,[CH3][CH2][CH]=[CH][CH2][CH2][CH]([OH])[CH2][CH]=[CH][CH2][CH2][CH2][CH2][CH2][CH2][CH2][CH2][CH2][C](=[O])[S][CH2][CH2][N]=[C]([OH])[CH2][CH2][N]=[C]([OH])[CH]([OH])[C]([CH3])([CH3])[CH2][O][P](=[O])([OH])[O][P](=[O])([OH])[O][CH2][CH]1[O][CH]([n]2[cH][n][c]3[c]([NH2])[n][cH][n][c]32)[CH]([OH])[CH]1[O][P](=[O])([OH])[OH]
7957,[NH]=[c]1[n][c]([OH])[c]2[n][cH][n]([CH]3[O][CH]([CH2][O][P](=[O])([OH])[O][P](=[O])([OH])[O][CH]4[O][CH]([CH2][CH2][OH])[C](=[O])[CH]([OH])[CH]4[OH])[CH]([OH])[CH]3[OH])[c]2[nH]1
7958,[NH]=[c]1[n][c]([OH])[c]2[n][cH][n]([CH]3[O][CH]([CH2][O][P](=[O])([OH])[O][P](=[O])([OH])[O][CH]4[O][CH]([CH2][CH2][OH])[CH]([OH])[CH]([OH])[CH]4[OH])[CH]([OH])[CH]3[OH])[c]2[nH]1
7959,[NH]=[c]1[n][c]([OH])[c]2[n][cH][n]([CH]3[O][CH]([CH2][O][P](=[O])([OH])[O][P](=[O])([OH])[O][CH]4[O][CH]([CH2][CH2][OH])[C](=[O])[CH]([OH])[CH]4[OH])[CH]([OH])[CH]3[OH])[c]2[nH]1
7960,[NH]=[c]1[n][c]([OH])[c]2[n][cH][n]([CH]3[O][CH]([CH2][O][P](=[O])([OH])[O][P](=[O])([OH])[O][CH]4[O][CH]([CH2][CH2][OH])[CH]([OH])[CH]([OH])[CH]4[OH])[CH]([OH])[CH]3[OH])[c]2[nH]1
7961,[NH]=[c]1[n][c]([OH])[c]2[n][cH][n]([CH]3[O][CH]([CH2][O][P](=[O])([OH])[O][P](=[O])([OH])[O][CH]4[O][CH]([CH2][CH2][OH])[CH]([OH])[CH]([OH])[CH]4[OH])[CH]([OH])[CH]3[OH])[c]2[nH]1
7962,[NH]=[c]1[n][c]([OH])[c]2[n][cH][n]([CH]3[O][CH]([CH2][O][P](=[O])([OH])[O][P](=[O])([OH])[O][CH]4[O][CH]([CH2][CH2][OH])[C](=[O])[CH]([OH])[CH]4[OH])[CH]([OH])[CH]3[OH])[c]2[nH]1
7963,[CH3][CH]([CH3])[CH]([CH3])[CH]([OH])[CH]([OH])[CH]([CH3])[CH]1[CH2][CH2][CH]2[CH]3[CH2][CH]([OH])[CH]4[CH2][CH]([OH])[CH2][CH2][C]4([CH3])[CH]3[CH2][CH2][C]12[CH3]
7964,[OH][CH2][CH2][S][OH]
7965,[NH2][CH]([CH2][S](=[O])[CH2][CH2][OH])[C](=[O])[OH]
7966,[CH3][S][OH]
7967,[CH3][S](=[O])[CH2][CH]([NH2])[C](=[O])[OH]
7968,[CH3][C]1=[CH][CH]2[CH]=[CH][CH2][CH]([CH3])[CH]=[C]([CH3])[CH]([OH])[CH]([OH])[CH]=[CH][C](=[O])[C]23[C]([OH])=[N][CH]([CH2][c]2[cH][nH][c]4[cH][cH][cH][cH][c]24)[CH]3[CH]1[CH3]
7969,[CH3][C]1=[CH][CH]([CH3])[CH2][CH]=[CH][CH]2[CH]=[C]([CH3])[CH]([CH3])[CH]3[CH]([CH2][c]4[cH][nH][c]5[cH][cH][cH][cH][c]45)[N]=[C]([OH])[C]23[C](=[O])[CH]=[CH][CH2][CH2]1
7970,[CH3][C]1=[CH][CH]([CH3])[CH2][CH]=[CH][CH]2[CH]=[C]([CH3])[CH]([CH3])[CH]3[CH]([CH2][c]4[cH][nH][c]5[cH][cH][cH][cH][c]45)[N]=[C]([OH])[C]23[C](=[O])[CH]=[CH][C](=[O])[CH]1[OH]
7971,[CH3][C]1=[CH][CH]([CH3])[CH2][CH]=[CH][CH]2[CH]3[O][C]3([CH3])[CH]([CH3])[CH]3[CH]([CH2][c]4[cH][nH][c]5[cH][cH][cH][cH][c]45)[N]=[C]([OH])[C]23[C](=[O])[CH]=[CH][C](=[O])[CH]1[OH]
7972,[CH3][C]1=[CH][CH]([CH3])[CH2][CH]=[CH][CH]2[CH]3[O][C]3([CH3])[CH]([CH3])[CH]3[CH]([CH2][CH]4[CH2][NH][CH]5[CH2][CH2][CH2][CH2][CH]45)[N]=[C]([OH])[C]23[C](=[O])[CH]=[CH][CH2][CH2]1
7973,[CH3][C]1=[CH][CH]([CH3])[CH2][CH]=[CH][CH]2[CH]3[O][C]3([CH3])[CH]([CH3])[CH]3[CH]([CH2][CH]4[CH2][NH][CH]5[CH2][CH2][CH2][CH2][CH]45)[N]=[C]([OH])[C]23[C](=[O])[CH]=[CH][CH]([OH])[CH]1[OH]
7974,[CH3][CH]=[CH][S][CH2][CH]([N]=[C]([OH])[CH2][CH2][CH]([NH2])[C](=[O])[OH])[C](=[O])[OH]
7975,[CH3][CH]=[CH][S][CH2][CH]([NH2])[C](=[O])[OH]
7976,[CH3][CH]([CH2][S][CH2][CH]([N]=[C]([OH])[CH2][CH2][CH]([NH2])[C](=[O])[OH])[C](=[O])[OH])[C](=[O])[OH]
7977,[CH3][CH]([CH2][S][CH2][CH]([N]=[C]([OH])[CH2][CH2][CH]([NH2])[C](=[O])[OH])[C]([OH])=[N][CH2][C](=[O])[OH])[C](=[O])[OH]
7978,[CH2]=[CH][CH2][S][CH2][CH]([N]=[C]([OH])[CH2][CH2][CH]([NH2])[C](=[O])[OH])[C](=[O])[OH]
7979,[CH2]=[CH][CH2][S][CH2][CH]([NH2])[C](=[O])[OH]
7980,[CH2]=[CH][CH2][S][CH2][CH]([N]=[C]([OH])[CH2][CH2][CH]([NH2])[C](=[O])[OH])[C]([OH])=[N][CH2][C](=[O])[OH]
7981,[CH2]=[CH][CH]=[S]
7982,[CH2]=[CH][CH]1[S][CH]=[CH][CH2][S]1
7983,[CH3][S][S]([CH3])=[O]
7984,[CH3][CH2][S][S](=[O])[CH2][CH3]
7985,[CH3][CH2][S][OH]
7986,[CH3][S][CH2][CH]([N]=[C]([OH])[CH2][CH2][CH]([NH2])[C](=[O])[OH])[C](=[O])[OH]
7987,[CH3][S][CH2][CH]([NH2])[C](=[O])[OH]
7988,[CH3][S][CH2][CH]([N]=[C]([OH])[CH2][CH2][CH]([NH2])[C](=[O])[OH])[C]([OH])=[N][CH2][C](=[O])[OH]
7989,[CH3][CH2][CH]=[CH][CH2][CH]([CH]=[CH][CH]=[CH][CH2][CH]=[CH][CH2][CH]=[CH][CH2][CH]=[CH][CH2][CH2][C](=[O])[OH])[O][OH]
7990,[CH3][CH2][CH]=[CH][CH2][CH]([OH])[CH]=[CH][CH]=[CH][CH2][CH]=[CH][CH2][CH]=[CH][CH2][CH]=[CH][CH2][CH2][C](=[O])[OH]
7991,[CH3][CH2][CH]=[CH][CH2][CH]([CH]=[CH][CH]=[CH][CH2][CH]=[CH][CH2][CH]=[CH][CH2][CH]=[CH][CH2][CH2][C](=[O])[OH])[O][OH]
7992,[CH3][CH2][CH]=[CH][CH2][CH]([OH])[CH]=[CH][CH]=[CH][CH2][CH]=[CH][CH2][CH]=[CH][CH2][CH]=[CH][CH2][CH2][C](=[O])[OH]
7993,[CH3][N]1[C](=[O])[C]2([SH])[CH2][C]3=[CH][CH]=[CH][CH]([OH])[CH]3[N]2[C](=[O])[C]1([SH])[CH2][OH]
7994,[CH3][C]1=[C]([O][CH]2[O][CH]([CH2][O][C](=[O])[CH2][C](=[O])[OH])[CH]([OH])[CH]([OH])[CH]2[OH])[C](=[O])[CH]([CH3])[O]1
7995,[CH3][C]1=[C]([O][CH]2[O][CH]([CH2][OH])[CH]([OH])[CH]([OH])[CH]2[OH])[C](=[O])[CH]([CH3])[O]1
7996,[CH3][S][C]12[CH2][C]3=[CH][CH]=[CH][CH]([OH])[CH]3[N]1[C](=[O])[C]([SH])([CH2][OH])[N]([CH3])[C]2=[O]
7997,[CH3][S][C]1([CH2][OH])[C](=[O])[N]2[CH]3[C](=[CH][CH]=[CH][CH]3[OH])[CH2][C]2([S][CH3])[C](=[O])[N]1[CH3]
7998,[CH3][CH]([CH2][CH2][CH]=[C]1[CH2][CH2]1)[CH]1[CH2][CH2][CH]2[C]3=[C]([CH2][CH2][C]21[CH3])[C]1([CH3])[CH2][CH2][CH]([OH])[CH2][CH]1[CH2][CH2]3
7999,[O]=[C]1[CH]=[CH][C]2([OH])[C](=[CH]1)[O][CH2][CH]1[c]3[cH][c]4[c]([cH][c]3[O][CH]12)[O][CH2][O]4