﻿substrate_ID,original_compound
6500,[CH3][C]([OH])=[N][CH2][CH2][c]1[cH][nH][c]2[cH][cH][c]([O][S](=[O])(=[O])[OH])[cH][c]12
6501,[CH3][O][c]1[cH][cH][c]2[nH][cH][c]([CH2][CH2][NH2])[c]2[cH]1
6502,[CH3][O][c]1[cH][cH][c]2[nH][cH][c]([CH2][CH]=[O])[c]2[cH]1
6503,[CH3][C]([CH3])=[CH][CH2][CH2][C]([CH3])=[CH][CH2][CH2][C]([CH3])=[CH][CH2][CH2][C]([CH3])=[CH][CH2][CH2][C]([CH3])=[CH][CH2][CH2][C]([CH3])=[CH][CH2][CH2][C]([CH3])=[CH][CH2][CH2][C]([CH3])=[CH][CH2][CH2][C]([CH3])=[CH][CH2][CH2][C]([CH3])=[CH][CH2][O][P](=[O])([OH])[O][P](=[O])([OH])[O][CH]1[O][CH]([CH2][OH])[CH]([O][CH]2[O][CH]([CH3])[CH]([O][CH]3[O][CH]([CH]([OH])[CH2][OH])[CH]([OH])[CH]3[OH])[CH]([OH])[CH]2[OH])[CH]([OH])[CH]1[N]=[C]([CH3])[OH]
6504,[CH3][O][c]1[cH][cH][c]([NH2])[c]([C](=[O])[CH2][CH2][N]=[C]([CH3])[OH])[cH]1
6505,[CH3][C]([CH3])=[CH][CH2][CH2][C]([CH3])=[CH][CH2][CH2][C]([CH3])=[CH][CH2][CH2][C]([CH3])=[CH][CH2][CH2][C]([CH3])=[CH][CH2][CH2][C]([CH3])=[CH][CH2][CH2][C]([CH3])=[CH][CH2][CH2][C]([CH3])=[CH][CH2][CH2][C]([CH3])=[CH][CH2][CH2][C]([CH3])=[CH][CH2][O][P](=[O])([OH])[O][P](=[O])([OH])[O][CH]1[O][CH]([CH2][OH])[CH]([OH])[CH]([O][CH]2[O][CH]([CH3])[CH]([O][CH]3[O][CH]([CH]([CH2][OH])[O][CH]4[O][CH]([CH]([OH])[CH2][OH])[CH]([OH])[CH]4[OH])[CH]([OH])[CH]3[OH])[CH]([OH])[CH]2[OH])[CH]1[N]=[C]([CH3])[OH]
6506,[CH3][C]([CH3])=[CH][CH2][CH2][C]([CH3])=[CH][CH2][CH2][C]([CH3])=[CH][CH2][CH2][C]([CH3])=[CH][CH2][CH2][C]([CH3])=[CH][CH2][CH2][C]([CH3])=[CH][CH2][CH2][C]([CH3])=[CH][CH2][CH2][C]([CH3])=[CH][CH2][CH2][C]([CH3])=[CH][CH2][CH2][C]([CH3])=[CH][CH2][O][P](=[O])([OH])[O][CH]1[O][CH]([CH2][OH])[CH]([OH])[CH]1[OH]
6507,[O]=[c]1[c]2[cH][cH][c]([OH])[cH][c]2[o][c-]1[CH]([O][OH])[c]1[cH][cH][c]([OH])[cH][cH]1
6508,[O]=[C]1[CH]=[CH][C]2([CH]=[CH]1)[O][CH]2[c-]1[o][c]2[cH][c]([OH])[cH][cH][c]2[c]1=[O]
6509,[O]=[c]1[c]2[cH][cH][c]([OH])[cH][c]2[o][c-]1[CH]([OH])[c]1[cH][cH][c]([OH])[cH][cH]1
6510,[O]=[C]1[C](=[CH][O][c]2[cH][cH][c]([OH])[cH][cH]2)[O][c]2[cH][c]([OH])[cH][cH][c]21
6511,[O]=[C]1[C](=[CH][c]2[cH][cH][c]([OH])[cH][cH]2)[O][c]2[cH][c]([OH])[cH][cH][c]21
6512,[CH3][CH]([CH3])[CH]([CH3])[CH2][CH]([OH])[CH]([CH3])[CH]1[CH2][CH2][CH]2[CH]3[CH2][CH2][CH]4[CH2][C](=[O])[CH2][CH2][C]4([CH3])[CH]3[CH2][CH2][C]12[CH3]
6513,[NH2][CH]([CH2][c]1[cH][nH][c]2[cH][cH][c]([Cl])[cH][c]12)[C](=[O])[OH]
6514,[O]=[P]([OH])([OH])[O][CH2][CH]([OH])[CH]([OH])[CH]([OH])[CH2][OH]
6515,[NH2][c]1[n][cH][n][c]2[c]1[n][cH][n]2[CH]1[O][CH]([CH2][O][P](=[O])([OH])[O][C](=[O])[c]2[cH][cH][cH][cH][c]2[OH])[CH]([OH])[CH]1[OH]
6516,[CH3][N]1[CH]([C](=[O])[OH])[CH2][S][CH]1[CH]1[CH2][S][C]([c]2[cH][cH][cH][cH][c]2[OH])=[N]1
6517,[NH2][c]1[n][cH][n][c]2[c]1[n][cH][n]2[CH]1[O][CH]([CH2][O][P](=[O])([OH])[O][C](=[O])[CH]([NH2])[CH2][SH])[CH]([OH])[CH]1[OH]
6518,[NH2][CH]([CH2][CH2][CH2][N]([OH])[CH]=[O])[C](=[O])[OH]
6519,[CH3][CH]([OH])[CH]1[N]=[C]([OH])[CH]([CH2][CH2][CH2][N]([OH])[CH]=[O])[N]=[C]([OH])[CH]([N]=[C]([OH])[CH]([CH2][CH2][CH2][N]([OH])[CH]=[O])[N]=[C]([OH])[CH]([CH2][OH])[N]=[C]([OH])[CH]([CH2][CH2][CH2][NH][C](=[NH])[NH2])[N]=[C]([OH])[CH]([CH2][OH])[N]=[C]([OH])[CH]2[CH2][CH2][N]=[C]([CH]([CH2][c]3[cH][cH][c]([OH])[cH][cH]3)[N]=[C]([OH])[CH2][CH2][CH]([NH2])[C](=[O])[OH])[NH]2)[CH2][CH2][CH2][CH2][N]=[C]([OH])[CH]([CH]([CH3])[OH])[N]=[C]1[OH]
6520,[CH3][C](=[O])[N]([OH])[CH2][CH2][CH2][CH]([NH2])[C](=[O])[OH]
6521,[CH3][C]([CH3])=[CH][CH2][CH2][C]([CH3])([OH])[CH]1[CH2][CH2][C]2([CH3])[CH]1[CH]([OH])[CH2][CH]1[C]3([CH3])[CH2][CH2][CH]([O][CH]4[O][CH]([CH2][OH])[CH]([OH])[CH]([OH])[CH]4[O][CH]4[O][CH]([CH2][OH])[CH]([OH])[CH]([OH])[CH]4[OH])[C]([CH3])([CH3])[CH]3[CH2][CH2][C]12[CH3]
6522,[CH3][C]([CH3])=[CH][CH2][CH2][C]([CH3])=[CH][CH2][CH2][C]([CH3])=[CH][CH2][CH2][C]([CH3])=[CH][CH2][CH2][C]([CH3])=[CH][CH2][CH2][C]([CH3])=[CH][CH2][CH2][C]([CH3])=[CH][CH2][CH2][C]([CH3])=[CH][CH2][CH2][C]([CH3])=[CH][CH2][c]1[c]([CH3])[c]([OH])[c]2[cH][cH][cH][cH][c]2[c]1[OH]
6523,[CH3][C]([CH3])=[CH][CH2][CH2][C]([CH3])=[CH][CH2][CH2][C]([CH3])=[CH][CH2][CH2][C]([CH3])=[CH][CH2][CH2][C]([CH3])=[CH][CH2][CH2][C]([CH3])=[CH][CH2][CH2][C]([CH3])=[CH][CH2][CH2][C]([CH3])=[CH][CH2][CH2][C]([CH3])=[CH][CH2][C]1=[C]([CH3])[C](=[O])[c]2[cH][cH][cH][cH][c]2[C]1=[O]
6524,[CH3][C]([CH3])=[CH][CH2][CH2][C]([CH3])=[CH][CH2][CH2][C]([CH3])=[CH][CH2][CH2][C]([CH3])=[CH][CH2][CH2][C]([CH3])=[CH][CH2][CH2][C]([CH3])=[CH][CH2][CH2][C]([CH3])=[CH][CH2][CH2][C]([CH3])=[CH][CH2][CH2][C]([CH3])=[CH][CH2][CH2][C]([CH3])=[CH][CH2][c]1[c]([CH3])[c]([OH])[c]2[cH][cH][cH][cH][c]2[c]1[OH]
6525,[CH3][C]([CH3])=[CH][CH2][CH2][C]([CH3])=[CH][CH2][CH2][C]([CH3])=[CH][CH2][CH2][C]([CH3])=[CH][CH2][CH2][C]([CH3])=[CH][CH2][CH2][C]([CH3])=[CH][CH2][CH2][C]([CH3])=[CH][CH2][CH2][C]([CH3])=[CH][CH2][CH2][C]([CH3])=[CH][CH2][CH2][C]([CH3])=[CH][CH2][C]1=[C]([CH3])[C](=[O])[c]2[cH][cH][cH][cH][c]2[C]1=[O]
6526,[CH3][C]([CH3])=[CH][CH2][CH2][C]([CH3])=[CH][CH2][CH2][C]([CH3])=[CH][CH2][CH2][C]([CH3])=[CH][CH2][CH2][C]([CH3])=[CH][CH2][CH2][C]([CH3])=[CH][CH2][CH2][C]([CH3])=[CH][CH2][CH2][C]([CH3])=[CH][CH2][CH2][C]([CH3])=[CH][CH2][CH2][C]([CH3])=[CH][CH2][CH2][C]([CH3])=[CH][CH2][c]1[c]([CH3])[c]([OH])[c]2[cH][cH][cH][cH][c]2[c]1[OH]
6527,[CH3][C]([CH3])=[CH][CH2][CH2][C]([CH3])=[CH][CH2][CH2][C]([CH3])=[CH][CH2][CH2][C]([CH3])=[CH][CH2][CH2][C]([CH3])=[CH][CH2][CH2][C]([CH3])=[CH][CH2][CH2][C]([CH3])=[CH][CH2][CH2][C]([CH3])=[CH][CH2][CH2][C]([CH3])=[CH][CH2][CH2][C]([CH3])=[CH][CH2][CH2][C]([CH3])=[CH][CH2][C]1=[C]([CH3])[C](=[O])[c]2[cH][cH][cH][cH][c]2[C]1=[O]
6528,[CH3][C]([CH3])=[CH][CH2][CH2][C]([CH3])=[CH][CH2][CH2][C]([CH3])=[CH][CH2][CH2][C]([CH3])=[CH][CH2][CH2][C]([CH3])=[CH][CH2][CH2][C]([CH3])=[CH][CH2][CH2][C]([CH3])=[CH][CH2][CH2][C]([CH3])=[CH][CH2][CH2][C]([CH3])=[CH][CH2][CH2][C]([CH3])=[CH][CH2][CH2][C]([CH3])=[CH][CH2][CH2][C]([CH3])=[CH][CH2][c]1[c]([CH3])[c]([OH])[c]2[cH][cH][cH][cH][c]2[c]1[OH]
6529,[CH3][C]([CH3])=[CH][CH2][CH2][C]([CH3])=[CH][CH2][CH2][C]([CH3])=[CH][CH2][CH2][C]([CH3])=[CH][CH2][CH2][C]([CH3])=[CH][CH2][CH2][C]([CH3])=[CH][CH2][CH2][C]([CH3])=[CH][CH2][CH2][C]([CH3])=[CH][CH2][CH2][C]([CH3])=[CH][CH2][CH2][C]([CH3])=[CH][CH2][CH2][C]([CH3])=[CH][CH2][CH2][C]([CH3])=[CH][CH2][C]1=[C]([CH3])[C](=[O])[c]2[cH][cH][cH][cH][c]2[C]1=[O]
6530,[CH3][C]([CH3])=[CH][CH2][CH2][C]([CH3])=[CH][CH2][CH2][C]([CH3])=[CH][CH2][CH2][C]([CH3])=[CH][CH2][CH2][C]([CH3])=[CH][CH2][CH2][C]([CH3])=[CH][CH2][CH2][C]([CH3])=[CH][CH2][CH2][C]([CH3])=[CH][CH2][CH2][C]([CH3])=[CH][CH2][CH2][C]([CH3])=[CH][CH2][CH2][C]([CH3])=[CH][CH2][CH2][C]([CH3])=[CH][CH2][CH2][C]([CH3])=[CH][CH2][c]1[c]([CH3])[c]([OH])[c]2[cH][cH][cH][cH][c]2[c]1[OH]
6531,[CH3][C]([CH3])=[CH][CH2][CH2][C]([CH3])=[CH][CH2][CH2][C]([CH3])=[CH][CH2][CH2][C]([CH3])=[CH][CH2][CH2][C]([CH3])=[CH][CH2][CH2][C]([CH3])=[CH][CH2][CH2][C]([CH3])=[CH][CH2][CH2][C]([CH3])=[CH][CH2][CH2][C]([CH3])=[CH][CH2][CH2][C]([CH3])=[CH][CH2][CH2][C]([CH3])=[CH][CH2][CH2][C]([CH3])=[CH][CH2][CH2][C]([CH3])=[CH][CH2][C]1=[C]([CH3])[C](=[O])[c]2[cH][cH][cH][cH][c]2[C]1=[O]
6532,[CH3][C]([CH3])=[CH][CH2][CH2][C]([CH3])=[CH][CH2][CH2][C]([CH3])=[CH][CH2][CH2][C]([CH3])=[CH][CH2][CH2][C]([CH3])=[CH][CH2][CH2][C]([CH3])=[CH][CH2][C]1=[CH][C](=[O])[c]2[cH][cH][cH][cH][c]2[C]1=[O]
6533,[CH3][C]([CH3])=[CH][CH2][CH2][C]([CH3])=[CH][CH2][CH2][C]([CH3])=[CH][CH2][CH2][C]([CH3])=[CH][CH2][CH2][C]([CH3])=[CH][CH2][CH2][C]([CH3])=[CH][CH2][c]1[cH][c]([OH])[c]2[cH][cH][cH][cH][c]2[c]1[OH]
6534,[CH3][C]([CH3])=[CH][CH2][CH2][C]([CH3])=[CH][CH2][CH2][C]([CH3])=[CH][CH2][CH2][C]([CH3])=[CH][CH2][CH2][C]([CH3])=[CH][CH2][CH2][C]([CH3])=[CH][CH2][CH2][C]([CH3])=[CH][CH2][C]1=[CH][C](=[O])[c]2[cH][cH][cH][cH][c]2[C]1=[O]
6535,[CH3][C]([CH3])=[CH][CH2][CH2][C]([CH3])=[CH][CH2][CH2][C]([CH3])=[CH][CH2][CH2][C]([CH3])=[CH][CH2][CH2][C]([CH3])=[CH][CH2][CH2][C]([CH3])=[CH][CH2][CH2][C]([CH3])=[CH][CH2][c]1[cH][c]([OH])[c]2[cH][cH][cH][cH][c]2[c]1[OH]
6536,[CH3][C]([CH3])=[CH][CH2][CH2][C]([CH3])=[CH][CH2][CH2][C]([CH3])=[CH][CH2][CH2][C]([CH3])=[CH][CH2][CH2][C]([CH3])=[CH][CH2][CH2][C]([CH3])=[CH][CH2][CH2][C]([CH3])=[CH][CH2][CH2][C]([CH3])=[CH][CH2][CH2][C]([CH3])=[CH][CH2][C]1=[CH][C](=[O])[c]2[cH][cH][cH][cH][c]2[C]1=[O]
6537,[CH3][C]([CH3])=[CH][CH2][CH2][C]([CH3])=[CH][CH2][CH2][C]([CH3])=[CH][CH2][CH2][C]([CH3])=[CH][CH2][CH2][C]([CH3])=[CH][CH2][CH2][C]([CH3])=[CH][CH2][CH2][C]([CH3])=[CH][CH2][CH2][C]([CH3])=[CH][CH2][CH2][C]([CH3])=[CH][CH2][c]1[cH][c]([OH])[c]2[cH][cH][cH][cH][c]2[c]1[OH]
6538,[CH3][C]([CH3])=[CH][CH2][CH2][C]([CH3])=[CH][CH2][CH2][C]([CH3])=[CH][CH2][CH2][C]([CH3])=[CH][CH2][CH2][C]([CH3])=[CH][CH2][CH2][C]([CH3])=[CH][CH2][CH2][C]([CH3])=[CH][CH2][CH2][C]([CH3])=[CH][CH2][CH2][C]([CH3])=[CH][CH2][CH2][C]([CH3])=[CH][CH2][C]1=[CH][C](=[O])[c]2[cH][cH][cH][cH][c]2[C]1=[O]
6539,[CH3][C]([CH3])=[CH][CH2][CH2][C]([CH3])=[CH][CH2][CH2][C]([CH3])=[CH][CH2][CH2][C]([CH3])=[CH][CH2][CH2][C]([CH3])=[CH][CH2][CH2][C]([CH3])=[CH][CH2][CH2][C]([CH3])=[CH][CH2][CH2][C]([CH3])=[CH][CH2][CH2][C]([CH3])=[CH][CH2][CH2][C]([CH3])=[CH][CH2][c]1[cH][c]([OH])[c]2[cH][cH][cH][cH][c]2[c]1[OH]
6540,[CH3][C]([CH3])=[CH][CH2][CH2][C]([CH3])=[CH][CH2][CH2][C]([CH3])=[CH][CH2][CH2][C]([CH3])=[CH][CH2][CH2][C]([CH3])=[CH][CH2][CH2][C]([CH3])=[CH][CH2][CH2][C]([CH3])=[CH][CH2][CH2][C]([CH3])=[CH][CH2][CH2][C]([CH3])=[CH][CH2][CH2][C]([CH3])=[CH][CH2][CH2][C]([CH3])=[CH][CH2][C]1=[CH][C](=[O])[c]2[cH][cH][cH][cH][c]2[C]1=[O]
6541,[CH3][C]([CH3])=[CH][CH2][CH2][C]([CH3])=[CH][CH2][CH2][C]([CH3])=[CH][CH2][CH2][C]([CH3])=[CH][CH2][CH2][C]([CH3])=[CH][CH2][CH2][C]([CH3])=[CH][CH2][CH2][C]([CH3])=[CH][CH2][CH2][C]([CH3])=[CH][CH2][CH2][C]([CH3])=[CH][CH2][CH2][C]([CH3])=[CH][CH2][CH2][C]([CH3])=[CH][CH2][c]1[cH][c]([OH])[c]2[cH][cH][cH][cH][c]2[c]1[OH]
6542,[CH3][C]([CH3])=[CH][CH2][CH2][C]([CH3])=[CH][CH2][CH2][C]([CH3])=[CH][CH2][CH2][C]([CH3])=[CH][CH2][CH2][C]([CH3])=[CH][CH2][CH2][C]([CH3])=[CH][CH2][CH2][C]([CH3])=[CH][CH2][CH2][C]([CH3])=[CH][CH2][CH2][C]([CH3])=[CH][CH2][CH2][C]([CH3])=[CH][CH2][CH2][C]([CH3])=[CH][CH2][CH2][C]([CH3])=[CH][CH2][C]1=[CH][C](=[O])[c]2[cH][cH][cH][cH][c]2[C]1=[O]
6543,[CH3][C]([CH3])=[CH][CH2][CH2][C]([CH3])=[CH][CH2][CH2][C]([CH3])=[CH][CH2][CH2][C]([CH3])=[CH][CH2][CH2][C]([CH3])=[CH][CH2][CH2][C]([CH3])=[CH][CH2][CH2][C]([CH3])=[CH][CH2][CH2][C]([CH3])=[CH][CH2][CH2][C]([CH3])=[CH][CH2][CH2][C]([CH3])=[CH][CH2][CH2][C]([CH3])=[CH][CH2][CH2][C]([CH3])=[CH][CH2][c]1[cH][c]([OH])[c]2[cH][cH][cH][cH][c]2[c]1[OH]
6544,[CH3][C]([CH3])=[CH][CH2][CH2][C]([CH3])=[CH][CH2][CH2][C]([CH3])=[CH][CH2][CH2][C]([CH3])=[CH][CH2][CH2][C]([CH3])=[CH][CH2][CH2][C]([CH3])=[CH][CH2][CH2][C]([CH3])=[CH][CH2][CH2][C]([CH3])=[CH][CH2][CH2][C]([CH3])=[CH][CH2][CH2][C]([CH3])=[CH][CH2][CH2][C]([CH3])=[CH][CH2][CH2][C]([CH3])=[CH][CH2][CH2][C]([CH3])=[CH][CH2][C]1=[CH][C](=[O])[c]2[cH][cH][cH][cH][c]2[C]1=[O]
6545,[CH3][C]([CH3])=[CH][CH2][CH2][C]([CH3])=[CH][CH2][CH2][C]([CH3])=[CH][CH2][CH2][C]([CH3])=[CH][CH2][CH2][C]([CH3])=[CH][CH2][CH2][C]([CH3])=[CH][CH2][CH2][C]([CH3])=[CH][CH2][CH2][C]([CH3])=[CH][CH2][CH2][C]([CH3])=[CH][CH2][CH2][C]([CH3])=[CH][CH2][CH2][C]([CH3])=[CH][CH2][CH2][C]([CH3])=[CH][CH2][CH2][C]([CH3])=[CH][CH2][c]1[cH][c]([OH])[c]2[cH][cH][cH][cH][c]2[c]1[OH]
6546,[CH3][C]([CH3])([CH2][O][P](=[O])([OH])[O][P](=[O])([OH])[O][CH2][CH]1[O][CH]([n]2[cH][n][c]3[c]([NH2])[n][cH][n][c]32)[CH]([OH])[CH]1[O][P](=[O])([OH])[OH])[CH]([OH])[C]([OH])=[N][CH2][CH2][C]([OH])=[N][CH2][CH2][S][CH]([OH])[CH2][C](=[O])[c]1[cH][cH][cH][cH][c]1[OH]
6547,[NH2][CH]([CH2][CH]1[CH]=[CH][C](=[O])[C]([CH]([CH2][CH]([NH2])[C](=[O])[OH])[C](=[O])[OH])=[CH]1)[C](=[O])[OH]
6548,[NH2][CH]([CH2][c]1[cH][cH][c]([OH])[c]([CH]([CH2][CH]([NH2])[C](=[O])[OH])[C](=[O])[OH])[cH]1)[C](=[O])[OH]
6549,[NH2][CH]([CH2][c]1[cH][cH][c]2[c]([cH]1)[CH]([C](=[O])[OH])[CH2][CH]([C](=[O])[OH])[NH]2)[C](=[O])[OH]
6550,[CH3][C]([OH])=[N][CH]([CH2][S][As](=[O])([OH])[OH])[C]([OH])=[N][CH]1[CH]([O][CH]2[CH]([OH])[CH]([OH])[CH]([OH])[CH]([OH])[CH]2[OH])[O][CH]([CH2][OH])[CH]([OH])[CH]1[OH]
6551,[OH][C]1=[N][C]([OH])=[N][CH2]1
6552,[NH]=[C]([OH])[NH][CH2][C](=[O])[OH]
6553,[CH3][C](=[O])[CH]=[CH][CH]=[C]([OH])[C](=[O])[OH]
6554,[CH3][CH2][CH2][CH2][CH2][CH2][CH]([OH])[CH2][CH]=[CH][CH2][CH2][CH2][CH2][CH2][CH2][CH2][CH2][CH2][C](=[O])[OH]
6555,[CH3][CH2][CH2][CH2][CH2][CH2][CH]([OH])[CH2][CH]=[CH][CH2][CH2][CH2][CH2][CH2][CH2][CH2][C](=[O])[OH]
6556,[CH3][C]([CH3])([CH2][O][P](=[O])([OH])[O][P](=[O])([OH])[O][CH2][CH]1[O][CH]([n]2[cH][n][c]3[c]([NH2])[n][cH][n][c]32)[CH]([OH])[CH]1[O][P](=[O])([OH])[OH])[CH]([OH])[C]([OH])=[N][CH2][CH2][C]([OH])=[N][CH2][CH2][S][C](=[O])[CH2][CH]([OH])[c]1[cH][cH][c]([OH])[cH][cH]1
6557,[CH3][C]([CH3])([CH2][O][P](=[O])([OH])[O][P](=[O])([OH])[O][CH2][CH]1[O][CH]([n]2[cH][n][c]3[c]([NH2])[n][cH][n][c]32)[CH]([OH])[CH]1[O][P](=[O])([OH])[OH])[CH]([OH])[C]([OH])=[N][CH2][CH2][C]([OH])=[N][CH2][CH2][S][C](=[O])[CH2][C](=[O])[c]1[cH][cH][c]([OH])[cH][cH]1
6558,[O]=[C]1[CH]=[CH][c]2[cH][c]([OH])[c]([OH])[c]3[c](-[c]4[cH][cH][cH][cH][cH]4)[cH][cH][c]1[c]23
6559,[O]=[C]([CH]=[CH][CH]=[CH][c]1[cH][cH][cH][cH][cH]1)[CH2][CH2][c]1[cH][cH][c]([OH])[c]([OH])[cH]1
6560,[O]=[C]([CH]=[CH][CH]=[CH][c]1[cH][cH][cH][cH][cH]1)[CH2][CH2][C]1=[CH][C](=[O])[C](=[O])[CH]=[CH]1
6561,[O]=[C]([CH]=[CH][CH]=[CH][c]1[cH][cH][cH][cH][cH]1)[CH2][CH2][c]1[cH][cH][c]([OH])[cH][cH]1
6562,[O]=[C]([CH]=[CH][c]1[cH][cH][cH][cH][cH]1)[CH2][C](=[O])[CH]=[CH][c]1[cH][cH][c]([OH])[cH][cH]1
6563,[O]=[C]([OH])[CH2][C](=[O])[CH]=[CH][c]1[cH][cH][c]([OH])[cH][cH]1
6564,[O]=[C]([CH]=[CH][c]1[cH][cH][c]([OH])[c]([OH])[cH]1)[N]([CH2][CH2][CH2][CH2][N]=[C]([OH])[CH]=[CH][c]1[cH][cH][c]([OH])[c]([OH])[cH]1)[CH2][CH2][CH2][N]=[C]([OH])[CH]=[CH][c]1[cH][cH][c]([OH])[c]([OH])[cH]1
6565,[CH3][O][c]1[cH][c]([CH]=[CH][C](=[O])[N]([CH2][CH2][CH2][CH2][N]=[C]([OH])[CH]=[CH][c]2[cH][cH][c]([OH])[c]([O][CH3])[cH]2)[CH2][CH2][CH2][N]=[C]([OH])[CH]=[CH][c]2[cH][cH][c]([OH])[c]([O][CH3])[cH]2)[cH][cH][c]1[OH]
6566,[O]=[C]([O][CH2][CH2][c]1[cH][cH][cH][cH][cH]1)[c]1[cH][cH][cH][cH][cH]1
6567,[CH3][Cl]
6568,[CH3][Br]
6569,[O]=[C]([OH])[CH2][CH]([OH])[c]1[cH][cH][cH][cH][cH]1
6570,[CH2]=[C]1[CH2][CH]2[CH2][CH2][CH]1[C]2([CH3])[CH3]
6571,[CH3][C]1([CH3])[CH]2[CH2][CH2][CH]1[C](=[O])[CH2]2
6572,[CH2]=[C]1[CH]2[CH2][CH]([C]([CH3])([CH3])[CH2]2)[C]1([CH3])[CH3]
6573,[CH3][C]1([CH3])[CH2][CH]2[CH2][CH]1[C]([CH3])([CH3])[C]2=[O]
6574,[CH3][C]1=[CH][CH]2[CH]([CH2][CH2]1)[C]2([CH3])[CH3]
6575,[CH3][C]1=[CH][CH2][CH]([CH]([CH3])[CH3])[CH]=[CH]1
6576,[CH3][C]([CH3])=[CH][CH2][CH2][C]([CH3])=[CH][CH2][CH2][C]([CH3])=[CH][CH2][CH2][C]([CH3])=[CH][CH2][CH2][C]([CH3])=[CH][CH2][CH2][C]([CH3])=[CH][CH2][CH2][C]([CH3])=[CH][CH2][CH2][C]([CH3])=[CH][CH2][CH2][C]([CH3])=[CH][CH2][CH2][C]([CH3])=[CH][CH2][CH2][C]([CH3])=[CH][CH2][O][P](=[O])([OH])[O][P](=[O])([OH])[O][CH]1[O][CH]([CH2][OH])[CH]([O][CH]2[O][CH]([CH2][OH])[CH]([O][CH]3[O][CH]([CH2][OH])[CH]([O][CH]4[O][CH]([CH2][OH])[CH]([OH])[CH]([OH])[CH]4[N]=[C]([CH3])[OH])[CH]([O][CH]([CH3])[C]([OH])=[N][CH]([CH3])[C]([OH])=[N][CH]([CH2][CH2][C]([OH])=[N][CH]([CH2][CH2][CH2][CH2][N]=[C]([OH])[CH2][N]=[C]([OH])[CH2][N]=[C]([OH])[CH2][N]=[C]([OH])[CH2][N]=[C]([OH])[CH2][NH2])[C]([OH])=[N][CH]([CH3])[C]([OH])=[N][CH]([CH3])[C](=[O])[OH])[C](=[NH])[OH])[CH]3[N]=[C]([CH3])[OH])[CH]([OH])[CH]2[N]=[C]([CH3])[OH])[CH]([O][CH]([CH3])[C]([OH])=[N][CH]([CH3])[C]([OH])=[N][CH]([CH2][CH2][C]([OH])=[N][CH]([CH2][CH2][CH2][CH2][N]=[C]([OH])[CH2][N]=[C]([OH])[CH2][N]=[C]([OH])[CH2][N]=[C]([OH])[CH2][N]=[C]([OH])[CH2][NH2])[C]([OH])=[N][CH]([CH3])[C]([OH])=[N][CH]([CH3])[C](=[O])[OH])[C](=[NH])[OH])[CH]1[N]=[C]([CH3])[OH]
6577,[CH3][C]([CH3])=[CH][CH2][CH2][C]([CH3])=[CH][CH2][CH2][C]([CH3])=[CH][CH2][CH2][C]([CH3])=[CH][CH2][CH2][C]([CH3])=[CH][CH2][CH2][C]([CH3])=[CH][CH2][CH2][C]([CH3])=[CH][CH2][CH2][C]([CH3])=[CH][CH2][CH2][C]([CH3])=[CH][CH2][CH2][C]([CH3])=[CH][CH2][CH2][C]([CH3])=[CH][CH2][O][P](=[O])([OH])[O][P](=[O])([OH])[O][CH]1[O][CH]([CH2][OH])[CH]([O][CH]2[O][CH]([CH2][OH])[CH]([OH])[CH]([OH])[CH]2[N]=[C]([CH3])[OH])[CH]([O][CH]([CH3])[C]([OH])=[N][CH]([CH3])[C]([OH])=[N][CH]([CH2][CH2][C]([OH])=[N][CH]([CH2][CH2][CH2][CH2][N]=[C]([OH])[CH2][N]=[C]([OH])[CH2][N]=[C]([OH])[CH2][N]=[C]([OH])[CH2][N]=[C]([OH])[CH2][NH2])[C]([OH])=[N][CH]([CH3])[C]([OH])=[N][CH]([CH3])[C](=[O])[OH])[C](=[NH])[OH])[CH]1[N]=[C]([CH3])[OH]
6578,[NH]=[C]([NH2])[NH][CH2][CH2][CH2][CH2][N]=[C]([OH])[CH]=[CH][c]1[cH][cH][c]2[c]([cH]1)[CH]([C]([OH])=[N][CH2][CH2][CH2][CH2][NH][C](=[NH])[NH2])[CH]([c]1[cH][cH][c]([OH])[cH][cH]1)[O]2
6579,[CH3][CH2][CH2][CH2][CH2][CH]=[CH][CH2][CH]=[CH][CH2][CH2][CH2][CH2][CH2][CH2][CH2][C](=[O])[O][CH]([CH2][O][C](=[O])[CH2][CH2][CH2][CH2][CH2][CH2][CH2][CH2][CH2][CH]=[CH][CH2][CH]([OH])[CH2][CH2][CH2][CH3])[CH2][O][C](=[O])[CH2][CH2][CH2][CH2][CH2][CH2][CH2][CH2][CH2][CH]=[CH][CH2][CH]([OH])[CH2][CH2][CH2][CH3]
6580,[CH3][CH2][CH2][CH2][CH2][CH]=[CH][CH2][CH]=[CH][CH2][CH2][CH2][CH2][CH2][CH2][CH2][C](=[O])[O][CH]([CH2][O][C](=[O])[CH2][CH2][CH2][CH2][CH2][CH2][CH2][CH2][CH2][CH]=[CH][CH2][CH]([CH2][CH2][CH2][CH3])[O][C](=[O])[CH2][CH2][CH2][CH2][CH2][CH2][CH2][CH2][CH2][CH2][CH3])[CH2][O][C](=[O])[CH2][CH2][CH2][CH2][CH2][CH2][CH2][CH2][CH2][CH]=[CH][CH2][CH]([CH2][CH2][CH2][CH3])[O][C](=[O])[CH2][CH2][CH2][CH2][CH2][CH2][CH2][CH2][CH2][CH2][CH3]
6581,[NH2][CH]([CH2][OH])[CH2][O][P](=[O])([OH])[OH]
6582,[NH2][CH]([CH2][OH])[CH2][OH]
6583,[CH3][C]([OH])=[N][CH]1[CH]([O][CH]2[CH]([CH2][OH])[O][CH]([OH])[CH]([NH2])[CH]2[OH])[O][CH]([CH2][OH])[CH]([OH])[CH]1[OH]
6584,[O]=[CH][CH]([OH])[CH]([OH])[CH]([OH])[CH2][OH]
6585,[CH3][CH2][CH2][CH2][CH2][CH2][CH2][CH2][CH2][C](=[O])[OH]
6586,[CH3][CH2][CH2][CH2][CH2][CH2][CH2][CH2][CH2][CH2][CH2][CH]([OH])[CH2][C](=[O])[O][CH]1[CH]([OH])[CH]([CH2][O][CH]2[O][CH]([CH2][O][C]3([C](=[O])[OH])[CH2][CH]([O][C]4([C](=[O])[OH])[CH2][CH]([O][C]5([C](=[O])[OH])[CH2][CH]([OH])[CH]([OH])[CH]([CH]([OH])[CH2][OH])[O]5)[CH]([OH])[CH]([CH]([OH])[CH2][OH])[O]4)[CH]([OH])[CH]([CH]([OH])[CH2][OH])[O]3)[CH]([O][P](=[O])([OH])[OH])[CH]([O][C](=[O])[CH2][CH]([OH])[CH2][CH2][CH2][CH2][CH2][CH2][CH2][CH2][CH2][CH2][CH3])[CH]2[N]=[C]([OH])[CH2][CH]([OH])[CH2][CH2][CH2][CH2][CH2][CH2][CH2][CH2][CH2][CH2][CH3])[O][CH]([O][P](=[O])([OH])[OH])[CH]1[N]=[C]([OH])[CH2][CH]([OH])[CH2][CH2][CH2][CH2][CH2][CH2][CH2][CH2][CH2][CH2][CH3]
6587,[O]=[C]([OH])[CH2][CH2][CH2][CH2][CH2][CH2][CH2][CH2][CH2][CH2][CH2][OH]
6588,[CH3][C]([CH3])=[CH][CH2][CH2][C]([CH3])=[CH][CH2][CH2][C]([CH3])=[CH][CH2][CH2][C]([CH3])=[CH][CH2][CH2][C]([CH3])=[CH][CH2][CH2][C]([CH3])=[CH][CH2][CH2][C]([CH3])=[CH][CH2][CH2][C]([CH3])=[CH][CH2][CH2][C]([CH3])=[CH][CH2][CH2][C]([CH3])=[CH][CH2][CH2][C]([CH3])=[CH][CH2][O][P](=[O])([OH])[O][P](=[O])([OH])[O][CH]1[O][CH]([CH2][OH])[CH]([O][CH]2[O][CH]([CH2][OH])[CH]([OH])[CH]([OH])[CH]2[N]=[C]([CH3])[OH])[CH]([O][CH]([CH3])[C]([OH])=[N][CH]([CH3])[C]([OH])=[N][CH]([CH2][CH2][C]([OH])=[N][CH]([CH2][CH2][CH2][CH2][N]=[C]([OH])[CH2][CH]([NH2])[C](=[O])[OH])[C]([OH])=[N][CH]([CH3])[C]([OH])=[N][CH]([CH3])[C](=[O])[OH])[C](=[NH])[OH])[CH]1[N]=[C]([CH3])[OH]
6589,[CH3][C]([CH3])=[CH][CH2][CH2][C]([CH3])=[CH][CH2][CH2][C]([CH3])=[CH][CH2][CH2][C]([CH3])=[CH][CH2][CH2][C]([CH3])=[CH][CH2][CH2][C]([CH3])=[CH][CH2][CH2][C]([CH3])=[CH][CH2][CH2][C]([CH3])=[CH][CH2][CH2][C]([CH3])=[CH][CH2][CH2][C]([CH3])=[CH][CH2][CH2][C]([CH3])=[CH][CH2][O][P](=[O])([OH])[O][P](=[O])([OH])[O][CH]1[O][CH]([CH2][OH])[CH]([O][CH]2[O][CH]([CH2][OH])[CH]([OH])[CH]([OH])[CH]2[N]=[C]([CH3])[OH])[CH]([O][CH]([CH3])[C]([OH])=[N][CH]([CH3])[C]([OH])=[N][CH]([CH2][CH2][C]([OH])=[N][CH]([CH2][CH2][CH2][CH2][N]=[C]([OH])[CH2][CH]([NH2])[C](=[NH])[OH])[C]([OH])=[N][CH]([CH3])[C]([OH])=[N][CH]([CH3])[C](=[O])[OH])[C](=[NH])[OH])[CH]1[N]=[C]([CH3])[OH]
6590,[CH3][CH]([OH])[CH2][CH2][CH2][CH2][CH2][CH2][CH2][CH2][CH2][C](=[O])[OH]
6591,[CH3][C]([CH3])=[CH][CH2][CH2][C]([CH3])=[CH][CH2][CH2][C]([CH3])=[CH][CH2][CH2][C]([CH3])=[CH][CH2][CH2][C]([CH3])=[CH][CH2][CH2][C]([CH3])=[CH][CH2][CH2][C]([CH3])=[CH][CH2][CH2][C]([CH3])=[CH][CH2][CH2][C]([CH3])=[CH][CH2][CH2][C]([CH3])=[CH][CH2][CH2][C]([CH3])=[CH][CH2][O][P](=[O])([OH])[O][P](=[O])([OH])[O][CH]1[O][CH]([CH2][OH])[CH]([O][CH]2[O][CH]([CH2][OH])[CH]([OH])[CH]([OH])[CH]2[N]=[C]([CH3])[OH])[CH]([O][CH]([CH3])[C]([OH])=[N][CH]([CH3])[C]([OH])=[N][CH]([CH2][CH2][C]([OH])=[N][CH]([CH2][CH2][CH2][CH2][N]=[C]([OH])[CH2][CH]([NH2])[C](=[NH])[OH])[C]([OH])=[N][CH]([CH3])[C](=[O])[OH])[C](=[NH])[OH])[CH]1[N]=[C]([CH3])[OH]
6592,[CH3][C]([CH3])=[CH][CH2][CH2][C]([CH3])=[CH][CH2][CH2][C]([CH3])=[CH][CH2][CH2][C]([CH3])=[CH][CH2][CH2][C]([CH3])=[CH][CH2][CH2][C]([CH3])=[CH][CH2][CH2][C]([CH3])=[CH][CH2][CH2][C]([CH3])=[CH][CH2][CH2][C]([CH3])=[CH][CH2][CH2][C]([CH3])=[CH][CH2][CH2][C]([CH3])=[CH][CH2][O][P](=[O])([OH])[O][P](=[O])([OH])[O][CH]1[O][CH]([CH2][OH])[CH]([O][CH]2[O][CH]([CH2][OH])[CH]([OH])[CH]([OH])[CH]2[N]=[C]([CH3])[OH])[CH]([O][CH]([CH3])[C]([OH])=[N][CH]([CH3])[C]([OH])=[N][CH]([CH2][CH2][C]([OH])=[N][CH]([CH2][CH2][CH2][CH2][N]=[C]([OH])[CH2][CH]([NH2])[C](=[O])[OH])[C]([OH])=[N][CH]([CH3])[C](=[O])[OH])[C](=[NH])[OH])[CH]1[N]=[C]([CH3])[OH]
6593,[CH3][C]([CH3])=[CH][CH2][CH2][C]([CH3])=[CH][CH2][CH2][C]([CH3])=[CH][CH2][CH2][C]([CH3])=[CH][CH2][CH2][C]([CH3])=[CH][CH2][CH2][C]([CH3])=[CH][CH2][CH2][C]([CH3])=[CH][CH2][CH2][C]([CH3])=[CH][CH2][CH2][C]([CH3])=[CH][CH2][CH2][C]([CH3])=[CH][CH2][CH2][C]([CH3])=[CH][CH2][O][P](=[O])([OH])[O][P](=[O])([OH])[O][CH]1[O][CH]([CH2][OH])[CH]([O][CH]2[O][CH]([CH2][OH])[CH]([OH])[CH]([OH])[CH]2[N]=[C]([CH3])[OH])[CH]([O][CH]([CH3])[C]([OH])=[N][CH]([CH3])[C]([OH])=[N][CH]([CH2][CH2][C]([OH])=[N][CH]([CH2][CH2][CH2][CH2][NH2])[C]([OH])=[N][CH]([CH3])[C](=[O])[OH])[C](=[NH])[OH])[CH]1[N]=[C]([CH3])[OH]
6594,[CH3][C]([CH3])=[CH][CH2][CH2][C]([CH3])=[CH][CH2][CH2][C]([CH3])=[CH][CH2][CH2][C]([CH3])=[CH][CH2][CH2][C]([CH3])=[CH][CH2][CH2][C]([CH3])=[CH][CH2][CH2][C]([CH3])=[CH][CH2][CH2][C]([CH3])=[CH][CH2][CH2][C]([CH3])=[CH][CH2][CH2][C]([CH3])=[CH][CH2][CH2][C]([CH3])=[CH][CH2][O][P](=[O])([OH])[O][P](=[O])([OH])[O][CH]1[O][CH]([CH2][OH])[CH]([O][CH]2[O][CH]([CH2][OH])[CH]([OH])[CH]([OH])[CH]2[N]=[C]([CH3])[OH])[CH]([O][CH]([CH3])[C]([OH])=[N][CH]([CH3])[C]([OH])=[N][CH]([CH2][CH2][C]([OH])=[N][CH]([CH2][CH2][CH2][CH2][NH2])[C]([OH])=[N][CH]([CH3])[C](=[O])[OH])[C](=[O])[OH])[CH]1[N]=[C]([CH3])[OH]
6595,[CH3][C]([CH3])=[CH][CH2][CH2][C]([CH3])=[CH][CH2][CH2][C]([CH3])=[CH][CH2][CH2][C]([CH3])=[CH][CH2][CH2][C]([CH3])=[CH][CH2][CH2][C]([CH3])=[CH][CH2][CH2][C]([CH3])=[CH][CH2][CH2][C]([CH3])=[CH][CH2][CH2][C]([CH3])=[CH][CH2][CH2][C]([CH3])=[CH][CH2][CH2][C]([CH3])=[CH][CH2][O][P](=[O])([OH])[O][P](=[O])([OH])[O][CH]1[O][CH]([CH2][OH])[CH]([OH])[CH]([O][CH]([CH3])[C]([OH])=[N][CH]([CH3])[C]([OH])=[N][CH]([CH2][CH2][C]([OH])=[N][CH]([CH2][CH2][CH2][CH2][NH2])[C]([OH])=[N][CH]([CH3])[C](=[O])[OH])[C](=[O])[OH])[CH]1[N]=[C]([CH3])[OH]
6596,[CH3][C]([CH3])=[CH][CH2][CH2][C]([CH3])=[CH][CH2][CH2][C]([CH3])=[CH][CH2][CH2][C]([CH3])=[CH][CH2][CH2][C]([CH3])=[CH][CH2][CH2][C]([CH3])=[CH][CH2][CH2][C]([CH3])=[CH][CH2][CH2][C]([CH3])=[CH][CH2][CH2][C]([CH3])=[CH][CH2][CH2][C]([CH3])=[CH][CH2][CH2][C]([CH3])=[CH][CH2][O][P](=[O])([OH])[O][P](=[O])([OH])[O][CH]1[O][CH]([CH2][OH])[CH]([O][CH]2[O][CH]([CH2][OH])[CH]([O][CH]3[O][CH]([CH2][OH])[CH]([O][CH]4[O][CH]([CH2][OH])[CH]([OH])[CH]([OH])[CH]4[N]=[C]([CH3])[OH])[CH]([O][CH]([CH3])[C]([OH])=[N][CH]([CH3])[C]([OH])=[N][CH]([CH2][CH2][C]([OH])=[N][CH]([CH2][CH2][CH2][CH2][N]=[C]([OH])[CH2][CH]([NH2])[C](=[NH])[OH])[C]([OH])=[N][CH]([CH3])[C](=[O])[OH])[C](=[NH])[OH])[CH]3[N]=[C]([CH3])[OH])[CH]([OH])[CH]2[N]=[C]([CH3])[OH])[CH]([O][CH]([CH3])[C]([OH])=[N][CH]([CH3])[C]([OH])=[N][CH]([CH2][CH2][C]([OH])=[N][CH]([CH2][CH2][CH2][CH2][N]=[C]([OH])[CH2][CH]([NH2])[C](=[NH])[OH])[C]([OH])=[N][CH]([CH3])[C](=[O])[OH])[C](=[NH])[OH])[CH]1[N]=[C]([CH3])[OH]
6597,[CH3][C]([CH3])=[CH][CH2][CH2][C]([CH3])=[CH][CH2][CH2][C]([CH3])=[CH][CH2][CH2][C]([CH3])=[CH][CH2][CH2][C]([CH3])=[CH][CH2][CH2][C]([CH3])=[CH][CH2][CH2][C]([CH3])=[CH][CH2][CH2][C]([CH3])=[CH][CH2][CH2][C]([CH3])=[CH][CH2][CH2][C]([CH3])=[CH][CH2][CH2][C]([CH3])=[CH][CH2][O][P](=[O])([OH])[O][P](=[O])([OH])[O][CH]1[O][CH]([CH2][OH])[CH]([O][CH]2[O][CH]([CH2][OH])[CH]([O][CH]3[O][CH]([CH2][OH])[CH]([O][CH]4[O][CH]([CH2][OH])[CH]([OH])[CH]([OH])[CH]4[N]=[C]([CH3])[OH])[CH]([O][CH]([CH3])[C]([OH])=[N][CH]([CH3])[C]([OH])=[N][CH]([CH2][CH2][C]([OH])=[N][CH]([CH2][CH2][CH2][CH2][N]=[C]([OH])[CH2][CH]([NH2])[C](=[NH])[OH])[C]([OH])=[N][CH]([CH3])[C]([OH])=[N][CH]([CH3])[C](=[O])[OH])[C](=[NH])[OH])[CH]3[N]=[C]([CH3])[OH])[CH]([OH])[CH]2[N]=[C]([CH3])[OH])[CH]([O][CH]([CH3])[C]([OH])=[N][CH]([CH3])[C]([OH])=[N][CH]([CH2][CH2][C]([OH])=[N][CH]([CH2][CH2][CH2][CH2][N]=[C]([OH])[CH2][CH]([NH2])[C](=[NH])[OH])[C]([OH])=[N][CH]([CH3])[C]([OH])=[N][CH]([CH3])[C](=[O])[OH])[C](=[NH])[OH])[CH]1[N]=[C]([CH3])[OH]
6598,[CH3][C]([CH3])=[CH][CH2][CH2][C]([CH3])=[CH][CH2][CH2][C]([CH3])=[CH][CH]=[CH][C]([CH3])=[CH][CH]=[CH][CH]=[C]([CH3])[CH]=[CH][CH]=[C]([CH3])[CH2][CH2][CH]=[C]([CH3])[CH2][CH2][CH]=[C]([CH3])[CH3]
6599,[CH3][C]([CH3])=[CH][CH2][CH2][C]([CH3])=[CH][CH2][CH2][C]([CH3])=[CH][CH2][CH2][C]([CH3])=[CH][CH2][CH2][C]([CH3])=[CH][CH2][CH2][C]([CH3])=[CH][CH2][CH2][C]([CH3])=[CH][CH2][CH2][C]([CH3])=[CH][CH2][CH2][C]([CH3])=[CH][CH2][C]1=[CH][C](=[O])[C]([CH3])=[C]([CH3])[C]1=[O]
6600,[CH3][C]([CH3])=[CH][CH2][CH2][C]([CH3])=[CH][CH]=[CH][C]([CH3])=[CH][CH]=[CH][C]([CH3])=[CH][CH]=[CH][CH]=[C]([CH3])[CH]=[CH][CH]=[C]([CH3])[CH2][CH2][CH]=[C]([CH3])[CH2][CH2][CH]=[C]([CH3])[CH3]
6601,[CH3][C]([CH3])=[CH][CH2][CH2][C]([CH3])=[CH][CH]=[CH][C]([CH3])=[CH][CH]=[CH][C]([CH3])=[CH][CH]=[CH][CH]=[C]([CH3])[CH]=[CH][CH]=[C]([CH3])[CH]=[CH][CH]=[C]([CH3])[CH2][CH2][CH]=[C]([CH3])[CH3]
6602,[CH2]=[C]1[CH2][C]23[CH2][C]1([OH])[CH2][CH2][CH]2[C]12[CH2][CH2][CH2][C]([CH3])([C](=[O])[O]1)[CH]2[CH]3[C](=[O])[O][CH3]
6603,[CH2]=[C]1[CH2][C]23[CH2][CH]1[CH2][CH2][CH]2[C]12[CH2][CH]([OH])[CH]([OH])[C]([CH3])([C](=[O])[O]1)[CH]2[CH]3[C](=[O])[O][CH3]
6604,[CH3][C]12[C](=[O])[O][C]3([CH2][CH2][CH]1[OH])[CH]1[CH2][CH2][CH]4[CH2][C]1([CH2][C]41[CH2][O]1)[CH]([C](=[O])[OH])[CH]32
6605,[CH3][C]1([C](=[O])[OH])[CH2][CH2][CH2][C]2([CH3])[CH]1[CH]([C](=[O])[OH])[C]13[CH2][CH]([CH2][CH2][CH]21)[C]1([CH2][O]1)[CH2]3
6606,[CH3][C]12[CH2][CH2][CH2][C]3([O][C]1=[O])[CH]2[CH]([C](=[O])[OH])[C]12[CH2][CH]([CH2][CH2][CH]13)[C]1([CH2][O]1)[CH2]2
6607,[CH3][N]1[CH2][C]([C](=[O])[OH])=[CH][CH]2[c]3[cH][cH][cH][c]4[nH][cH][c]([c]34)[CH2][CH]21
6608,[CH3][N]1[CH2][C]([CH]=[O])=[CH][CH]2[c]3[cH][cH][cH][c]4[nH][cH][c]([c]34)[CH2][CH]21
6609,[CH3][N]1[CH2][CH]([C](=[O])[OH])[CH]=[C]2[c]3[cH][cH][cH][c]4[nH][cH][c]([c]34)[CH2][CH]21
6610,[NH]=[c]1[n][c]([OH])[c]2[n][c]([OH])[n]([CH]3[O][CH]([CH2][O][P](=[O])([OH])[OH])[CH]([OH])[CH]3[OH])[c]2[nH]1
6611,[NH]=[c]1[n][c]([OH])[c]2[n][c]([OH])[n]([CH]3[O][CH]([CH2][O][P](=[O])([OH])[O][P](=[O])([OH])[O][P](=[O])([OH])[OH])[CH]([OH])[CH]3[OH])[c]2[nH]1
6612,[CH3][C]([CH3])=[CH][CH2][CH2][C]([CH3])=[CH][CH]=[CH][C]([CH3])=[CH][CH]=[CH][C]([CH3])=[CH][CH]=[CH][CH]=[C]([CH3])[CH]=[CH][CH]=[C]([CH3])[CH]=[CH][CH]=[C]([CH3])[CH2][CH2][CH]=[C]([CH3])[CH3]
6613,[CH3][C]([CH3])=[CH][CH2][CH2][C]([CH3])=[CH][CH]=[CH][C]([CH3])=[CH][CH]=[CH][C]([CH3])=[CH][CH]=[CH][CH]=[C]([CH3])[CH]=[CH][CH]=[C]([CH3])[CH2][CH2][CH]=[C]([CH3])[CH2][CH2][CH]=[C]([CH3])[CH3]
6614,[O]=[C]([OH])[CH]1[O][CH]([OH])[CH]([OH])[CH]([OH])[CH]1[OH]
6615,[O-][N+]([OH])=[CH][CH2][c]1[cH][cH][cH][cH][cH]1
6616,[CH3][S][CH2][CH2][CH2][CH]=[N+]([O-])[OH]
6617,[CH3][S][CH2][CH2][CH2][CH]=[N][OH]
6618,[CH3][S][CH2][CH2][CH2][CH2][CH]=[N+]([O-])[OH]
6619,[CH3][S][CH2][CH2][CH2][CH2][CH2][CH]=[N+]([O-])[OH]
6620,[CH3][S][CH2][CH2][CH2][CH2][CH2][CH2][CH]=[N+]([O-])[OH]
6621,[CH3][S][CH2][CH2][CH2][CH2][CH2][CH2][CH2][CH]=[N+]([O-])[OH]
6622,[CH3][S][CH2][CH2][CH2][CH2][CH2][CH2][CH2][CH2][CH]=[N+]([O-])[OH]
6623,[NH2][CH]([CH2][CH2][C]([OH])=[N][CH]([CH2][S][C]([CH2][c]1[cH][cH][cH][cH][cH]1)=[N][OH])[C]([OH])=[N][CH2][C](=[O])[OH])[C](=[O])[OH]
6624,[NH2][CH]([CH2][CH2][C]([OH])=[N][CH]([CH2][S][C]([CH2][c]1[cH][nH][c]2[cH][cH][cH][cH][c]12)=[N][OH])[C]([OH])=[N][CH2][C](=[O])[OH])[C](=[O])[OH]
6625,[CH3][S][CH2][CH2][CH2][C](=[N][OH])[S][CH2][CH]([N]=[C]([OH])[CH2][CH2][CH]([NH2])[C](=[O])[OH])[C]([OH])=[N][CH2][C](=[O])[OH]
6626,[CH3][S][CH2][CH2][CH2][CH2][C](=[N][OH])[S][CH2][CH]([N]=[C]([OH])[CH2][CH2][CH]([NH2])[C](=[O])[OH])[C]([OH])=[N][CH2][C](=[O])[OH]
6627,[CH3][S][CH2][CH2][CH2][CH2][CH2][C](=[N][OH])[S][CH2][CH]([N]=[C]([OH])[CH2][CH2][CH]([NH2])[C](=[O])[OH])[C]([OH])=[N][CH2][C](=[O])[OH]
6628,[CH3][S][CH2][CH2][CH2][CH2][CH2][CH2][C](=[N][OH])[S][CH2][CH]([N]=[C]([OH])[CH2][CH2][CH]([NH2])[C](=[O])[OH])[C]([OH])=[N][CH2][C](=[O])[OH]
6629,[CH3][S][CH2][CH2][CH2][CH2][CH2][CH2][CH2][C](=[N][OH])[S][CH2][CH]([N]=[C]([OH])[CH2][CH2][CH]([NH2])[C](=[O])[OH])[C]([OH])=[N][CH2][C](=[O])[OH]
6630,[CH3][S][CH2][CH2][CH2][CH2][CH2][CH2][CH2][CH2][C](=[N][OH])[S][CH2][CH]([N]=[C]([OH])[CH2][CH2][CH]([NH2])[C](=[O])[OH])[C]([OH])=[N][CH2][C](=[O])[OH]
6631,[NH2][CH]([CH2][S][C]([CH2][c]1[cH][cH][cH][cH][cH]1)=[N][OH])[C]([OH])=[N][CH2][C](=[O])[OH]
6632,[NH2][CH]([CH2][S][C]([CH2][c]1[cH][nH][c]2[cH][cH][cH][cH][c]12)=[N][OH])[C]([OH])=[N][CH2][C](=[O])[OH]
6633,[CH3][S][CH2][CH2][CH2][C](=[N][OH])[S][CH2][CH]([NH2])[C]([OH])=[N][CH2][C](=[O])[OH]
6634,[CH3][S][CH2][CH2][CH2][CH2][C](=[N][OH])[S][CH2][CH]([NH2])[C]([OH])=[N][CH2][C](=[O])[OH]
6635,[CH3][S][CH2][CH2][CH2][CH2][CH2][C](=[N][OH])[S][CH2][CH]([NH2])[C]([OH])=[N][CH2][C](=[O])[OH]
6636,[CH3][S][CH2][CH2][CH2][CH2][CH2][CH2][C](=[N][OH])[S][CH2][CH]([NH2])[C]([OH])=[N][CH2][C](=[O])[OH]
6637,[CH3][S][CH2][CH2][CH2][CH2][CH2][CH2][CH2][C](=[N][OH])[S][CH2][CH]([NH2])[C]([OH])=[N][CH2][C](=[O])[OH]
6638,[CH3][S][CH2][CH2][CH2][CH2][CH2][CH2][CH2][CH2][C](=[N][OH])[S][CH2][CH]([NH2])[C]([OH])=[N][CH2][C](=[O])[OH]
6639,[NH2][CH2][CH2][c]1[cH][c]([OH])[c]([OH])[c]([S][CH2][CH]([NH2])[C](=[O])[OH])[cH]1
6640,[CH3][CH]([CH2][CH2][NH][C](=[NH])[NH2])[CH]([NH2])[C](=[O])[OH]
6641,[O]=[C]([OH])[C]1=[CH][CH]([OH])[CH]([OH])[CH]([OH])[O]1
6642,[O]=[C]([OH])[C]1=[CH][CH]([OH])[CH]([OH])[CH]([O][CH]2[CH]([C](=[O])[OH])[O][CH]([O][CH]3[CH]([C](=[O])[OH])[O][CH]([OH])[CH]([OH])[CH]3[OH])[CH]([OH])[CH]2[OH])[O]1
6643,[CH2]=[C]([CH3])[CH]1[CH2][CH]=[C]([CH]=[O])[CH2][CH2]1
6644,[CH2]=[C]([CH3])[CH]1[CH2][CH]=[C]([C](=[O])[OH])[CH2][CH2]1
6645,[CH2]=[C]([CH3])[CH]1[CH2][CH2][CH]([C](=[O])[OH])[CH]([OH])[CH2]1
6646,[O]=[C]([CH2][CH2][c]1[cH][cH][c]([OH])[cH][cH]1)[c]1[c]([OH])[cH][c]([OH])[cH][c]1[O][CH]1[O][CH]([CH2][OH])[CH]([OH])[CH]([OH])[CH]1[OH]
6647,[CH3][C]([CH3])([CH2][O][P](=[O])([OH])[O][P](=[O])([OH])[O][CH2][CH]1[O][CH]([n]2[cH][n][c]3[c]([NH2])[n][cH][n][c]32)[CH]([OH])[CH]1[O][P](=[O])([OH])[OH])[CH]([OH])[C]([OH])=[N][CH2][CH2][C]([OH])=[N][CH2][CH2][S][C](=[O])[CH2][CH2][c]1[cH][cH][c]([OH])[cH][cH]1
6648,[CH3][CH]([CH2][CH2][C](=[O])[OH])[CH]1[CH2][CH2][CH]2[CH]3[CH]([OH])[CH2][CH]4[CH2][CH]([OH])[CH2][CH2][C]4([CH3])[CH]3[CH2][CH]([OH])[C]12[CH3]
6649,[CH3][CH]([CH2][CH2][C](=[O])[OH])[CH]1[CH2][CH2][CH]2[CH]3[CH]([OH])[CH2][CH]4[CH2][C](=[O])[CH2][CH2][C]4([CH3])[CH]3[CH2][CH]([OH])[C]12[CH3]
6650,[CH3][CH]([CH2][CH2][C](=[O])[OH])[CH]1[CH2][CH2][CH]2[CH]3[CH]([OH])[CH2][CH]4[CH2][CH]([OH])[CH2][CH2][C]4([CH3])[CH]3[CH2][CH]([OH])[C]12[CH3]
6651,[CH3][C]([CH3])=[CH][CH2][CH2][C]([CH3])=[CH][CH2][CH2][C]([CH3])=[CH][CH2][CH2][C]([CH3])=[CH][CH2][CH2][C]([CH3])=[CH][CH2][CH2][C]([CH3])=[CH][CH2][CH2][C]([CH3])=[CH][CH2][CH2][C]([CH3])=[CH][CH2][CH2][C]([CH3])=[CH][CH2][CH2][C]([CH3])=[CH][CH2][CH2][C]([CH3])=[CH][CH2][CH2][C]([CH3])=[CH][CH2][O][P](=[O])([OH])[O][P](=[O])([OH])[OH]
6652,[OH][CH2][CH]1[O][CH]([O][CH2][CH]2[O][CH]([O][C]3([CH2][O][CH]4[O][CH]([CH2][OH])[CH]([OH])[CH]([OH])[CH]4[OH])[O][CH]([CH2][OH])[CH]([OH])[CH]3[OH])[CH]([OH])[CH]([OH])[CH]2[O][CH]2[O][CH]([CH2][OH])[CH]([OH])[CH]([OH])[CH]2[OH])[CH]([OH])[CH]([OH])[CH]1[OH]
6653,[OH][CH2][CH]1[O][CH]([O][CH2][CH]2[O][CH]([O][C]3([CH2][OH])[O][CH]([CH2][OH])[CH]([OH])[CH]3[OH])[CH]([OH])[CH]([OH])[CH]2[O][CH]2[O][CH]([CH2][OH])[CH]([OH])[CH]([OH])[CH]2[OH])[CH]([OH])[CH]([OH])[CH]1[OH]
6654,[CH2]=[C]([CH3])[CH]1[CH2][CH]=[C]([CH2][OH])[CH2][CH2]1
6655,[cH]1[cH][cH][c]([NH][c]2[cH][cH][cH][cH][cH]2)[cH][cH]1
6656,[NH2][CH]([CH2][S](=[O])[CH2][c]1[cH][cH][cH][cH][cH]1)[C](=[O])[OH]
6657,[OH][S][CH2][c]1[cH][cH][cH][cH][cH]1
6658,[O]=[S]([CH2][c]1[cH][cH][cH][cH][cH]1)[S][CH2][c]1[cH][cH][cH][cH][cH]1
6659,[CH3][CH]([CH3])[CH]([CH3])[CH]([OH])[CH]([OH])[CH]([CH3])[CH]1[CH2][CH2][CH]2[CH]3[CH2][CH]([OH])[CH]4[CH2][C](=[O])[CH2][CH2][C]4([CH3])[CH]3[CH2][CH2][C]12[CH3]
6660,[CH3][CH]([CH3])[CH]([CH3])[CH]([OH])[CH]([OH])[CH]([CH3])[CH]1[CH2][CH2][CH]2[CH]3[CH2][CH]([OH])[CH]4[CH2][CH]([OH])[CH2][CH2][C]4([CH3])[CH]3[CH2][CH2][C]12[CH3]
6661,[CH3][CH]([CH2][OH])[CH]([CH3])[CH]([OH])[CH]([OH])[CH]([CH3])[CH]1[CH2][CH2][CH]2[CH]3[CH2][C](=[O])[CH]4[CH2][CH]([OH])[CH]([OH])[CH2][C]4([CH3])[CH]3[CH2][CH2][C]12[CH3]
6662,[CH3][CH]([CH2][OH])[CH]([CH3])[CH]([OH])[CH]([OH])[CH]([CH3])[CH]1[CH2][CH2][CH]2[CH]3[CH2][O][C](=[O])[CH]4[CH2][CH]([OH])[CH]([OH])[CH2][C]4([CH3])[CH]3[CH2][CH2][C]12[CH3]
6663,[CH3][O][c]1[n][c]2[c]([c](=[O])[n]1[CH3])[n]([CH3])[c](=[O])[n]2[CH3]
6664,[CH3][n]1[c](=[O])[c]2[c]([n]([CH3])[c]1=[O])[n]([CH3])[c](=[O])[n]2[CH3]
6665,[O]=[c]1[n][c]([OH])[cH][cH][n]1[CH]1[O][CH]([CH2][O][P](=[O])([OH])[O][P](=[O])([OH])[O][CH]2[O][CH]([CH2][OH])[CH]([OH])[CH]2[OH])[CH]([OH])[CH]1[OH]
6666,[NH2][CH]([CH2][O][C](=[O])[CH2][C]([OH])([CH2][C](=[O])[OH])[C](=[O])[OH])[C](=[O])[OH]
6667,[NH2][CH2][CH2][O][C](=[O])[CH2][C]([OH])([CH2][C](=[O])[OH])[C](=[O])[OH]
6668,[NH2][CH2][CH2][O][C](=[O])[CH2][C]([OH])([CH2][C]([OH])=[N][CH2][CH2][CH]([NH2])[C](=[O])[OH])[C](=[O])[OH]
6669,[NH2][CH2][CH2][O][C](=[O])[CH2][C]([OH])([CH2][C]([OH])=[N][CH2][CH2][CH]([C](=[O])[OH])[N]1[C](=[O])[CH2][CH2][C]1([OH])[C](=[O])[OH])[C](=[O])[OH]
6670,[NH2][CH]([CH2][CH2][N]=[C]([OH])[CH2][C]([OH])([CH2][C](=[O])[O][CH2][CH2][N]1[C](=[O])[CH2][CH2][C]1([OH])[C](=[O])[OH])[C](=[O])[OH])[C](=[O])[OH]
6671,[O]=[C]([CH2][C]([OH])([CH2][C]([OH])=[N][CH2][CH2][CH]([C](=[O])[OH])[N]1[C](=[O])[CH2][CH2][C]1([OH])[C](=[O])[OH])[C](=[O])[OH])[O][CH2][CH2][N]1[C](=[O])[CH2][CH2][C]1([OH])[C](=[O])[OH]
6672,[CH3][C]([CH3])=[CH][CH2][CH2][C]([CH3])=[CH][CH2][CH2][C]([CH3])=[CH][CH2][CH2][C]([CH3])=[CH][CH2][O][P](=[O])([OH])[OH]
6673,[O]=[C]1[c]2[cH][cH][c]([OH])[cH][c]2[O][CH2][CH]1[c]1[cH][cH][c]([OH])[cH][cH]1
6674,[O]=[C]([CH2][CH2][CH2][c]1[cH][nH][c]2[cH][cH][cH][cH][c]12)[O][CH]1[O][CH]([CH2][OH])[CH]([OH])[CH]([OH])[CH]1[OH]
6675,[O]=[C]([OH])[CH2][CH2][CH2][c]1[cH][nH][c]2[cH][cH][cH][cH][c]12
6676,[O]=[C]([OH])[c]1[cH][cH][cH][cH][c]1[O][CH]1[O][CH]([CH2][OH])[CH]([OH])[CH]([OH])[CH]1[OH]
6677,[O]=[C]([O][CH]1[O][CH]([CH2][OH])[CH]([OH])[CH]([OH])[CH]1[OH])[c]1[cH][cH][cH][cH][c]1[OH]
6678,[O]=[C]([O][CH]1[O][CH]([CH2][OH])[CH]([OH])[CH]([OH])[CH]1[OH])[c]1[cH][cH][cH][cH][cH]1
6679,[CH3][CH]=[CH][CH]=[CH][CH]=[CH][CH2][CH2][CH2][CH2][CH2][CH2][CH2][CH2][c]1[cH][c]([CH]([CH]=[CH][CH]=[CH][CH]=[CH][CH3])[CH2][CH2][CH2][CH2][CH2][CH2][CH2][c]2[cH][cH][cH][c]([OH])[c]2[OH])[cH][c]([OH])[c]1[OH]
6680,[CH3][CH]=[CH][CH]=[CH][CH2][CH]=[CH][CH2][CH2][CH2][CH2][CH2][CH2][CH2][c]1[cH][cH][cH][c]([OH])[c]1[OH]
6681,[N]#[C][CH]([S][CH2][CH]([N]=[C]([OH])[CH2][CH2][CH]([NH2])[C](=[O])[OH])[C]([OH])=[N][CH2][C](=[O])[OH])[c]1[cH][nH][c]2[cH][cH][cH][cH][c]12
6682,[N]#[C][CH]([S][CH2][CH]([NH2])[C]([OH])=[N][CH2][C](=[O])[OH])[c]1[cH][nH][c]2[cH][cH][cH][cH][c]12
6683,[N]#[C][CH]([S][CH2][CH]([NH2])[C](=[O])[OH])[c]1[cH][nH][c]2[cH][cH][cH][cH][c]12
6684,[O]=[C]([OH])[CH]1[CH2][S][C]([c]2[cH][nH][c]3[cH][cH][cH][cH][c]23)=[N]1
6685,[CH3][CH2][CH2][CH2][CH2][CH2][CH2][CH2][CH2][CH2][CH2][C](=[O])[CH2][C](=[O])[OH]
6686,[CH3][CH2][CH2][CH2][CH2][CH2][CH2][CH2][CH2][CH2][CH2][C]([CH3])=[O]
6687,[CH3][CH2][CH]=[CH][CH2][CH]=[CH][CH2][CH]=[CH][CH2][CH2][CH2][CH2][CH2][CH2][CH2][CH2][CH2][C](=[O])[S][CH2][CH2][N]=[C]([OH])[CH2][CH2][N]=[C]([OH])[CH]([OH])[C]([CH3])([CH3])[CH2][O][P](=[O])([OH])[O][P](=[O])([OH])[O][CH2][CH]1[O][CH]([n]2[cH][n][c]3[c]([NH2])[n][cH][n][c]32)[CH]([OH])[CH]1[O][P](=[O])([OH])[OH]
6688,[O]=[C]1[CH2][C]([OH])([c]2[cH][cH][c]([OH])[cH][cH]2)[O][c]2[cH][c]([OH])[cH][c]([OH])[c]21
6689,[O]=[C]([CH2][C](=[O])[c]1[c]([OH])[cH][c]([OH])[cH][c]1[OH])[c]1[cH][cH][c]([OH])[cH][cH]1
6690,[O]=[C]([CH2][C](=[O])[c]1[c]([OH])[cH][c]([OH])[c]([CH]2[O][CH]([CH2][OH])[CH]([OH])[CH]([OH])[CH]2[OH])[c]1[OH])[c]1[cH][cH][c]([OH])[cH][cH]1
6691,[O]=[C]([OH])[c]1[cH][c]([O][CH]2[O][CH]([CH2][OH])[CH]([OH])[CH]([OH])[CH]2[OH])[cH][cH][c]1[OH]
6692,[O]=[CH][CH]([OH])[CH2][OH]
6693,[NH]=[c]1[cH][cH][n]([CH]2[O][CH]([CH2][O][P](=[O])([OH])[O][P](=[O])([OH])[O][CH]([CH2][OH])[CH2][OH])[CH]([OH])[CH]2[OH])[c]([OH])[n]1
6694,[O]=[CH][CH]([OH])[CH]([OH])[CH]([OH])[CH2][Cl]
6695,[O]=[C]1[O][CH]([CH2][Cl])[CH]([OH])[CH]1[OH]
6696,[O]=[C]([OH])[CH]([OH])[CH]([OH])[CH]([OH])[CH2][Cl]
6697,[O]=[P]([OH])([OH])[O][CH]1[O][CH]([CH2][Cl])[CH]([OH])[CH]1[OH]
6698,[CH3][C]([CH3])([CH2][O][P](=[O])([OH])[O][P](=[O])([OH])[O][CH2][CH]1[O][CH]([n]2[cH][n][c]3[c]([NH2])[n][cH][n][c]32)[CH]([OH])[CH]1[O][P](=[O])([OH])[OH])[CH]([OH])[C]([OH])=[N][CH2][CH2][C]([OH])=[N][CH2][CH2][S][C](=[O])[CH2][CH]([OH])[CH2][Cl]
6699,[CH3][C]([CH3])([CH2][O][P](=[O])([OH])[O][P](=[O])([OH])[O][CH2][CH]1[O][CH]([n]2[cH][n][c]3[c]([NH2])[n][cH][n][c]32)[CH]([OH])[CH]1[O][P](=[O])([OH])[OH])[CH]([OH])[C]([OH])=[N][CH2][CH2][C]([OH])=[N][CH2][CH2][S][C](=[O])[CH]=[CH][CH2][Cl]
6700,[CH3][C]([CH3])([CH2][O][P](=[O])([OH])[O][P](=[O])([OH])[O][CH2][CH]1[O][CH]([n]2[cH][n][c]3[c]([NH2])[n][cH][n][c]32)[CH]([OH])[CH]1[O][P](=[O])([OH])[OH])[CH]([OH])[C]([OH])=[N][CH2][CH2][C]([OH])=[N][CH2][CH2][S][C](=[O])[CH]([CH2][CH2][Cl])[C](=[O])[OH]
6701,[O]=[C]([OH])[C](=[O])[CH2][C]1([C](=[O])[OH])[CH]=[CH][CH]([OH])[CH2][CH2]1
6702,[O]=[C]([OH])[C](=[O])[CH2][C]1=[CH][CH]=[CH][CH2][CH2]1
6703,[O]=[C]([OH])[C](=[O])[CH2][CH]1[CH]=[CH][CH2][CH2][CH2]1
6704,[O]=[S](=[O])([OH])[CH2][CH]([OH])[CH2][OH]
6705,[O]=[C]([CH2][OH])[CH2][S](=[O])(=[O])[OH]
6706,[O]=[P]([OH])([OH])[O][CH]1[O][CH]([CH2][F])[CH]([OH])[CH]1[OH]
6707,[O]=[C]([CH2][O][P](=[O])([OH])[OH])[CH]([OH])[CH]([OH])[CH2][F]
6708,[O]=[C]([OH])[CH]=[CH][CH]=[CH][C](=[O])[C](=[O])[OH]
6709,[CH3][C]([OH])=[N][CH]([CH2][CH2][CH2][NH2])[CH2][C]([OH])=[N][CH]1[CH]([NH][C]2=[N][CH]3[CH]([OH])[CH2][N]=[C]([OH])[CH]3[NH]2)[O][CH]([CH2][OH])[CH]([O][C](=[NH])[OH])[CH]1[OH]
6710,[NH]=[C]([OH])[O][CH]1[CH]([CH2][OH])[O][CH]([NH][C]2=[N][CH]3[CH]([OH])[CH2][N]=[C]([OH])[CH]3[NH]2)[CH]([N]=[C]([OH])[CH2][CH]([NH2])[CH2][CH2][CH2][N]=[C]([OH])[CH2][CH]([NH2])[CH2][CH2][CH2][N]=[C]([OH])[CH2][CH]([NH2])[CH2][CH2][CH2][NH2])[CH]1[OH]
6711,[NH]=[C]([OH])[O][CH]1[CH]([CH2][OH])[O][CH]([NH][C]2=[N][CH]([CH]([OH])[CH2][NH2])[CH]([C](=[O])[OH])[NH]2)[CH]([N]=[C]([OH])[CH2][CH]([NH2])[CH2][CH2][CH2][N]=[C]([OH])[CH2][CH]([NH2])[CH2][CH2][CH2][N]=[C]([OH])[CH2][CH]([NH2])[CH2][CH2][CH2][NH2])[CH]1[OH]
6712,[CH3][CH]([CH2][CH2][OH])[CH2][CH2][CH]1[C]([CH3])([OH])[CH2][CH2][CH]2[C]([CH3])([CH3])[CH2][CH2][CH2][C]21[CH3]
6713,[CH2]=[CH][C]1([CH3])[CH2][CH2][CH]2[C]([CH3])([CH2][CH2][CH]3[C]([CH3])([CH3])[CH2][CH2][CH2][C]32[CH3])[O]1
6714,[CH2]=[CH][C]1([CH3])[CH2][CH2][CH]2[C]([CH3])([CH2][CH2][CH]3[C]([CH3])([CH3])[CH2][CH2][CH2][C]32[CH3])[O]1
6715,[CH3][CH]=[C]([CH3])[CH2][CH2][CH]=[C]([CH3])[CH2][CH2][CH]=[C]([CH3])[CH2][CH2][CH]=[C]([CH3])[CH2][CH2][CH]=[C]([CH3])[CH2][CH2][CH]=[C]([CH3])[CH2][CH2][CH]=[C]([CH3])[CH2][CH2][CH]=[C]([CH3])[CH2][CH2][CH]=[C]([CH3])[CH2][CH2][CH]=[C]([CH3])[CH2][CH2][CH]=[C]([CH3])[CH2][O][P](=[O])([OH])[O][P](=[O])([OH])[O][CH]1[O][CH]([CH2][OH])[CH]([O][CH]2[O][CH]([CH2][OH])[CH]([OH])[CH]([OH])[CH]2[OH])[CH]([OH])[CH]1[OH]
6716,[CH3][CH]=[C]([CH3])[CH2][CH2][CH]=[C]([CH3])[CH2][CH2][CH]=[C]([CH3])[CH2][CH2][CH]=[C]([CH3])[CH2][CH2][CH]=[C]([CH3])[CH2][CH2][CH]=[C]([CH3])[CH2][CH2][CH]=[C]([CH3])[CH2][CH2][CH]=[C]([CH3])[CH2][CH2][CH]=[C]([CH3])[CH2][CH2][CH]=[C]([CH3])[CH2][CH2][CH]=[C]([CH3])[CH2][O][P](=[O])([OH])[O][P](=[O])([OH])[O][CH]1[O][CH]([CH2][OH])[CH]([OH])[CH]([OH])[CH]1[OH]
6717,[CH3][C]([CH3])=[CH][CH2][CH2][C]([CH3])=[CH][CH2][CH2][C]([CH3])=[CH][CH2][CH2][C]([CH3])=[CH][CH2][CH2][C]([CH3])=[CH][CH2][CH2][C]([CH3])=[CH][CH2][CH2][C]([CH3])=[CH][CH2][CH2][C]([CH3])=[CH][CH2][CH2][C]([CH3])=[CH][CH2][CH2][C]([CH3])=[CH][CH2][CH2][C]([CH3])=[CH][CH2][O][P](=[O])([OH])[O][P](=[O])([OH])[O][CH]1[O][CH]([CH2][OH])[CH]([O][CH]2[O][CH]([CH2][OH])[CH]([O][CH]3[O][CH]([CH2][OH])[CH]([O][CH]4[O][CH]([CH2][OH])[CH]([OH])[CH]([O][CH]5[O][CH]([CH2][OH])[CH]([OH])[CH]([OH])[CH]5[O][CH]5[O][CH]([C](=[O])[OH])[CH]([O][CH]6[O][CH]([CH2][OH])[CH]([OH])[CH]([OH])[CH]6[OH])[CH]([OH])[CH]5[OH])[CH]4[OH])[CH]([OH])[CH]3[OH])[CH]([O][CH]3[O][CH]([CH2][OH])[CH]([OH])[CH]([OH])[CH]3[O][CH]3[O][CH]([C](=[O])[OH])[CH]([O][CH]4[O][CH]([CH2][OH])[CH]([OH])[CH]([OH])[CH]4[OH])[CH]([OH])[CH]3[OH])[CH]2[OH])[CH]([OH])[CH]1[OH]
6718,[CH3][CH]=[C]([CH3])[CH2][CH2][CH]=[C]([CH3])[CH2][CH2][CH]=[C]([CH3])[CH2][CH2][CH]=[C]([CH3])[CH2][CH2][CH]=[C]([CH3])[CH2][CH2][CH]=[C]([CH3])[CH2][CH2][CH]=[C]([CH3])[CH2][CH2][CH]=[C]([CH3])[CH2][CH2][CH]=[C]([CH3])[CH2][CH2][CH]=[C]([CH3])[CH2][CH2][CH]=[C]([CH3])[CH2][O][P](=[O])([OH])[O][P](=[O])([OH])[O][CH]1[O][CH]([CH2][OH])[CH]([O][CH]2[O][CH]([CH2][OH])[CH]([OH])[CH]([O][CH]3[O][CH]([CH2][O][C]([CH3])=[O])[CH]([OH])[CH]([OH])[CH]3[O][CH]3[O][CH]([C](=[O])[OH])[CH]([O][CH]4[O][CH]([CH2][OH])[CH]([OH])[CH]([OH])[CH]4[OH])[CH]([OH])[CH]3[OH])[CH]2[OH])[CH]([OH])[CH]1[OH]
6719,[CH3][CH]=[C]([CH3])[CH2][CH2][CH]=[C]([CH3])[CH2][CH2][CH]=[C]([CH3])[CH2][CH2][CH]=[C]([CH3])[CH2][CH2][CH]=[C]([CH3])[CH2][CH2][CH]=[C]([CH3])[CH2][CH2][CH]=[C]([CH3])[CH2][CH2][CH]=[C]([CH3])[CH2][CH2][CH]=[C]([CH3])[CH2][CH2][CH]=[C]([CH3])[CH2][CH2][CH]=[C]([CH3])[CH2][O][P](=[O])([OH])[O][P](=[O])([OH])[O][CH]1[O][CH]([CH2][OH])[CH]([O][CH]2[O][CH]([CH2][OH])[CH]([OH])[CH]([O][CH]3[O][CH]([CH2][O][C]([CH3])=[O])[CH]([OH])[CH]([OH])[CH]3[O][CH]3[O][CH]([C](=[O])[OH])[CH]([O][CH]4[O][CH]([CH2][O][C]([CH3])=[O])[CH]([OH])[CH]([OH])[CH]4[OH])[CH]([OH])[CH]3[OH])[CH]2[OH])[CH]([OH])[CH]1[OH]
6720,[CH3][CH]=[C]([CH3])[CH2][CH2][CH]=[C]([CH3])[CH2][CH2][CH]=[C]([CH3])[CH2][CH2][CH]=[C]([CH3])[CH2][CH2][CH]=[C]([CH3])[CH2][CH2][CH]=[C]([CH3])[CH2][CH2][CH]=[C]([CH3])[CH2][CH2][CH]=[C]([CH3])[CH2][CH2][CH]=[C]([CH3])[CH2][CH2][CH]=[C]([CH3])[CH2][CH2][CH]=[C]([CH3])[CH2][O][P](=[O])([OH])[O][P](=[O])([OH])[O][CH]1[O][CH]([CH2][OH])[CH]([O][CH]2[O][CH]([CH2][OH])[CH]([OH])[CH]([O][CH]3[O][CH]([CH2][O][C]([CH3])=[O])[CH]([OH])[CH]([OH])[CH]3[O][CH]3[O][CH]([C](=[O])[OH])[CH]([O][CH]4[O][CH]5[CH2][O][C]([CH3])([C](=[O])[OH])[O][CH]5[CH]([OH])[CH]4[OH])[CH]([OH])[CH]3[OH])[CH]2[OH])[CH]([OH])[CH]1[OH]
6721,[CH3][CH]=[C]([CH3])[CH2][CH2][CH]=[C]([CH3])[CH2][CH2][CH]=[C]([CH3])[CH2][CH2][CH]=[C]([CH3])[CH2][CH2][CH]=[C]([CH3])[CH2][CH2][CH]=[C]([CH3])[CH2][CH2][CH]=[C]([CH3])[CH2][CH2][CH]=[C]([CH3])[CH2][CH2][CH]=[C]([CH3])[CH2][CH2][CH]=[C]([CH3])[CH2][CH2][CH]=[C]([CH3])[CH2][O][P](=[O])([OH])[O][P](=[O])([OH])[O][CH]1[O][CH]([CH2][OH])[CH]([O][CH]2[O][CH]([CH2][OH])[CH]([OH])[CH]([O][CH]3[O][CH]([CH2][OH])[CH]([OH])[CH]([OH])[CH]3[O][CH]3[O][CH]([C](=[O])[OH])[CH]([O][CH]4[O][CH]([CH2][OH])[CH]([OH])[CH]([OH])[CH]4[OH])[CH]([OH])[CH]3[OH])[CH]2[OH])[CH]([OH])[CH]1[OH]
6722,[CH3][CH]=[C]([CH3])[CH2][CH2][CH]=[C]([CH3])[CH2][CH2][CH]=[C]([CH3])[CH2][CH2][CH]=[C]([CH3])[CH2][CH2][CH]=[C]([CH3])[CH2][CH2][CH]=[C]([CH3])[CH2][CH2][CH]=[C]([CH3])[CH2][CH2][CH]=[C]([CH3])[CH2][CH2][CH]=[C]([CH3])[CH2][CH2][CH]=[C]([CH3])[CH2][CH2][CH]=[C]([CH3])[CH2][O][P](=[O])([OH])[O][P](=[O])([OH])[O][CH]1[O][CH]([CH2][OH])[CH]([O][CH]2[O][CH]([CH2][OH])[CH]([OH])[CH]([O][CH]3[O][CH]([CH2][OH])[CH]([OH])[CH]([OH])[CH]3[O][CH]3[O][CH]([C](=[O])[OH])[CH]([O][CH]4[O][CH]([CH2][O][CH]5[O][CH]([CH2][OH])[CH]([OH])[CH]([OH])[CH]5[OH])[CH]([OH])[CH]([OH])[CH]4[OH])[CH]([OH])[CH]3[OH])[CH]2[OH])[CH]([OH])[CH]1[OH]
6723,[CH3][CH]=[C]([CH3])[CH2][CH2][CH]=[C]([CH3])[CH2][CH2][CH]=[C]([CH3])[CH2][CH2][CH]=[C]([CH3])[CH2][CH2][CH]=[C]([CH3])[CH2][CH2][CH]=[C]([CH3])[CH2][CH2][CH]=[C]([CH3])[CH2][CH2][CH]=[C]([CH3])[CH2][CH2][CH]=[C]([CH3])[CH2][CH2][CH]=[C]([CH3])[CH2][CH2][CH]=[C]([CH3])[CH2][O][P](=[O])([OH])[O][P](=[O])([OH])[O][CH]1[O][CH]([CH2][OH])[CH]([O][CH]2[O][CH]([CH2][OH])[CH]([OH])[CH]([O][CH]3[O][CH]([CH2][OH])[CH]([OH])[CH]([OH])[CH]3[O][CH]3[O][CH]([C](=[O])[OH])[CH]([O][CH]4[O][CH]([CH2][O][CH]5[O][CH]([CH2][O][CH]6[O][CH]([CH3])[CH]([OH])[CH]([OH])[CH]6[OH])[CH]([OH])[CH]([OH])[CH]5[OH])[CH]([OH])[CH]([OH])[CH]4[OH])[CH]([OH])[CH]3[OH])[CH]2[OH])[CH]([OH])[CH]1[OH]
6724,[CH3][CH]=[C]([CH3])[CH2][CH2][CH]=[C]([CH3])[CH2][CH2][CH]=[C]([CH3])[CH2][CH2][CH]=[C]([CH3])[CH2][CH2][CH]=[C]([CH3])[CH2][CH2][CH]=[C]([CH3])[CH2][CH2][CH]=[C]([CH3])[CH2][CH2][CH]=[C]([CH3])[CH2][CH2][CH]=[C]([CH3])[CH2][CH2][CH]=[C]([CH3])[CH2][CH2][CH]=[C]([CH3])[CH2][O][P](=[O])([OH])[O][P](=[O])([OH])[O][CH]1[O][CH]([CH2][OH])[CH]([O][CH]2[O][CH]([CH2][OH])[CH]([OH])[CH]([O][CH]3[O][CH]([CH2][O][C]([CH3])=[O])[CH]([OH])[CH]([OH])[CH]3[O][CH]3[O][CH]([C](=[O])[OH])[CH]([O][CH]4[O][CH]([CH2][O][CH]5[O][CH]([CH2][O][CH]6[O][CH]([CH3])[CH]([OH])[CH]([OH])[CH]6[OH])[CH]([OH])[CH]([OH])[CH]5[OH])[CH]([OH])[CH]([OH])[CH]4[OH])[CH]([OH])[CH]3[OH])[CH]2[OH])[CH]([OH])[CH]1[OH]
6725,[CH3][CH]=[C]([CH3])[CH2][CH2][CH]=[C]([CH3])[CH2][CH2][CH]=[C]([CH3])[CH2][CH2][CH]=[C]([CH3])[CH2][CH2][CH]=[C]([CH3])[CH2][CH2][CH]=[C]([CH3])[CH2][CH2][CH]=[C]([CH3])[CH2][CH2][CH]=[C]([CH3])[CH2][CH2][CH]=[C]([CH3])[CH2][CH2][CH]=[C]([CH3])[CH2][CH2][CH]=[C]([CH3])[CH2][O][P](=[O])([OH])[O][P](=[O])([OH])[O][CH]1[O][CH]([CH2][O][C]([CH3])=[O])[CH]([O][CH]2[O][CH]([CH2][OH])[CH]([OH])[CH]([O][CH]3[O][CH]([CH2][O][C]([CH3])=[O])[CH]([OH])[CH]([OH])[CH]3[O][CH]3[O][CH]([C](=[O])[OH])[CH]([O][CH]4[O][CH]([CH2][O][CH]5[O][CH]([CH2][O][CH]6[O][CH]([CH3])[CH]([OH])[CH]([OH])[CH]6[OH])[CH]([OH])[CH]([OH])[CH]5[OH])[CH]([OH])[CH]([OH])[CH]4[OH])[CH]([OH])[CH]3[OH])[CH]2[OH])[CH]([OH])[CH]1[OH]
6726,[O]=[S](=[O])([OH])[c]1[cH][cH][cH][cH][c]1[N]=[N][c]1[cH][cH][cH][cH][c]1[S](=[O])(=[O])[OH]
6727,[OH][CH2][CH]([OH])[CH]([OH])[CH]([OH])[CH]([OH])[CH2][OH]
6728,[O]=[C]([CH2][OH])[CH]([OH])[CH]([OH])[CH]([OH])[CH2][OH]
6729,[CH3][C](=[O])[O][CH]1[C](=[O])[C]2([CH3])[CH]([OH])[CH2][CH]3[O][CH2][C]3([O][C]([CH3])=[O])[CH]2[CH]([O][C](=[O])[c]2[cH][cH][cH][cH][cH]2)[C]2([OH])[CH2][CH]([O][C](=[O])[CH2][CH]([NH2])[c]3[cH][cH][cH][cH][cH]3)[C]([CH3])=[C]1[C]2([CH3])[CH3]
6730,[NH2][c]1[cH][cH][cH][cH][c]1[C](=[O])[O][CH]1[O][CH]([CH2][OH])[CH]([OH])[CH]([OH])[CH]1[OH]
6731,[CH3][C]([CH3])=[CH][CH2][CH2][CH]([CH3])[CH]1[CH2][CH2][C]2([CH3])[C]3=[C]([CH2][CH2][C]12[CH3])[C]1([CH3])[CH2][CH2][CH]([OH])[CH]([CH3])[CH]1[CH2][CH2]3
6732,[CH3][C]([CH3])=[CH][CH2][CH2][CH]([CH3])[CH]1[CH2][CH2][C]2([CH3])[CH]3[CH2][CH2][CH]4[CH]([CH3])[CH]([OH])[CH2][CH2][C]45[CH2][C]35[CH2][CH2][C]12[CH3]
6733,[CH3][C]([CH3])=[CH][CH2][CH2][CH]([CH3])[CH]1[CH2][CH]=[C]2[C]3=[C]([CH2][CH2][C]21[CH3])[C]1([CH3])[CH2][CH2][CH]([OH])[CH]([CH3])[CH]1[CH2][CH2]3
6734,[O]=[P]([OH])([O][CH]1[CH]([OH])[CH]([OH])[CH]([OH])[CH]([OH])[CH]1[OH])[O][CH]1[CH]([OH])[CH]([OH])[CH]([OH])[CH]([OH])[CH]1[OH]
6735,[CH3][C]([CH3])=[CH][CH2][CH2][CH]([CH3])[CH]1[CH2][CH2][CH]2[C]3=[CH][CH2][CH]4[CH]([CH3])[CH]([OH])[CH2][CH2][C]4([CH3])[CH]3[CH2][CH2][C]21[CH3]
6736,[CH3][n]1[c]2[cH][cH][cH][c](=[O])[c]-2[n][c]2[cH][cH][cH][cH][c]21
6737,[CH2]=[CH][CH]=[C]([CH3])[CH2][CH2][CH]=[C]([CH3])[CH3]
6738,[CH3][C]([CH3])=[CH][CH2][CH2][CH]([CH3])[CH2][CH]=[O]
6739,[CH3][C]([CH3])=[CH][CH2][CH2][CH]([CH3])[CH2][CH2][OH]
6740,[CH3][CH2][CH2][CH2][CH2][CH2][CH2][CH2][CH2][CH2][CH2][CH2][CH2][C](=[O])[O][CH]([CH2][CH2][CH2][CH2][CH2][CH2][CH2][CH2][CH2][CH2][CH3])[CH2][C](=[O])[O][CH]1[CH]([N]=[C]([OH])[CH2][CH]([CH2][CH2][CH2][CH2][CH2][CH2][CH2][CH2][CH2][CH2][CH3])[O][C](=[O])[CH2][CH2][CH2][CH2][CH2][CH2][CH2][CH2][CH2][CH2][CH3])[CH]([O][CH2][CH]2[O][CH]([O][P](=[O])([OH])[OH])[CH]([N]=[C]([OH])[CH2][CH]([OH])[CH2][CH2][CH2][CH2][CH2][CH2][CH2][CH2][CH2][CH2][CH3])[CH]([O][C](=[O])[CH2][CH]([OH])[CH2][CH2][CH2][CH2][CH2][CH2][CH2][CH2][CH2][CH2][CH3])[CH]2[OH])[O][CH]([CH2][O][C]2([C](=[O])[OH])[CH2][CH]([O][C]3([C](=[O])[OH])[CH2][CH]([OH])[CH]([OH])[CH]([CH]([OH])[CH2][OH])[O]3)[CH]([OH])[CH]([CH]([OH])[CH2][OH])[O]2)[CH]1[O][P](=[O])([OH])[OH]
6741,[CH3][CH2][CH2][CH2][CH2][CH2][CH2][CH2][CH2][CH2][CH2][CH2][CH2][C](=[O])[O][CH]([CH2][CH2][CH2][CH2][CH2][CH2][CH2][CH2][CH2][CH2][CH3])[CH2][C](=[O])[O][CH]1[CH]([N]=[C]([OH])[CH2][CH]([CH2][CH2][CH2][CH2][CH2][CH2][CH2][CH2][CH2][CH2][CH3])[O][C](=[O])[CH2][CH2][CH2][CH2][CH2][CH2][CH2][CH2][CH2][CH2][CH3])[CH]([O][CH2][CH]2[O][CH]([O][P](=[O])([OH])[OH])[CH]([N]=[C]([OH])[CH2][CH]([OH])[CH2][CH2][CH2][CH2][CH2][CH2][CH2][CH2][CH2][CH2][CH3])[CH]([O][C](=[O])[CH2][CH]([OH])[CH2][CH2][CH2][CH2][CH2][CH2][CH2][CH2][CH2][CH2][CH3])[CH]2[OH])[O][CH]([CH2][O][C]2([C](=[O])[OH])[CH2][CH]([OH])[CH]([OH])[CH]([CH]([OH])[CH2][OH])[O]2)[CH]1[O][P](=[O])([OH])[OH]
6742,[CH2]=[C]([CH2][CH2][CH]([CH3])[CH]1[CH2][CH2][C]2([CH3])[CH]3[CH2][CH2][CH]4[C]([CH3])([CH]=[O])[CH]([OH])[CH2][CH2][C]45[CH2][C]35[CH2][CH2][C]12[CH3])[CH]([CH3])[CH3]
6743,[CH2]=[C]([CH2][CH2][CH]([CH3])[CH]1[CH2][CH2][C]2([CH3])[CH]3[CH2][CH2][CH]4[C]([CH3])([CH2][OH])[CH]([OH])[CH2][CH2][C]45[CH2][C]35[CH2][CH2][C]12[CH3])[CH]([CH3])[CH3]
6744,[CH2]=[C]([CH2][CH2][CH]([CH3])[CH]1[CH2][CH2][C]2([CH3])[CH]3[CH2][CH2][CH]4[C]([CH3])([C](=[O])[OH])[CH]([OH])[CH2][CH2][C]45[CH2][C]35[CH2][CH2][C]12[CH3])[CH]([CH3])[CH3]
6745,[CH2]=[C]([CH2][CH2][CH]([CH3])[CH]1[CH2][CH2][C]2([CH3])[CH]3[CH2][CH2][CH]4[CH]([CH3])[C](=[O])[CH2][CH2][C]45[CH2][C]35[CH2][CH2][C]12[CH3])[CH]([CH3])[CH3]
6746,[CH2]=[C]([CH2][CH2][CH]([CH3])[CH]1[CH2][CH2][CH]2[C]3=[CH][CH2][CH]4[CH]([CH2][OH])[CH]([OH])[CH2][CH2][C]4([CH3])[CH]3[CH2][CH2][C]21[CH3])[CH]([CH3])[CH3]
6747,[CH2]=[C]([CH2][CH2][CH]([CH3])[CH]1[CH2][CH2][CH]2[C]3=[CH][CH2][CH]4[CH]([CH]=[O])[CH]([OH])[CH2][CH2][C]4([CH3])[CH]3[CH2][CH2][C]21[CH3])[CH]([CH3])[CH3]
6748,[CH2]=[C]([CH2][CH2][CH]([CH3])[CH]1[CH2][CH2][CH]2[C]3=[CH][CH2][CH]4[CH]([C](=[O])[OH])[CH]([OH])[CH2][CH2][C]4([CH3])[CH]3[CH2][CH2][C]21[CH3])[CH]([CH3])[CH3]
6749,[CH2]=[C]([CH2][CH2][CH]([CH3])[CH]1[CH2][CH2][CH]2[C]3=[CH][CH2][CH]4[CH2][C](=[O])[CH2][CH2][C]4([CH3])[CH]3[CH2][CH2][C]21[CH3])[CH]([CH3])[CH3]
6750,[CH3][CH]=[C]([CH2][CH2][CH]([CH3])[CH]1[CH2][CH2][CH]2[C]3=[CH][CH2][CH]4[CH]([CH2][OH])[CH]([OH])[CH2][CH2][C]4([CH3])[CH]3[CH2][CH2][C]21[CH3])[CH]([CH3])[CH3]
6751,[CH3][CH]=[C]([CH2][CH2][CH]([CH3])[CH]1[CH2][CH2][CH]2[C]3=[CH][CH2][CH]4[CH]([CH]=[O])[CH]([OH])[CH2][CH2][C]4([CH3])[CH]3[CH2][CH2][C]21[CH3])[CH]([CH3])[CH3]
6752,[CH3][CH]=[C]([CH2][CH2][CH]([CH3])[CH]1[CH2][CH2][CH]2[C]3=[CH][CH2][CH]4[CH]([C](=[O])[OH])[CH]([OH])[CH2][CH2][C]4([CH3])[CH]3[CH2][CH2][C]21[CH3])[CH]([CH3])[CH3]
6753,[CH3][CH]=[C]([CH2][CH2][CH]([CH3])[CH]1[CH2][CH2][CH]2[C]3=[CH][CH2][CH]4[CH2][C](=[O])[CH2][CH2][C]4([CH3])[CH]3[CH2][CH2][C]21[CH3])[CH]([CH3])[CH3]
6754,[CH3][C]([CH3])=[CH][CH2][CH2][CH]([CH3])[CH]1[CH2][CH2][C]2([CH3])[CH]3[CH2][CH2][CH]4[C]([CH3])([CH2][OH])[CH]([OH])[CH2][CH2][C]45[CH2][C]35[CH2][CH2][C]12[CH3]
6755,[CH3][C]([CH3])=[CH][CH2][CH2][CH]([CH3])[CH]1[CH2][CH2][C]2([CH3])[CH]3[CH2][CH2][CH]4[C]([CH3])([CH]=[O])[CH]([OH])[CH2][CH2][C]45[CH2][C]35[CH2][CH2][C]12[CH3]
6756,[CH3][C]([CH3])=[CH][CH2][CH2][CH]([CH3])[CH]1[CH2][CH2][C]2([CH3])[CH]3[CH2][CH2][CH]4[C]([CH3])([C](=[O])[OH])[CH]([OH])[CH2][CH2][C]45[CH2][C]35[CH2][CH2][C]12[CH3]
6757,[CH3][C]([CH3])=[CH][CH2][CH2][CH]([CH3])[CH]1[CH2][CH2][C]2([CH3])[CH]3[CH2][CH2][CH]4[CH]([CH3])[C](=[O])[CH2][CH2][C]45[CH2][C]35[CH2][CH2][C]12[CH3]
6758,[CH3][C]([CH3])=[CH][CH2][CH2][CH]([CH3])[CH]1[CH2][CH2][CH]2[C]3=[CH][CH2][CH]4[CH]([CH2][OH])[CH]([OH])[CH2][CH2][C]4([CH3])[CH]3[CH2][CH2][C]21[CH3]
6759,[CH3][C]([CH3])=[CH][CH2][CH2][CH]([CH3])[CH]1[CH2][CH2][CH]2[C]3=[CH][CH2][CH]4[CH]([CH]=[O])[CH]([OH])[CH2][CH2][C]4([CH3])[CH]3[CH2][CH2][C]21[CH3]
6760,[CH3][C]([CH3])=[CH][CH2][CH2][CH]([CH3])[CH]1[CH2][CH2][CH]2[C]3=[CH][CH2][CH]4[CH]([C](=[O])[OH])[CH]([OH])[CH2][CH2][C]4([CH3])[CH]3[CH2][CH2][C]21[CH3]
6761,[CH3][C]([CH3])=[CH][CH2][CH2][CH]([CH3])[CH]1[CH2][CH2][CH]2[C]3=[CH][CH2][CH]4[CH2][C](=[O])[CH2][CH2][C]4([CH3])[CH]3[CH2][CH2][C]21[CH3]
6762,[CH3][C]([CH3])=[CH][CH2][CH2][C]([CH3])=[CH][CH]=[O]
6763,[CH3][C](=[O])[CH2][C](=[O])[CH2][C](=[O])[CH2][C](=[O])[CH2][C](=[O])[CH2][C](=[O])[CH2][C](=[O])[CH2][C](=[O])[CH2][C](=[O])[CH2][C](=[O])[OH]
6764,[CH3][C]1=[CH][C](=[O])[CH]2[c]3[cH][c]4[cH][cH][cH][c]([OH])[c]4[c]([OH])[c]3[C](=[O])[CH2][C]2([OH])[CH2]1
6765,[CH3][c]1[cH][c]([OH])[c]2[c]([cH]1)[cH][c]([OH])[c]1[c]([OH])[c]3[c]([OH])[cH][cH][cH][c]3[c]([OH])[c]12
6766,[CH3][c]1[cH][c]([OH])[c]([C]2=[C]([C](=[O])[OH])[C](=[O])[c]3[c]([OH])[cH][cH][cH][c]3[C]2=[O])[c]([CH]=[O])[cH]1
6767,[CH3][CH2][CH]([CH3])[CH]1[C](=[O])[O][CH]2[c]3[cH][c]([CH3])[cH][c]([OH])[c]3[C]3=[C]([C](=[O])[c]4[c]([OH])[cH][cH][cH][c]4[C]3=[O])[N]21
6768,[CH3][C]([CH3])=[CH][CH2][CH2][C]([CH3])=[CH][CH]=[CH][C]([CH3])=[CH][CH]=[CH][C]([CH3])=[CH][CH]=[CH][CH]=[C]([CH3])[CH]=[CH][CH]=[C]([CH3])[CH]=[CH][CH]=[C]([CH3])[CH]=[O]
6769,[CH3][C]([CH3])=[CH][CH2][CH2][C]([CH3])=[CH][CH]=[CH][C]([CH3])=[CH][CH]=[CH][C]([CH3])=[CH][CH]=[CH][CH]=[C]([CH3])[CH]=[CH][CH]=[C]([CH3])[CH]=[CH][CH]=[C]([CH3])[C](=[O])[OH]
6770,[O]=[P]([OH])([OH])[O][CH2][CH]([OH])[P](=[O])([OH])[OH]
6771,[O]=[P]([OH])([OH])[CH]([OH])[CH2][OH]
6772,[O]=[C]([CH2][O][P](=[O])([OH])[OH])[P](=[O])([OH])[OH]
6773,[NH2][CH]([CH2][O][P](=[O])([OH])[OH])[P](=[O])([OH])[OH]
6774,[CH2]=[C]([N]=[C]([OH])[CH]([CH2][CH]([CH3])[CH3])[N]=[C]([OH])[CH2][NH2])[P](=[O])([OH])[OH]
6775,[CH2]=[C]([N]=[C]([OH])[CH]([CH2][CH]([CH3])[CH3])[N]=[C]([OH])[CH2][NH2])[P](=[O])([OH])[O][CH3]
6776,[CH3][CH2][C]1=[CH][CH]2[CH2][N]([CH2][CH2][c]3[c]([nH][c]4[cH][cH][cH][cH][c]34)[C]([C](=[O])[O][CH3])([c]3[cH][c]4[c]([cH][c]3[O][CH3])[N]([CH3])[CH]3[C]([OH])([C](=[O])[O][CH3])[CH]([O][C]([CH3])=[O])[C]5([CH2][CH3])[CH]=[CH][CH2][N]6[CH2][CH2][C]43[CH]65)[CH2]2)[CH2]1
6777,[O]=[S](=[O])([OH])[O][N]=[C]([SH])[CH2][c]1[cH][cH][cH][cH][cH]1
6778,[O]=[C]([OH])[CH]([CH2][O][P](=[O])([OH])[OH])[O][CH]1[O][CH]([CH2][OH])[CH]([OH])[CH]([OH])[CH]1[O][CH]1[O][CH]([CH2][OH])[CH]([OH])[CH]([OH])[CH]1[OH]
6779,[O]=[C]([OH])[CH]([CH2][OH])[O][CH]1[O][CH]([CH2][OH])[CH]([OH])[CH]([OH])[CH]1[O][CH]1[O][CH]([CH2][OH])[CH]([OH])[CH]([OH])[CH]1[OH]
6780,[NH2][c]1[n][cH][n][c]2[c]1[n][cH][n]2[CH]1[O][CH]([CH2][O][P](=[O])([OH])[O][P](=[O])([OH])[O][CH2][CH]2[O][CH]3[O][P](=[O])([OH])[O][CH]3[CH]2[OH])[CH]([OH])[CH]1[OH]
6781,[NH2][c]1[n][cH][n][c]2[c]1[n][cH][n]2[CH]1[O][CH]([CH2][OH])[CH]([OH])[CH]1[O][P](=[O])([OH])[OH]
6782,[NH]=[c]1[n][c]([OH])[c]2[n][cH][n]([CH]3[O][CH]([CH2][OH])[CH]([OH])[CH]3[O][P](=[O])([OH])[OH])[c]2[nH]1
6783,[NH]=[c]1[cH][cH][n]([CH]2[O][CH]([CH2][OH])[CH]([OH])[CH]2[O][P](=[O])([OH])[OH])[c]([OH])[n]1
6784,[O]=[c]1[n][c]([OH])[cH][cH][n]1[CH]1[O][CH]([CH2][OH])[CH]([OH])[CH]1[O][P](=[O])([OH])[OH]
6785,[O]=[C]([OH])[CH]=[CH][C]1=[CH][CH]=[CH][CH]([OH])[CH]1[OH]
6786,[O]=[C]([OH])[CH]=[CH][C](=[O])[CH]=[CH][CH]=[C]([OH])[C](=[O])[OH]
6787,[CH3][C]([OH])([CH2][C](=[O])[C](=[O])[OH])[C](=[O])[OH]
6788,[O]=[C]([CH]([OH])[CH2][OH])[CH]([OH])[CH]([OH])[CH2][OH]
6789,[CH3][CH2][CH2][C](=[O])[O][CH2][CH]([CH2][O][C](=[O])[CH2][CH2][CH3])[O][C](=[O])[CH2][CH2][CH3]
6790,[CH3][CH2][CH2][C](=[O])[O][CH2][CH]([CH2][OH])[O][C](=[O])[CH2][CH2][CH3]
6791,[CH3][C]1([CH3])[CH2][CH2][C]2([CH3])[CH2][CH2][C]3([CH3])[C]4=[CH][CH2][CH]5[C]([CH3])([CH3])[CH]([OH])[CH2][CH2][C]5([CH3])[CH]4[CH2][CH2][C]3([CH3])[CH]2[CH2]1
6792,[O]=[CH][CH]([OH])[CH]([OH])[C](=[O])[OH]
6793,[CH2]=[C]1[CH]2[CH2][CH2][C]3([CH2]2)[CH]([CH3])[CH2][CH2][CH]3[C]1([CH3])[CH3]
6794,[CH3][CH]1[CH2][CH2][C]2([NH][CH2]1)[O][CH]1[CH2][CH]3[CH]4[CH2][CH]=[C]5[CH2][CH]([O][CH]6[O][CH]([CH2][OH])[CH]([OH])[CH]([OH])[CH]6[OH])[CH2][CH2][C]5([CH3])[CH]4[CH2][CH2][C]3([CH3])[CH]1[CH]2[CH3]
6795,[CH3][CH]1[CH2][CH2][C]2([NH][CH2]1)[O][CH]1[CH2][CH]3[CH]4[CH2][CH]=[C]5[CH2][CH]([OH])[CH2][CH2][C]5([CH3])[CH]4[CH2][CH2][C]3([CH3])[CH]1[CH]2[CH3]
6796,[CH3][CH]([CH3])[CH]([CH3])[CH]=[CH][CH]([CH3])[CH]1[CH2][CH2][CH]2[CH]3[CH2][CH]=[C]4[CH2][CH]([OH])[CH2][CH2][C]4([CH3])[CH]3[CH2][CH2][C]12[CH3]
6797,[CH3][CH]([CH3])[CH]([CH3])[CH]=[CH][CH]([CH3])[CH]1[CH2][CH2][CH]2[CH]3[CH2][CH]=[C]4[CH2][CH]([O][CH]5[O][CH]([CH2][OH])[CH]([OH])[CH]([OH])[CH]5[OH])[CH2][CH2][C]4([CH3])[CH]3[CH2][CH2][C]12[CH3]
6798,[CH3][CH2][CH]([CH]=[CH][CH]([CH3])[CH]1[CH2][CH2][CH]2[CH]3[CH2][CH]=[C]4[CH2][CH]([O][CH]5[O][CH]([CH2][OH])[CH]([OH])[CH]([OH])[CH]5[OH])[CH2][CH2][C]4([CH3])[CH]3[CH2][CH2][C]12[CH3])[CH]([CH3])[CH3]
6799,[CH3][CH2][CH]([CH2][CH2][CH]([CH3])[CH]1[CH2][CH2][CH]2[CH]3[CH2][CH]=[C]4[CH2][CH]([O][CH]5[O][CH]([CH2][OH])[CH]([OH])[CH]([OH])[CH]5[OH])[CH2][CH2][C]4([CH3])[CH]3[CH2][CH2][C]12[CH3])[CH]([CH3])[CH3]
6800,[O]=[C]([OH])[C]1=[CH][C](=[O])[CH]([OH])[C](=[O])[CH2]1
6801,[CH3][CH2][CH2][CH2][CH2][CH]1[O][CH]1[CH2][CH]1[O][CH]1[CH2][CH2][CH2][CH2][CH2][CH2][CH2][C](=[O])[OH]
6802,[CH3][CH2][CH]=[CH][CH2][CH]=[CH][CH2][CH]1[O][CH]1[CH2][CH2][CH2][CH2][CH2][CH2][CH2][C](=[O])[OH]
6803,[CH3][CH2][CH]=[CH][CH2][CH]1[O][CH]1[CH2][CH]=[CH][CH2][CH2][CH2][CH2][CH2][CH2][CH2][C](=[O])[OH]
6804,[CH3][CH2][CH]1[O][CH]1[CH2][CH]=[CH][CH2][CH]=[CH][CH2][CH2][CH2][CH2][CH2][CH2][CH2][C](=[O])[OH]
6805,[CH3][CH2][CH]([OH])[CH]([OH])[CH2][CH]=[CH][CH2][CH]=[CH][CH2][CH2][CH2][CH2][CH2][CH2][CH2][C](=[O])[OH]
6806,[CH3][CH2][CH]=[CH][CH2][CH]=[CH][CH2][CH]([OH])[CH]([OH])[CH2][CH2][CH2][CH2][CH2][CH2][CH2][C](=[O])[OH]
6807,[CH3][CH2][CH]=[CH][CH2][CH]([OH])[CH]([OH])[CH2][CH]=[CH][CH2][CH2][CH2][CH2][CH2][CH2][CH2][C](=[O])[OH]
6808,[N]#[C][c]1[cH][n]([CH]2[O][CH]([CH2][O][P](=[O])([OH])[OH])[CH]([OH])[CH]2[OH])[c]2[nH][c](=[NH])[n][c]([OH])[c]12
6809,[N]#[C][c]1[cH][n]([CH]2[O][CH]([CH2][O][P](=[O])([OH])[OH])[CH]([OH])[CH]2[OH])[c]2[n][cH][n][c]([OH])[c]12
6810,[N]#[C][c]1[cH][n]([CH]2[O][CH]([CH2][O][P](=[O])([OH])[OH])[CH]([OH])[CH]2[OH])[c]2[n][cH][n][c]([NH][CH]([CH2][C](=[O])[OH])[C](=[O])[OH])[c]12
6811,[N]#[C][c]1[cH][n]([CH]2[O][CH]([CH2][O][P](=[O])([OH])[OH])[CH]([OH])[CH]2[OH])[c]2[n][cH][n][c]([NH2])[c]12
6812,[N]#[C][c]1[cH][n]([CH]2[O][CH]([CH2][OH])[CH]([OH])[CH]2[OH])[c]2[n][cH][n][c]([NH2])[c]12
6813,[CH3][C]([CH3])([CH2][O][P](=[O])([OH])[O][P](=[O])([OH])[O][CH2][CH]1[O][CH]([n]2[cH][n][c]3[c]([NH2])[n][cH][n][c]32)[CH]([OH])[CH]1[O][P](=[O])([OH])[OH])[CH]([OH])[C]([OH])=[N][CH2][CH2][C]([OH])=[N][CH2][CH2][S][C](=[O])[CH2][CH2][CH2][CH2][CH2][CH2][CH2][CH2][CH2][CH2][CH2][CH2][CH2][CH2][CH2][CH2][CH2][CH2][CH2][CH2][CH2][OH]
6814,[CH3][C]([CH3])([CH2][O][P](=[O])([OH])[O][P](=[O])([OH])[O][CH2][CH]1[O][CH]([n]2[cH][n][c]3[c]([NH2])[n][cH][n][c]32)[CH]([OH])[CH]1[O][P](=[O])([OH])[OH])[CH]([OH])[C]([OH])=[N][CH2][CH2][C]([OH])=[N][CH2][CH2][S][C](=[O])[CH2][CH2][CH2][CH2][CH2][CH2][CH2][CH2][CH2][CH2][CH2][CH2][CH2][CH2][CH2][CH2][CH2][CH2][CH2][CH2][CH]=[O]
6815,[CH3][C]([CH3])([CH2][O][P](=[O])([OH])[O][P](=[O])([OH])[O][CH2][CH]1[O][CH]([n]2[cH][n][c]3[c]([NH2])[n][cH][n][c]32)[CH]([OH])[CH]1[O][P](=[O])([OH])[OH])[CH]([OH])[C]([OH])=[N][CH2][CH2][C]([OH])=[N][CH2][CH2][S][C](=[O])[CH2][CH2][CH2][CH2][CH2][CH2][CH2][CH2][CH2][CH2][CH2][CH2][CH2][CH2][CH2][CH2][CH2][CH2][CH2][CH2][C](=[O])[OH]
6816,[NH]=[C]([OH])[c]1[cH][n]([CH]2[O][CH]([CH2][OH])[CH]([OH])[CH]2[OH])[c]2[n][cH][n][c]([NH2])[c]12
6817,[CH3][C]([CH3])([CH2][O][P](=[O])([OH])[O][P](=[O])([OH])[O][CH2][CH]1[O][CH]([n]2[cH][n][c]3[c]([NH2])[n][cH][n][c]32)[CH]([OH])[CH]1[O][P](=[O])([OH])[OH])[CH]([OH])[C]([OH])=[N][CH2][CH2][C]([OH])=[N][CH2][CH2][S][C](=[O])[c]1[cH][cH][c]([NH2])[cH][cH]1
6818,[CH3][CH]1[CH]=[CH][CH]=[CH][CH]=[CH][CH]=[CH][CH]=[CH][CH]=[CH][CH]=[CH][CH]([OH])[CH2][CH]2[O][C]([OH])([CH2][CH]([OH])[CH2][CH]([OH])[CH2][CH2][CH2][C](=[O])[CH2][CH2][CH2][C](=[O])[CH2][C](=[O])[O][CH]1[CH]([CH3])[CH2][CH]([CH3])[CH]([OH])[CH2][C](=[O])[c]1[cH][cH][c]([NH2])[cH][cH]1)[CH2][CH]([OH])[CH]2[C](=[O])[OH]
6819,[CH3][CH]1[CH]=[CH][CH]=[CH][CH]=[CH][CH]=[CH][CH]=[CH][CH]=[CH][CH]=[CH][CH]([OH])[CH2][CH]2[O][C]([OH])([CH2][CH]([OH])[CH2][CH]([OH])[CH2][CH]([OH])[CH2][C](=[O])[CH2][CH2][CH2][C](=[O])[CH2][C](=[O])[O][CH]1[CH]([CH3])[CH2][CH]([CH3])[CH]([OH])[CH2][C](=[O])[c]1[cH][cH][c]([NH2])[cH][cH]1)[CH2][CH]([OH])[CH]2[C](=[O])[OH]
6820,[CH3][C]([OH])=[N][CH]1[CH]([OH])[O][CH]([CH2][O][S](=[O])(=[O])[OH])[CH]([OH])[CH]1[OH]
6821,[CH3][CH2][CH2][CH2][CH2][CH]([OH])[CH2][CH2][CH2][CH2][CH2][C](=[O])[S][CH2][CH2][N]=[C]([OH])[CH2][CH2][N]=[C]([OH])[CH]([OH])[C]([CH3])([CH3])[CH2][O][P](=[O])([OH])[O][P](=[O])([OH])[O][CH2][CH]1[O][CH]([n]2[cH][n][c]3[c]([NH2])[n][cH][n][c]32)[CH]([OH])[CH]1[O][P](=[O])([OH])[OH]
6822,[CH3][C]([CH]=[CH][CH]=[C]([CH3])[CH]=[CH][CH]=[C]([CH3])[C](=[O])[OH])=[CH][CH]=[CH][CH]=[C]([CH3])[CH]=[CH][CH]=[C]([CH3])[CH]=[CH][CH]=[C]([CH3])[C](=[O])[OH]
6823,[NH]=[c]1[n][c]([OH])[c]2[n][cH][n]([CH]3[O][CH]([CH2][O][P](=[O])([OH])[O][P](=[O])([OH])[O][CH]4[O][CH]([CH2][OH])[CH]([OH])[CH]([OH])[CH]4[NH2])[CH]([OH])[CH]3[OH])[c]2[nH]1
6824,[CH3][C]([OH])=[N][CH]1[CH]([O][P](=[O])([OH])[O][P](=[O])([OH])[O][CH2][CH]2[O][CH]([n]3[cH][n][c]4[c]([OH])[n][c](=[NH])[nH][c]43)[CH]([OH])[CH]2[OH])[O][CH]([CH2][OH])[CH]([OH])[CH]1[OH]
6825,[CH3][C]([OH])=[N][CH]1[CH]([O][P](=[O])([OH])[O][P](=[O])([OH])[O][CH2][CH]2[O][CH]([n]3[cH][n][c]4[c]([OH])[n][c](=[NH])[nH][c]43)[CH]([OH])[CH]2[OH])[O][CH]([CH3])[C](=[O])[CH]1[OH]
6826,[CH3][C]([OH])=[N][CH]1[CH]([O][P](=[O])([OH])[O][P](=[O])([OH])[O][CH2][CH]2[O][CH]([n]3[cH][n][c]4[c]([OH])[n][c](=[NH])[nH][c]43)[CH]([OH])[CH]2[OH])[O][CH]([CH3])[CH]([NH2])[CH]1[OH]
6827,[CH3][C]([OH])=[N][CH]1[CH]([CH3])[O][CH]([O][P](=[O])([OH])[O][P](=[O])([OH])[O][CH2][CH]2[O][CH]([n]3[cH][n][c]4[c]([OH])[n][c](=[NH])[nH][c]43)[CH]([OH])[CH]2[OH])[CH]([N]=[C]([CH3])[OH])[CH]1[OH]
6828,[CH3][C]([CH3])=[CH][CH2][CH2][C]([CH3])=[CH][CH2][CH2][C]([CH3])=[CH][CH]=[CH][C]([CH3])=[CH][CH]=[CH][CH]=[C]([CH3])[CH2][CH2][CH]=[C]([CH3])[CH2][CH2][CH]=[C]([CH3])[CH2][CH2][CH]=[C]([CH3])[CH3]
6829,[O]=[C]1[CH2][CH2][CH]=[CH][C]1([OH])[C](=[O])[O][CH2][c]1[cH][cH][cH][cH][c]1[OH]
6830,[O]=[C]1[CH2][CH2][CH]=[CH][C]1([OH])[C](=[O])[O][CH2][c]1[cH][cH][cH][cH][cH]1
6831,[O]=[C]([OH])[C]1([OH])[CH]=[CH][CH2][CH2][C]1=[O]
6832,[CH3][CH2][CH2][CH2][CH]([CH3])[CH]([OH])[CH]([OH])[CH2][CH]([CH3])[CH2][CH]([OH])[CH2][CH2][CH2][CH2][CH]([OH])[CH2][CH]([OH])[C]([CH3])=[O]
6833,[CH3][CH]=[CH][CH]=[O]
6834,[CH3][CH2][C](=[O])[CH2][CH3]
6835,[CH2]=[CH][C](=[O])[CH2][CH3]
6836,[CH3][CH2][CH2][C](=[O])[CH2][CH3]
6837,[CH3][CH]=[CH][C](=[O])[CH2][CH3]
6838,[CH3][CH2][CH]=[CH][CH]=[O]
6839,[CH3][CH2][CH]=[CH][CH2][OH]
6840,[CH3][CH2][CH2][CH]=[CH][CH2][OH]
6841,[CH3][CH2][CH2][CH]=[CH][CH]=[O]
6842,[CH3][CH]=[CH][CH2][OH]
6843,[CH3][CH]([CH3])[CH2][CH]([CH2][C](=[O])[OH])[N]=[C]([OH])[CH2][CH]([CH3])[NH2]
6844,[CH3][CH]([CH3])[CH2][CH]([CH2][C](=[O])[OH])[N]=[C]([OH])[CH2][CH]([CH3])[N]=[C]([OH])[CH2][CH]([NH2])[CH]([CH3])[CH3]
6845,[CH3][C]([CH3])=[CH][CH2][CH2][CH]([CH3])[CH]1[CH2][CH2][C]2([CH3])[C]3=[CH][CH2][CH]4[C]([CH3])([CH3])[CH]([OH])[CH2][CH2][C]4([CH3])[CH]3[CH2][CH2][C]12[CH3]
6846,[CH3][CH2][CH2][CH2][O][C]([CH3])=[O]
6847,[CH3][CH2][O][C]([CH3])=[O]
6848,[CH3][C]([CH]=[CH][CH]=[O])=[CH][CH]=[CH][CH]=[C]([CH3])[CH]=[CH][CH]=[O]
6849,[CH3][C](=[O])[CH]=[CH][CH]=[C]([CH3])[CH2][CH2][CH]=[C]([CH3])[CH3]
6850,[CH3][C]([CH]=[O])=[CH][CH]=[CH][C]([CH3])=[CH][CH]=[CH][CH]=[C]([CH3])[CH]=[CH][CH]=[O]
6851,[CH3][C]([CH]=[CH][CH]=[O])=[CH][CH]=[CH][CH]=[C]([CH3])[CH]=[CH][CH]=[C]([CH3])[CH]=[CH][CH]=[O]
6852,[OH][CH2][CH]1[O][CH]([O][CH]2[CH]([O][CH2][CH]3[O][CH]([O][CH]4[CH]([CH2][OH])[O][CH]([OH])[CH]([OH])[CH]4[OH])[CH]([OH])[CH]([OH])[CH]3[O][CH]3[O][CH]([CH2][O][CH]4[O][CH2][CH]([OH])[CH]([OH])[CH]4[OH])[CH]([O][CH]4[O][CH]([CH2][O][CH]5[O][CH2][CH]([OH])[CH]([OH])[CH]5[OH])[CH]([OH])[CH]([OH])[CH]4[OH])[CH]([OH])[CH]3[OH])[O][CH2][CH]([OH])[CH]2[OH])[CH]([OH])[CH]([OH])[CH]1[OH]
6853,[OH][CH2][CH]1[O][CH]([O][CH]2[CH]([O][CH2][CH]3[O][CH]([O][CH]4[CH]([CH2][O][CH]5[O][CH2][CH]([OH])[CH]([OH])[CH]5[OH])[O][CH]([O][CH]5[CH]([CH2][OH])[O][CH]([OH])[CH]([OH])[CH]5[OH])[CH]([OH])[CH]4[OH])[CH]([OH])[CH]([OH])[CH]3[O][CH]3[O][CH]([CH2][O][CH]4[O][CH2][CH]([OH])[CH]([OH])[CH]4[OH])[CH]([OH])[CH]([OH])[CH]3[OH])[O][CH2][CH]([OH])[CH]2[OH])[CH]([OH])[CH]([OH])[CH]1[OH]
6854,[OH][CH2][CH]1[O][CH]([O][CH]2[CH]([O][CH2][CH]3[O][CH]([O][CH]4[CH]([CH2][O][CH]5[O][CH2][CH]([OH])[CH]([OH])[CH]5[O][CH]5[O][CH]([CH2][OH])[CH]([OH])[CH]([OH])[CH]5[OH])[O][CH]([O][CH]5[CH]([CH2][OH])[O][CH]([OH])[CH]([OH])[CH]5[OH])[CH]([OH])[CH]4[OH])[CH]([OH])[CH]([OH])[CH]3[O][CH]3[O][CH]([CH2][O][CH]4[O][CH2][CH]([OH])[CH]([OH])[CH]4[OH])[CH]([OH])[CH]([OH])[CH]3[OH])[O][CH2][CH]([OH])[CH]2[OH])[CH]([OH])[CH]([OH])[CH]1[OH]
6855,[CH3][CH2][CH]([CH3])[CH]([N]=[C]([OH])[CH2][CH]1[CH2][CH2][C](=[O])[CH]1[CH2][CH]=[CH][CH2][CH2][OH])[C](=[O])[OH]
6856,[CH3][CH2][CH]=[CH][CH2][CH]1[C](=[O])[CH2][CH2][CH]1[CH2][C]([OH])=[N][CH]([C](=[O])[OH])[CH]([CH3])[CH2][CH3]
6857,[OH][CH2][CH]1[O][CH]([O][CH]2[CH]3[CH2][O][CH]2[CH]([OH])[CH]([O][CH]2[CH]([OH])[CH]([OH])[O][CH]([CH2][OH])[CH]2[OH])[O]3)[CH]([OH])[CH]([OH])[CH]1[OH]
6858,[OH][CH2][CH]1[O][CH]([O][CH]2[CH]3[CH2][O][CH]2[CH]([OH])[CH]([OH])[O]3)[CH]([OH])[CH]([O][CH]2[O][CH]3[CH2][O][CH]([CH]3[OH])[CH]2[OH])[CH]1[OH]
6859,[OH][CH2][CH]1[O][CH]([O][CH]2[CH]3[CH2][O][CH]2[CH]([OH])[CH]([O][CH]2[CH]([OH])[CH]([CH2][OH])[O][CH]([O][CH]4[CH]5[CH2][O][CH]4[CH]([OH])[CH]([O][CH]4[CH]([OH])[CH]([CH2][OH])[O][CH]([O][CH]6[CH]7[CH2][O][CH]6[CH]([OH])[CH]([OH])[O]7)[CH]4[OH])[O]5)[CH]2[OH])[O]3)[CH]([OH])[CH]([OH])[CH]1[OH]
6860,[OH][CH2][CH]1[O][CH]([OH])[CH]([OH])[CH]([O][CH]2[O][CH]3[CH2][O][CH]([CH]3[OH])[CH]2[OH])[CH]1[OH]
6861,[OH][CH2][CH]1[O][CH]([OH])[CH]([OH])[CH]([O][CH]2[O][CH]3[CH2][O][CH]([CH]2[OH])[CH]3[O][CH]2[O][CH]([CH2][OH])[CH]([OH])[CH]([O][CH]3[O][CH]4[CH2][O][CH]([CH]4[OH])[CH]3[OH])[CH]2[OH])[CH]1[OH]
6862,[OH][CH2][CH]1[O][CH]([O][CH]2[CH]3[CH2][O][CH]2[CH]([OH])[CH]([O][CH]2[CH]([OH])[CH]([CH2][OH])[O][CH]([O][CH]4[CH]5[CH2][O][CH]4[CH]([OH])[CH]([O][CH]4[CH]([OH])[CH]([OH])[O][CH]([CH2][OH])[CH]4[OH])[O]5)[CH]2[OH])[O]3)[CH]([OH])[CH]([OH])[CH]1[OH]
6863,[OH][CH2][CH]1[O][CH]([OH])[CH]([OH])[CH]([O][CH]2[O][CH]3[CH2][O][CH]([CH]2[OH])[CH]3[O][CH]2[O][CH]([CH2][OH])[CH]([OH])[CH]([O][CH]3[O][CH]4[CH2][O][CH]([CH]3[OH])[CH]4[O][CH]3[O][CH]([CH2][OH])[CH]([OH])[CH]([O][CH]4[O][CH]5[CH2][O][CH]([CH]5[OH])[CH]4[OH])[CH]3[OH])[CH]2[OH])[CH]1[OH]
6864,[CH3][CH2][CH2][CH2][CH2][CH]=[CH][CH2][CH]=[CH][CH2][CH2][CH2][CH2][CH2][CH2][CH2][C](=[O])[O][CH2][CH]([OH])[CH2][O][P](=[O])([OH])[O][CH2][CH2][N+]([CH3])([CH3])[CH3]
6865,[CH3][CH2][CH2][CH2][CH2][CH]=[CH][CH2][CH]=[CH][CH2][CH2][CH2][CH2][CH2][CH2][CH2][C](=[O])[O][CH]([CH2][O][C](=[O])[CH2][CH2][CH2][CH2][CH2][CH2][CH2][CH2][CH2][CH2][CH2][CH2][CH2][CH2][CH3])[CH2][O][P](=[O])([OH])[O][CH2][CH2][N+]([CH3])([CH3])[CH3]
6866,[OH][CH2][CH]1[O][CH]([OH])[CH]([OH])[CH]([O][CH]2[O][CH]3[CH2][O][CH]([CH]3[OH])[CH]2[OH])[CH]1[OH]
6867,[O]=[S](=[O])([OH])[O][CH]1[CH]([CH2][OH])[O][CH]([OH])[CH]([OH])[CH]1[O][CH]1[O][CH]2[CH2][O][CH]([CH]2[OH])[CH]1[OH]
6868,[CH3][O][c]1[cH][c]2[c]([OH])[c]3[c]([c](-[c]4[cH][cH][c]5[c]([cH]4)[O][CH2][O]5)[c]2[cH][c]1[O][CH3])[C](=[O])[O][CH2]3
6869,[CH3][O][c]1[cH][c]2[cH][c]3[c]([c](-[c]4[cH][cH][c]5[c]([cH]4)[O][CH2][O]5)[c]2[cH][c]1[O][CH3])[C](=[O])[O][CH2]3
6870,[CH3][O][c]1[cH][c]2[c]([cH][c]1[O][CH3])[CH]([c]1[cH][cH][c]3[c]([cH]1)[O][CH2][O]3)[CH]1[C](=[O])[O][CH2][CH]1[CH2]2
6871,[CH3][O][c]1[cH][c]2[c]([cH][c]1[O][CH3])[C]([c]1[cH][cH][c]3[c]([cH]1)[O][CH2][O]3)=[C]1[C](=[O])[O][CH2][CH]1[CH2]2
6872,[CH3][C]([CH3])=[CH][CH2][CH2][C]([CH3])([OH])[CH]1[CH2][CH]=[C]([CH3])[CH2][CH2]1
6873,[CH3][C](=[CH][CH2][CH2][C]1([CH3])[CH]2[CH2][CH]3[CH]([CH2]2)[C]31[CH3])[CH2][OH]
6874,[O]=[C]([OH])[c]1[c]([OH])[cH][c]([OH])[cH][c]1[OH]
6875,[CH3][C]([OH])=[N][CH]1[CH]([OH])[O][CH]([CH2][OH])[CH]([O][CH]2[O][CH]([CH2][OH])[CH]([OH])[CH]([OH])[CH]2[NH2])[CH]1[OH]
6876,[CH3][CH2][CH]([OH])[CH2][C](=[O])[S][CH2][CH2][N]=[C]([OH])[CH2][CH2][N]=[C]([OH])[CH]([OH])[C]([CH3])([CH3])[CH2][O][P](=[O])([OH])[O][P](=[O])([OH])[O][CH2][CH]1[O][CH]([n]2[cH][n][c]3[c]([NH2])[n][cH][n][c]32)[CH]([OH])[CH]1[O][P](=[O])([OH])[OH]
6877,[CH3][CH2][C](=[O])[CH2][C](=[O])[S][CH2][CH2][N]=[C]([OH])[CH2][CH2][N]=[C]([OH])[CH]([OH])[C]([CH3])([CH3])[CH2][O][P](=[O])([OH])[O][P](=[O])([OH])[O][CH2][CH]1[O][CH]([n]2[cH][n][c]3[c]([NH2])[n][cH][n][c]32)[CH]([OH])[CH]1[O][P](=[O])([OH])[OH]
6878,[CH3][C]1([CH3])[CH2][CH2][CH2][C]2([CH3])[CH]1[CH2][CH2][C]13[CH2][CH]([CH2][CH2][CH]12)[CH]([C](=[O])[OH])[CH2]3
6879,[CH3][C]1([CH]=[O])[CH2][CH2][CH2][C]2([CH3])[CH]1[CH2][CH2][C]13[CH2][CH]([CH2][CH2][CH]12)[CH]([C](=[O])[OH])[CH2]3
6880,[CH3][C]1([C](=[O])[OH])[CH2][CH2][CH2][C]2([CH3])[CH]3[CH2][CH2][CH]4[CH2][C]3([CH2][CH2][CH]12)[CH2][CH]4[C](=[O])[OH]
6881,[CH3][C]1([CH3])[CH2][CH2][CH2][C]2([CH3])[CH]1[CH2][CH2][C]13[CH]=[C]([C](=[O])[OH])[CH]([CH2][CH2][CH]12)[CH2]3
6882,[CH3][C]1([CH]=[O])[CH2][CH2][CH2][C]2([CH3])[CH]1[CH2][CH2][C]13[CH]=[C]([C](=[O])[OH])[CH]([CH2][CH2][CH]12)[CH2]3
6883,[CH3][C]1([C](=[O])[OH])[CH2][CH2][CH2][C]2([CH3])[CH]3[CH2][CH2][CH]4[CH2][C]3([CH]=[C]4[C](=[O])[OH])[CH2][CH2][CH]12
6884,[CH3][C]1([CH3])[CH2][CH2][CH]=[C]([CH]2[CH2][CH]=[C]([CH]=[O])[CH2][CH2]2)[CH2]1
6885,[CH3][C]1([CH3])[CH2][CH2][CH]=[C]([CH]2[CH2][CH]=[C]([C](=[O])[OH])[CH2][CH2]2)[CH2]1
6886,[CH3][C]1([CH3])[CH2][CH2][CH]=[C]([C]2=[CH][CH]=[C]([C](=[O])[OH])[CH2][CH2]2)[CH2]1
6887,[NH2][CH]1[CH]([O][CH]2[CH]([CH2][OH])[O][CH]([OH])[CH]([NH2])[CH]2[OH])[O][CH]([CH2][OH])[CH]([OH])[CH]1[OH]
6888,[NH2][CH]1[CH]([O][CH]2[CH]([CH2][OH])[O][CH]([OH])[CH]([NH2])[CH]2[OH])[O][CH]([CH2][O][P](=[O])([OH])[OH])[CH]([OH])[CH]1[OH]
6889,[CH3][CH2][CH]=[CH][S](=[O])[CH2][CH]([NH2])[C](=[O])[OH]
6890,[CH3][CH2][CH]=[CH][S][OH]
6891,[CH3][CH2][CH2][CH]=[S]=[O]
6892,[CH3][CH2][CH2][CH2][CH2][CH2][CH2][CH2][CH2][CH2][CH2][CH2][CH2][CH2][CH2][CH2][CH2][C](=[O])[CH]([NH2])[CH2][OH]
6893,[CH3][CH2][CH2][CH2][CH2][CH2][CH2][CH2][CH2][CH2][CH2][CH2][CH2][CH2][CH2][CH2][CH2][CH]([OH])[CH]([NH2])[CH2][OH]
6894,[CH3][CH2][CH2][CH2][CH2][CH2][CH2][CH2][CH2][CH2][CH2][CH2][CH2][CH2][CH2][CH]([OH])[CH]([NH2])[CH2][OH]
6895,[CH3][C]1([CH3])[CH2][CH2][CH]=[C]([CH]2[CH2][CH]=[C]([CH2][OH])[CH2][CH2]2)[CH2]1
6896,[CH3][CH2][CH]=[CH][CH2][CH]=[CH][CH]=[CH][CH]([OH])[CH2][CH2][CH2][CH2][CH2][CH2][CH2][C](=[O])[OH]
6897,[CH2]=[C]1[O][C](=[O])[CH2][CH]2[C]([C](=[O])[OH])=[CH][CH]3[CH2][C]([CH3])([CH3])[CH2][C]132
6898,[CH3][C]1([CH3])[CH2][CH]2[CH]=[C]([C](=[O])[OH])[CH]3[CH2][C](=[O])[O][C]4([CH2][O]4)[C]23[CH2]1
6899,[CH3][C]([CH3])=[CH][CH]1[CH]([C](=[O])[S][CH2][CH2][N]=[C]([OH])[CH2][CH2][N]=[C]([OH])[CH]([OH])[C]([CH3])([CH3])[CH2][O][P](=[O])([OH])[O][P](=[O])([OH])[O][CH2][CH]2[O][CH]([n]3[cH][n][c]4[c]([NH2])[n][cH][n][c]43)[CH]([OH])[CH]2[O][P](=[O])([OH])[OH])[C]1([CH3])[CH3]
6900,[CH2]=[CH][CH]=[CH][CH2][C]1=[C]([CH3])[CH]([O][C](=[O])[CH]2[CH]([CH]=[C]([CH3])[CH3])[C]2([CH3])[CH3])[CH2][C]1=[O]
6901,[CH2]=[CH][CH]=[CH][CH2][C]1=[C]([CH3])[CH]([OH])[CH2][C]1=[O]
6902,[CH3][C]1([CH2][OH])[CH2][CH2][C]2([CH3])[CH2][CH2][C]3([CH3])[C](=[CH][CH]([OH])[CH]4[C]5([CH3])[CH2][CH2][CH]([OH])[C]([CH3])([CH3])[CH]5[CH2][CH2][C]43[CH3])[CH]2[CH2]1
6903,[CH3][C]1([CH2][OH])[CH2][CH2][C]2([CH3])[CH2][CH2][C]3([CH3])[C](=[CH][CH2][CH]4[C]5([CH3])[CH2][CH2][CH]([OH])[C]([CH3])([CH3])[CH]5[CH2][CH2][C]43[CH3])[CH]2[CH2]1
6904,[CH3][CH]([CH2][CH2][C](=[O])[OH])[CH]1[CH2][CH2][CH]2[CH]3[C](=[O])[CH2][CH]4[CH2][C](=[O])[CH2][CH2][C]4([CH3])[CH]3[CH2][C](=[O])[C]12[CH3]
6905,[CH3][CH]([CH2][CH2][C](=[O])[OH])[CH]1[CH2][CH2][CH]2[CH]3[C](=[O])[CH2][CH]4[CH2][CH]([OH])[CH2][CH2][C]4([CH3])[CH]3[CH2][C](=[O])[C]12[CH3]
6906,[CH3][CH]([CH3])[CH2][CH2][CH2][CH]([CH3])[CH]1[CH2][CH2][CH]2[CH]3[CH2][CH2][C]4=[CH][C](=[O])[CH]=[CH][C]4([CH3])[CH]3[CH2][CH2][C]12[CH3]
6907,[CH3][CH]([CH3])[CH2][CH2][CH2][CH]([CH3])[CH]1[CH2][CH2][CH]2[CH]3[CH2][CH]=[C]4[CH2][C](=[O])[CH2][CH2][C]4([CH3])[CH]3[CH2][CH2][C]12[CH3]
6908,[O]=[C]([OH])[CH2][C](=[O])[O][CH2][CH]1[O][CH]([O][c]2[cH][cH][c]3[cH][cH][cH][cH][c]3[cH]2)[CH]([OH])[CH]([OH])[CH]1[OH]
6909,[OH][CH2][CH]1[O][CH]([O][c]2[cH][cH][c]3[cH][cH][cH][cH][c]3[cH]2)[CH]([OH])[CH]([OH])[CH]1[OH]
6910,[O]=[C]([OH])[CH2][C](=[O])[O][CH2][CH]1[O][CH]([O][c]2[cH][cH][cH][c]3[cH][cH][cH][cH][c]23)[CH]([OH])[CH]([OH])[CH]1[OH]
6911,[OH][CH2][CH]1[O][CH]([O][c]2[cH][cH][cH][c]3[cH][cH][cH][cH][c]23)[CH]([OH])[CH]([OH])[CH]1[OH]
6912,[CH3][c]1[cH][c](=[O])[o][c]2[cH][c]([O][CH]3[O][CH]([CH2][OH])[CH]([OH])[CH]([OH])[CH]3[OH])[cH][cH][c]12
6913,[CH3][c]1[cH][c](=[O])[o][c]2[cH][c]([O][CH]3[O][CH]([CH2][O][C](=[O])[CH2][C](=[O])[OH])[CH]([OH])[CH]([OH])[CH]3[OH])[cH][cH][c]12
6914,[CH3][C](=[CH][CH2][CH2][CH]([CH3])[CH]1[CH2][CH2][CH]2[CH]3[CH2][CH2][C]4=[CH][C](=[O])[CH2][CH2][C]4([CH3])[CH]3[CH2][CH2][C]12[CH3])[C](=[O])[S][CH2][CH2][N]=[C]([OH])[CH2][CH2][N]=[C]([OH])[CH]([OH])[C]([CH3])([CH3])[CH2][O][P](=[O])([OH])[O][P](=[O])([OH])[O][CH2][CH]1[O][CH]([n]2[cH][n][c]3[c]([NH2])[n][cH][n][c]32)[CH]([OH])[CH]1[O][P](=[O])([OH])[OH]
6915,[CH3][CH]([CH2][CH2][CH]([OH])[CH]([CH3])[C](=[O])[S][CH2][CH2][N]=[C]([OH])[CH2][CH2][N]=[C]([OH])[CH]([OH])[C]([CH3])([CH3])[CH2][O][P](=[O])([OH])[O][P](=[O])([OH])[O][CH2][CH]1[O][CH]([n]2[cH][n][c]3[c]([NH2])[n][cH][n][c]32)[CH]([OH])[CH]1[O][P](=[O])([OH])[OH])[CH]1[CH2][CH2][CH]2[CH]3[CH2][CH2][C]4=[CH][C](=[O])[CH2][CH2][C]4([CH3])[CH]3[CH2][CH2][C]12[CH3]
6916,[CH3][CH]([C](=[O])[CH2][CH2][CH]([CH3])[CH]1[CH2][CH2][CH]2[CH]3[CH2][CH2][C]4=[CH][C](=[O])[CH2][CH2][C]4([CH3])[CH]3[CH2][CH2][C]12[CH3])[C](=[O])[S][CH2][CH2][N]=[C]([OH])[CH2][CH2][N]=[C]([OH])[CH]([OH])[C]([CH3])([CH3])[CH2][O][P](=[O])([OH])[O][P](=[O])([OH])[O][CH2][CH]1[O][CH]([n]2[cH][n][c]3[c]([NH2])[n][cH][n][c]32)[CH]([OH])[CH]1[O][P](=[O])([OH])[OH]
6917,[CH3][CH]([C](=[O])[CH2][C](=[O])[S][CH2][CH2][N]=[C]([OH])[CH2][CH2][N]=[C]([OH])[CH]([OH])[C]([CH3])([CH3])[CH2][O][P](=[O])([OH])[O][P](=[O])([OH])[O][CH2][CH]1[O][CH]([n]2[cH][n][c]3[c]([NH2])[n][cH][n][c]32)[CH]([OH])[CH]1[O][P](=[O])([OH])[OH])[CH]1[CH2][CH2][CH]2[CH]3[CH2][CH2][C]4=[CH][C](=[O])[CH2][CH2][C]4([CH3])[CH]3[CH2][CH2][C]12[CH3]
6918,[CH3][CH]([CH]([OH])[CH2][C](=[O])[S][CH2][CH2][N]=[C]([OH])[CH2][CH2][N]=[C]([OH])[CH]([OH])[C]([CH3])([CH3])[CH2][O][P](=[O])([OH])[O][P](=[O])([OH])[O][CH2][CH]1[O][CH]([n]2[cH][n][c]3[c]([NH2])[n][cH][n][c]32)[CH]([OH])[CH]1[O][P](=[O])([OH])[OH])[CH]1[CH2][CH2][CH]2[CH]3[CH2][CH2][C]4=[CH][C](=[O])[CH2][CH2][C]4([CH3])[CH]3[CH2][CH2][C]12[CH3]
6919,[CH3][CH]([C](=[O])[S][CH2][CH2][N]=[C]([OH])[CH2][CH2][N]=[C]([OH])[CH]([OH])[C]([CH3])([CH3])[CH2][O][P](=[O])([OH])[O][P](=[O])([OH])[O][CH2][CH]1[O][CH]([n]2[cH][n][c]3[c]([NH2])[n][cH][n][c]32)[CH]([OH])[CH]1[O][P](=[O])([OH])[OH])[CH]1[CH2][CH2][CH]2[CH]3[CH2][CH2][C]4=[CH][C](=[O])[CH2][CH2][C]4([CH3])[CH]3[CH2][CH2][C]12[CH3]
6920,[CH3][C]([CH]=[CH][CH]=[C]([CH3])[CH]=[CH][CH]=[C]([CH3])[CH2][CH2][CH2][C]([CH3])([CH3])[OH])=[CH][CH]=[CH][CH]=[C]([CH3])[CH]=[CH][CH]=[C]([CH3])[CH2][CH2][CH]=[C]([CH3])[CH2][CH2][CH2][C]([CH3])([CH3])[OH]
6921,[CH3][Se+]([CH3])[CH2][CH2][CH2][NH2]
6922,[CH3][CH2][CH]([OH])[CH2][C](=[O])[C](=[O])[OH]
6923,[CH3][C]12[CH2][CH2][C]3([OH])[CH]([CH2][CH2][C]4=[CH][C](=[O])[CH2][CH2][C]43[CH3])[CH]1[CH2][CH2][C]2=[O]
6924,[CH3][CH]([C](=[O])[S][CH2][CH2][N]=[C]([OH])[CH2][CH2][N]=[C]([OH])[CH]([OH])[C]([CH3])([CH3])[CH2][O][P](=[O])([OH])[O][P](=[O])([OH])[O][CH2][CH]1[O][CH]([n]2[cH][n][c]3[c]([NH2])[n][cH][n][c]32)[CH]([OH])[CH]1[O][P](=[O])([OH])[OH])[CH]1[CH2][CH2][CH]2[CH]3[CH2][CH2][C]4=[CH][C](=[O])[CH2][CH2][C]4([CH3])[C]3([OH])[CH2][CH2][C]12[CH3]
6925,[CH3][CH]([C](=[O])[S][CH2][CH2][N]=[C]([OH])[CH2][CH2][N]=[C]([OH])[CH]([OH])[C]([CH3])([CH3])[CH2][O][P](=[O])([OH])[O][P](=[O])([OH])[O][CH2][CH]1[O][CH]([n]2[cH][n][c]3[c]([NH2])[n][cH][n][c]32)[CH]([OH])[CH]1[O][P](=[O])([OH])[OH])[CH]1[CH2][CH2][CH]2[CH]3[CH2][CH2][C]4=[CH][C](=[O])[CH]=[CH][C]4([CH3])[C]3([OH])[CH2][CH2][C]12[CH3]
6926,[CH3][CH]([C](=[O])[S][CH2][CH2][N]=[C]([OH])[CH2][CH2][N]=[C]([OH])[CH]([OH])[C]([CH3])([CH3])[CH2][O][P](=[O])([OH])[O][P](=[O])([OH])[O][CH2][CH]1[O][CH]([n]2[cH][n][c]3[c]([NH2])[n][cH][n][c]32)[CH]([OH])[CH]1[O][P](=[O])([OH])[OH])[CH]1[CH2][CH2][CH]2[CH]3[CH2][CH2][C]4=[CH][C](=[O])[CH]=[CH][C]4([CH3])[CH]3[CH2][CH2][C]12[CH3]
6927,[CH3][CH]([C](=[O])[OH])[CH]1[CH2][CH2][CH]2[CH]3[CH2][CH2][C]4=[CH][C](=[O])[CH2][CH2][C]4([CH3])[C]3([OH])[CH2][CH2][C]12[CH3]
6928,[CH3][CH]([C](=[O])[OH])[CH]1[CH2][CH2][CH]2[CH]3[CH2][CH2][C]4=[CH][C](=[O])[CH2][CH2][C]4([CH3])[CH]3[CH2][CH2][C]12[CH3]
6929,[CH3][C]([C](=[O])[S][CH2][CH2][N]=[C]([OH])[CH2][CH2][N]=[C]([OH])[CH]([OH])[C]([CH3])([CH3])[CH2][O][P](=[O])([OH])[O][P](=[O])([OH])[O][CH2][CH]1[O][CH]([n]2[cH][n][c]3[c]([NH2])[n][cH][n][c]32)[CH]([OH])[CH]1[O][P](=[O])([OH])[OH])=[C]1[CH2][CH2][CH]2[CH]3[CH2][CH2][C]4=[CH][C](=[O])[CH2][CH2][C]4([CH3])[CH]3[CH2][CH2][C]12[CH3]
6930,[CH3][CH]([C](=[O])[S][CH2][CH2][N]=[C]([OH])[CH2][CH2][N]=[C]([OH])[CH]([OH])[C]([CH3])([CH3])[CH2][O][P](=[O])([OH])[O][P](=[O])([OH])[O][CH2][CH]1[O][CH]([n]2[cH][n][c]3[c]([NH2])[n][cH][n][c]32)[CH]([OH])[CH]1[O][P](=[O])([OH])[OH])[C]1([OH])[CH2][CH2][CH]2[CH]3[CH2][CH2][C]4=[CH][C](=[O])[CH2][CH2][C]4([CH3])[CH]3[CH2][CH2][C]21[CH3]
6931,[CH3][C]([CH3])([CH2][O][P](=[O])([OH])[O][P](=[O])([OH])[O][CH2][CH]1[O][CH]([n]2[cH][n][c]3[c]([NH2])[n][cH][n][c]32)[CH]([OH])[CH]1[O][P](=[O])([OH])[OH])[CH]([OH])[C]([OH])=[N][CH2][CH2][C]([OH])=[N][CH2][CH2][S][C](=[O])[CH2][CH2][CH]1[CH]([OH])[CH2][CH2][C]2([CH3])[C](=[O])[CH2][CH2][CH]12
6932,[CH3][C]([CH3])([CH2][O][P](=[O])([OH])[O][P](=[O])([OH])[O][CH2][CH]1[O][CH]([n]2[cH][n][c]3[c]([NH2])[n][cH][n][c]32)[CH]([OH])[CH]1[O][P](=[O])([OH])[OH])[CH]([OH])[C]([OH])=[N][CH2][CH2][C]([OH])=[N][CH2][CH2][S][C](=[O])[CH]=[CH][CH]1[CH]([OH])[CH2][CH2][C]2([CH3])[C](=[O])[CH2][CH2][CH]12
6933,[CH3][C]([CH3])([CH2][O][P](=[O])([OH])[O][P](=[O])([OH])[O][CH2][CH]1[O][CH]([n]2[cH][n][c]3[c]([NH2])[n][cH][n][c]32)[CH]([OH])[CH]1[O][P](=[O])([OH])[OH])[CH]([OH])[C]([OH])=[N][CH2][CH2][C]([OH])=[N][CH2][CH2][S][C](=[O])[CH2][CH]([OH])[CH]1[CH]([OH])[CH2][CH2][C]2([CH3])[C](=[O])[CH2][CH2][CH]12
6934,[CH3][C]([CH3])([CH2][O][P](=[O])([OH])[O][P](=[O])([OH])[O][CH2][CH]1[O][CH]([n]2[cH][n][c]3[c]([NH2])[n][cH][n][c]32)[CH]([OH])[CH]1[O][P](=[O])([OH])[OH])[CH]([OH])[C]([OH])=[N][CH2][CH2][C]([OH])=[N][CH2][CH2][S][C](=[O])[CH2][C](=[O])[CH]1[CH]([OH])[CH2][CH2][C]2([CH3])[C](=[O])[CH2][CH2][CH]12
6935,[CH3][C]12[CH2][CH2][CH]([OH])[CH]([C](=[O])[OH])[CH]1[CH2][CH2][C]2=[O]
6936,[NH]=[C]([OH])[C]1=[CH][N]([CH]2[O][CH]([CH2][O][P](=[O])([OH])[O][P](=[O])([OH])[O][CH2][CH]3[O][CH]([n]4[cH][n][c]5[c]([NH2])[n][cH][n][c]54)[CH]([OH])[CH]3[OH])[CH]([OH])[CH]2[OH])[CH]([OH])[CH2][CH2]1
6937,[CH3][CH2][CH2][CH2][CH2][CH]=[CH][CH2][CH]=[CH][CH]([OH])[CH]([OH])[CH2][CH2][CH2][CH2][CH2][C](=[O])[OH]
6938,[CH3][CH2][CH2][CH2][CH2][CH]=[CH][CH]=[CH][CH]([CH2][CH2][CH2][CH2][CH2][CH2][CH2][C](=[O])[OH])[O][OH]
6939,[CH3][Se+]([CH3])[CH2][CH2][C](=[O])[OH]
6940,[CH3][CH2][CH2][CH2][CH2][CH]=[CH][CH2][CH]=[CH][CH2][CH]=[CH][CH2][CH2][CH2][CH2][C](=[O])[CH2][C](=[O])[S][CH2][CH2][N]=[C]([OH])[CH2][CH2][N]=[C]([OH])[CH]([OH])[C]([CH3])([CH3])[CH2][O][P](=[O])([OH])[O][P](=[O])([OH])[O][CH2][CH]1[O][CH]([n]2[cH][n][c]3[c]([NH2])[n][cH][n][c]32)[CH]([OH])[CH]1[O][P](=[O])([OH])[OH]
6941,[CH3][CH]([C](=[O])[OH])[C](=[O])[CH2][CH2][CH]([CH3])[CH]1[CH2][CH2][CH]2[CH]3[CH2][CH2][C]4=[CH][C](=[O])[CH2][CH2][C]4([CH3])[CH]3[CH2][CH2][C]12[CH3]
6942,[CH3][C](=[C]([CH2][CH2][CH]([CH3])[CH]1[CH2][CH2][CH]2[CH]3[CH2][CH2][C]4=[CH][C](=[O])[CH2][CH2][C]4([CH3])[CH]3[CH2][CH2][C]12[CH3])[CH]([CH3])[C](=[O])[OH])[CH]([OH])[S][CH2][CH2][N]=[C]([OH])[CH2][CH2][N]=[C]([OH])[CH]([OH])[C]([CH3])([CH3])[CH2][O][P](=[O])([OH])[O][P](=[O])([OH])[O][CH2][CH]1[O][CH]([n]2[cH][n][c]3[c]([NH2])[n][cH][n][c]32)[CH]([OH])[CH]1[O][P](=[O])([OH])[OH]
6943,[CH3][CH2][C]([CH2][CH2][CH]([CH3])[CH]1[CH2][CH2][CH]2[CH]3[CH2][CH2][C]4=[CH][C](=[O])[CH2][CH2][C]4([CH3])[CH]3[CH2][CH2][C]12[CH3])=[C]([CH3])[CH]([OH])[S][CH2][CH2][N]=[C]([OH])[CH2][CH2][N]=[C]([OH])[CH]([OH])[C]([CH3])([CH3])[CH2][O][P](=[O])([OH])[O][P](=[O])([OH])[O][CH2][CH]1[O][CH]([n]2[cH][n][c]3[c]([NH2])[n][cH][n][c]32)[CH]([OH])[CH]1[O][P](=[O])([OH])[OH]
6944,[CH3][CH2][CH]([CH2][CH2][CH]([CH3])[CH]1[CH2][CH2][CH]2[CH]3[CH2][CH2][C]4=[CH][C](=[O])[CH2][CH2][C]4([CH3])[CH]3[CH2][CH2][C]12[CH3])[CH]([CH3])[CH]([OH])[S][CH2][CH2][N]=[C]([OH])[CH2][CH2][N]=[C]([OH])[CH]([OH])[C]([CH3])([CH3])[CH2][O][P](=[O])([OH])[O][P](=[O])([OH])[O][CH2][CH]1[O][CH]([n]2[cH][n][c]3[c]([NH2])[n][cH][n][c]32)[CH]([OH])[CH]1[O][P](=[O])([OH])[OH]
6945,[CH3][CH2][CH]([CH2][CH2][CH]([CH3])[CH]1[CH2][CH2][CH]2[CH]3[CH2][CH2][C]4=[CH][C](=[O])[CH2][CH2][C]4([CH3])[CH]3[CH2][CH2][C]12[CH3])[CH]([CH3])[C](=[O])[OH]
6946,[CH3][CH2][CH]([CH2][CH2][CH]([CH3])[CH]1[CH2][CH2][CH]2[CH]3[CH2][CH2][C]4=[CH][C](=[O])[CH2][CH2][C]4([CH3])[CH]3[CH2][CH2][C]12[CH3])[CH]([CH3])[CH]=[O]
6947,[CH3][CH2][CH]([CH2][CH2][CH]([CH3])[CH]1[CH2][CH2][CH]2[CH]3[CH2][CH2][C]4=[CH][C](=[O])[CH2][CH2][C]4([CH3])[CH]3[CH2][CH2][C]12[CH3])[CH]([CH3])[CH2][OH]
6948,[CH3][CH2][CH]([CH2][CH2][CH]([CH3])[CH]1[CH2][CH2][CH]2[CH]3[CH2][CH2][C]4=[CH][C](=[O])[CH2][CH2][C]4([CH3])[CH]3[CH2][CH2][C]12[CH3])[CH]([CH3])[CH3]
6949,[CH3][CH2][CH]([CH2][CH2][CH]([CH3])[CH]1[CH2][CH2][CH]2[CH]3[CH2][CH]=[C]4[CH2][C](=[O])[CH2][CH2][C]4([CH3])[CH]3[CH2][CH2][C]12[CH3])[CH]([CH3])[CH3]
6950,[O]=[C]1[CH]([O][CH]2[O][CH]([CH2][OH])[CH]([OH])[CH]([OH])[CH]2[OH])[O][c]2[cH][cH][cH][cH][c]2[N]1[OH]
6951,[CH3][O][N]1[C](=[O])[CH]([O][CH]2[O][CH]([CH2][OH])[CH]([OH])[CH]([OH])[CH]2[OH])[O][c]2[cH][cH][cH][cH][c]21
6952,[CH2]=[C]([CH3])[CH]1[CH2][CH2][C]2([CH2]1)[C]([CH2][OH])=[CH][C](=[O])[CH2][CH]2[CH3]
6953,[CH3][CH2][CH2][CH]1[CH2][NH][CH]([C](=[O])[OH])[CH2]1
6954,[CH3][S][CH]1[O][CH]([CH]([NH2])[CH]([CH3])[OH])[CH]([OH])[CH]([OH])[CH]1[OH]
6955,[CH3][CH2][CH2][CH]1[CH2][NH][CH]([C]([OH])=[N][CH]([CH]([CH3])[OH])[CH]2[O][CH]([S][CH3])[CH]([OH])[CH]([OH])[CH]2[OH])[CH2]1
6956,[NH2][CH]([CH2][C]([CH]=[O])=[CH][CH]=[C]([OH])[C](=[O])[OH])[C](=[O])[OH]
6957,[O]=[C]([OH])[C]([OH])=[CH][CH]=[C]1[CH]=[N][CH]([C](=[O])[OH])[CH2]1
6958,[O]=[C]([OH])[C](=[O])[CH]=[CH][C]1=[CH][NH][CH]([C](=[O])[OH])[CH2]1
6959,[O]=[CH][C]1=[CH][CH]=[C]([C](=[O])[OH])[NH][CH]([C](=[O])[OH])[CH2]1
6960,[O]=[C]1[O][CH]2[CH]([OH])[CH2][O][C]2([OH])[C]1([OH])[OH]
6961,[O]=[C]([OH])[C]1([OH])[C](=[O])[O][CH]([CH2][OH])[CH]1[OH]
6962,[O]=[C]([OH])[C]([OH])([C](=[O])[OH])[CH]([OH])[CH]([OH])[CH2][OH]
6963,[O]=[C]1[O][CH2][CH]([CH]([OH])[C](=[O])[OH])[O][C]1=[O]
6964,[O]=[C]1[O][CH]([CH2][OH])[CH]([C](=[O])[OH])[O][C]1=[O]
6965,[O]=[C]([OH])[C](=[O])[O][CH2][CH]([OH])[CH]([OH])[C](=[O])[OH]
6966,[O]=[C]([OH])[C]1=[CH][CH]([OH])[CH]([OH])[CH]([OH])[O]1
6967,[O]=[CH][CH]([OH])[CH]([OH])[CH2][C](=[O])[C](=[O])[OH]
6968,[CH3][N]1[C](=[O])[CH2][CH2][C]1([OH])[C](=[O])[OH]
6969,[O]=[C]([OH])[CH2][CH2][C](=[O])[CH2][OH]
6970,[CH3][O][CH]1[CH2][CH]([O][CH]2[CH]([CH3])[C](=[O])[O][CH]([CH3])[CH]([CH3])[CH]([OH])[CH]([CH3])[C](=[O])[C]3([CH2][O]3)[CH2][CH]([CH3])[CH]([O][CH]3[O][CH]([CH3])[CH2][CH]([N]([CH3])[CH3])[CH]3[O][CH]3[O][CH]([CH2][OH])[CH]([OH])[CH]([OH])[CH]3[OH])[CH]2[CH3])[O][CH]([CH3])[CH]1[OH]
6971,[CH3][c]1[cH][n]([CH]2[CH2][CH]([OH])[CH]([CH2][O][P](=[O])([OH])[O][P](=[O])([OH])[O][CH]3[CH2][C]([CH3])([OH])[C](=[O])[CH]([CH3])[O]3)[O]2)[c](=[O])[n][c]1[OH]
6972,[CH3][C]([CH3])=[CH][CH2][CH2][C]([CH3])=[CH][CH2][CH2][C]([CH3])=[CH][CH2][CH2][C]([CH3])=[CH][CH2][CH2][C]([CH3])=[CH][CH2][CH2][C]([CH3])=[CH][CH2][CH2][C]([CH3])=[CH][CH2][CH2][C]([CH3])=[CH][CH2][CH2][C]([CH3])=[CH][CH2][c]1[cH][c]([OH])[cH][cH][c]1[OH]
6973,[OH][C]1=[CH][CH]([OH])[NH][c]2[cH][cH][cH][cH][c]21
6974,[CH3][C]12[CH2][CH2][CH]([CH2]1)[C]([CH3])([CH3])[C]2=[O]
6975,[CH3][C]([CH3])([CH2][O][P](=[O])([OH])[O][P](=[O])([OH])[O][CH2][CH]1[O][CH]([n]2[cH][n][c]3[c]([NH2])[n][cH][n][c]32)[CH]([OH])[CH]1[O][P](=[O])([OH])[OH])[CH]([OH])[C]([OH])=[N][CH2][CH2][C]([OH])=[N][CH2][CH2][S][C](=[O])[CH]=[CH][c]1[cH][cH][c]([OH])[cH][c]1[OH]
6976,[O]=[c]1[cH][cH][c]2[cH][cH][c]([OH])[cH][c]2[o]1
6977,[CH3][CH2][CH2][CH2][CH2][CH]=[CH][CH2][CH]=[CH][CH2][CH]=[CH][CH2][CH2][CH2][CH2][CH]([OH])[CH2][C](=[O])[S][CH2][CH2][N]=[C]([OH])[CH2][CH2][N]=[C]([OH])[CH]([OH])[C]([CH3])([CH3])[CH2][O][P](=[O])([OH])[O][P](=[O])([OH])[O][CH2][CH]1[O][CH]([n]2[cH][n][c]3[c]([NH2])[n][cH][n][c]32)[CH]([OH])[CH]1[O][P](=[O])([OH])[OH]
6978,[CH3][CH2][CH2][CH2][CH2][CH]=[CH][CH2][CH]=[CH][CH2][CH]=[CH][CH2][CH2][CH2][CH2][CH]=[CH][C](=[O])[S][CH2][CH2][N]=[C]([OH])[CH2][CH2][N]=[C]([OH])[CH]([OH])[C]([CH3])([CH3])[CH2][O][P](=[O])([OH])[O][P](=[O])([OH])[O][CH2][CH]1[O][CH]([n]2[cH][n][c]3[c]([NH2])[n][cH][n][c]32)[CH]([OH])[CH]1[O][P](=[O])([OH])[OH]
6979,[CH2]=[CH][C](=[CH2])[CH2][CH2][CH]1[C](=[CH2])[CH2][CH2][CH]2[C]([CH3])([CH3])[CH2][CH2][CH2][C]12[CH3]
6980,[CH2]=[CH][C]([CH3])=[CH][CH2][CH]1[C](=[CH2])[CH2][CH2][CH]2[C]([CH3])([CH3])[CH2][CH2][CH2][C]12[CH3]
6981,[CH2]=[C]1[CH2][CH2][CH]2[C]([CH3])([CH3])[CH2][CH2][CH2][C]2([CH3])[CH]1[CH2][CH2][C]([CH3])=[CH][CH2][OH]
6982,[CH2]=[CH][C]([CH3])([OH])[CH2][CH2][CH]1[C](=[CH2])[CH2][CH2][CH]2[C]([CH3])([CH3])[CH2][CH2][CH2][C]12[CH3]
6983,[CH2]=[CH][C]([CH3])([OH])[CH2][CH2][CH]1[C](=[CH2])[CH2][CH2][CH]2[C]([CH3])([CH3])[CH2][CH2][CH2][C]12[CH3]
6984,[CH3][S][CH2][CH2][CH2][CH2][CH2][CH2][CH2][CH2][CH]([NH][OH])[C](=[O])[OH]
6985,[CH3][S][CH2][CH2][CH2][CH2][CH2][CH2][CH2][CH2][CH]([C](=[O])[OH])[N]([OH])[OH]
6986,[CH3][CH2][CH]=[CH][CH2][CH]=[CH][CH2][CH]=[CH][CH2][CH2][CH2][CH2][CH2][CH2][CH2][CH]([OH])[CH2][C](=[O])[S][CH2][CH2][N]=[C]([OH])[CH2][CH2][N]=[C]([OH])[CH]([OH])[C]([CH3])([CH3])[CH2][O][P](=[O])([OH])[O][P](=[O])([OH])[O][CH2][CH]1[O][CH]([n]2[cH][n][c]3[c]([NH2])[n][cH][n][c]32)[CH]([OH])[CH]1[O][P](=[O])([OH])[OH]
6987,[CH3][CH2][CH]=[CH][CH2][CH]=[CH][CH2][CH]=[CH][CH2][CH2][CH2][CH2][CH2][CH2][CH2][C](=[O])[CH2][C](=[O])[S][CH2][CH2][N]=[C]([OH])[CH2][CH2][N]=[C]([OH])[CH]([OH])[C]([CH3])([CH3])[CH2][O][P](=[O])([OH])[O][P](=[O])([OH])[O][CH2][CH]1[O][CH]([n]2[cH][n][c]3[c]([NH2])[n][cH][n][c]32)[CH]([OH])[CH]1[O][P](=[O])([OH])[OH]
6988,[CH2]=[C]1[CH2][CH2][CH]2[C]([CH3])([CH3])[CH2][CH2][CH2][C]2([CH3])[CH]1[CH2][CH2][C]([CH3])=[CH][CH2][OH]
6989,[CH2]=[CH][C]([CH3])([OH])[CH2][CH2][CH]1[C](=[CH2])[CH2][CH2][CH]2[C]([CH3])([CH3])[CH2][CH2][CH2][C]12[CH3]
6990,[CH3][CH2][CH]=[CH][CH2][CH]=[CH][CH2][CH]=[CH][CH2][CH2][CH2][CH2][CH2][CH2][CH2][CH]=[CH][C](=[O])[S][CH2][CH2][N]=[C]([OH])[CH2][CH2][N]=[C]([OH])[CH]([OH])[C]([CH3])([CH3])[CH2][O][P](=[O])([OH])[O][P](=[O])([OH])[O][CH2][CH]1[O][CH]([n]2[cH][n][c]3[c]([NH2])[n][cH][n][c]32)[CH]([OH])[CH]1[O][P](=[O])([OH])[OH]
6991,[CH3][CH2][CH]=[CH][CH2][CH]=[CH][CH2][CH]=[CH][CH2][CH2][CH2][CH2][CH2][CH2][CH2][CH2][CH2][C](=[O])[OH]
6992,[CH2]=[C]1[CH2][CH2][CH]2[C]([CH3])([CH3])[CH2][CH2][CH2][C]2([CH3])[CH]1[CH2][CH2][C]([CH3])=[CH][CH2][OH]
6993,[CH2]=[CH][C]([CH3])([OH])[CH2][CH2][CH]1[C](=[CH2])[CH2][CH2][CH]2[C]([CH3])([CH3])[CH2][CH2][CH2][C]12[CH3]
6994,[CH3][S][CH2][CH2][CH2][CH2][CH2][CH2][CH2][CH]([NH][OH])[C](=[O])[OH]
6995,[CH3][S][CH2][CH2][CH2][CH2][CH2][CH2][CH2][CH]([C](=[O])[OH])[N]([OH])[OH]
6996,[CH3][S][CH2][CH2][CH2][CH]([NH][OH])[C](=[O])[OH]
6997,[CH3][S][CH2][CH2][CH2][CH]([C](=[O])[OH])[N]([OH])[OH]
6998,[CH3][S][CH2][CH2][CH2][CH2][CH]([NH][OH])[C](=[O])[OH]
6999,[CH3][S][CH2][CH2][CH2][CH2][CH]([C](=[O])[OH])[N]([OH])[OH]